tree
version=v4
num_class=1
num_tree_per_iteration=1
label_index=0
max_feature_idx=11
objective=quantile
feature_names=current_delay_sec prev_delay_sec prev2_delay_sec horizon_route_stops horizon_sched_sec vantage_hour vantage_minute_of_day day_of_week vantage_location target_location TrainOrigin TrainDestination
feature_infos=[-15720:5994] [-15720:5976] [-15720:5994] [1:29] [0:10470] [0:23] [0:1437] -1:0:4:6:1:5:2:3 -1:94:116:27:52:104:63:31:53:56:113:110:17:65:44:15:108:109:39:45:91:107:40:58:46:111:122:100:106:89:36:57:20:102:90:95:28:25:2:93:26:105:8:34:55:85:112:81:9:80:79:49:0:86:51:18:115:1:23:76:19:59:24:60:14:13:101:10:120:117:54:103:75:32:47:71:38:96:98:119:64:33:121:83:6:99:97:88:68:72:3:42:22:43:62:82:50:35:67:70:37:66:21:41:16:69:12:11:73:5:30:84:61:118:48:78:77:87:92:74:123:114:29:4 -1:100:27:45:55:66:123:31:110:59:116:70:17:56:120:114:15:40:115:97:113:47:41:61:117:48:106:112:87:95:128:14:60:20:91:101:108:2:96:26:36:53:28:111:99:8:34:118:9:25:0:62:84:107:51:24:109:92:85:18:57:19:63:94:1:81:122:23:54:39:10:126:13:124:50:80:104:32:103:102:72:75:105:93:49:78:38:88:125:65:43:89:68:44:69:127:5:76:33:71:22:58:42:52:6:21:12:3:11:35:67:73:86:119:37:30:77:82:16:98:7:90:79:129:46:83:64:74:4:29 -1:3:20:26:9:10:18:8:17:27:6:1:15:31:29:22:34:19:25:30:35:13:11:28:7:33:24:12:16:4:0:2:23:5:21:32 -1:3:20:26:10:9:18:8:17:6:27:1:30:32:19:11:22:31:13:34:25:29:7:35:15:12:33:24:16:36:0:4:28:2:5:23:21
tree_sizes=3141 3287 3281 3400 3322 3328 3359 3358 3335 3344 3404 3343 3405 3455 3455 3269 3455 3434 3465 3386 3337 3422 3350 3380 3401 3382 3441 3404 3419 3420 3440 3486 3370 3408 3509 3503 3424 3454 3531 3466 3500 3405 3413 3405 3454 3461 3439 3507 3450 3443 3425 3458 3444 3483 3336 3483 3365 3372 3383 3441 3438 3393 3483 3406 3459 3522 3466 3411 3455 3506 3308 3408 3343 3368 3424 3304 3427 3349 3432 3273 3325 3520 3466 3406 3427 3364 3523 3439 3259 3384 3379 3381 3369 3340 3372 3247 3497 3217 3269 3322

Tree=0
num_leaves=31
num_cat=18
split_feature=9 0 0 8 9 0 9 9 8 9 9 8 0 4 10 8 0 0 8 0 2 9 10 0 8 0 10 8 8 0
split_gain=5576.73 2707.18 1985.15 786.213 449.236 522.458 446.392 445.28 417.519 266.921 254.942 250.887 171.354 161.023 153.956 128.722 123.58 119.431 107.637 130.363 105.006 104.551 96.192 85.0949 84.0235 86.378 106.525 83.273 81.1186 78.0984
threshold=0 -50.999999999999993 93.000000000000014 1 2 27.000000000000004 3 4 5 6 7 8 27.000000000000004 795.00000000000011 9 10 273.00000000000006 -86.999999999999986 11 177.00000000000003 -38.999999999999993 12 13 -20.999999999999996 14 135.00000000000003 15 16 17 -92.999999999999986
decision_type=9 2 2 9 9 2 9 9 9 9 9 9 2 2 9 9 2 2 9 2 8 9 9 2 9 2 9 9 9 2
left_child=2 3 6 10 5 8 -1 20 22 16 -2 12 -8 17 15 -9 -4 -12 19 -11 29 -10 -3 28 25 26 -7 -22 -6 -5
right_child=1 4 9 7 23 24 11 14 21 18 13 -13 -14 -15 -16 -17 -18 -19 -20 -21 27 -23 -24 -25 -26 -27 -28 -29 -30 -31
leaf_value=-109.80000000000001 -77.400000000000006 -75.599999999999994 -100.91999895572663 -86.400000000000006 -73.200000000000003 -82.799999999999997 -90 -73.200000000000003 -77.400000000000006 -87 -96.599999999999994 -84 -82.200000000000003 -87 -71.400000000000006 -81 -80.699999396502974 -78.599999999999994 -69.599999999999994 -75.599999999999994 -74.400000000000006 -72.599999999999994 -81.599999999999994 -66.599999999999994 -66.599999999999994 -67.799999999999997 -73.799999999999997 -79.200000000000003 -70.200000000000003 -76.799999999999997
leaf_weight=5685 2953 4447 1169 3147 7218 596 6712 5433 1437 787 3124 6593 3061 2697 17073 5326 676 2477 9027 1537 5104 18519 2952 263237 45174 3434 2027 2650 28053 2693
leaf_count=5685 2953 4447 1169 3147 7218 596 6712 5433 1437 787 3124 6593 3061 2697 17073 5326 676 2477 9027 1537 5104 18519 2952 263237 45174 3434 2027 2650 28053 2693
internal_value=-72.0002 -71.997 -72.0384 -72.0182 -71.994 -72.0008 -72.0568 -72.0119 -72.0119 -72.0077 -72.0417 -72.0483 -72.0585 -72.0507 -72.0046 -72.014 -72.0429 -72.0604 -72.002 -72.0211 -72.0267 -72.0044 -72.0322 -71.9923 -71.9948 -72.0059 -72.0195 -72.0191 -71.9969 -72.0368
internal_weight=465018 429771 35247 52677 377094 78586 22051 41426 27355 13196 11251 16366 9773 8298 27832 10759 1845 5601 11351 2324 13594 19956 7399 298508 51231 6057 2623 7754 35271 5840
internal_count=465018 429771 35247 52677 377094 78586 22051 41426 27355 13196 11251 16366 9773 8298 27832 10759 1845 5601 11351 2324 13594 19956 7399 298508 51231 6057 2623 7754 35271 5840
cat_boundaries=0 4 8 12 16 21 25 29 33 37 39 43 47 50 51 55 57 61 65
cat_threshold=1073758400 71565345 1245837312 1082133184 286261765 2367299904 171971585 27335904 134752544 301990032 28835897 268537873 0 71303168 26624 704 176207104 142672150 28311641 6886417 1 507772932 3227700480 1627656209 44138788 128 67108864 57344 704 14295050 9478144 2415919456 219414810 311461964 71311363 42009768 77602884 3562242150 11 2286747976 268435507 1074006512 17 10485824 35651586 25165824 8913156 256 0 8388608 2600611328 4460104 3223372802 8192 46137604 21233737 2 3221438472 6291604 1076592768 73024018 22545925 3376328776 273158148 8456288
is_linear=0
shrinkage=1


Tree=1
num_leaves=31
num_cat=19
split_feature=9 0 0 8 9 9 0 1 8 11 9 8 11 4 0 9 0 8 0 8 11 3 9 0 9 8 8 0 8 9
split_gain=4857.92 2048.59 1699.24 650.854 478.707 393.31 396.142 322.132 256.16 214.051 194.123 189.474 154.911 145.268 135.477 130.151 128.278 110.988 110.293 103.169 98.3205 95.9199 93.9734 89.0359 77.3831 191.194 76.5467 74.0773 95.5209 70.2497
threshold=0 -62.999999999999993 99.000000000000014 1 2 3 39.000000000000007 -86.999999999999986 4 5 6 7 8 615.00000000000011 -1.0000000180025095e-35 9 9.0000000000000018 10 -116.99999999999999 11 12 3.5000000000000004 13 273.00000000000006 14 15 16 183.00000000000003 17 18
decision_type=9 2 2 9 9 9 2 8 9 9 9 9 9 2 2 9 2 9 2 9 9 2 9 2 9 9 9 2 9 9
left_child=2 3 4 15 11 6 8 13 12 -6 23 -1 -3 18 17 -2 20 -11 -5 29 22 -21 -7 -4 25 -22 -15 28 -12 -9
right_child=1 5 10 7 9 16 -8 19 -10 14 27 -13 -14 26 -16 -17 -18 -19 -20 21 24 -23 -24 -25 -26 -27 -28 -29 -30 -31
leaf_value=-10.800000000000001 -5.8799999999999999 -15.240000000000002 -26.508000104427339 -22.140000000000001 -14.4 -4.0800000000000001 4.2599999999999998 -6.4919996532797812 -1.1400000000000006 -13.800000000000001 -13.5 -31.620000000000001 -3.5400000000000009 -4.8599999999999994 -6 0.30000000000000004 7.2599999999999998 -9.6000000000000014 -5.3400000000000007 -8.1600000000000001 -5.2800000000000002 -7.1039991277456283 1.2599999999999996 -8.1300000603497029 1.9200000000000004 0.65999999999999948 -19.499999404549598 6.3599999999999994 -2.0400000000000005 -0.65999999999999948
leaf_weight=2110 3636 1488 1022 3387 2605 6474 36463 3879 17165 2360 673 8206 7227 1380 3961 15270 233331 3029 1993 2815 1408 3253 7677 624 68926 8030 2221 6914 3339 4152
leaf_count=2110 3636 1488 1022 3387 2605 6474 36463 3879 17165 2360 673 8206 7227 1380 3961 15270 233331 3029 1993 2815 1408 3253 7677 624 68926 8030 2221 6914 3339 4152
internal_value=0.000784013 0.00369318 -0.0351238 -0.01729 -0.051726 0.00596279 -0.00131461 -0.0285535 -0.0107767 -0.03799 -0.00574133 -0.0675421 -0.0247278 -0.0433682 -0.030844 -0.00352294 0.00735497 -0.0411969 -0.0537732 -0.0191368 0.00420418 -0.0289766 -0.00346656 -0.0376449 0.0055891 -0.0029022 -0.0278228 -0.00089978 -0.0117099 -0.0116515
internal_weight=465018 430175 34843 41986 22271 388189 62343 23080 25880 11955 12572 10316 8715 8981 9350 18906 325846 5389 5380 14099 92515 6068 14151 1646 78364 9438 3601 10926 4012 8031
internal_count=465018 430175 34843 41986 22271 388189 62343 23080 25880 11955 12572 10316 8715 8981 9350 18906 325846 5389 5380 14099 92515 6068 14151 1646 78364 9438 3601 10926 4012 8031
cat_boundaries=0 4 8 12 16 20 22 26 29 31 35 39 43 45 50 55 59 63 67 71
cat_threshold=1073758400 71565345 1241643008 1082133184 3364442440 549453827 1144359380 4194314 0 71303168 134342656 704 134750464 268435600 33030201 268537857 507510788 1080200216 558116881 44138804 1073741832 2 0 67108864 24576 704 134217792 13107200 34078720 67109896 1 167781376 268435474 11534360 4113 303048972 67117056 34669704 69214276 104890370 1377845492 2147614752 84960785 2684953395 30 47349792 730039104 2147614724 4080640 1 17830920 2623492 1666 4202544 1 136578048 2147631360 1140850688 33554464 37748740 3308310548 2835365890 68195088 0 35651586 8388608 8921092 202408193 1646330112 2159017992 271397921
is_linear=0
shrinkage=0.1


Tree=2
num_leaves=31
num_cat=18
split_feature=9 0 0 9 9 8 9 0 8 9 8 8 4 0 0 8 0 8 1 0 1 10 9 8 0 10 8 0 9 8
split_gain=3916.83 1722.85 1404.19 558.213 396.199 329.649 286.134 279.906 271.874 220.397 216.276 208.475 132.094 128.394 110.489 107.278 101.701 103.395 101.538 96.6399 92.6096 83.5433 83.0087 73.0022 69.6975 99.9187 72.7654 68.1725 65.0738 63.8173
threshold=0 -44.999999999999993 75.000000000000014 1 2 3 4 45.000000000000007 5 6 7 8 765.00000000000011 -110.99999999999999 9.0000000000000018 9 -104.99999999999999 10 -128.99999999999997 225.00000000000003 -74.999999999999986 11 12 13 45.000000000000007 14 15 363.00000000000006 16 17
decision_type=9 2 2 9 9 9 9 2 9 9 9 9 2 2 2 9 2 9 8 2 8 9 9 9 2 9 9 2 9 9
left_child=2 3 4 5 -1 18 7 8 21 27 13 14 16 -5 -6 19 -7 -18 -2 -11 22 29 -12 -14 25 -8 -27 -4 -10 -3
right_child=1 6 9 10 11 12 24 -9 28 15 20 -13 23 -15 -16 -17 17 -19 -20 -21 -22 -23 -24 -25 -26 26 -28 -29 -30 -31
leaf_value=-30.858000000000001 -13.745999999999999 -4.5660000000000016 -26.257200093984604 -19.926000000000002 -16.038 -22.326000000000001 2.3339999999999996 4.734 -3.5459999999999994 -13.705439778975416 -7.6859999999999999 -9.0719990766048451 -12.990000012606229 -2.766 -8.7599999999999998 0.65760004554542906 -7.5240000000000009 -4.3373998270779861 -2.6123997850484355 -2.0760000000000005 0.28919996532797826 -2.8860000000000001 -0.54960008722543707 -8.9231991302669051 10.134 -4.8060000000000009 1.1339999999999997 -3.2969993328005076 0.17399999999999949 -11.316000000000001
leaf_weight=5321 1502 2176 1066 2089 5206 2049 91053 53313 2840 1198 3847 5165 1751 5601 3098 9767 1512 2150 7510 1168 25262 4689 4197 3139 167351 4136 20633 270 24786 1173
leaf_count=5321 1502 2176 1066 2089 5206 2049 91053 53313 2840 1198 3847 5165 1751 5601 3098 9767 1512 2150 7510 1168 25262 4689 4197 3139 167351 4136 20633 270 24786 1173
internal_value=0.000980134 0.00348613 -0.0326291 -0.0121485 -0.0503034 -0.026019 0.00603251 0.00108522 -0.00577221 -0.00799688 -0.00550505 -0.0410646 -0.0379785 -0.0206104 -0.0509213 -0.00372807 -0.0483435 -0.0383615 -0.0119242 -0.0227862 -0.00201225 -0.0219458 -0.0113575 -0.0259509 0.00758672 0.00570116 6.82033e-05 -0.0463893 -0.00105804 -0.034031
internal_weight=465018 432759 32259 60609 18790 19613 372150 88977 35664 13469 40996 13469 10601 7690 8304 12133 5711 3662 9012 2366 33306 8038 8044 4890 283173 115822 24769 1336 27626 3349
internal_count=465018 432759 32259 60609 18790 19613 372150 88977 35664 13469 40996 13469 10601 7690 8304 12133 5711 3662 9012 2366 33306 8038 8044 4890 283173 115822 24769 1336 27626 3349
cat_boundaries=0 4 9 13 17 21 25 29 33 37 41 45 47 51 55 57 61 64 68
cat_threshold=1073758336 71565345 1241643008 8391360 150995777 419496404 15859737 1080144896 1 0 71303168 26624 704 3221962816 547377206 1077116930 71459480 135805280 301990096 33031224 1342280721 443285508 3223489793 1615081489 44106020 0 67108864 24576 640 269747717 3342790656 4722689 25173024 311462980 71311363 42009768 75505732 10485824 35651586 25165824 42467332 303038984 4333832 2839564288 2164768 341049800 10 1736704 581607938 2415919716 287195153 473956356 132161 574625265 10520576 1065096329 4 2186535936 1142007232 4194304 67135588 8448 0 13631504 135004160 2147647744 1 10551296
is_linear=0
shrinkage=0.1


Tree=3
num_leaves=31
num_cat=21
split_feature=9 0 0 9 8 11 0 9 8 0 1 8 9 8 4 8 9 8 2 9 8 11 11 9 9 0 9 9 4 9
split_gain=3261.91 1335.88 1241.95 563.733 397.764 276.77 269.875 294.878 255.465 212.125 187.045 159.65 153.757 142.957 121.233 97.7833 89.4997 104.443 86.3588 84.3884 81.4417 80.0488 79.6545 79.1846 78.4294 66.9885 66.2298 60.2409 59.8479 58.0629
threshold=0 -62.999999999999993 87.000000000000014 1 2 3 -1.0000000180025095e-35 4 5 -134.99999999999997 -8.9999999999999982 6 7 8 825.00000000000011 9 10 11 165.00000000000003 12 13 14 15 16 17 147.00000000000003 18 19 615.00000000000011 20
decision_type=9 2 2 9 9 9 2 9 9 2 8 9 9 9 2 9 9 9 8 9 9 9 9 9 9 2 9 9 2 9
left_child=2 4 3 -1 23 -5 7 11 22 13 -10 24 -4 28 -8 25 17 -11 21 -15 27 29 -7 -2 -3 26 -16 -9 -6 -14
right_child=1 6 12 5 9 8 14 20 10 16 -12 -13 18 19 15 -17 -18 -19 -20 -21 -22 -23 -24 -25 -26 -27 -28 -29 -30 -31
leaf_value=-31.372199999999999 -3.7107600214951564 -3.8033999999999994 -21.491280044916273 -4.1192878919518865 -25.086599678510428 -7.8162000000000011 5.5566000000000004 -2.1923999679476025 -12.172199999999998 -3.6486960212631168 -6.2165394102886324 -1.0433999999999999 -2.5017600045545425 -5.2075192634788294 -3.7355999660432349 3.4266032916069031 -2.4474000000000005 -7.2510000582844176 5.0582399954454571 -15.308999614351988 1.434599999999999 0.0073921173901210398 -13.972199999999999 0.74496000872254486 -4.4087399260595443 4.8605999999999998 1.5510000349938862 0.23459999999999895 -22.121051434016866 -12.105456022102459
leaf_weight=3527 6538 2243 1250 3073 1384 812 203557 3586 5590 3865 5838 10062 1461 1694 7597 73633 8804 2847 8027 3319 58934 3336 4461 12752 3064 8545 3915 9354 740 1210
leaf_count=3527 6538 2243 1250 3073 1384 812 203557 3586 5590 3865 5838 10062 1461 1694 7597 73633 8804 2847 8027 3319 58934 3336 4461 12752 3064 8545 3915 9354 740 1210
internal_value=0.00137861 0.00389813 -0.0264607 -0.0409978 -0.0130479 -0.0343692 0.00574683 0.000856573 -0.0394525 -0.0220302 -0.0309774 -0.0117114 -0.00431562 -0.036308 0.00718214 0.00420536 -0.0154769 -0.0241714 -0.00130732 -0.0269102 0.00354516 -0.0103762 -0.0577267 -0.00248705 -0.0257344 -0.00198485 -0.00696491 -0.00363707 -0.0580881 -0.0232339
internal_weight=465018 426433 38585 23301 41943 19774 384490 87243 16701 22653 11428 15369 15284 7137 297247 93690 15516 6712 14034 5013 71874 6007 5273 19290 5307 20057 11512 12940 2124 2671
internal_count=465018 426433 38585 23301 41943 19774 384490 87243 16701 22653 11428 15369 15284 7137 297247 93690 15516 6712 14034 5013 71874 6007 5273 19290 5307 20057 11512 12940 2124 2671
cat_boundaries=0 4 8 12 14 19 23 27 31 35 39 44 48 52 56 58 59 63 67 71 75 79
cat_threshold=1073758400 71565345 1250031616 8391360 0 67108864 24576 704 3398029576 549456899 1077250372 4194314 2164505350 24 134754592 269484240 24249385 1342287873 1 0 102768643 8389792 76022100 374342148 1073875216 2906656785 35717668 0 67108864 57344 640 17958401 2350514436 37752833 2336000 1095582753 3221998592 469774337 42008740 167805696 950075776 24117768 1080226849 1 16909312 423120948 2181694594 68306513 2185363977 8338 268566688 2819391744 5776900 3241075264 289945600 8456228 68158473 2 4456448 172635144 268435728 2151154328 1342443537 134225952 1048640 18874368 268500993 127405312 2015494288 2150629428 1019952 2194703872 1075970304 2147483904 2622512 1073758208 4194304 69632 2048
is_linear=0
shrinkage=0.1


Tree=4
num_leaves=31
num_cat=21
split_feature=9 0 0 9 10 8 9 10 9 0 9 9 8 8 0 1 8 9 9 11 8 0 1 8 4 11 4 8 8 11
split_gain=2742.41 1094.81 1042.7 495.537 355.069 261.761 248.67 232.253 211.435 180.746 252.36 155.022 153.083 141.249 127.458 117.512 117.524 111.637 98.9447 88.5706 89.7881 82.1602 79.1125 70.7038 68.0544 63.0069 62.038 54.049 53.6777 52.4979
threshold=0 45.000000000000007 -38.999999999999993 1 2 3 4 5 6 75.000000000000014 7 8 9 10 -170.99999999999997 153.00000000000003 11 12 13 14 15 141.00000000000003 -62.999999999999993 16 1575.0000000000002 17 405.00000000000006 18 19 20
decision_type=9 2 2 9 9 9 9 9 9 2 9 9 9 9 2 8 9 9 9 9 9 2 8 9 2 9 2 9 9 9
left_child=1 3 4 -1 5 14 21 23 13 10 12 29 -4 -6 -2 16 25 -7 -16 20 -12 -3 -13 -5 -11 26 -8 -24 -14 -9
right_child=2 6 9 7 8 17 15 11 -10 24 19 22 28 -15 18 -17 -18 -19 -20 -21 -22 -23 27 -25 -26 -27 -28 -29 -30 -31
leaf_value=-28.834979999999998 -28.984740032148956 -22.095059973748267 -2.7865260073940465 -13.17498 -4.6622999941715575 -10.296659981616472 -0.067487761950274436 1.0182408689834039 0.4321776100941187 10.57793967083931 -5.2033499003626211 -15.43698 -0.99905999999999873 -1.6909061280568687 -9.6260998953098706 3.9524159959009113 -0.82854000455454158 -1.4351183727309464 -3.5610599606339948 2.3802469479213006 1.3649399999999994 -14.542151680391786 -9.477809377293644 -10.738980000000002 2.1779396708393093 -1.9024992162935548 -10.294910419892213 -6.8711461513106533 1.424940000000001 -8.0086870080078025
leaf_weight=2959 1432 891 8379 1390 3933 5321 448 1459 32610 160514 4006 2149 16958 9919 2891 9030 5379 8113 2266 107052 24707 931 1122 3522 18079 1685 2011 3741 17771 4350
leaf_count=2959 1432 891 8379 1390 3933 5321 448 1459 32610 160514 4006 2149 16958 9919 2891 9030 5379 8113 2266 107052 24707 931 1122 3522 18079 1685 2011 3741 17771 4350
internal_value=0.00156979 -0.0231012 0.00396006 -0.0393089 -0.00753929 -0.0186677 -0.00665276 -0.032924 -0.00273885 0.00609893 0.00385206 -0.0257883 -0.00281367 -0.0130847 -0.0349917 -0.00317675 -0.0109283 -0.0106412 -0.0277157 0.00596833 0.00103506 -0.0418013 -0.0358132 -0.0514588 0.00834932 -0.023558 -0.0337829 -0.0288032 0.000114857 -0.0136467
internal_weight=465018 41067 423951 20692 66485 20023 20375 17733 46462 357466 178873 12821 43108 13852 6589 18553 9523 13434 5157 135765 28713 1822 7012 4912 178593 4144 2459 4863 34729 5809
internal_count=465018 41067 423951 20692 66485 20023 20375 17733 46462 357466 178873 12821 43108 13852 6589 18553 9523 13434 5157 135765 28713 1822 7012 4912 178593 4144 2459 4863 34729 5809
cat_boundaries=0 4 8 10 14 18 20 25 30 34 38 42 46 50 55 57 61 65 67 71 75 77
cat_threshold=1073758400 71565345 1254225921 1082133184 0 67108864 24576 704 3225518694 10 2198865413 2333782272 171970560 114464 128 67108864 57344 640 743473289 10 2315887872 270143952 19005464 807501845 1 134757664 268437716 20055224 268547089 1 16448 262145 46141441 1073741824 443286540 3489828096 1078210581 42012676 135266820 2219731201 3911717952 16881920 16777280 102768643 25165824 109584660 2282914056 1501659930 2167406656 2438161 1212928 698450820 2148532224 6345760 1 2687057698 26 2147574784 1074079680 134217732 101906468 0 2097154 128 11010388 71304264 2 34605316 35651585 32 524608 76548675 21516819 2902523904 2236448 2152904960 16
is_linear=0
shrinkage=0.1


Tree=5
num_leaves=31
num_cat=20
split_feature=9 0 0 9 8 0 9 9 8 9 11 8 0 0 11 8 9 0 8 4 11 0 8 4 11 8 9 9 2 8
split_gain=2315.2 890.37 889.375 474.082 273.796 247.504 284.301 216.658 181.773 142.273 138.335 124.372 117.1 106.751 97.5641 92.6405 89.8126 82.4565 82.3254 79.6791 76.8191 68.947 68.6642 62.6207 62.0336 56.3906 90.6418 55.8949 54.8165 51.2113
threshold=0 -68.999999999999986 45.000000000000007 1 2 51.000000000000007 3 4 5 6 7 8 -188.99999999999997 153.00000000000003 9 10 11 -14.999999999999998 12 825.00000000000011 13 141.00000000000003 14 1065.0000000000002 15 16 17 18 -74.999999999999986 19
decision_type=9 2 2 9 9 2 9 9 9 9 9 9 2 2 9 9 9 2 9 2 9 2 9 2 9 9 9 9 8 9
left_child=2 4 3 -1 28 6 11 21 10 12 -5 27 23 20 16 -12 -8 -17 -14 -7 22 -4 -9 -6 -10 26 -16 -3 -2 -21
right_child=1 5 7 8 9 19 14 13 24 -11 15 -13 18 -15 25 17 -18 -19 -20 29 -22 -23 -24 -25 -26 -27 -28 -29 -30 -31
leaf_value=-27.751481999999999 -6.9768733763222528 -4.3109267072274839 -19.885553993226711 -5.7394553538703299 -26.128026094894949 8.6471460329160674 -2.9885250099637393 -8.9793633558005332 -7.6277790643578989 -3.3975331371533204 -12.369161359155894 -0.48155399999999987 -4.5086883610294439 3.1469040026201558 -1.2723798269244793 -13.344761959219694 1.3984022424577902 -6.7455201696102662 -8.4670299609305868 -0.58325396708393107 -1.7122492946641998 -14.152792741066435 -3.3687300036436341 -15.13771767648363 -5.4865177471585715 2.0131153052078696 1.833115305207869 -1.8781846941009435 0.21709821964494866 4.9399149760471799
leaf_weight=2483 2595 2170 873 1665 1344 143939 9075 1421 2195 10575 2598 27294 4366 9672 9478 3259 10731 1902 2675 11952 5196 863 1389 714 5069 96531 16098 8401 15423 53072
leaf_count=2483 2595 2170 873 1665 1344 143939 9075 1421 2195 10575 2598 27294 4366 9672 9478 3259 10731 1902 2675 11952 5196 863 1389 714 5069 96531 16098 8401 15423 53072
internal_value=0.00180741 0.00393002 -0.0216466 -0.0369303 -0.0107445 0.00535295 0.00263258 -0.00656536 -0.0308013 -0.0188966 -0.0399894 -0.00506535 -0.0280722 -0.00324061 0.00468656 -0.0456314 -0.00182378 -0.0376504 -0.0219699 0.00769337 -0.0117837 -0.0401718 -0.0250709 -0.0490865 -0.0188425 0.00574261 0.0015657 -0.0142699 -0.00183159 0.00478808
internal_weight=465018 426433 38585 19171 37692 388741 179778 19414 16688 19674 9424 37865 9099 17678 141913 7759 19806 5161 7041 208963 8006 1736 2810 2058 7264 122107 25576 10571 18018 65024
internal_count=465018 426433 38585 19171 37692 388741 179778 19414 16688 19674 9424 37865 9099 17678 141913 7759 19806 5161 7041 208963 8006 1736 2810 2058 7264 122107 25576 10571 18018 65024
cat_boundaries=0 4 8 12 17 21 25 30 32 36 38 42 46 50 52 56 58 62 66 70 74
cat_threshold=1073758400 71565345 1250031616 8391360 0 67108864 24576 640 3397996872 549455875 1094025540 4194826 134757664 268435668 24249400 1342288929 1 0 67108864 57344 640 437292364 102768643 1208 111681868 184582401 2032337152 2152727049 1075950624 1 2147852546 16 342884364 1342347539 558116881 44240900 2684953378 26 0 69214210 0 109576516 46301184 730039040 2147483908 540950528 89260033 438833204 2185382914 16925905 67142665 2 64 69214210 0 41943380 1279524864 2 5842504 3223518728 1426595840 42008612 2444328969 1075843328 2147484098 3162136 0 128 7471136 268472320 1103455266 1610861570 486551560 42205316
is_linear=0
shrinkage=0.1


Tree=6
num_leaves=31
num_cat=19
split_feature=9 0 0 9 9 9 0 8 8 8 11 8 0 8 4 11 9 0 8 0 1 8 0 8 0 8 9 8 8 0
split_gain=1880.39 894.815 462.512 381.258 332.98 303.043 235.232 226.188 182.861 179.193 163.827 115.195 112.786 91.1666 90.5426 91.7063 87.5072 87.065 86.3646 67.386 77.668 66.9835 63.2848 62.9809 62.9023 57.649 54.7394 54.5289 51.4192 51.0089
threshold=0 -32.999999999999993 123.00000000000001 1 2 3 105.00000000000001 4 5 6 7 8 -188.99999999999997 9 465.00000000000006 10 11 -164.99999999999997 12 -86.999999999999986 -38.999999999999993 13 -14.999999999999998 14 273.00000000000006 15 16 17 18 183.00000000000003
decision_type=9 2 2 9 9 9 2 9 9 9 9 9 2 9 2 9 9 2 9 2 8 9 2 9 2 9 9 9 9 2
left_child=2 4 3 -1 9 6 7 10 12 26 13 -5 -6 -3 -7 23 -14 21 24 20 25 -11 -13 29 -4 -10 -2 -9 -12 -16
right_child=1 5 18 11 8 14 -8 27 19 17 28 22 16 -15 15 -17 -18 -19 -20 -21 -22 -23 -24 -25 -26 -27 -28 -29 -30 -31
leaf_value=-23.476330934506702 -7.5657548013949043 -8.6327658640844103 -15.60630802197606 -15.052282926355046 -25.105795965799352 3.8518037746870828 5.2859462439374516 -1.7659954245146279 -0.92633772569409034 -20.452983694554728 3.028863535387035 -8.9867364646129655 -3.9493669986613429 -5.3896431713648276 -4.3268197525625576 2.6341532879003178 -1.3095123439052532 -2.3317277561941996 0.96839932577724008 0.66861070846980086 0.52838601790354722 -7.627052241049296 -3.8977879018025092 1.4661542061506609 -5.4841559993966529 -6.3094348789960257 -9.4481658640844106 1.5196010708393091 -2.7175685703755392 3.8098493170800136
leaf_weight=3206 1512 1234 903 2716 805 138421 29958 12384 3989 1016 1971 3614 3661 3553 4958 136568 7150 12011 3994 31070 9403 2049 3167 17340 887 4695 3045 12487 4927 2324
leaf_count=3206 1512 1234 903 2716 805 138421 29958 12384 3989 1016 1971 3614 3661 3553 4958 136568 7150 12011 3994 31070 9403 2049 3167 17340 887 4695 3045 12487 4927 2324
internal_value=0.00199945 0.00329356 -0.0292442 -0.0399331 -0.00625874 0.00539146 -0.00071493 -0.00609859 -0.00259892 -0.0175773 -0.0175673 -0.0297602 -0.0138775 -0.0317761 0.00674689 0.00513617 -0.0112006 -0.0123054 -0.0058195 6.85423e-05 -0.0047841 -0.0273573 -0.022705 -0.000482299 -0.024 -0.0116029 -0.0349529 -0.000702946 -0.00767516 -0.00828031
internal_weight=465018 446531 18487 12703 80406 366125 66514 36556 60773 19633 11685 9497 11616 4787 299611 161190 10811 15076 5784 49157 18087 3065 6781 24622 1790 8684 4557 24871 6898 7282
internal_count=465018 446531 18487 12703 80406 366125 66514 36556 60773 19633 11685 9497 11616 4787 299611 161190 10811 15076 5784 49157 18087 3065 6781 24622 1790 8684 4557 24871 6898 7282
cat_boundaries=0 4 8 13 17 21 25 29 31 35 39 41 45 49 53 57 61 65 69 73
cat_threshold=128 71565312 167897088 8389312 0 67108864 24576 640 1224819009 269549729 1106382873 1073847296 1 1209559400 268435617 1106777128 1342217216 424708100 1143126275 134221833 100827444 288630277 2268995648 273158144 41950304 437289740 1141025024 692081865 69271588 1141378056 3 1088 33554434 8913040 42467396 0 2105345 4096 33554704 3764988480 10 2181071360 153092372 512 6832160 2097217 167772176 159383556 42991684 2147484672 185090053 34308096 16810560 714240 342455696 268435458 68614160 3393716296 536920083 688244945 32794 150994945 1114113 16777216 66560 1182875720 554697752 123019280 10563776 138444800 69246976 0 67109136
is_linear=0
shrinkage=0.1


Tree=7
num_leaves=31
num_cat=20
split_feature=9 9 0 0 10 9 9 1 4 0 8 8 11 9 8 0 8 8 0 8 11 11 8 1 0 9 8 9 8 3
split_gain=1524.92 640.55 613.975 418.246 284.058 211.563 187.248 178.254 156.743 135.442 123.611 117.148 119.111 117.057 97.6136 95.2684 101.974 90.6578 85.1378 82.7705 72.5272 71.8281 71.4695 67.9532 56.6171 56.5876 55.8136 59.5816 49.823 44.0193
threshold=0 1 -14.999999999999998 21.000000000000004 2 3 4 93.000000000000014 465.00000000000006 147.00000000000003 5 6 7 8 9 201.00000000000003 10 11 -254.99999999999997 12 13 14 15 -116.99999999999999 -62.999999999999993 16 17 18 19 2.5000000000000004
decision_type=9 9 2 2 9 9 9 8 2 2 9 9 9 9 9 2 9 9 2 9 9 9 9 8 2 9 9 9 9 2
left_child=1 7 4 11 5 14 10 -1 -4 13 29 -3 -13 17 -2 16 -5 -10 23 -7 -18 25 -14 -16 -24 -15 27 -23 -8 -6
right_child=2 3 8 15 6 19 28 -9 9 -11 -12 12 22 21 18 -17 20 -19 -20 -21 -22 26 24 -25 -26 -27 -28 -29 -30 -31
leaf_value=-22.02870070654933 -11.375023803639554 -4.9935861813617004 4.1546412929160681 -12.710589240454361 -2.9883418311705059 -4.5923702906464436 -0.238505514673858 -11.652226835751092 -3.529120653147638 10.776849481798486 -0.79399390368770506 -4.4419198782045246 -11.12974869396434 -6.7248865951192833 -26.473114002844508 6.3990990931357983 -4.74227647047858 -0.15600836135585913 -3.8243434133812459 -0.12445258388680713 -0.81593839302490068 1.9255235559744248 -15.78152906427011 -7.3325171048170406 -6.3608327558737585 -0.20435002740001665 2.7552479627598951 -0.83726112263937191 1.4397101635956289 -2.9263225721041124
leaf_weight=3035 4161 5724 141318 707 1356 2786 16205 1252 6419 63106 17492 1980 2135 1912 607 7476 2773 21425 7395 13713 9355 14870 1575 833 2990 6044 49407 14203 39793 2971
leaf_count=3035 4161 5724 141318 707 1356 2786 16205 1252 6419 63106 17492 1980 2135 1912 607 7476 2773 21425 7395 13713 9355 14870 1575 833 2990 6044 49407 14203 39793 2971
internal_value=0.00210353 -0.01682 0.00383629 -0.0123067 -0.00270594 -0.0110608 0.000462179 -0.0532534 0.00603927 0.00405985 -0.00739429 -0.0253443 -0.0326697 0.00200648 -0.0206013 -0.00306681 -0.00829373 -0.00363179 -0.0146128 -0.00353807 -0.00611468 0.00382273 -0.0390611 -0.036875 -0.0317923 -0.00522722 0.00474073 0.00126294 0.00352414 -0.022511
internal_weight=465018 39002 426016 34715 107312 29495 77817 4287 318704 177386 21819 14404 8680 114280 12996 20311 12835 27844 8835 16499 12128 86436 6700 1440 4565 7956 78480 29073 55998 4327
internal_count=465018 39002 426016 34715 107312 29495 77817 4287 318704 177386 21819 14404 8680 114280 12996 20311 12835 27844 8835 16499 12128 86436 6700 1440 4565 7956 78480 29073 55998 4327
cat_boundaries=0 4 8 10 15 20 24 28 30 34 38 42 46 50 52 54 58 63 67 71 75
cat_threshold=1073758400 71565345 1250031624 8391360 0 67108864 57344 640 3225649734 11 18514176 2065793922 2165309444 1076179984 1 2315364096 268566804 73925649 1342275601 3 403701764 2150000641 1227364352 72960 27271424 550110484 20712244 21070882 2152046850 16 152090881 1344274644 24118320 268481569 318767618 3272782288 71307537 2110756 64 2 8388608 41943044 1078002792 1073909138 692334609 35819524 2251293184 68288576 37818432 33571328 71303177 2 2687042064 26 0 102768642 0 101187920 656416 545293056 4 4063232 1 2299339297 3509239810 1157660689 5260064 270794758 143270144 268435460 2890285326 286531845 120747016 341049346 25379856
is_linear=0
shrinkage=0.1


Tree=8
num_leaves=31
num_cat=18
split_feature=9 0 9 9 9 0 8 1 1 8 8 4 0 10 8 11 9 0 11 8 9 8 4 0 11 1 8 0 0 9
split_gain=1263.04 650.737 318.512 276.393 228.266 193.648 202.43 166.349 143.973 143.128 124.286 90.9885 81.8977 74.337 93.8023 69.9199 66.8229 64.3449 60.9657 60.6142 58.4511 51.4258 51.4192 47.9462 47.3884 45.68 43.3658 43.2764 41.3705 40.6649
threshold=0 -26.999999999999996 1 2 3 123.00000000000001 4 93.000000000000014 -50.999999999999993 5 6 465.00000000000006 -218.99999999999997 7 8 9 10 -164.99999999999997 11 12 13 14 885.00000000000011 105.00000000000001 15 -128.99999999999997 16 189.00000000000003 249.00000000000003 17
decision_type=9 2 9 9 9 2 9 8 8 9 9 2 2 9 9 9 9 2 9 9 9 9 2 2 9 8 9 2 2 9
left_child=2 3 7 9 5 6 15 -1 18 -2 12 -6 22 -13 28 26 -14 25 -4 27 -12 -8 -5 29 -22 -11 -3 -10 -15 -16
right_child=1 4 8 10 11 -7 21 -9 19 17 20 13 16 14 23 -17 -18 -19 -20 -21 24 -23 -24 -25 -26 -27 -28 -29 -30 -31
leaf_value=-20.4258306358944 -8.0063671465004713 -2.9634664150692873 -19.043694235855153 -24.52948283032994 3.5141396825124347 5.6372597368538493 -1.0239778374167672 -11.398134572000073 -6.8788839285794685 -15.039788713377835 -0.81553730017609072 2.4662342619163669 -3.361031853171629 -7.5259366317643543 2.0379524957655835 -1.8375214985303856 -1.0907768591933211 -2.0005145206062607 -8.0012643619295325 -0.18945064551191118 -0.16275244358282956 1.3528968848044451 -11.545125806713219 7.1013311526545806 1.7135646775236439 -4.8026532327863993 -5.6719144082795374 -1.6230055634917129 3.9674843262628103 -1.0957756913413232
leaf_weight=2750 4662 2904 1332 441 129178 32440 19167 1180 3193 1236 18759 91375 2887 3625 12281 4792 9149 15323 1477 3224 17761 17378 465 25621 19387 1684 3140 1226 1437 15544
leaf_count=2750 4662 2904 1332 441 129178 32440 19167 1180 3193 1236 18759 91375 2887 3625 12281 4792 9149 15323 1477 3224 17761 17378 465 25621 19387 1684 3140 1226 1437 15544
internal_value=0.00223923 0.00317047 -0.0269233 -0.00434488 0.00509198 0.000375919 -0.00369958 -0.0511929 -0.0177576 -0.0138577 -0.00117791 0.00644069 -0.0100046 0.00476458 0.00198025 -0.0156961 -0.00782984 -0.00984879 -0.0371342 -0.0106594 0.000866821 -0.000138148 -0.0390066 0.00321311 0.00316433 -0.0234589 -0.0228543 -0.0182457 -0.0110173 0.000339623
internal_weight=465018 450636 14382 91754 358882 79821 47381 3930 10452 22905 68849 279061 12942 149883 58508 10836 12036 18243 2809 7643 55907 36545 906 53446 37148 2920 6044 4419 5062 27825
internal_count=465018 450636 14382 91754 358882 79821 47381 3930 10452 22905 68849 279061 12942 149883 58508 10836 12036 18243 2809 7643 55907 36545 906 53446 37148 2920 6044 4419 5062 27825
cat_boundaries=0 4 8 13 17 21 25 29 31 35 36 40 42 46 51 55 56 60 65
cat_threshold=128 67371008 167831552 8389312 0 67108864 16384 640 1224753472 272695461 1105396249 1073847297 1 1209559400 272629921 1106777096 268475408 1498777604 3290474755 1090785289 35684612 407929092 1141025025 155193593 69730596 288629765 2268995680 306185232 41946208 656152713 12 2147704864 336142720 34 67561476 1410993160 2181071360 150995280 1052704 6815776 263168 10 2100296 109576194 19398660 209723456 10007561 137892178 2417497536 268959792 2 109056072 553800728 240132112 76230896 2467279643 1481965568 2147483650 266241 2097152 912393732 2164806658 805307138 3896639754 2
is_linear=0
shrinkage=0.1


Tree=9
num_leaves=31
num_cat=20
split_feature=9 0 9 0 10 9 9 4 0 1 8 8 8 2 11 1 8 11 8 8 9 4 8 8 11 9 0 9 0 9
split_gain=1020.41 480.969 474.698 269.789 236.863 156.249 156.232 137.088 136.537 134.217 119.342 110.812 81.6071 80.857 79.1963 74.6766 70.8104 64.0577 58.0136 56.2872 54.9384 50.974 46.6681 46.5792 45.5472 43.8269 43.6077 41.2594 40.0402 42.5201
threshold=0 21.000000000000004 1 1.0000000180025095e-35 2 3 4 735.00000000000011 -254.99999999999997 117.00000000000001 5 6 7 183.00000000000003 8 -122.99999999999999 9 10 11 12 13 405.00000000000006 14 15 16 17 -74.999999999999986 18 207.00000000000003 19
decision_type=9 2 9 2 9 9 9 2 2 10 9 9 9 8 9 8 9 9 9 9 9 2 9 9 9 9 2 9 2 9
left_child=2 4 9 12 6 11 -2 -3 15 -1 -10 -6 -4 14 21 -8 28 18 -14 20 -7 -5 -12 -23 -18 -16 -20 -13 29 -9
right_child=1 7 3 13 5 19 8 16 10 -11 22 27 17 -15 25 -17 24 -19 26 -21 -22 23 -24 -25 -26 -27 -28 -29 -30 -31
leaf_value=-18.38324757230496 0.90604562820024981 5.2358880591985315 -3.5711299242631962 3.7121223824919998 -1.5668026185671651 -1.7375120773844372 -23.414193205977675 -4.1483278805071819 -5.6845078931920359 -8.9776428554521868 -0.16848162845620279 0.57430450207563111 -11.389737693629488 3.0825040438554545 3.2374177303284273 -6.3120871665600831 -0.5765755512376175 -3.9395014067457028 -13.799852814996768 1.5312384126075678 0.40301266410797187 -7.2966943166645173 -2.7486058993301112 -4.2653155770395639 3.2344205707122384 -2.7749410785935282 -5.3490692176445309 -1.0964004376712737 4.7102454371150797 0.27859345966287075
leaf_weight=2984 13796 163035 4377 664 10052 1738 1161 5395 7233 946 12315 17493 2025 8612 3747 1276 12832 1869 1280 56525 26588 1688 12385 2401 62229 5430 3051 11556 5701 4634
leaf_count=2984 13796 163035 4377 664 10052 1738 1161 5395 7233 946 12315 17493 2025 8612 3747 1276 12832 1869 1280 56525 26588 1688 12385 2401 62229 5430 3051 11556 5701 4634
internal_value=0.0023218 0.00374064 -0.0131425 -0.00944871 -0.000339999 0.00197254 -0.00629027 0.00650784 -0.0098982 -0.046066 -0.0081599 -0.00325714 -0.0211697 -0.00290036 -0.00760948 -0.0327165 0.00339362 -0.027037 -0.0318473 0.00438258 0.000743225 -0.0180705 -0.00484419 -0.0222817 0.00467171 -0.00216937 -0.0251532 -0.00012423 -0.00270648 -0.00651211
internal_weight=465018 425944 39074 35144 172118 123952 48166 253826 34370 3930 31933 39101 12602 22542 13930 2437 90791 8225 6356 84851 28326 4753 24700 4089 75061 9177 4331 29049 15730 10029
internal_count=465018 425944 39074 35144 172118 123952 48166 253826 34370 3930 31933 39101 12602 22542 13930 2437 90791 8225 6356 84851 28326 4753 24700 4089 75061 9177 4331 29049 15730 10029
cat_boundaries=0 4 8 10 15 19 23 27 31 33 37 39 43 47 51 55 59 61 64 68 72
cat_threshold=1073758400 71565345 1250555912 8391360 0 67108864 16384 640 3225650006 11 2320016672 269091216 73401361 1879670801 1 912272390 2148146192 270533794 2835349771 2657092612 1157800256 2755657777 119540004 454819845 3291244553 1092630528 71936 2105344 549586180 20712228 21070882 71304201 2 4547617 3758344194 873537536 42205316 1276118216 10 33554432 102768643 0 101187924 6038277 1124226056 1410400258 26297362 8388608 0 64 1048576 16859401 415844390 52858114 147985 64 2621440 8388608 109052244 2974398996 10 16384 32 142671872 2185789472 268435712 69206016 622608 18644993 4062248960 2149580848 2854937
is_linear=0
shrinkage=0.1


Tree=10
num_leaves=31
num_cat=22
split_feature=9 0 9 1 0 9 8 11 8 1 4 9 4 11 9 8 9 0 0 9 9 8 8 9 8 10 8 8 11 8
split_gain=807.682 394.052 387.935 221.385 210.435 150.052 124.318 116.345 108.976 99.113 84.0613 82.0363 73.9789 79.8248 93.2218 71.6227 63.0481 61.8595 58.4974 54.8327 51.1148 50.1599 49.726 46.9705 46.826 45.6854 53.4283 43.2263 40.0838 39.721
threshold=0 69.000000000000014 1 45.000000000000007 -80.999999999999986 2 3 4 5 57.000000000000007 735.00000000000011 6 195.00000000000003 7 8 9 10 -320.99999999999994 189.00000000000003 11 12 13 14 15 16 17 18 19 20 21
decision_type=9 2 9 8 2 9 9 9 9 10 2 9 2 9 9 9 9 2 2 9 9 9 9 9 9 9 9 9 9 9
left_child=2 4 9 7 6 8 -2 11 20 -1 -3 22 -7 16 15 -15 -14 -8 24 -9 -6 -13 -4 28 -5 26 -12 -16 -19 -25
right_child=1 10 3 18 5 12 17 19 -10 -11 25 21 13 14 27 -17 -18 23 -20 -21 -22 -23 -24 29 -26 -27 -28 -29 -30 -31
leaf_value=-17.144922815074462 -0.16365908929342998 7.9667841486930504 -15.105209488603078 3.8411972685913152 -2.6695262245897271 1.7776908153040183 -20.721204771749726 -0.66191866636581098 0.092406809466244522 -8.3861828889816277 -4.5770019273932894 -6.9672010860605811 -0.14808888392413308 -4.0374510753068265 -1.1040625447553141 -0.35811876297413059 2.2004214584147674 -12.224168281633297 6.5597843061211272 -4.9969895335106216 -1.0559848033724095 -3.5874064807663375 -7.4422242576450905 -3.8834239957998151 -2.4659100232587265 4.6825535192141805 2.7811026836065529 1.6555806816167349 -5.2889104315673734 -0.51155475550638829
leaf_weight=2547 14318 118676 1465 3448 4698 35703 741 6796 43735 1503 5337 1367 12245 4765 4429 22192 42070 411 8601 4412 9479 4937 2630 1788 10709 45303 13724 25686 6396 4907
leaf_count=2547 14318 118676 1465 3448 4698 35703 741 6796 43735 1503 5337 1367 12245 4765 4429 22192 42070 411 8601 4412 9479 4937 2630 1788 10709 45303 13724 25686 6396 4907
internal_value=0.00240782 0.00382857 -0.00981621 -0.00710648 0.00110604 0.00222642 -0.00693568 -0.0143578 -0.00208522 -0.0394089 0.00730278 -0.0219723 0.00392386 0.00265444 4.23955e-05 -0.0042285 0.00539807 -0.0135459 -0.000224975 -0.00726689 -0.00970113 -0.0147545 -0.0330207 -0.0120116 -0.00417673 0.00439283 0.000283677 0.00386556 -0.0178568 -0.00603281
internal_weight=465018 416603 48415 44365 233563 205002 28561 21607 57912 4050 183040 10399 147090 111387 57072 26957 54315 14243 22758 11208 14177 6304 4095 13502 14157 64364 19061 30115 6807 6695
internal_count=465018 416603 48415 44365 233563 205002 28561 21607 57912 4050 183040 10399 147090 111387 57072 26957 54315 14243 22758 11208 14177 6304 4095 13502 14157 64364 19061 30115 6807 6695
cat_boundaries=0 4 8 13 17 19 23 27 29 33 37 41 45 49 53 57 62 66 68 72 76 78 82
cat_threshold=1073758400 71565345 1254751752 1350572736 0 67108864 49152 640 134854944 268503256 2234646672 107569 1 1246314824 545259523 1094044144 4194826 235963529 10 138151428 3238144256 1631860741 10555684 16512 0 176168960 64 2136113284 1 2198994945 1269829636 68 19939328 2147485248 68423680 138412032 34703396 10486786 143616 2 136839176 16384 0 142671872 1342181376 528384 268435456 2150760448 32785 37748992 35684353 2097152 36176928 1024 2097152 8389128 41943382 2584870950 1000407296 2150629508 2319370 1 1057028 537001996 3214209 16842763 3510870356 6 310468646 604073344 604340224 110413828 18432005 1208690504 493092868 110133760 2148007938 8 9568768 135172 574623746 11752448
is_linear=0
shrinkage=0.1


Tree=11
num_leaves=31
num_cat=20
split_feature=9 0 9 10 0 9 9 0 8 8 8 0 8 1 4 11 0 9 11 6 11 9 1 8 9 9 4 9 8 9
split_gain=641.822 357.148 299.464 200.97 173.143 148.767 139.882 110.449 110.615 84.3759 83.0789 77.2219 88.407 69.5545 68.8775 61.5352 57.0335 54.4752 48.2527 44.5451 43.0428 40.3786 39.3912 36.1526 35.2206 33.9962 33.6821 36.1653 53.9007 38.377
threshold=0 105.00000000000001 1 2 -1.0000000180025095e-35 3 4 -338.99999999999994 5 6 7 213.00000000000003 8 39.000000000000007 1575.0000000000002 9 -122.99999999999999 10 11 360.50000000000006 12 13 -188.99999999999997 14 15 16 195.00000000000003 17 18 19
decision_type=9 2 9 9 2 9 9 2 9 9 9 2 9 10 2 9 2 9 9 2 9 9 8 9 9 9 2 9 9 9
left_child=2 3 13 6 9 7 10 22 17 -4 -2 12 25 -1 -3 19 21 -9 -14 -7 -18 -11 -5 -15 -17 -6 -12 -28 -29 -30
right_child=1 14 4 5 11 15 -8 8 -10 16 26 -13 18 23 -16 24 20 -19 -20 -21 -22 -23 -24 -25 -26 -27 27 28 29 -31
leaf_value=-15.430430533567018 0.86988896244905911 9.4625650930858232 -2.3880572566184055 -24.91187630066073 -3.3836555830102726 -12.053519626011067 1.5475583140069937 -8.8439672993711067 -1.3230592680475151 -16.882362466126025 0.44534945707963947 6.8677780049399288 -3.1874435452488434 -19.306304279594883 1.0172315888579158 2.3572696608407804 -6.3578879153523484 -3.2967617790085182 0.3922124226916992 -1.1609504432154005 -2.9477208858504138 -9.2136387973401686 -8.2047809645566172 -3.266237611493783 0.06743273060424286 -9.0652331485940394 -0.065667192656278059 -2.4570249787168228 3.4195730982561927 -1.0210525648031215
leaf_weight=2363 34688 130605 7400 346 1686 114 106227 3292 23225 616 7896 9110 4385 561 14350 16228 4076 5896 13482 15816 3781 851 333 1242 15785 1081 18271 3462 2447 15403
leaf_count=2363 34688 130605 7400 346 1686 114 106227 3292 23225 616 7896 9110 4385 561 14350 16228 4076 5896 13482 15816 3781 851 333 1242 15785 1081 18271 3462 2447 15403
internal_value=0.00250846 0.0038071 -0.00811863 0.00165383 -0.00581178 -0.00251033 0.00344494 -0.00766661 -0.00683275 -0.0139536 0.000346448 -0.00123588 -0.0046215 -0.0337739 0.00780967 0.00104957 -0.0202764 -0.0161144 -0.00203781 -0.0040276 -0.0169187 -0.0383981 -0.0475847 -0.0190627 0.00357649 -0.0212207 -0.00237129 -0.00356138 -0.00635869 -0.00413774
internal_weight=465018 414384 50634 269429 46468 81035 188394 33092 32413 16724 82167 29744 20634 4166 144955 47943 9324 9188 17867 15930 7857 1467 679 1803 32013 2767 47479 39583 21312 17850
internal_count=465018 414384 50634 269429 46468 81035 188394 33092 32413 16724 82167 29744 20634 4166 144955 47943 9324 9188 17867 15930 7857 1467 679 1803 32013 2767 47479 39583 21312 17850
cat_boundaries=0 4 8 10 15 20 24 28 32 36 38 42 44 46 50 54 58 62 67 71 75
cat_threshold=1073766592 71565345 1254750232 1350572736 128 67108864 49152 640 758914185 12 152604937 1906418562 2165440516 2171904 1 2294907936 268566992 2217739585 688455729 1 2351457284 1427120256 205520901 119593252 540680 549455116 19664644 21075115 2214756680 512754048 235978752 21542128 14680128 71336194 8388608 41984004 2151688738 16 1605632 1895890944 131072 2098176 201359369 9 235931272 8 16384 0 134285312 64 1048577 16 134217728 1048576 910295556 2148140036 268435456 2824208643 24640 262144 0 8390656 2151710752 272 2214592768 537460768 1 1074790400 1073764352 18882562 16384 0 268435456 2097152 134217728
is_linear=0
shrinkage=0.1


Tree=12
num_leaves=31
num_cat=22
split_feature=0 9 4 9 9 0 8 9 9 0 4 8 9 1 0 8 8 8 11 9 8 10 9 9 11 8 0 11 8 9
split_gain=521.991 360.761 282.065 229.624 126.069 113.652 104.221 93.7248 88.7406 80.1209 78.6485 96.8833 84.5279 76.2209 85.7292 73.1371 65.3687 58.0244 45.6165 45 42.8312 41.6202 37.8112 37.6478 35.0796 40.6579 34.4466 34.4069 36.026 33.3548
threshold=-8.9999999999999982 0 735.00000000000011 1 2 201.00000000000003 3 4 5 117.00000000000001 195.00000000000003 6 7 -86.999999999999986 -434.99999999999994 8 9 10 11 12 13 14 15 16 17 18 273.00000000000006 19 20 21
decision_type=2 9 2 9 9 2 9 9 9 2 2 9 9 8 2 9 9 9 9 9 9 9 9 9 9 9 2 9 9 9
left_child=1 7 9 16 21 8 19 -1 15 10 -2 12 27 14 -8 -5 26 22 -19 -6 -15 -3 -10 -22 -9 -26 -4 -12 -29 -16
right_child=2 4 3 5 6 -7 13 24 17 -11 11 -13 -14 20 29 -17 -18 18 -20 -21 23 -23 -24 -25 25 -27 -28 28 -30 -31
leaf_value=-13.887387480210316 2.7343788871024159 -2.8747508913087594 -15.087387480210317 -3.2078876039257 -5.1169706149477072 9.3127725621013582 -23.448187768154348 0.81335851215079558 -2.3002015449161566 10.063849224515161 -5.3545349951882697 1.9316011691902817 0.49320710103544019 0.62564715891458966 -4.1708815428650015 -0.49509304900573148 -4.2785370269348908 -6.4575186634578037 1.61315635094381 -1.9789677090500761 -1.2814582235431908 0.88197656998664664 0.97938042607094311 0.031649466380756053 -9.0969163055083282 -4.6169191557655678 -4.6323674674682804 -5.0029100548851408 -1.1399507947861587 -0.72487910951150947
leaf_weight=1710 38481 2536 1491 8423 2372 33226 367 997 7326 94071 732 43696 22909 23571 5789 18449 3852 1033 48183 8796 13899 39665 5850 17090 2392 6114 375 237 5987 5399
leaf_count=1710 38481 2536 1491 8423 2372 33226 367 997 7326 94071 732 43696 22909 23571 5789 18449 3852 1033 48183 8796 13899 39665 5850 17090 2392 6114 375 237 5987 5399
internal_value=0.00254416 -0.00281437 0.00463898 0.000956103 -0.00120391 0.00187102 -0.00360408 -0.0199563 1.27715e-05 0.00692984 0.00512326 0.003207 -0.00118326 -0.00209376 -0.00947209 -0.00479057 -0.0186138 0.00208198 0.00365985 -0.0125353 -0.000531525 0.00319135 -0.0038101 -0.00297461 -0.0160381 -0.0181235 -0.0339765 -0.0108297 -0.00838306 -0.00791205
internal_weight=465018 130697 334321 128208 119484 122490 77283 11213 89264 206113 112042 73561 29865 66115 11555 26872 5718 62392 49216 11168 54560 42201 13176 30989 9503 8506 1866 6956 6224 11188
internal_count=465018 130697 334321 128208 119484 122490 77283 11213 89264 206113 112042 73561 29865 66115 11555 26872 5718 62392 49216 11168 54560 42201 13176 30989 9503 8506 1866 6956 6224 11188
cat_boundaries=0 4 8 12 16 20 24 28 32 36 40 44 46 50 54 55 59 64 66 70 72 76 81
cat_threshold=16512 71565344 1254221824 8391360 192 67371008 134234112 8389312 874905630 2155916288 805568516 2903900430 5251076 3288770561 1145058845 44108068 0 67108864 24576 640 135323905 1348468881 3268524072 134228001 412631044 20115458 1572868106 36700464 524608 268501504 36732992 420484144 1074901088 69217553 2701418504 42127364 1049601 16 134217728 1048644 155526667 3356216386 340000769 262560 2416508944 16 35127296 268566916 2149716064 36864 2148188160 545325134 36061506 89825818 3221225734 118426660 2684453380 2097364 19632152 1208530752 556269650 2097682 1075913745 1 2151889152 16 34603008 102768641 392 12058964 1056834 1 8388612 40960 0 33554432 160432641 1931542674 2150633553 2651136 1
is_linear=0
shrinkage=0.1


Tree=13
num_leaves=31
num_cat=21
split_feature=0 9 4 9 9 0 8 0 9 0 9 8 9 8 11 8 1 8 8 9 8 6 0 8 8 9 8 4 8 11
split_gain=435.853 283.81 244.528 151.753 112.559 93.5395 81.5243 111.439 71.282 66.8658 78.3335 66.9556 63.9219 49.0443 50.4586 46.984 44.1419 41.8351 39.6382 39.6066 38.1032 37.4539 36.9779 61.6979 36.2136 35.9003 35.2147 34.3307 34.2092 33.6531
threshold=1.0000000180025095e-35 0 735.00000000000011 1 2 207.00000000000003 3 -296.99999999999994 4 165.00000000000003 5 6 7 8 9 10 -200.99999999999997 11 12 13 14 360.50000000000006 -86.999999999999986 15 16 17 18 375.00000000000006 19 20
decision_type=2 9 2 9 9 2 9 2 9 2 9 9 9 9 9 9 8 9 9 9 9 2 2 9 9 9 9 2 9 9
left_child=1 8 9 18 20 12 -6 16 -1 10 11 26 15 -9 19 -5 -8 -14 -4 -15 -3 -16 23 -10 -12 -23 -2 -24 -27 -19
right_child=2 4 3 5 6 -7 7 13 22 -11 24 -13 17 14 21 -17 -18 29 -20 -21 -22 25 27 -25 -26 28 -28 -29 -30 -31
leaf_value=-15.498648732189288 -5.254505206542551 -0.056982978648695448 -10.013220577645267 -3.4452639211889906 0.29884019062256673 8.8362303357814191 -18.113225213597893 -3.6076109397754723 -3.8763046678891673 13.617464302063647 1.1182801007324679 1.5678618071315289 -0.82494916361044113 -1.0309053857088741 -13.743191644527892 -0.8052557624522354 -6.5861275221746274 -10.999460101711033 -3.3872032304527693 0.51218898055989015 1.3226874578982206 -0.086709508492643306 1.1795551528232795 -12.017696760542762 3.5624347336391304 -2.7236598841495003 -0.88393247856184076 -3.4996936772171825 -1.0762131696046324 1.5446524016367664
leaf_weight=1268 226 17277 2164 5433 32166 32147 661 4811 2047 70848 25428 23525 13508 9630 166 18136 1084 354 3259 20877 31773 7600 1343 1722 60474 6207 11171 6439 9472 43802
leaf_count=1268 226 17277 2164 5433 32166 32147 661 4811 2047 70848 25428 23525 13508 9630 166 18136 1084 354 3259 20877 31773 7600 1343 1722 60474 6207 11171 6439 9472 43802
internal_value=0.00262545 -0.00171389 0.00478541 0.00122076 -0.000424457 0.00200282 -0.00247464 -0.00463697 -0.0159568 0.00699487 0.00556462 0.00156934 0.000196103 -0.0038982 -0.00303325 -0.00419059 -0.0295415 0.00198946 -0.0151058 -0.000351607 0.00344884 -0.006521 -0.0134582 -0.0215999 0.00718782 -0.00618626 -0.00471903 -0.00953225 -0.00891771 0.00347915
internal_weight=465018 154543 310475 118803 141724 113380 92674 60508 12819 191672 120824 34922 81233 58763 53952 23569 1745 57664 5423 30507 49050 23445 11551 3769 85902 23279 11397 7782 15679 44156
internal_count=465018 154543 310475 118803 141724 113380 92674 60508 12819 191672 120824 34922 81233 58763 53952 23569 1745 57664 5423 30507 49050 23445 11551 3769 85902 23279 11397 7782 15679 44156
cat_boundaries=0 4 8 12 16 20 25 29 33 37 39 43 47 51 55 59 63 67 72 76 80 82
cat_threshold=16512 71565344 1321330688 8391360 192 67371008 134266880 8389312 816185366 2155916808 805568516 2887123214 2148190472 545325056 134725794 73064602 0 67108864 16384 128 2281709888 289472640 1186115712 402699320 1 68173824 17862915 1170214922 34210848 135323905 1346371729 3281071160 1073756193 8192 1074176001 71303197 44040228 1582308800 16 73832 69248274 1074036744 33718532 17131043 3372993600 340066305 278688 1049665 16 134217732 9437252 1094747136 288358786 17957912 1074274304 282862084 1295045124 1428684802 215056 134217792 10485762 544 16883994 2158510084 60846088 1346931464 78644316 37815049 1260916870 16908672 289931296 2 0 32768 25165824 33554432 343932935 174609216 3793752064 1280 2147549200 16
is_linear=0
shrinkage=0.1


Tree=14
num_leaves=31
num_cat=23
split_feature=0 9 4 11 9 9 9 8 9 8 0 9 8 8 0 4 10 9 8 0 8 11 8 0 8 8 8 10 9 9
split_gain=385.496 249.354 200.22 121.755 101.315 91.1675 80.4409 84.9264 76.4882 68.1032 53.109 47.4957 44.6564 43.7429 43.7028 43.1503 42.5173 41.9046 46.6843 48.5288 39.7197 48.5636 37.7559 34.6676 33.8172 32.5564 28.9677 28.8919 28.6631 27.2497
threshold=33.000000000000007 0 735.00000000000011 1 2 3 4 5 6 7 165.00000000000003 8 9 10 243.00000000000003 465.00000000000006 11 12 13 -230.99999999999997 14 15 16 231.00000000000003 17 18 19 20 21 22
decision_type=2 9 2 9 9 9 9 9 9 9 2 9 9 9 2 2 9 9 9 2 9 9 9 2 9 9 9 9 9 9
left_child=1 8 11 6 12 9 7 -3 -1 14 24 15 -5 28 -4 -2 -10 -6 -19 25 23 -22 -18 -17 29 -20 -21 -13 -8 -7
right_child=2 3 5 4 17 10 13 -9 16 -11 -12 27 -14 -15 -16 20 22 18 19 26 21 -23 -24 -25 -26 -27 -28 -29 -30 -31
leaf_value=-12.748783858970359 2.9203287822676818 -1.3599035838079645 -5.6797693349763998 -6.6285225390241322 0.97293955316865655 -2.5000374027163632 -0.3556485009800433 0.18367920891962733 -0.59683941275126384 0.0048129917634058723 7.3701096453224331 0.95827847476400052 -2.596785560303509 1.4451885902440129 -0.91921706124822045 -2.3946701128076575 -6.1112689604957851 -7.49838205022471 -2.8673006821131803 1.1420137425808816 -6.9807302512132345 3.472076191172544 -3.3526090789467142 4.196230196877127 1.0481239342742026 -13.849466313482109 -0.83300479865631238 5.0744456342322213 0.78751725336063405 0.66280624863790283
leaf_weight=1671 20816 11110 5021 4888 11187 4381 13729 36447 4990 15779 32248 7060 8620 51221 2561 2070 3038 1685 1641 9933 1311 5754 9282 863 33846 913 16614 120316 22558 3465
leaf_count=1671 20816 11110 5021 4888 11187 4381 13729 36447 4990 15779 32248 7060 8620 51221 2561 2070 3038 1685 1641 9933 1311 5754 9282 863 33846 913 16614 120316 22558 3465
internal_value=0.0026805 -0.000498885 0.0052879 0.000590168 -0.00335352 0.00171848 0.00221025 -0.00110013 -0.0114259 -0.00372641 0.00343881 0.00748341 -0.0108833 0.00400923 -0.0115095 0.00395601 -0.00943995 -0.000928232 -0.00283283 -0.00189241 -0.00144229 0.00262191 -0.0125953 -0.0112029 0.00108222 -0.0150587 -0.000626436 0.00833577 0.0013519 -0.00482943
internal_weight=465018 209527 255491 190546 55481 97301 135065 47557 18981 23361 73940 158190 13508 87508 7582 30814 17310 41973 30786 29101 9998 7065 12320 2933 41692 2554 26547 127376 36287 7846
internal_count=465018 209527 255491 190546 55481 97301 135065 47557 18981 23361 73940 158190 13508 87508 7582 30814 17310 41973 30786 29101 9998 7065 12320 2933 41692 2554 26547 127376 36287 7846
cat_boundaries=0 4 6 11 15 20 24 28 32 36 40 44 46 50 54 58 60 64 68 72 76 77 81 85
cat_threshold=16576 71565472 1321462296 2752 1331042764 4 134381568 950108932 2097156 3159040 1 202402248 335806592 3447770120 8393440 2290656546 6409 17827266 1344897073 1 143138822 3291373568 3877640712 2164032 0 67108864 24576 128 1076954220 100663315 151035908 110231876 134230400 88145920 41979904 402658320 2219869184 2335744448 2218827795 36132 2449744389 1127766040 1967456258 1196048 562340642 1 882909246 2147507201 805568707 2684354824 2147483648 1079377921 16 100663332 134217728 16814096 8388610 524304 33026 1 301990412 237117450 4273344 42009172 18640930 3623995459 335822856 33833124 65600 10485792 19925248 4194314 1073743369 545808526 1513138560 5308624 1090593024 336723968 17301504 2149580800 152044552 55476229 3760914961 36765728 134350865
is_linear=0
shrinkage=0.1


Tree=15
num_leaves=31
num_cat=19
split_feature=0 9 10 9 4 9 0 4 9 8 8 6 11 8 8 1 8 4 9 0 9 10 11 8 0 1 0 8 11 11
split_gain=354.957 286.102 143.935 110.425 95.0168 94.9859 87.7336 81.0345 77.2559 60.5831 51.1883 46.5296 40.8429 39.796 38.3111 36.2342 35.8645 39.7821 34.4374 33.7215 33.4697 32.1874 30.7055 40.1118 28.95 32.1885 28.2929 27.8873 27.344 26.6851
threshold=135.00000000000003 0 1 2 1605.0000000000002 3 -356.99999999999994 195.00000000000003 4 5 6 360.50000000000006 7 8 9 -128.99999999999997 10 105.00000000000001 11 -74.999999999999986 12 13 14 15 -122.99999999999999 -152.99999999999997 -62.999999999999993 16 17 18
decision_type=2 9 9 9 2 9 2 2 9 9 9 2 9 9 9 8 9 2 9 2 9 9 9 9 2 8 2 9 9 9
left_child=1 5 8 21 18 -1 15 16 22 -9 12 -11 14 -13 -7 -5 17 -8 -2 29 -6 -4 27 -24 25 -12 -16 -3 -26 -18
right_child=4 2 3 6 20 10 7 9 -10 11 24 13 -14 -15 26 -17 19 -19 -20 -21 -22 -23 23 -25 28 -27 -28 -29 -30 -31
leaf_value=-11.302448288527723 -1.2557296812957692 -0.28601299436200972 -2.4520251729501776 -16.499830173571087 -5.3008197576805705 -8.2532061540982902 0.063193199060934444 0.13871223726922322 1.3494404681998953 -15.036288116055681 -13.613319641100341 -12.189009530316611 -0.73337766405501403 -1.6791999829978597 -9.1247140097046522 -4.2378278596056331 1.6401804640454145 -5.095098812914614 8.6004806253940576 1.1719384460789422 2.0120329175690399 1.1921722948030313 -1.2109157744800285 0.1638296580153778 -1.5065965584155763 -2.3995012939485156 -2.523838267344793 1.8907202569152692 0.66236239589781754 -2.7177575976077968
leaf_weight=2243 2346 6809 2018 388 3887 676 308 21021 107675 191 597 554 4329 40713 1967 407 885 208 118843 15276 10994 43787 8678 18119 14312 3132 7115 13939 12175 1426
leaf_count=2243 2346 6809 2018 388 3887 676 308 21021 107675 191 597 554 4329 40713 1967 407 885 208 118843 15276 10994 43787 8678 18119 14312 3132 7115 13939 12175 1426
internal_value=0.00268157 0.000904642 0.00210196 -0.000392163 0.00697729 -0.00635879 -0.00260275 -0.00227693 0.00414546 -0.0039839 -0.00533861 -0.00620044 -0.0103164 -0.00597402 -0.0139046 -0.0356604 0.00361432 -0.0221293 0.00790328 0.00437972 -0.000563806 0.00353487 0.00078751 -0.0014485 -0.00301528 -0.0112658 -0.0121623 0.00367473 -0.00185487 -0.00687581
internal_weight=465018 328948 282402 127182 136070 46546 81377 80582 155220 62479 44303 41458 14087 41267 9758 795 18103 516 121189 17587 14881 45805 47545 26797 30216 3729 9082 20748 26487 2311
internal_count=465018 328948 282402 127182 136070 46546 81377 80582 155220 62479 44303 41458 14087 41267 9758 795 18103 516 121189 17587 14881 45805 47545 26797 30216 3729 9082 20748 26487 2311
cat_boundaries=0 4 6 10 14 19 23 27 29 33 37 41 45 50 51 53 57 61 63 64
cat_threshold=134242496 71565473 1255275544 8395456 591142057 4 920684038 2148185600 268435456 2823684366 128 67108864 16384 128 1146717474 268634448 2217345280 2013331504 1 304132360 8979030 2200373636 16795152 291556420 234926339 8388809 109052022 68159177 11 1 67108865 0 33554436 0 32768 8388608 33554452 0 0 1077936128 67108864 2184 71565312 33554432 268435584 335577540 1646526486 3355492364 11272936 1 3221225476 1212417033 4 26345486 1346906112 186646530 147776 1209794592 2952827136 1209016320 4194304 1045733889 9 134745088
is_linear=0
shrinkage=0.1


Tree=16
num_leaves=31
num_cat=21
split_feature=0 4 0 9 9 8 11 9 9 8 8 0 8 0 9 0 8 0 9 8 10 9 4 9 0 8 8 8 9 8
split_gain=331.023 240.411 155.998 147.963 112.561 79.7285 69.7944 76.3909 64.0475 63.4471 60.4642 51.8258 50.8196 44.2773 41.0584 39.0286 48.6747 38.6637 42.5761 56.2233 37.205 38.917 33.059 28.6006 28.3474 27.0839 25.4629 24.1652 24.0799 23.1411
threshold=-20.999999999999996 435.00000000000006 243.00000000000003 0 1 2 3 4 5 6 7 -434.99999999999994 8 -164.99999999999997 9 -92.999999999999986 10 81.000000000000014 11 12 13 14 1905.0000000000002 15 -230.99999999999997 16 17 18 19 20
decision_type=2 2 2 9 9 9 9 9 9 9 9 2 9 2 9 2 9 2 9 9 9 9 2 9 2 9 9 9 9 9
left_child=4 17 3 5 12 14 8 -8 10 -6 -5 -11 -1 -14 -3 16 -13 18 19 -2 21 -10 -4 -15 -18 -22 -9 -7 -17 -30
right_child=1 2 22 6 9 27 7 26 20 11 -12 15 13 23 -16 28 24 -19 -20 -21 25 -23 -24 -25 -26 -27 -28 -29 29 -31
leaf_value=-0.86550604577048373 -1.4806780747989117 -10.821654662854673 13.335182603446151 -1.4468662426624506 0.7455482146584288 0.90955739268891023 -5.7849653428921251 -2.3668648701103829 -18.595164700898849 -13.803590073088529 0.69356169247096133 -0.71760465053686717 -11.428849746176159 -18.683659606205662 -2.5715921301984839 0.7474404362858541 -11.808665247211501 6.5876953933963449 1.5411465549506218 0.74322079963203136 0.4455068773999511 -0.70755149432832587 0.65643030389017809 -2.8312996092332074 -3.2678513186317 2.2931630471366025 0.45329076050329475 -1.583948809063868 0.098205762870650665 -0.66668479474767328
leaf_weight=6249 4202 1575 38107 10766 28912 8400 3217 5416 212 387 31364 9708 1442 388 6995 10874 773 75176 51817 8168 13934 635 6228 9589 5911 53879 18768 18671 16618 16637
leaf_count=6249 4202 1575 38107 10766 28912 8400 3217 5416 212 387 31364 9708 1442 388 6995 10874 773 75176 51817 8168 13934 635 6228 9589 5911 53879 18768 18671 16618 16637
internal_value=0.00264416 0.00410707 0.00203454 0.000684109 -0.00222183 -0.00505989 0.00216576 -0.0023527 0.00328339 -0.000785929 0.000213574 -0.00261696 -0.00951578 -0.0134841 -0.0134615 -0.00238413 -0.00655076 0.00735152 0.00554894 0.000274637 0.00516674 -0.0155543 0.00732942 -0.0111286 -0.0131102 0.0054278 -0.000424072 -0.00239614 -0.000836411 -0.00217195
internal_weight=465018 357530 218167 173832 107488 35641 138191 27401 110790 89820 42130 60908 17668 11419 8570 60521 16392 139363 64187 12370 68660 847 44335 9977 6684 67813 24184 27071 44129 33255
internal_count=465018 357530 218167 173832 107488 35641 138191 27401 110790 89820 42130 60908 17668 11419 8570 60521 16392 139363 64187 12370 68660 847 44335 9977 6684 67813 24184 27071 44129 33255
cat_boundaries=0 4 8 12 14 19 23 27 31 35 39 43 47 51 52 57 61 65 69 73 77 81
cat_threshold=135293376 73728128 1251007496 8394433 151535808 341049504 1256319497 8391360 5266536 2281738513 134352912 109609044 253003231 4 163840 536904512 2097156 4063232 1 3238039593 1392512001 2164326578 1494753336 3423125512 545327115 1224917476 5808136 1220870180 274777091 1694531610 43008036 42008900 298341668 2148828448 107658 16384 67108864 134221832 5248 37814853 2629872 2951696 8454675 2148008192 268443656 38961216 1342188592 244318214 16777224 3233808392 35668224 134226176 0 536870916 0 2097152 1 0 67108864 8192 128 3407684097 2166883338 335626241 12583168 152043521 2351587720 67108866 1386768 612893186 12730412 3223391073 2426411 280232461 3221394439 805306800 2819621130 9572610 34624644 104664064 86132243
is_linear=0
shrinkage=0.1


Tree=17
num_leaves=31
num_cat=19
split_feature=0 4 9 0 1 9 8 4 9 11 0 8 8 11 9 9 8 0 4 9 0 8 8 0 10 8 9 8 8 0
split_gain=303.847 191.27 117.277 79.9558 76.6798 72.3091 63.2369 53.9266 69.6907 79.334 53.8263 52.5846 47.0228 43.6318 44.1286 40.4152 40.2178 37.5474 36.5089 43.8149 34.1804 33.2331 31.9921 30.7641 31.4466 30.4044 30.2903 28.1372 26.0352 28.0348
threshold=27.000000000000004 735.00000000000011 0 327.00000000000006 -50.999999999999993 1 2 255.00000000000003 3 4 -128.99999999999997 5 6 7 8 9 10 -374.99999999999994 195.00000000000003 11 207.00000000000003 12 13 243.00000000000003 14 15 16 17 18 189.00000000000003
decision_type=2 2 9 2 8 9 9 2 9 9 2 9 9 9 9 9 9 2 2 9 2 9 9 2 9 9 9 9 9 2
left_child=2 7 16 5 10 11 26 -2 9 20 15 -3 23 14 -7 -4 -1 -17 -8 21 -9 -20 -12 24 -11 -15 -6 -21 29 -10
right_child=1 3 4 -5 6 13 18 8 28 12 22 -13 -14 25 -16 17 -18 -19 19 27 -22 -23 -24 -25 -26 -27 -28 -29 -30 -31
leaf_value=-5.6392972355816857 4.2014678387048763 -5.0306172121041763 -0.47641033552702139 14.997623631014363 2.5406265714963809 -8.7324661189780564 0.57116167736899759 -5.6747638871489734 0.18094625734631636 0.40999103410325993 -1.1951161252822824 -0.73742478110259946 2.4174297786481578 -0.33225183995256913 -0.80698011680301895 -13.825176712617628 -1.6554561717072944 -5.4515217035139498 -0.047969901827524676 -0.47372033842065131 2.059394388586842 -1.3373719707841065 0.068283229284057265 6.8424431620715112 -2.6324737280506927 2.1533270964006705 0.48134735600219303 0.57049600583705029 4.3397699562436483 9.3972466420109413
leaf_weight=5064 67841 6364 3037 18426 18040 1076 19297 2332 10825 2217 8076 14953 16568 13131 8872 509 15552 4892 12128 14140 1008 14624 23963 1853 2890 38429 26411 33716 51808 6976
leaf_count=5064 67841 6364 3037 18426 18040 1076 19297 2332 10825 2217 8076 14953 16568 13131 8872 509 15552 4892 12128 14140 1008 14624 23963 1853 2890 38429 26411 33716 51808 6976
internal_value=0.00264072 0.00485595 -0.000308901 0.00143712 0.000514586 0.000111682 0.00163462 0.0069626 0.00544347 0.00111541 -0.00331373 -0.00490599 0.00316425 0.00185117 -0.00420968 -0.0104195 -0.00744885 -0.015596 0.000163446 -0.00083932 -0.0132836 -0.00407966 -0.0014423 -0.00373027 -0.00774036 0.00302114 0.00474146 0.000972716 0.00711286 0.0038072
internal_weight=465018 265569 199449 101251 178833 82825 138356 164318 96477 26868 40477 21317 23528 61508 9948 8438 20616 5401 93905 74608 3340 26752 32039 6960 5107 51560 44451 47856 69609 17801
internal_count=465018 265569 199449 101251 178833 82825 138356 164318 96477 26868 40477 21317 23528 61508 9948 8438 20616 5401 93905 74608 3340 26752 32039 6960 5107 51560 44451 47856 69609 17801
cat_boundaries=0 5 9 13 17 19 23 27 29 34 38 42 46 50 54 55 59 63 67 71
cat_threshold=28864 71565536 1338108440 2752 1 135326152 1409548416 3430992904 9441985 218796040 12583238 2251584 89698314 2281701826 297861120 168919040 402666588 8397058 3 3227688 70288658 151257092 110100804 135398400 2134018 1082130442 168296464 4043848208 22 131072 536904512 131072 3014656 1 79725866 2147490836 538050978 4039147809 288358401 1241522451 138422464 42992708 3385459712 1353253136 3281216 1353211913 2181103874 419566728 1511784608 8601696 1094976064 90313168 3493861400 109268996 219152387 1096098854 4181770242 201347080 37769376 2425749506 1501594629 805699876 470835459 314646533 270265897 356515840 8603680 3011526656 687886360 1430261760 70254612
is_linear=0
shrinkage=0.1


Tree=18
num_leaves=31
num_cat=25
split_feature=0 4 9 10 9 9 10 8 4 0 8 8 11 10 6 8 8 9 11 9 8 9 9 9 9 11 9 9 9 8
split_gain=292.511 185.042 139.353 87.3403 79.423 79.1291 76.2508 83.1693 75.9313 73.5406 57.3284 49.8844 42.0217 40.5752 40.4736 39.2716 34.3236 34.2764 38.1819 75.4203 37.9086 32.2409 30.0009 28.9089 28.8749 42.1724 28.1163 27.921 25.7117 24.3339
threshold=171.00000000000003 195.00000000000003 0 1 2 3 4 5 1575.0000000000002 -38.999999999999993 6 7 8 9 617.50000000000011 10 11 12 13 14 15 16 17 18 19 20 21 22 23 24
decision_type=2 2 9 9 9 9 9 9 2 2 9 9 9 9 2 9 9 9 9 9 9 9 9 9 9 9 9 9 9 9
left_child=1 9 6 5 -5 13 -3 12 27 11 21 -1 -8 14 -4 24 -15 -12 19 -19 23 -6 -22 29 25 -11 -10 -2 -7 -20
right_child=8 2 3 4 10 28 7 -9 26 15 17 -13 -14 16 -16 -17 -18 18 20 -21 22 -23 -24 -25 -26 -27 -28 -29 -30 -31
leaf_value=-1.1167447422718322 0.56079373383413877 0.87709544435322195 -21.588771725725643 1.2588280067900861 2.1322887330096405 -1.2534017784370091 -13.103956463790292 -1.8179284900717132 -4.9783745636160912 -1.933230260592621 -1.2565592685176075 0.63308062279223032 -4.4084626133637101 -5.409438939841273 -1.9960841111065826 1.9233113718324739 -2.4616444933567774 -8.0940083231413276 -9.7918145662477922 -0.48099716955991723 1.348334771590592 0.20234594448506377 0.061676206857665061 0.065770485453331612 0.64855888672775208 0.3612390518517053 2.61746558535072 10.049308922684531 1.8093479671485015 -1.1166630880309838
leaf_weight=4664 6025 8513 193 56583 18750 9110 1505 21697 3347 1094 15071 8899 5450 2856 132 50750 8668 2226 390 7253 23060 23176 44306 15047 5298 1255 9753 91340 6994 11613
leaf_count=4664 6025 8513 193 56583 18750 9110 1505 21697 3347 1094 15071 8899 5450 2856 132 50750 8668 2226 390 7253 23060 23176 44306 15047 5298 1255 9753 91340 6994 11613
internal_value=0.0026162 0.00121626 6.34485e-05 0.000927648 0.00160402 -0.00433323 -0.00564223 -0.00811109 0.00710949 0.00574347 0.000470597 -0.000889921 -0.0176238 -0.0105329 -0.0449254 0.00728411 -0.00952488 -0.000650047 -3.36809e-06 -0.00605016 0.000604283 0.00364985 0.00187396 -0.00255728 0.00059684 -0.00860958 -3.81676e-05 0.00807118 0.000232097 -0.00621577
internal_weight=465018 354553 282593 245428 217475 27953 37165 28652 110465 71960 160892 13563 6955 11849 325 58397 11524 118966 103895 9479 94416 41926 67366 27050 7647 2349 13100 97365 16104 12003
internal_count=465018 354553 282593 245428 217475 27953 37165 28652 110465 71960 160892 13563 6955 11849 325 58397 11524 118966 103895 9479 94416 41926 67366 27050 7647 2349 13100 97365 16104 12003
cat_boundaries=0 4 6 10 14 16 20 24 28 30 32 36 40 45 47 51 55 59 63 67 71 72 76 80 85 89
cat_threshold=17326273 67436672 1247407128 276833984 3225518358 2 839123484 2291189254 805568517 2219213060 470974732 815825682 2149580868 20353065 1906682152 13 144703497 2333081690 209715328 168822084 33604872 79824068 33708160 88717323 2273574920 2603618432 201490434 68309768 34209795 2 0 2 4 4096 1077936128 4096 2517657600 1075883408 2147780608 110133252 8388608 131104 25170848 1091569664 1 2149691650 27 34048 553648400 2097152 2625536 1078206564 1629542410 2030075930 35668004 2160197634 1393041408 8520032 1628459016 2148532224 16777473 2149580866 134238210 2286944514 1348468737 2149580864 134221872 0 0 131072 48 134610952 369262980 1654652950 2281717772 145490665 26760 71565312 176160768 276824192 2181038082 1208492036 4096 1078542354 1 1073741828 1073741824 16777232 33554436
is_linear=0
shrinkage=0.1


Tree=19
num_leaves=31
num_cat=21
split_feature=0 4 0 4 8 10 9 9 8 9 8 0 10 9 10 9 9 11 9 0 8 9 11 0 8 9 11 9 2 0
split_gain=277.612 135.924 119.79 106.516 68.5974 64.3177 64.707 61.8599 51.7459 48.4345 46.137 40.1515 39.3307 36.4023 35.1764 60.8211 53.4708 38.9448 34.7348 34.2927 35.6147 34.2356 32.5733 31.6305 30.1424 36.9185 29.9716 29.6812 29.3922 36.2142
threshold=87.000000000000014 795.00000000000011 -86.999999999999986 195.00000000000003 0 1 2 3 4 5 6 249.00000000000003 7 8 9 10 11 12 13 225.00000000000003 14 15 16 -230.99999999999997 17 18 19 20 -116.99999999999999 -470.99999999999994
decision_type=2 2 2 2 9 9 9 9 9 9 9 2 9 9 9 9 9 9 9 2 9 9 9 2 9 9 9 9 8 2
left_child=2 18 4 10 28 6 -3 12 -9 -6 27 13 -5 -7 15 -10 22 21 19 20 26 -18 -16 -11 25 -19 -2 -4 29 -1
right_child=1 5 3 7 9 11 -8 8 14 23 -12 -13 -14 -15 16 -17 17 24 -20 -21 -22 -23 -24 -25 -26 -27 -28 -29 -30 -31
leaf_value=-16.278417902759497 -3.5068929878098185 -7.278655376528409 -0.36821274729539827 -6.0325445773999808 -8.8258168725424682 -1.6505685230216329 -0.089906562336797752 1.3103895147338296 -0.17450326940603889 -9.5712504485526377 1.3537512836679602 9.9483423080670867 -0.71319221711933101 2.2004899169049166 -9.7672173296033282 1.5132983085460823 -2.8459078154960484 -1.1723595720031339 6.1731850174993621 9.4511327951790829 1.9504840228566609 0.03931886114409338 -1.0130191575672212 -1.9015911099496223 1.1754959437139063 0.64202138265672692 0.013374095425286026 0.78654898736935586 0.23147310681566183 -3.093199993542596
leaf_weight=215 1658 3553 6370 3226 1437 8057 11409 31135 27861 1505 38622 18396 24741 20919 545 26500 7376 7987 87933 13597 12006 9869 20858 13061 27925 11031 4110 5516 15841 1759
leaf_count=215 1658 3553 6370 3226 1437 8057 11409 31135 27861 1505 38622 18396 24741 20919 545 26500 7376 7987 87933 13597 12006 9869 20858 13061 27925 11031 4110 5516 15841 1759
internal_value=0.00258781 0.00563968 0.000631661 0.00138851 -0.00495357 0.00185517 -0.0038592 0.000347846 0.00106063 -0.00970274 0.00548982 0.00366004 -0.00401151 0.00134111 0.000240208 0.00222931 -0.00102324 0.000420263 0.00761701 0.00475479 0.00186452 -0.00364242 -0.00535049 -0.00796103 0.00191319 -0.00115724 -0.00458982 3.86688e-05 -0.000681627 -0.0121884
internal_weight=465018 181638 283380 249562 33818 62334 14962 199054 171087 16003 50508 47372 27967 28976 139952 54361 85591 64188 119304 31371 17774 17245 21403 14566 46943 19018 5768 11886 17815 1974
internal_count=465018 181638 283380 249562 33818 62334 14962 199054 171087 16003 50508 47372 27967 28976 139952 54361 85591 64188 119304 31371 17774 17245 21403 14566 46943 19018 5768 11886 17815 1974
cat_boundaries=0 4 6 10 15 19 23 27 29 33 35 39 43 45 49 53 57 58 62 66 67 71
cat_threshold=1208549453 547881122 20284228 4194843 3510870292 6 1229070 369107538 134217792 20844649 17387968 67371232 1271976960 10496641 1 2130184 8454182 2150060004 84455435 16386 33554432 1209100288 67109056 268435460 16781312 1212153858 4096 2147618952 2 139618497 1145438336 159500328 8399554 688664585 8 235962880 1651188496 2097152 671911986 2214592544 159584280 360 286278760 2687053344 26 3892339074 88293376 1250007041 402658516 540672 17862656 1082130442 103301184 173178884 807961348 2149711876 823296 2 235688449 3528089352 1409323016 1049152 276866052 537929985 133250 1611235344 4335426 134250496 16777216 131136 150994992
is_linear=0
shrinkage=0.1


Tree=20
num_leaves=31
num_cat=23
split_feature=0 4 10 9 0 9 4 8 9 8 9 10 8 11 9 9 8 4 8 9 11 10 8 11 9 9 8 9 4 0
split_gain=258.547 159.35 101.381 107.78 78.236 71.1085 68.5984 65.8987 54.7347 53.0154 50.476 45.2391 38.7069 31.7377 30.9904 30.2685 44.8055 32.009 61.4699 26.9416 24.1119 23.7709 35.4805 23.8482 30.308 23.4822 22.996 22.9194 22.8858 28.6096
threshold=189.00000000000003 195.00000000000003 0 1 -8.9999999999999982 2 1005.0000000000001 3 4 5 6 7 8 9 10 11 12 105.00000000000001 13 14 15 16 17 18 19 20 21 22 285.00000000000006 -128.99999999999997
decision_type=2 2 9 9 2 9 2 9 9 9 9 9 9 9 9 9 9 2 9 9 9 9 9 9 9 9 9 9 2 2
left_child=1 4 5 7 9 26 27 -4 28 -1 13 14 19 -5 -8 16 17 -6 -19 -12 -7 22 -14 24 -23 -13 -3 -2 29 -9
right_child=6 2 3 10 15 20 11 8 -10 -11 12 25 21 -15 -16 -17 -18 18 -20 -21 -22 23 -24 -25 -26 -27 -28 -29 -30 -31
leaf_value=-0.50264762237357274 -2.1635301752206306 -1.1331364630466991 -0.073632632512469237 -0.43453305561939715 -0.064620561283125252 0.11278145450918253 -9.4041721393909352 -12.243552278864438 -2.1369015789702313 0.59804204804949623 -3.6090588705077091 -1.6656995761770699 -7.1502679969732403 1.7637461096106521 -0.97661960396256653 2.2973506106502817 1.132150560937015 -0.70397358420567724 -5.3512306580279159 -0.85437155518268093 1.1214751555075397 -7.632453496566491 -0.86381492258521897 0.21250281040956201 -0.53445910656884554 6.664781817556932 0.04420343140568548 10.410049541923057 -10.464453527339117 0.93251533318904323
leaf_weight=7311 654 9744 13903 10378 753 18146 1211 75 22480 17179 5343 3189 1115 28490 5724 44168 4270 501 161 11184 71746 1405 3715 58322 3072 16477 28222 72238 3202 640
leaf_count=7311 654 9744 13903 10378 753 18146 1211 75 22480 17179 5343 3189 1115 28490 5724 44168 4270 501 161 11184 71746 1405 3715 58322 3072 16477 28222 72238 3202 640
internal_value=0.00257169 0.0013415 0.000286488 -0.00136444 0.00547368 0.00239528 0.00709125 -0.00585215 -0.00878668 0.000845243 0.000105987 0.00274463 -0.00127058 0.00308606 -0.00419726 0.00774738 0.000869184 -0.0144912 -0.0306344 -0.00560743 0.00392783 -0.000210086 -0.00696281 0.000310306 -0.00671495 0.00519211 -0.00123341 0.0086775 -0.0196919 -0.00356643
internal_weight=465018 365525 291182 163324 74343 127858 99493 40300 26397 24490 123024 26601 84156 38868 6935 49853 5685 1415 662 16527 89892 67629 4830 62799 4477 19666 37966 72892 3917 715
internal_count=465018 365525 291182 163324 74343 127858 99493 40300 26397 24490 123024 26601 84156 38868 6935 49853 5685 1415 662 16527 89892 67629 4830 62799 4477 19666 37966 72892 3917 715
cat_boundaries=0 2 6 10 14 18 22 27 29 33 35 40 44 47 50 54 55 57 61 63 68 72 76 79
cat_threshold=599537833 4 2164801761 1300300032 1241573388 9447105 1208541440 306448624 1290338304 136843280 9026 13242533 54727712 10833544 128 83886080 134217736 1024 277086208 455086080 1140981762 67260936 912261652 581126 813695234 2823192832 2 3494093076 6 139542560 3288394757 759169052 100761892 2499885568 24 268615692 109060162 134217792 152830001 1 2281701376 16 131072 48 4 0 1077936128 4 0 4194304 1081600 807534593 2147684384 268439568 33555240 3221225732 2 369107968 2097280 3223324673 19925057 2418057216 11 33792 536871104 3276800 2625536 1 25176256 1076101124 2306918408 8389248 1213235204 1344280832 77858 79746064 0 71303168 33554432
is_linear=0
shrinkage=0.1


Tree=21
num_leaves=31
num_cat=21
split_feature=0 4 0 9 1 9 11 8 9 8 8 8 9 8 8 9 8 0 10 4 8 9 4 8 0 11 0 10 9 9
split_gain=259.002 201.355 104.364 81.8444 67.939 53.374 53.1712 63.2692 49.5271 45.6445 44.2331 41.8486 36.0975 33.2427 33.215 31.2801 43.5093 32.8514 29.0675 29.94 27.1314 25.506 25.1643 24.8443 26.6245 23.689 18.9932 18.8921 24.5122 18.8873
threshold=15.000000000000002 465.00000000000006 291.00000000000006 0 -56.999999999999993 1 2 3 4 5 6 7 8 9 10 11 12 93.000000000000014 13 285.00000000000006 14 15 2415.0000000000005 16 -218.99999999999997 17 243.00000000000003 18 19 20
decision_type=2 2 2 9 8 9 9 9 9 9 9 9 9 9 9 9 9 2 9 2 9 9 2 9 2 9 2 9 9 9
left_child=4 15 3 10 5 14 7 -5 13 21 -3 -8 -13 25 -1 16 17 -2 19 -18 -21 -10 -4 -7 -25 -6 -22 28 -14 -11
right_child=1 2 22 6 8 23 11 -9 9 29 -12 12 27 -15 -16 -17 18 -19 -20 20 26 -23 -24 24 -26 -27 -28 -29 -30 -31
leaf_value=-6.1331950458106865 -2.7710417875359923 -3.2568125379023893 12.998363891194652 -5.2888950338204426 0.85268618988421574 0.47468075832266199 3.550988875938248 0.064906521092795197 -1.110627726124934 -1.6954263214045093 -0.79971831754665623 -0.19392050646385073 -17.788243330741803 1.2836467008804449 -1.473943949141624 3.3114090447386775 1.9044563975709545 -0.13626601254737414 2.4824437043412129 1.2416029777761839 -3.1241463742821574 -0.27980092648408589 -0.92437484381955015 -6.9858999833105759 -0.53018861826651564 -0.52586162640889866 3.2928714967720105 1.8236348369277424 -0.64217789368999079 0.19039150576610014
leaf_weight=4068 660 5407 29425 3650 5805 9580 16531 18398 9761 4895 22666 26984 134 25732 6712 79577 8432 1533 27847 1797 2419 14436 3320 1831 18015 9184 665 37315 430 67809
leaf_count=4068 660 5407 29425 3650 5805 9580 16531 18398 9761 4895 22666 26984 134 25732 6712 79577 8432 1533 27847 1797 2419 14436 3320 1831 18015 9184 665 37315 430 67809
internal_value=0.0025205 0.00437759 0.00208694 0.000829183 -0.000478664 -0.00409491 0.00212872 -0.00222686 0.000577815 -0.000652041 -0.00395862 0.00330868 0.00216315 0.00350372 -0.0101112 0.00743838 0.00527247 -0.00842941 0.00600437 0.00215642 -0.00407498 -0.00441319 0.00713849 -0.0018868 -0.00390512 -0.000240682 -0.0097479 0.00415398 -0.0138676 0.00060016
internal_weight=465018 287190 164260 131515 177828 40206 103442 22048 137622 96901 28073 81394 64863 40721 10780 122930 43353 2193 41160 13313 4881 24197 32745 29426 19846 14989 3084 37879 564 72704
internal_count=465018 287190 164260 131515 177828 40206 103442 22048 137622 96901 28073 81394 64863 40721 10780 122930 43353 2193 41160 13313 4881 24197 32745 29426 19846 14989 3084 37879 564 72704
cat_boundaries=0 4 9 11 15 20 24 28 32 36 40 44 48 52 54 58 62 66 68 69 74 78
cat_threshold=135293378 340000896 1250019384 8394433 135020544 639697408 3390077537 17445568 1 4031461888 27 1236992 69235072 2 68614416 278331412 1073775616 839125284 2903675146 2 322249733 1159734033 624952448 10488097 2113576 38160 1207971844 109608980 67141890 373293380 2150509504 86614042 2164262441 1092688145 2231370178 1494229018 2421162060 50515985 2098728962 9524256 2148533248 76022080 1210057680 120670333 2819113360 329318416 173248512 1342229616 67108868 0 1082130432 169869312 3762502416 12 436216066 84 131072 68158480 2236121096 352457585 3384807424 13125761 2474640387 537182539 621076868 68157578 1162948996 1 134226176 0 536870912 0 2097152 1 1075856608 73138344 229506 1082131008
is_linear=0
shrinkage=0.1


Tree=22
num_leaves=31
num_cat=19
split_feature=0 4 9 0 0 8 8 11 4 11 9 9 9 9 0 4 8 8 9 8 11 8 2 0 0 9 8 10 8 6
split_gain=239.552 152.81 71.159 61.9216 49.6436 53.4354 45.4223 41.3866 40.9185 60.3036 73.9106 39.2355 39.0686 38.4814 38.3319 35.3593 36.2319 34.9153 32.4556 30.3047 30.0807 30.0147 28.1518 35.2819 27.7508 25.5631 26.0594 25.3621 33.4856 24.4698
threshold=57.000000000000007 735.00000000000011 0 363.00000000000006 -110.99999999999999 1 2 3 285.00000000000006 4 5 6 7 8 285.00000000000006 135.00000000000003 9 10 11 12 13 14 1.0000000180025095e-35 -470.99999999999994 303.00000000000006 15 16 17 18 846.50000000000011
decision_type=2 2 9 2 2 9 9 9 2 9 9 9 9 9 2 2 9 9 9 9 9 9 8 2 2 9 9 9 9 2
left_child=2 8 7 6 5 -4 -3 21 -2 10 14 -6 19 -8 17 -13 18 -10 -17 24 29 -1 23 -7 -11 26 -18 28 -22 -15
right_child=1 3 4 -5 11 22 13 -9 9 12 -12 15 -14 20 -16 16 25 -19 -20 -21 27 -23 -24 -25 -26 -27 -28 -29 -30 -31
leaf_value=0.1928001735417425 3.9195448193784501 -3.1749698149691565 -7.11436899633539 14.147243703920948 -13.231111425492564 -11.899327124300171 -1.0836759544150067 0.048781916393216496 1.1954320557762974 -1.6960888515849177 3.1900675080951277 0.88995250768032652 4.3290298422875209 -17.366475205381995 5.626739274658477 -5.68509621977379 -0.93959225718733785 -5.0002970557777875 -0.55278108352693101 1.8253346887973323 -10.040744388410578 1.7231853243689217 0.36874717826644021 -2.110104790467707 7.4894516267328441 0.36671476786171187 0.046635171482719132 2.5681844415853816 0.17359034439234386 8.0765144974010976
leaf_weight=12465 60989 6789 4688 15581 893 347 17568 33864 1318 2805 10049 11685 45298 190 1847 107 13391 4391 34910 8255 484 27542 8398 7301 935 64570 25740 29593 12910 115
leaf_count=12465 60989 6789 4688 15581 893 347 17568 33864 1318 2805 10049 11685 45298 190 1847 107 13391 4391 34910 8255 484 27542 8398 7301 935 64570 25740 29593 12910 115
internal_value=0.00251384 0.00491824 0.000371329 0.00154391 -0.000743431 -0.0053323 0.000234889 0.00296707 0.006985 0.0054191 0.000298042 -0.000114609 0.00699143 0.00110071 -0.00716891 1.01724e-05 -0.000434839 -0.0112296 -0.00321552 0.0019117 0.00270242 0.00514456 -0.00258097 -0.00697176 -0.00554667 0.000504383 -0.00151222 0.00292741 -0.000683378 -0.0280952
internal_weight=465018 219117 245901 83230 172030 20734 67649 73871 135887 74898 17605 151296 57293 60860 7556 150403 138718 5709 35017 11995 43292 40007 16046 7648 3740 103701 39131 42987 13394 305
internal_count=465018 219117 245901 83230 172030 20734 67649 73871 135887 74898 17605 151296 57293 60860 7556 150403 138718 5709 35017 11995 43292 40007 16046 7648 3740 103701 39131 42987 13394 305
cat_boundaries=0 4 8 12 14 16 21 25 30 34 38 42 45 49 50 54 59 63 65 69
cat_threshold=816185364 3893412864 805568544 2903933194 2417009666 101851137 1107591345 87049572 1073831968 3221258242 402669568 46399620 391294292 7 2162305794 18 2281865218 696320256 35749892 934912 1 128 67108864 0 128 134242754 272629760 176230400 402667614 1 134244421 71696532 1233188936 142607043 40963077 3307872257 222298141 41945380 134480384 4244 1073872896 1638912 0 16777216 4096 135282688 36864 142606338 169345044 2147483648 281288708 2315393664 3829928962 42028036 134801472 38019552 1111674048 1075849729 1 419430912 437262354 3791650816 87552 3640894724 2 131076 67117440 32769 67299328
is_linear=0
shrinkage=0.1


Tree=23
num_leaves=31
num_cat=23
split_feature=0 4 4 10 9 9 10 8 9 8 8 9 8 9 11 9 11 9 0 9 8 0 9 4 0 9 9 10 11 8
split_gain=232.09 104.677 98.8534 61.2635 64.6004 48.1316 47.2071 45.3914 40.7319 38.6767 38.4509 38.295 36.242 36.4301 32.0454 31.999 28.4394 28.0375 27.7478 27.7162 27.4973 29.5347 27.0045 64.9506 26.3668 25.1121 22.4464 21.8702 21.2251 20.4493
threshold=123.00000000000001 1005.0000000000001 195.00000000000003 0 1 2 3 4 5 6 7 8 9 10 11 12 13 14 -26.999999999999996 15 16 267.00000000000006 17 105.00000000000001 15.000000000000002 18 19 20 21 22
decision_type=2 2 2 9 9 9 9 9 9 9 9 9 9 9 9 9 9 9 2 9 9 2 9 2 2 9 9 9 9 9
left_child=2 8 7 5 10 29 9 11 20 -3 15 16 25 -14 17 -5 22 -7 -9 -8 21 -2 -1 -24 -13 -6 -25 -10 -21 -4
right_child=1 6 3 4 12 14 19 18 27 -11 -12 24 13 -15 -16 -17 -18 -19 -20 28 -22 -23 23 26 -26 -27 -28 -29 -30 -31
leaf_value=-0.3437052480130065 -1.6694704355323358 -7.7392284512929255 0.42693475783027113 -10.98445178938138 -1.9124464003444333 -1.1151914261147422 -1.0663495145457116 0.33717313427284834 1.4490727951279299 -0.57917152047747222 -1.0372779694813687 -0.010555378173163633 1.6710525516006756 -0.093222667448640842 1.1294680405046698 -2.1204662736076787 -0.045611247446155412 0.56665840444523763 1.6834016319014293 -9.920866801535956 3.7838688754614007 3.2936540301433812 -0.36952485547136765 -1.9414255242079645 1.5044116125369276 -0.16796819389658846 -4.8961571076239707 6.1931626261761608 4.313228259908314 -0.3903501167306328
leaf_weight=1330 3853 2699 11098 1624 12250 6042 7490 11638 6052 7259 24099 9056 21221 62750 49422 6149 4850 12727 27438 470 5393 2769 685 175 8693 16477 252 89100 21024 30933
leaf_count=1330 3853 2699 11098 1624 12250 6042 7490 11638 6052 7259 24099 9056 21221 62750 49422 6149 4850 12727 27438 470 5393 2769 685 175 8693 16477 252 89100 21024 30933
internal_value=0.0024704 0.00577097 0.000958236 7.5042e-05 -0.00127888 0.00185082 0.0013307 0.00446793 0.00738446 -0.00460674 -0.00525312 0.00114207 -0.000154558 0.000894369 0.0034913 -0.0113671 -0.00495481 -2.71576e-05 0.00659725 0.00337104 0.00189189 -0.00242461 -0.0137357 -0.025205 0.00364829 -0.00321989 -0.0560422 0.00807696 0.00519624 -0.000810875
internal_weight=465018 146109 318909 254792 144570 110222 38942 64117 107167 9958 31872 25041 112698 83971 68191 7773 7292 18769 39076 28984 12015 6622 2442 1112 17749 28727 427 95152 21494 42031
internal_count=465018 146109 318909 254792 144570 110222 38942 64117 107167 9958 31872 25041 112698 83971 68191 7773 7292 18769 39076 28984 12015 6622 2442 1112 17749 28727 427 95152 21494 42031
cat_boundaries=0 2 7 12 14 18 22 26 30 34 38 43 44 48 49 53 57 61 65 69 72 73 74 78
cat_threshold=566048809 4 2164801761 1166016512 1246815304 26239617 1 1225302276 306520512 1220083712 136843288 1 3510870292 6 2499805196 186781696 1816264802 67113480 134242432 71303296 176236544 268440576 310469670 606101632 687964160 114599940 2162199561 70258960 209715328 16789508 134218496 25165824 2147614784 134227120 140066820 3322033472 106958872 101746788 536871452 185860 813695264 2823061776 2 262920 0 83886080 167772168 8192 134621448 131072 16777216 64 17843200 17836225 1348731028 2306983944 1086335680 0 87068689 545259552 235536404 768 0 64 134217760 9601280 170066693 2164267040 1349420152 134217728 0 131072 1342251280 2684358660 2215149828 2702296150 639008768 591936
is_linear=0
shrinkage=0.1


Tree=24
num_leaves=31
num_cat=20
split_feature=0 4 11 9 8 0 4 9 8 8 9 9 8 4 9 9 10 8 9 10 5 9 8 6 5 8 4 8 4 9
split_gain=230.66 133.286 64.9011 104.269 69.1649 64.443 60.0769 50.9689 42.714 40.6944 45.0788 36.4252 43.3568 46.7185 35.7878 34.1274 31.5336 42.6099 32.5986 24.9782 27.7403 25.5965 24.8412 27.4461 24.1088 21.9177 20.9045 20.1345 19.7915 21.5731
threshold=213.00000000000003 195.00000000000003 0 1 2 -1.0000000180025095e-35 1095.0000000000002 3 4 5 6 7 8 105.00000000000001 9 10 11 12 13 14 10.500000000000002 15 16 411.50000000000006 5.5000000000000009 17 615.00000000000011 18 75.000000000000014 19
decision_type=2 2 9 9 9 2 2 9 9 9 9 9 9 2 9 9 9 9 9 9 2 9 9 2 2 9 2 9 2 9
left_child=1 5 3 4 19 8 -2 25 28 10 -9 12 13 -7 -11 -8 22 -18 -19 20 21 -3 23 -5 -23 -4 -20 -16 -1 -30
right_child=6 2 7 16 -6 11 15 9 -10 14 -12 -13 -14 -15 27 -17 17 18 26 -21 -22 24 -24 -25 -26 -27 -28 -29 29 -31
leaf_value=1.7533918643636586 9.8832355487883081 -14.189225721544766 0.24796929874328344 -13.44304928643008 -1.5995505223447148 -0.10799882817067896 -3.7463957458945467 2.0706113869564797 0.67711384196623647 0.16359553697607787 0.12889396194504166 1.8768642709240044 0.52843547822257564 -3.4855534945599631 -0.15067505347621657 4.6836609682566435 -2.8450301768911608 2.0117040408820679 0.52816015309764885 -2.2687118207774581 -5.9168498675747871 -10.868202406530118 0.93123086297248059 -1.9509519627057015 -6.628377815607549 1.8831573054406023 -1.7790064523436009 -1.0536103076038998 -0.77472874366883648 -0.081385781382019518
leaf_weight=1920 65457 510 14871 84 15189 675 4931 17907 14227 71777 28993 44839 4338 303 19203 16568 10694 10151 8710 2282 3007 52 29493 2137 962 29609 17123 18249 4617 6140
leaf_count=1920 65457 510 14871 84 15189 675 4931 17907 14227 71777 28993 44839 4338 303 19203 16568 10694 10151 8710 2282 3007 52 29493 2137 962 29609 17123 18249 4617 6140
internal_value=0.00242588 0.00135777 0.000407737 -0.00166786 -0.00774941 0.00506871 0.00706978 0.00144647 0.00112028 0.000595559 0.00305905 0.00718672 -0.000645888 -0.0195547 -0.00046238 0.00248337 3.97953e-05 -0.00161326 3.44506e-05 -0.0161175 -0.0204338 -0.0314698 0.00247258 -0.00770506 -0.021543 0.00443246 -0.00185234 -0.00296781 -0.00310002 -0.00477178
internal_weight=465018 378062 301003 100394 22002 77059 86956 200609 26904 156129 46900 50155 5316 978 109229 21499 78392 46678 35984 6813 4531 1524 31714 2221 1014 44480 25833 37452 12677 10757
internal_count=465018 378062 301003 100394 22002 77059 86956 200609 26904 156129 46900 50155 5316 978 109229 21499 78392 46678 35984 6813 4531 1524 31714 2221 1014 44480 25833 37452 12677 10757
cat_boundaries=0 2 7 11 15 19 23 27 31 34 39 43 45 49 53 55 59 63 67 71 75
cat_threshold=2963842674 27 134381760 1015120640 171458564 11945616 1 3288396800 2167431312 209780742 151056660 40109569 985169934 2418016512 1413649024 2542010376 2602569856 1812103170 67261192 2147517697 134613444 21401632 652952 335675396 66096 100426 18154512 134218496 16 131072 48 0 0 1077936128 2551349508 2168665600 139591684 671892494 1 377489869 1411645446 2306918408 8422056 942226177 12 370147878 3241296900 2757984258 33566820 6321168 2164284564 830603746 2684881153 5375816 6 134217728 536871680 134217732 3145728 2147618848 1574912 201326624 131328 147968 1073879432 1027641344 479376 369500676 129508376 201393152 8390752 152076547 151003136 64 218129552
is_linear=0
shrinkage=0.1


Tree=25
num_leaves=31
num_cat=19
split_feature=0 4 0 1 10 9 9 8 8 4 8 9 8 9 0 9 9 8 4 8 0 9 8 4 0 11 11 9 9 6
split_gain=213.857 139.587 67.3924 66.0999 52.9373 78.404 52.5959 48.2612 44.806 41.3609 38.8267 38.1994 31.3435 31.3026 28.7975 27.8525 27.1417 34.6128 40.8604 26.3338 25.7474 21.7951 20.047 19.4716 22.2083 18.6003 18.3464 18.1875 17.8873 17.8344
threshold=261.00000000000006 195.00000000000003 15.000000000000002 -38.999999999999993 0 1 2 3 4 1605.0000000000002 5 6 7 8 93.000000000000014 9 10 11 105.00000000000001 12 -110.99999999999999 13 14 75.000000000000014 -56.999999999999993 15 16 17 18 1203.5000000000002
decision_type=2 2 2 8 9 9 9 9 9 2 9 9 9 9 2 9 9 9 2 9 2 9 9 2 2 9 9 9 9 2
left_child=1 2 10 8 5 11 19 -8 13 -2 23 29 -7 -3 -9 -10 17 18 -4 -6 27 22 -16 -1 -25 -23 -13 -17 -26 -5
right_child=9 3 16 4 6 12 7 14 15 -11 -12 26 -14 -15 21 20 -18 -19 -20 -21 -22 25 -24 24 28 -27 -28 -29 -30 -31
leaf_value=1.6464963349622292 12.048943253676187 -4.7386233378916982 -0.13211956469590547 -15.352028077368832 0.59377058161718155 -2.0902693624421471 1.5586285120836074 0.14024870563109681 1.2747711514155271 0.64121784568921125 0.73821392424640442 -4.8807982133136179 0.78913548590745064 -0.70698684584381499 -1.2588142455167521 -7.2740358004591572 2.2204978189181936 0.60319105288906205 -4.5026339923832559 -1.0047827130276858 -0.26861648209721856 -6.2051821693896319 1.2333845254118652 -1.2641040024042089 -0.37928494988718103 2.7246876753825 -1.1346594096624276 -2.2054848079544436 0.17490556229194426 6.6038501690502986
leaf_weight=2415 59443 4796 543 675 12091 6380 38103 104834 9015 7806 18060 4281 17803 6983 4664 2032 42166 4440 138 25520 30874 594 10007 2193 5518 30412 3353 3829 5954 96
leaf_count=2415 59443 4796 543 675 12091 6380 38103 104834 9015 7806 18060 4281 17803 6983 4664 2032 42166 4440 138 25520 30874 594 10007 2193 5518 30412 3353 3829 5954 96
internal_value=0.0023532 0.00147143 0.00516377 0.000521019 0.00120253 -0.00256519 0.00174531 0.0024262 -0.00254498 0.00756874 0.00177797 -0.0108794 0.000327781 -0.00804224 0.0016211 -0.00112762 0.00760822 0.000723056 -0.0201013 -0.00166901 -0.00234998 0.00371675 0.000538792 -0.00179615 -0.00326015 0.0052186 -0.00870748 -0.00842689 -0.00149756 -0.0319974
internal_weight=465018 397769 81427 316342 258813 32588 226225 188614 57529 67249 34140 8405 24183 11779 150511 45750 47287 5121 681 37611 36735 45677 14671 16080 13665 31006 7634 5861 11472 771
internal_count=465018 397769 81427 316342 258813 32588 226225 188614 57529 67249 34140 8405 24183 11779 150511 45750 47287 5121 681 37611 36735 45677 14671 16080 13665 31006 7634 5861 11472 771
cat_boundaries=0 2 6 10 14 18 22 26 30 35 39 43 46 50 54 58 60 61 66 70
cat_threshold=3489857812 3 2433908993 1956651840 1211236420 19279904 1207990504 71630880 1234799624 1082134144 100696064 71304260 36080613 21541515 88122145 201990400 2162170368 34178149 2508455948 455086208 1812070402 67261192 1048576 337641472 134217728 2101248 378028036 3239077008 2768339009 17078624 303055873 2062025264 167854080 268482050 1 1343489068 135810308 805732610 3967860992 134218496 16 131072 48 0 0 1073741824 3791664448 1090651204 1107518624 19989096 29425921 285343940 2248176034 420581458 1096089672 2164441091 420487178 34619392 2147487744 20 134227456 2302689281 1644331010 1208050180 135362 1 2365620481 151003152 64 134242352
is_linear=0
shrinkage=0.1


Tree=26
num_leaves=31
num_cat=21
split_feature=0 4 0 9 2 0 8 9 11 9 9 9 8 11 9 8 0 11 8 9 9 8 6 9 4 8 10 8 4 10
split_gain=194.918 165.167 88.0655 61.6064 46.4456 39.7662 38.5238 37.8495 33.858 33.8462 33.6367 32.8198 32.3961 30.4963 30.1618 34.9277 31.5003 30.3936 25.7458 25.5473 24.5825 24.2898 23.9462 23.6615 27.5776 23.4159 21.7084 30.3453 19.9624 19.0043
threshold=39.000000000000007 465.00000000000006 345.00000000000006 0 -56.999999999999993 -470.99999999999994 1 2 3 4 5 6 7 8 9 10 141.00000000000003 11 12 13 14 15 813.50000000000011 16 315.00000000000006 17 18 19 2955.0000000000005 20
decision_type=2 2 2 9 8 2 9 9 9 9 9 9 9 9 9 9 2 9 9 9 9 9 2 9 2 9 9 9 2 9
left_child=4 14 3 12 5 -1 9 8 -6 -5 -7 -8 -3 22 15 16 -2 23 20 -20 -9 -10 -13 24 -16 -12 27 -15 -4 -21
right_child=1 2 28 6 7 10 11 18 21 -11 25 13 -14 26 17 -17 -18 -19 19 29 -22 -23 -24 -25 -26 -27 -28 -29 -30 -31
leaf_value=-13.594559068170959 -1.4387286355880262 -2.2377902299122883 14.482758961746406 1.5173538040096697 1.275924077884758 -1.7115351044613356 0.18370468028263334 1.2634982927924212 -0.94800867089676621 -1.8051438075712569 -1.1261051177799153 -15.652320370021762 -0.49254429646869852 -6.9507024834090787 1.4460131708975665 1.2776062376876758 0.093631273505257379 3.0936626705011463 -1.2568559103092432 -0.78780718305854824 -0.040590638236096079 0.3854239802863586 -1.5609771260566117 3.499612160704328 -2.2649403110441821 0.17857385314595009 3.0346682978784831 1.5063815903728177 -2.9159960552563207 0.070827490705200807
leaf_weight=330 744 8475 23473 8211 25260 9893 28091 15107 4604 11436 7901 186 18277 760 9887 13211 1199 66170 12141 17924 16327 17320 318 11313 3253 20529 31107 7803 1750 72018
leaf_count=330 744 8475 23473 8211 25260 9893 28091 15107 4604 11436 7901 186 18277 760 9887 13211 1199 66170 12141 17924 16327 17320 318 11313 3253 20529 31107 7803 1750 72018
internal_value=0.00230223 0.00423684 0.0019821 0.00080531 0.00013558 -0.00301063 0.00208389 0.000808574 0.00324279 -0.00181767 -0.00271299 0.00320688 -0.00339586 0.00504031 0.00721868 0.0030823 -0.00940604 0.00790915 -5.18992e-05 -0.000822485 0.00245007 0.000366555 -0.0191829 0.00489024 0.002 -0.000963431 0.00535282 0.000890004 0.0073318 -0.000241017
internal_weight=465018 245664 139887 114664 219354 38653 87912 180701 47184 19647 38323 68265 26752 40174 105777 15154 1943 90623 133517 102083 31434 21924 504 24453 13140 28430 39670 8563 25223 89942
internal_count=465018 245664 139887 114664 219354 38653 87912 180701 47184 19647 38323 68265 26752 40174 105777 15154 1943 90623 133517 102083 31434 21924 504 24453 13140 28430 39670 8563 25223 89942
cat_boundaries=0 4 8 13 15 20 25 29 33 34 38 42 44 48 53 57 61 66 70 72 76 78
cat_threshold=2282776776 71565460 1250020360 8394433 1091133984 3238251522 486588424 47448324 882245652 1073906693 805568808 2232586506 2 1431905604 3 878968886 143301632 285212802 743456802 3 210915588 269037569 1246806088 84019840 2 1091076131 430057472 2165321750 1209067526 2179112 136354067 1233391620 109744212 2147483648 16768 301989904 173248512 1879051376 67108868 0 1082130432 35651584 2149726978 20 1073792002 8454148 269900226 7983786 2147550432 67371112 1140980224 1350575808 1 2147485217 698351616 9523778 1343055377 2147500547 2248159496 505806850 68260992 2283438083 159457536 2097156 1982464 1 340828166 1078075664 1147150353 42151716 3356177670 2 131072 67117440 536870913 67172352 3525323732 2
is_linear=0
shrinkage=0.1


Tree=27
num_leaves=31
num_cat=22
split_feature=0 4 4 9 0 10 9 8 9 0 8 8 9 9 9 8 4 9 8 8 8 0 9 8 8 10 11 4 11 10
split_gain=195.604 101.359 84.5369 46.177 44.3321 41.1154 75.8328 38.7729 38.3677 37.9817 34.7196 33.6915 33.24 32.2268 30.1116 30.0237 34.1576 28.1082 27.3145 26.9624 24.9532 25.9848 24.9249 24.1072 22.8498 21.9723 19.8032 21.2282 18.8928 18.4507
threshold=141.00000000000003 765.00000000000011 165.00000000000003 0 399.00000000000006 1 2 3 4 -38.999999999999993 5 6 7 8 9 10 225.00000000000003 11 12 13 14 321.00000000000006 15 16 17 18 19 105.00000000000001 20 21
decision_type=2 2 2 9 2 9 9 9 9 2 9 9 9 9 9 9 2 9 9 9 9 2 9 9 9 9 9 2 9 9
left_child=2 17 9 11 8 6 10 12 18 19 -5 -4 -7 24 23 16 22 20 -3 -1 21 -2 -8 -9 -11 -10 27 -26 -16 -19
right_child=1 4 3 5 -6 7 15 14 25 13 -12 -13 -14 -15 28 -17 -18 29 -20 -21 -22 -23 -24 -25 26 -27 -28 -29 -30 -31
leaf_value=0.57521491376035372 -1.864084893689542 -4.1346355061541455 -0.12765128544465904 -8.060745349800003 13.43374796776796 -1.4125051103739017 0.042941444595482152 0.27665915852460898 -5.0403394082642503 -0.37188954341867753 -3.0398607212928472 1.1795075060378923 -0.18679020030276919 1.2308740394070883 -1.58926127110642 0.20617749971944865 -1.1978391966078312 6.2427964666104323 -0.38146254127412904 -0.58840534795690791 4.4790946587419702 5.1811563772410167 -2.3680159633835585 -0.84834875674571431 0.3642842044909167 1.6176471104506669 0.61454886839037626 -1.9361499802440574 0.54724343384434637 3.7963076454231137
leaf_weight=6237 2630 4309 17587 3684 12655 7695 251 19671 688 3777 7504 39366 32140 27865 2996 33324 14992 56110 5029 4528 4129 1475 470 17398 773 24352 11794 628 81104 19857
leaf_count=6237 2630 4309 17587 3684 12655 7695 251 19671 688 3777 7504 39366 32140 27865 2996 33324 14992 56110 5029 4528 4129 1475 470 17398 773 24352 11794 628 81104 19857
internal_value=0.00226611 0.00553698 0.000980095 0.000268601 0.00181851 -0.000385149 -0.00261393 0.000448657 -4.42139e-05 0.00453977 -0.0100393 0.00280761 -0.0022575 0.00582042 0.00133843 -0.000918099 -0.00452013 0.00761404 -0.00551134 -0.00079424 0.00205483 -0.00346294 -0.0257836 -0.0010359 0.00238017 0.00199601 0.00434305 -0.00686747 0.00238497 0.00821525
internal_weight=465018 131234 333784 278182 47033 221229 60225 161004 34378 55602 11188 56953 39835 44837 121169 49037 15713 84201 9338 10765 8234 4105 721 37069 16972 25040 13195 1401 84100 75967
internal_count=465018 131234 333784 278182 47033 221229 60225 161004 34378 55602 11188 56953 39835 44837 121169 49037 15713 84201 9338 10765 8234 4105 721 37069 16972 25040 13195 1401 84100 75967
cat_boundaries=0 4 6 11 15 19 23 27 31 35 40 44 48 52 56 60 64 68 71 72 74 76 78
cat_threshold=847512084 2282800142 805568928 2906784004 3630306006 2 1228800 1965097728 138477568 2368512 1 340860961 3223910400 1438649416 25231632 210790601 1413742598 2292312072 8388801 164865 1073305 134217728 34633732 76874304 1218714104 273482754 1069584 1280 656129 1117814856 1095808 2366145283 153157632 0 134243380 1208050112 38019217 236505105 268470928 1 2148696582 1343366145 778047511 33753696 134242496 4325408 1115758592 268440640 2166880 1142950675 688988164 110264644 404390661 76169484 3227717664 100608 17408 17862659 8388648 235405328 2214592512 33562624 0 268484608 2190001226 567476241 2149122560 1607714 25165828 135168 1207959552 1342242836 258 1 547389696 10 773620938 14
is_linear=0
shrinkage=0.1


Tree=28
num_leaves=31
num_cat=20
split_feature=0 4 0 0 9 4 8 8 0 9 8 9 9 8 9 8 10 9 9 9 9 4 10 8 4 0 9 6 10 9
split_gain=186.404 129.04 68.1426 52.8049 52.3706 51.3149 35.5839 34.8227 35.7075 33.0993 32.7849 34.2528 28.3456 27.5468 25.6149 23.6468 22.6776 39.524 21.9839 21.5286 21.4322 20.6574 18.7248 30.6849 34.7152 26.8691 30.97 18.6927 19.2421 18.9998
threshold=87.000000000000014 465.00000000000006 369.00000000000006 -38.999999999999993 0 165.00000000000003 1 2 -230.99999999999997 3 4 5 6 7 8 9 10 11 12 13 14 2865.0000000000005 15 16 255.00000000000003 309.00000000000006 17 995.50000000000011 18 19
decision_type=2 2 2 2 9 2 9 9 2 9 9 9 9 9 9 9 9 9 9 9 9 2 9 9 2 2 9 2 9 9
left_child=3 22 4 7 13 9 -6 18 19 15 11 -7 -10 -3 -12 -5 17 -8 -1 -9 -16 -4 -2 24 -24 26 -26 28 -14 -29
right_child=1 2 21 5 6 10 16 8 12 -11 14 -13 27 -15 20 -17 -18 -19 -20 -21 -22 -23 23 -25 25 -27 -28 29 -30 -31
leaf_value=1.564038515313718 3.8173649486959982 -2.3857626799679603 14.390451719993834 -0.21635976425917633 -1.1167794681927636 -0.24159987683371395 -3.4394692048471507 -13.831776521598545 0.58289570381543643 0.91779947931601957 0.63981140280161386 1.5243876268974306 -7.2211403935479952 -0.39798132723357288 -10.858829738800658 0.94897068992786293 2.6833756542068987 1.9294929540531875 -0.2720578569954743 -4.6086282421487041 -0.09020045251773863 -2.9227498754500778 1.8914753041508767 4.2597124937669193 -5.2237265894916884 8.1167583573934046 -1.1973685534905172 -2.5430467210539209 -0.34298739007469004 -0.88016236978769347
leaf_weight=9866 48205 6328 21052 6869 11808 9147 4167 334 7922 23455 28000 20084 913 14334 587 5464 27806 15792 16795 1841 113569 1665 7713 17651 454 1245 3418 3712 25897 8925
leaf_count=9866 48205 6328 21052 6869 11808 9147 4167 334 7922 23455 28000 20084 913 14334 587 5464 27806 15792 16795 1841 113569 1665 7713 17651 454 1245 3418 3712 25897 8925
internal_value=0.00220353 0.0047043 0.00237412 0.000600607 0.00100517 0.0014285 0.00250961 -0.00165015 -0.0032179 0.00487258 0.000709331 0.00375876 -0.00264329 -0.00333204 8.20172e-05 0.000674877 0.00372475 0.00115128 0.00126392 -0.0157471 -0.000582835 0.00720914 0.00775309 0.00580532 0.00207944 -0.00430526 -0.00841426 -0.00373901 -0.00224543 -0.00691066
internal_weight=465018 181638 102952 283380 80235 207175 59573 76205 49544 35788 171387 29231 47369 20662 142156 12333 47765 19959 26661 2175 114156 22717 78686 30481 12830 5117 3872 39447 26810 12637
internal_count=465018 181638 102952 283380 80235 207175 59573 76205 49544 35788 171387 29231 47369 20662 142156 12333 47765 19959 26661 2175 114156 22717 78686 30481 12830 5117 3872 39447 26810 12637
cat_boundaries=0 4 8 12 16 20 25 29 33 38 42 44 49 54 58 61 63 67 71 73 77
cat_threshold=2282776776 340000916 176213000 142612097 17391648 3777217546 470138888 46399748 3355984136 545590318 1093681988 5243403 2366145283 153092100 0 134243376 1073778952 98468 2346976 86548619 2298505216 805574913 151028766 137122819 1 6362653 1575996 806486434 2285928720 1085358120 2136082 1233268740 109756436 847512082 2551186438 2955256320 2348945668 2 25165828 153227264 1744830464 4096 3641321286 2 25329666 1635951360 68 20865024 1 353632260 1099047946 537137156 872543499 1 2148533248 142737408 134299652 2624 0 67108864 33558528 236748984 2 2182136836 2167451664 163596344 167911764 131072 0 167837700 268437569 131200 2 134234112 207619008 16832512 1074675843
is_linear=0
shrinkage=0.1


Tree=29
num_leaves=31
num_cat=20
split_feature=0 4 4 0 9 10 8 9 5 9 9 8 8 8 9 8 9 9 9 8 10 4 10 9 8 4 0 8 0 0
split_gain=182.721 104.271 61.3514 56.5793 40.9531 37.2255 50.9648 43.8832 41.9583 35.9342 35.0916 32.3338 32.0418 31.6474 29.6701 28.2202 28.1159 25.8963 23.3476 30.0887 22.7489 22.1237 21.4307 20.9203 20.2034 18.6979 18.6847 17.8293 18.4781 17.5096
threshold=231.00000000000003 195.00000000000003 1095.0000000000002 1.0000000180025095e-35 0 1 2 3 5.5000000000000009 4 5 6 7 8 9 10 11 12 13 14 15 105.00000000000001 16 17 18 795.00000000000011 27.000000000000004 19 405.00000000000006 1.0000000180025095e-35
decision_type=2 2 2 2 9 9 9 9 2 9 9 9 9 9 9 9 9 9 9 9 9 2 9 9 9 2 2 9 2 2
left_child=1 3 23 13 12 6 7 8 -6 -7 -4 17 -3 -1 -8 16 20 -11 19 -13 21 -5 -12 27 -23 26 -20 28 -2 -14
right_child=2 4 10 15 5 9 14 -9 -10 11 22 18 29 -15 -16 -17 -18 -19 25 -21 -22 24 -24 -25 -26 -27 -28 -29 -30 -31
leaf_value=-0.18204833987011443 -2.1783438936906938 -0.21845201645169912 -5.0168920367963024 -0.19932932833410402 -11.657029407273114 -1.2200765403561951 -1.5713709421749926 -0.86379767520932749 -4.4168597722342406 0.32471862582777389 -7.199571990717172 -0.33710017262813413 0.42134534464901563 0.57627035775078095 0.3789784244947012 1.6963926723092932 0.80629180703770043 -0.51595955649797742 0.49692895450268904 0.59768289238386607 0.068064196458408777 -4.3618645185385514 4.5559351454614037 9.7830711451491741 -1.2684236238333371 0.33826464645249371 2.5983717657759144 5.9093640477420903 7.8001870895045116 2.7248668988219436
leaf_weight=13465 1742 13186 4308 552 85 14815 17264 11256 8285 19927 737 30857 15563 15857 37307 31269 15485 24323 20886 30844 1843 133 14504 53531 272 24368 17199 2989 1008 21158
leaf_count=13465 1742 13186 4308 552 85 14815 17264 11256 8285 19927 737 30857 15563 15857 37307 31269 15485 24323 20886 30844 1843 133 14504 53531 272 24368 17199 2989 1008 21158
internal_value=0.00212697 0.00123146 0.0065148 0.00447487 0.000399027 -0.000109313 -0.00199887 -0.0063679 -0.0118496 0.000655955 0.00165686 0.00107141 0.00302041 0.000993111 -0.000426705 0.00653509 0.00340804 -0.00124943 0.00189862 0.000518709 -0.00580071 -0.0182316 0.0039086 0.00811709 -0.0361728 0.00326161 0.00464619 0.00236389 -0.00344203 0.00453867
internal_weight=465018 386199 78819 78876 307323 257416 74197 19626 8370 183219 19549 168404 49907 29322 54571 49554 18285 44250 124154 61701 2800 957 15241 59270 405 62453 38085 5739 2750 36721
internal_count=465018 386199 78819 78876 307323 257416 74197 19626 8370 183219 19549 168404 49907 29322 54571 49554 18285 44250 124154 61701 2800 957 15241 59270 405 62453 38085 5739 2750 36721
cat_boundaries=0 5 7 11 16 20 24 28 32 36 40 44 48 53 58 62 63 65 69 72 76
cat_threshold=572786196 2685981706 805568800 2772566276 2 3493989334 2 2190640129 3239059585 404750343 33585252 2501545984 1560347136 134287364 279471145 1 24768 262337 1186513921 2688 369101261 1147404310 2306885640 12616360 6120036 69332992 4030729288 75565184 145817664 143590376 342135808 34869504 2491678728 456142976 1812070402 67261064 2149089537 1553998096 3359637572 1085022233 2164260868 154275840 1279262728 4096 134218240 8388608 131072 48 269680937 163651632 4 134808578 1 1279983905 37822768 134285400 1476427795 1 167903233 2211053706 169971714 4375616 370282498 1342243072 4 134242496 71303172 176171008 4288 0 0 1073741824 1024 86016019 545259520 137003284
is_linear=0
shrinkage=0.1


Tree=30
num_leaves=31
num_cat=22
split_feature=0 4 0 4 1 8 9 8 9 9 8 9 0 9 10 9 9 8 9 10 4 8 9 9 3 9 8 8 9 9
split_gain=179.021 106.769 62.9178 45.6893 40.2621 51.6628 50.2161 32.719 31.893 31.3566 30.5783 24.0819 23.1614 22.5979 23.9288 41.2193 20.584 23.4194 19.362 22.0774 18.542 27.6511 21.1065 18.4148 17.7232 17.6404 22.3457 17.0125 15.9771 15.8748
threshold=273.00000000000006 195.00000000000003 21.000000000000004 1095.0000000000002 -14.999999999999998 0 1 2 3 4 5 6 -164.99999999999997 7 8 9 10 11 12 13 135.00000000000003 14 15 16 1.5000000000000002 17 18 19 20 21
decision_type=2 2 2 2 8 9 9 9 9 9 9 9 2 9 9 9 9 9 9 9 2 9 9 9 2 9 9 9 9 9
left_child=1 2 7 -2 10 6 -6 20 -7 -5 18 -12 -13 -10 15 27 17 -4 19 -3 -1 22 -22 -14 -24 26 29 -15 -9 -16
right_child=3 4 16 9 5 8 -8 28 13 -11 11 12 23 14 25 -17 -18 -19 -20 -21 21 -23 24 -25 -26 -27 -28 -29 -30 -31
leaf_value=0.18051612813771742 10.918137620978264 -13.029314434704839 -0.56248896895807721 -5.6997493595631123 -0.46834764253773947 1.0976040460253609 2.0145331611815438 0.11300031931319253 -2.1692643046475251 5.013182408507987 1.0506285680040728 -4.1724199981364603 -10.864780893935794 -6.1085638286722928 2.2064592104468588 0.15048805779514507 1.650520638713421 0.78706814067135855 -0.67562700271993281 -3.7817451141668537 -0.58578751568414666 -0.098426728051802193 -3.915729297283205 -0.13652462523133854 5.9120540770825274 0.27641110597277607 -0.92323735164172105 -2.1055843015738325 1.2238433164157894 -0.22166037622455004
leaf_weight=8068 47348 309 1552 2671 12073 24189 36284 7967 3652 13114 10192 3823 322 1813 5014 9193 40962 3416 7456 3811 2033 7561 266 63615 69 103857 20256 3994 10460 9678
leaf_count=8068 47348 309 1552 2671 12073 24189 36284 7967 3652 13114 10192 3823 322 1813 5014 9193 40962 3416 7456 3811 2033 7561 266 63615 69 103857 20256 3994 10460 9678
internal_value=0.00207493 0.00129726 0.00450786 0.00702533 0.000469783 0.00117012 0.00407447 0.00140402 0.000396684 0.00236617 -0.00132942 -0.00061671 -0.00129851 -0.000122756 6.20879e-05 -0.00373085 0.0069693 0.000879872 -0.00612291 -0.0116223 -0.00162881 -0.00452311 -0.0139277 -0.000846614 -0.0369565 0.000472212 -0.00147091 -0.0103198 0.00436459 0.00149776
internal_weight=465018 401885 82354 63133 319531 230003 48357 36424 181646 15785 89528 77952 67760 157457 153805 15000 45930 4968 11576 4120 17997 9929 2368 63937 335 138805 34948 5807 18427 14692
internal_count=465018 401885 82354 63133 319531 230003 48357 36424 181646 15785 89528 77952 67760 157457 153805 15000 45930 4968 11576 4120 17997 9929 2368 63937 335 138805 34948 5807 18427 14692
cat_boundaries=0 4 9 13 18 22 26 30 34 36 40 44 47 51 53 57 61 65 69 73 77 82 86
cat_threshold=1678416130 4195012 2231233 17347083 2282253701 272893952 135496734 142688258 1 2491678734 523243648 1275199490 67261320 839188498 537973770 272900123 2751922436 2 385878476 69206038 159383560 8422121 23081505 134881664 10492416 42467429 1077152812 135285764 537297152 2827010304 128 67371008 33570816 9437184 3491832080 2 2165342469 1352671248 3357540420 18919465 134218496 16 131072 48 4 131072 1077936128 1049601 1917353984 2315468824 4387328 68157448 2 0 51380224 1208090624 4864 2147516416 134225920 4 138428416 192 67108864 4096 128 1082142824 65632 1234803680 1090526352 2147484676 1177685248 3255395328 2163824 2449482756 354426880 3758096384 3146848 2215117057 11075840 144769280 1467392 1 8388616 0 65536 16781328
is_linear=0
shrinkage=0.1


Tree=31
num_leaves=31
num_cat=23
split_feature=0 4 0 9 4 10 9 11 8 8 8 8 9 4 8 9 11 9 11 9 8 8 9 8 9 8 2 8 0 8
split_gain=170.047 130.314 66.1993 49.5218 44.4677 35.3735 34.0765 34.1462 28.3075 26.9176 26.6376 26.4908 28.3582 27.6806 25.4499 24.7386 23.7221 24.7621 22.0751 44.256 41.8171 24.8551 35.117 21.7091 20.1483 19.6318 18.7508 17.625 23.6321 17.3437
threshold=93.000000000000014 465.00000000000006 417.00000000000006 0 135.00000000000003 1 2 3 4 5 6 7 8 105.00000000000001 9 10 11 12 13 14 15 16 17 18 19 20 195.00000000000003 21 309.00000000000006 22
decision_type=2 2 2 9 2 9 9 9 9 9 9 9 9 2 9 9 9 9 9 9 9 9 9 9 9 9 10 9 2 9
left_child=4 24 3 14 11 10 7 8 -6 -7 -5 12 13 -1 -3 29 17 -17 19 20 -8 22 -20 -24 27 -9 -16 28 -2 -11
right_child=1 2 -4 5 6 9 18 25 -10 15 -12 -13 -14 -15 26 16 -18 -19 21 -21 -22 -23 23 -25 -26 -27 -28 -29 -30 -31
leaf_value=-0.31653696237959439 -0.51563395181937022 2.0545089745165317 14.527610142399096 -5.7573624937475358 0.079035761737303936 4.2452277892249617 -6.6454721215226771 0.510677440396896 1.5983208566238536 1.0501828862278628 -0.67179485588781152 1.0999687124549622 0.32371717528548527 -2.008334648309015 -0.99391327879584213 -8.8643552143484481 2.4183841294938455 0.84266093589307267 0.20883453624555842 0.038255219463335204 -1.9860623041042818 0.11602074606400459 -8.349056282169494 -0.57249184890938876 3.5269340738018395 -0.44859203988450508 -3.4997523263129753 3.0724241115554336 8.1844605145759228 -1.4285179684110312
leaf_weight=1426 4123 4164 18199 1332 12533 11820 1573 10936 21021 6490 6066 15848 9973 376 8919 772 26876 1405 17224 18282 10719 135063 963 17981 65707 16065 4914 4099 1958 8191
leaf_count=1426 4123 4164 18199 1332 12533 11820 1573 10936 21021 6490 6066 15848 9973 376 8919 772 26876 1405 17224 18282 10719 135063 963 17981 65707 16065 4914 4099 1958 8191
internal_value=0.00202547 0.00448682 0.00209969 0.000874502 0.000539791 0.00219688 0.000137979 0.00221828 0.00434811 0.00306205 -0.00429536 0.00435615 0.00075944 -0.0107506 -0.00375021 0.00191661 0.00360699 -0.00641518 -0.000486336 -0.00296102 -0.00759876 -4.43231e-05 -0.00237216 -0.00534241 0.00760565 -0.000429084 -0.00581305 0.00345437 3.44775e-05 -0.00142877
internal_weight=465018 175035 99148 80949 289983 62952 262360 60555 33554 55554 7398 27623 11775 1802 17997 43734 29053 2177 201805 30574 12292 171231 36168 18944 75887 27001 13833 10180 6081 14681
internal_count=465018 175035 99148 80949 289983 62952 262360 60555 33554 55554 7398 27623 11775 1802 17997 43734 29053 2177 201805 30574 12292 171231 36168 18944 75887 27001 13833 10180 6081 14681
cat_boundaries=0 4 6 10 12 16 20 24 28 32 36 40 42 47 49 54 58 62 67 71 75 79 83 87
cat_threshold=3356518600 340000788 176225288 8394369 1359151364 2 881066004 2685453826 807666080 2236777732 525501761 26 34955844 1158821904 726205440 100746752 67142914 67371940 2687110080 86551050 302015488 1140876672 553943041 67405828 394264578 422596608 1677758498 147600 75497728 65536 0 9232 302681602 273301504 34606051 1115809 50332417 2228355 2217804064 1494255730 4030738692 24 9080832 2835448640 16777218 2883584 1 2477294135 26 134907552 512426244 1124155396 2185856 1 2149187585 3529507968 153125408 21514 4398629 67146241 1153466397 44079140 2281833474 159451140 26282014 1881688770 1 1536 0 12582928 33554436 536887680 274726912 169021441 268438608 35959554 287662512 557907974 199184 504366080 16777232 1086324792 235537472 2454323277 321388568 1174773776 8455473
is_linear=0
shrinkage=0.1


Tree=32
num_leaves=31
num_cat=21
split_feature=0 4 0 9 10 8 9 9 4 0 8 0 9 8 9 5 8 8 9 9 9 0 10 0 11 9 9 11 7 11
split_gain=164.409 100.017 47.8737 47.4111 40.7525 54.9275 41.029 39.1954 38.425 36.2694 35.2961 33.5116 33.4783 28.7839 28.4996 26.4747 26.3514 23.7769 22.6249 21.8364 21.6679 20.3255 17.8259 17.6799 21.6372 21.3402 17.1541 16.9367 16.3276 16.1389
threshold=309.00000000000006 165.00000000000003 -1.0000000180025095e-35 0 1 2 3 4 975.00000000000011 15.000000000000002 5 129.00000000000003 6 7 8 5.5000000000000009 9 10 11 12 13 99.000000000000014 14 -98.999999999999986 15 16 17 18 19 20
decision_type=2 2 2 9 9 9 9 9 2 2 9 2 9 9 9 2 9 9 9 9 9 2 9 2 9 9 9 9 1 9
left_child=1 2 18 9 5 6 -5 27 -2 10 -3 13 -7 26 -10 -8 -11 19 -1 -4 -15 29 -17 28 25 -25 -9 -6 -14 -21
right_child=8 3 17 4 7 12 15 11 14 16 -12 -13 23 20 -16 22 -18 -19 -20 21 -22 -23 -24 24 -26 -27 -28 -29 -30 -31
leaf_value=-0.32105025159311612 12.968493565921026 -0.52036191637275009 -0.38964098316875562 -0.62755760945028138 -1.9098095125503349 0.9945748265159754 -8.8533679749869432 0.072126610811380235 -3.8003516112231632 0.23085004123866809 0.62082618922701227 1.6986980816691302 -10.892132615427261 0.022591565205577063 6.5849356082176671 -16.693193397953724 2.3672449562753322 1.7484550780737316 0.29544959563567447 -0.79130339408786077 0.73170558191566437 2.4388881101451507 -3.1915307049750026 -6.6179092349001216 0.34129229563264285 -1.1626587226785305 -0.44977382977992098 -0.46627472068430359 -2.6688390592429077 0.36344751577606882
leaf_weight=5259 38139 10159 1007 14666 5788 24751 111 30852 3544 8563 16134 32803 895 43563 11177 204 23863 24000 16812 1680 48690 10126 11706 1383 17744 9240 23041 14429 3927 10762
leaf_count=5259 38139 10159 1007 14666 5788 24751 111 30852 3544 8563 16134 32803 895 43563 11177 204 23863 24000 16812 1680 48690 10126 11706 1383 17744 9240 23041 14429 3927 10762
internal_value=0.00198375 0.00131037 0.00476495 0.000607921 7.26916e-05 -0.00176554 -0.0055186 0.000853818 0.0072342 0.00319416 0.000434717 0.00132539 -3.62378e-05 0.000677131 0.0028945 -0.00984872 0.00543268 0.00655071 0.000915682 0.00428874 0.00174967 0.00493312 -0.00940386 -0.00211181 -0.00116086 -0.00472773 -0.00115893 -0.00331883 -0.00771049 0.00222794
internal_weight=465018 412158 69646 342512 283793 84627 26687 199166 52860 58719 26293 178949 57940 146146 14721 12021 32426 47575 22071 23575 92253 22568 11910 33189 28367 10623 53893 20217 4822 12442
internal_count=465018 412158 69646 342512 283793 84627 26687 199166 52860 58719 26293 178949 57940 146146 14721 12021 32426 47575 22071 23575 92253 22568 11910 33189 28367 10623 53893 20217 4822 12442
cat_boundaries=0 5 7 11 15 19 23 28 32 36 40 44 48 52 57 59 61 65 70 72 73 75
cat_threshold=908330512 2685457928 809762944 2755821828 2 3494022102 3 2253624325 2165350529 742391873 41969700 2290616583 401476 1093673058 134551642 24768 5112001 1119407112 2688 382115840 218803060 807927808 67252736 163606594 17696853 27398698 268438530 1 5136941 2125826 4031842338 8523024 503327180 337643542 2306869248 8422120 2285133828 3390783048 358682628 262144 327155716 523390976 1744834562 4992 159383874 2283864320 2097216 222953488 512 0 0 16 1208647970 33564980 201326673 271323170 1 0 2 4858368 16 164100 67109248 0 17039376 1092256010 1493180470 2147483652 151785506 1 201335304 10 4 131330 4
is_linear=0
shrinkage=0.1


Tree=33
num_leaves=31
num_cat=24
split_feature=0 4 0 9 4 9 8 10 8 2 9 8 8 8 8 11 10 9 9 7 11 9 9 6 9 8 11 8 11 8
split_gain=154.673 105.744 56.5951 52.9839 51.9744 38.2707 38.1735 35.2083 29.7637 26.6181 25.0588 25.0989 24.3212 24.2872 23.8561 22.5709 21.9461 22.4834 21.6774 21.0835 20.697 18.5786 18.5436 17.1627 23.9579 21.2373 16.6535 19.7215 15.259 17.7104
threshold=159.00000000000003 465.00000000000006 489.00000000000006 0 135.00000000000003 1 2 3 4 -50.999999999999993 5 6 7 8 9 10 11 12 13 14 15 16 17 417.50000000000006 18 19 20 21 22 23
decision_type=2 2 2 9 2 9 9 9 9 8 9 9 9 9 9 9 9 9 9 1 9 9 9 2 9 9 9 9 9 9
left_child=4 -2 3 8 10 6 16 14 15 12 11 -1 -7 21 -5 -3 -6 19 -9 -18 -8 -11 -15 24 25 -24 -25 -28 29 -12
right_child=1 2 -4 7 5 9 20 18 -10 13 28 -13 -14 22 -16 -17 17 -19 -20 -21 -22 -23 23 26 -26 -27 27 -29 -30 -31
leaf_value=-0.6000978735082243 4.9551769802553629 -13.096973032852034 20.098704831111412 2.4164447796768407 0.46416089815574013 -2.1299399030269588 0.29441816722909236 0.47617935828343855 -0.3250666997009235 1.5937095783616571 -0.22305965186512755 0.23251639204332264 -0.27690775443940135 -2.3788694950766449 -4.2732463354387331 -2.8807702303843548 -7.498938217392328 -0.54656165383163613 3.9178526053105083 -2.2430382550219128 1.1649594311505882 0.1682882718454061 0.054310128164939978 0.09642218787739959 -0.084221910833657085 -3.073707858750748 -1.9850209854299177 -0.11839698546475333 0.9860710520398529 1.5840867435066492
leaf_weight=1236 51171 454 13231 2942 10217 8177 18657 13347 7696 15127 5358 4091 27742 4195 4512 4257 324 9090 20441 519 26760 19310 761 142862 4379 1671 6249 16867 19288 4087
leaf_count=1236 51171 454 13231 2942 10217 8177 18657 13347 7696 15127 5358 4091 27742 4195 4512 4257 324 9090 20441 519 26760 19310 761 142862 4379 1671 6249 16867 19288 4087
internal_value=0.00192547 0.00505214 0.00243421 0.000989581 0.000861667 0.000457868 0.00260564 0.00271308 -0.00473786 -0.000111582 0.00457134 -0.00172944 -0.00262841 0.000316005 -0.00350482 -0.0109913 -0.00101686 -0.00436186 0.00408545 -0.0198945 0.00421269 0.00274538 -0.000156841 2.83604e-06 -0.00491705 -0.0128501 0.000204726 -0.00228487 0.00573809 0.00243786
internal_weight=465018 118051 66880 53649 346967 312907 65567 41242 12407 247340 34060 5327 35919 211421 7454 4711 20150 9933 33788 843 45417 34437 176984 172789 6811 2432 165978 23116 28733 9445
internal_count=465018 118051 66880 53649 346967 312907 65567 41242 12407 247340 34060 5327 35919 211421 7454 4711 20150 9933 33788 843 45417 34437 176984 172789 6811 2432 165978 23116 28733 9445
cat_boundaries=0 4 9 13 15 19 23 26 30 34 38 40 42 46 50 51 52 57 61 65 69 70 74 76 80
cat_threshold=3356518600 340000774 176289804 8394368 813958676 2702231042 872677536 2219999492 2 2357813312 1100684392 1545872384 67633152 3506635012 6 3231776 153143575 159449092 109871188 226492672 2147549184 0 18875412 268435456 16384 1610612736 68157952 205652496 1222967505 101780333 1698727168 9109508 2150000608 532651 70916866 323097093 1112289296 2180608 537395714 2 1212559624 4 0 553648128 0 4194304 16847377 1101138080 3221225890 424781906 12 2852862472 118628353 1078534156 2155892488 1493702736 1 160 69468168 33575944 1350566400 32834 33628164 11534336 17564755 302653444 20975955 536969216 16990224 1310658014 2181709832 2205429890 138416130 67257600 2156050306 20 352485380 2301632512 2214596610 162048
is_linear=0
shrinkage=0.1


Tree=34
num_leaves=31
num_cat=23
split_feature=0 4 0 6 9 8 8 9 11 9 11 9 9 4 9 9 8 10 8 9 9 8 0 9 10 8 8 6 9 9
split_gain=154.075 92.69 71.6937 42.2099 48.7761 38.2306 38.2283 52.9792 37.608 42.6466 35.7637 38.1746 38.0219 30.8379 29.1611 28.3955 24.2443 23.6053 22.9365 22.0674 21.6774 21.5537 20.6557 23.901 22.4037 20.0663 18.9806 18.1441 22.7167 18.3332
threshold=345.00000000000006 195.00000000000003 21.000000000000004 634.50000000000011 0 1 2 3 4 5 6 7 8 1575.0000000000002 9 10 11 12 13 14 15 16 147.00000000000003 17 18 19 20 1174.5000000000002 21 22
decision_type=2 2 2 2 9 9 9 9 9 9 9 9 9 2 9 9 9 9 9 9 9 9 2 9 9 9 9 2 9 9
left_child=1 2 14 6 -5 15 7 17 20 25 11 -7 26 -2 -1 -6 27 19 -13 -3 -8 22 23 -4 -25 -10 -12 28 -14 -29
right_child=13 3 21 4 5 10 8 -9 9 -11 12 18 16 -15 -16 -17 -18 -19 -20 -21 -22 -23 -24 24 -26 -27 -28 29 -30 -31
leaf_value=-0.12995527600166454 13.079597567281736 -16.584540794947017 -0.29824415629635581 1.2065068959562983 -2.463457764479275 0.059624445459700116 -0.24379011374058895 -0.3274856128735586 -2.9391581492304328 0.014582034843831918 -0.3990542440899385 0.40943812435854321 -3.536773365379319 0.70072124757611487 0.39729672249479481 -0.27897601291406987 -0.075986205347136959 -2.6073635745526991 1.5881719384738768 -7.3699589141003479 1.6703441451731322 1.6927552342724668 2.83072291398766 -0.62132154252762672 1.1179876582548409 -0.76818019144542959 1.1821786850357554 0.26316116945193291 -0.53780551163614021 -4.3534132274504209
leaf_weight=16526 38787 102 3270 39723 7135 50865 5918 14914 4984 40884 7279 23708 3133 5633 19898 19774 23050 7586 31192 249 12041 28900 7713 2543 7561 7143 17923 998 12702 2884
leaf_count=16526 38787 102 3270 39723 7135 50865 5918 14914 4984 40884 7279 23708 3133 5633 19898 19774 23050 7586 31192 249 12041 28900 7713 2543 7561 7143 17923 998 12702 2884
internal_value=0.00186849 0.00127694 0.00419634 0.000522073 0.00122422 0.000590223 -0.00127679 -0.00483312 -0.000131022 -0.00147093 0.00113351 0.00228362 -0.000656232 0.00746961 0.000821986 -0.00291653 -0.00247165 -0.0114295 0.00411218 -0.0365374 0.00382269 0.00665513 0.00421719 0.00184238 0.0042456 -0.00667628 0.00242424 -0.00504537 -0.00354594 -0.0111747
internal_weight=465018 420598 86411 334187 240366 200643 93821 22851 70970 53011 173734 105765 67969 44420 36424 26909 42767 7937 54900 351 17959 49987 21087 13374 10104 12127 25202 19717 15835 3882
internal_count=465018 420598 86411 334187 240366 200643 93821 22851 70970 53011 173734 105765 67969 44420 36424 26909 42767 7937 54900 351 17959 49987 21087 13374 10104 12127 25202 19717 15835 3882
cat_boundaries=0 5 9 13 17 19 24 25 30 34 39 43 47 49 53 57 61 65 69 70 74 78 82 86
cat_threshold=839123476 555275308 809762850 2216821004 2 275857508 1073795099 563388492 180355088 210568224 1342709808 1556091029 34930725 286801964 3294634502 3390046304 272734232 1212559812 6 16902 839450628 1492189703 1080071208 1 1326517275 3372269633 1080036096 1284575361 1208754194 1 73486409 2183137810 1098908036 415335474 2365587778 170467588 134217796 87704756 1 25362625 1551958017 2317942796 276844704 2181044746 2272791296 1247936512 83927488 2684354560 2 1116602376 2846892032 1074332674 67258852 1048576 0 2281701376 65536 301998080 2333354161 2149581824 216625 2231370244 187699200 1749024776 4352 134250753 0 131136 8240 2147494720 3523385356 2217739464 2720278784 69231872 201457673 2432829504 100667392 1263616 9973154 67502400 2147518472 262144 8431746 67502336 2281701376 537139201
is_linear=0
shrinkage=0.1


Tree=35
num_leaves=31
num_cat=23
split_feature=0 4 0 9 0 8 9 8 10 8 8 9 8 8 9 11 0 9 9 9 9 9 9 10 8 11 8 0 8 4
split_gain=145.074 127.578 59.3672 48.3393 32.3655 32.2551 31.927 32.8399 30.2206 40.3979 26.2397 25.7304 25.3309 23.2107 22.5397 22.312 22.0801 21.063 20.8113 19.7959 18.5569 18.3521 17.6039 17.313 25.8822 17.156 22.3938 17.0836 15.49 17.7916
threshold=63.000000000000007 465.00000000000006 477.00000000000006 0 -50.999999999999993 1 2 3 4 5 6 7 8 9 10 11 327.00000000000006 12 13 14 15 16 17 18 19 20 21 237.00000000000003 22 105.00000000000001
decision_type=2 2 2 9 2 9 9 9 9 9 9 9 9 9 9 9 2 9 9 9 9 9 9 9 9 9 9 2 9 2
left_child=4 6 3 23 5 21 7 16 9 14 18 12 -6 20 -5 27 -2 -12 -10 -7 -13 -1 -11 24 -3 26 -8 28 29 -9
right_child=1 2 -4 8 11 19 25 15 10 22 17 13 -14 -15 -16 -17 -18 -19 -20 -21 -22 -23 -24 -25 -26 -27 -28 -29 -30 -31
leaf_value=-2.5881146597352132 -0.922416009141246 -4.8561303194008003 15.962920961323386 -1.7886477879455347 -0.11381963767064712 0.7444884047342526 -0.3963094770066603 1.7471355315467285 0.26613323837361763 -2.3000172321216974 -0.30090019652516958 1.5259140885958915 1.049064759732689 -0.016873899608616582 -7.4335238775411971 1.9107519060728961 5.7803888028353656 1.3756769833533848 -1.8577516620410695 -0.45530186242329784 0.12866483521309777 -0.71191809722711552 1.9264705183030852 4.512879007019972 2.4169254063024854 2.6563946980121811 2.4636179517800461 4.9557567108754892 1.4927003262694081 -1.1504161625783753
leaf_weight=4059 3374 1252 13956 1720 11594 11684 3574 825 9935 5838 17613 9457 23278 138703 2821 15914 1183 34311 10110 34868 10584 9715 5269 9931 7092 44515 12012 3814 2558 3459
leaf_count=4059 3374 1252 13956 1720 11594 11684 3574 825 9935 5838 17613 9457 23278 138703 2821 15914 1183 34311 10110 34868 10584 9715 5269 9931 7092 44515 12012 3814 2558 3459
internal_value=0.00182698 0.00376433 0.00161938 0.000811393 0.000216664 -0.00180585 0.00658219 0.00397823 -0.000164675 -0.00414612 0.000701455 0.000846831 0.003306 0.000306386 -0.0120831 0.00532355 -0.0038603 0.00188778 -0.00237098 -0.000547227 0.00348661 -0.00605485 -0.000893226 0.00548811 0.00212353 0.00792883 0.00506284 0.00177761 -0.00121017 -0.00488123
internal_weight=465018 211076 119848 105892 253942 60326 91228 31127 87617 15648 71969 193616 34872 158744 4541 26570 4557 51924 20045 46552 20041 13774 11107 18275 8344 60101 15586 10656 6842 4284
internal_count=465018 211076 119848 105892 253942 60326 91228 31127 87617 15648 71969 193616 34872 158744 4541 26570 4557 51924 20045 46552 20041 13774 11107 18275 8344 60101 15586 10656 6842 4284
cat_boundaries=0 5 9 13 17 19 23 27 31 35 39 44 46 50 54 58 62 66 70 71 75 77 81 85
cat_threshold=570692660 2719536680 809501184 2753691912 2 67415042 2249236608 2785021971 111845444 2819113344 316735488 169054273 1879100528 201327620 0 1082130440 235475008 3506602244 2 310502400 86040848 687964161 104106276 1630031904 2837680130 276852750 37765444 805569556 3221275654 807741729 2148569359 273779276 35134480 1162674178 42017924 1073779016 8423462 2183614432 17309707 286261506 8520068 9568288 155222082 1 1502097158 1 1228957888 88344580 1233169538 135276176 17334283 155386130 2223112224 1213554816 271845652 1090661376 806752416 3099648256 102367296 285356089 59773440 1229267184 293879810 1805811968 134250560 344235650 470286595 278921300 1211105348 1224855603 3355916038 40960 1212166272 2 161792 3221363495 23 2148171776 2299535360 16777216 1195024 2182086656 19939344 675282960 1280
is_linear=0
shrinkage=0.1


Tree=36
num_leaves=31
num_cat=20
split_feature=0 4 4 0 8 9 0 9 9 9 8 9 8 0 8 9 9 8 10 8 11 8 9 4 0 9 0 9 8 6
split_gain=142.819 87.6798 54.0105 36.2634 47.5079 37.9462 34.4776 33.3055 32.7805 29.0972 25.583 24.7629 24.3116 22.7076 22.4424 28.6134 25.4718 23.4654 23.0278 21.2969 21.0244 20.095 20.0055 29.1214 19.4844 19.1334 18.8027 18.5424 17.7282 17.1904
threshold=195.00000000000003 765.00000000000011 135.00000000000003 -14.999999999999998 0 1 573.00000000000011 2 3 4 5 6 7 -176.99999999999997 8 9 10 11 12 13 14 15 16 105.00000000000001 411.00000000000006 17 -410.99999999999994 18 19 613.50000000000011
decision_type=2 2 2 2 9 9 2 9 9 9 9 9 9 2 9 9 9 9 9 9 9 9 9 2 2 9 2 9 9 2
left_child=2 9 19 10 5 -5 7 12 -6 21 25 -12 -3 -13 15 -10 17 -16 -19 -1 27 24 23 -21 28 -4 -24 -9 -2 -18
right_child=1 6 3 4 8 -7 -8 20 14 -11 11 13 -14 -15 16 -17 29 18 -20 22 -22 -23 26 -25 -26 -27 -28 -29 -30 -31
leaf_value=1.2111183617047405 -15.02185995349587 -5.2418354546025689 1.5718783327507531 -0.28649506103319228 0.84263049083685415 1.3887955917042072 21.458887617710062 -6.0006407702073501 0.9095854802087765 5.6594045117826317 0.3123296403278395 -5.2595853278983018 -0.43367478926208958 -0.3861844436565065 -2.9123432327553935 -0.075890478180759405 -0.55500096134020382 -1.3031811630885006 -0.0031725446306956882 0.0032980344146581555 2.6708085951097651 3.543057228002894 -10.635034566921437 -1.3452242628385929 6.1115408365187909 -0.029018301740335064 0.42753319198983813 -1.032519118496813 -1.513429986950976 0.16978948308365002
leaf_weight=17296 100 3402 8720 9658 27793 29275 6140 864 23916 55125 14515 2954 5115 60330 813 31598 19839 11263 11529 1713 15473 3153 53 579 1038 22439 16907 3461 2369 57588
leaf_count=17296 100 3402 8720 9658 27793 29275 6140 864 23916 55125 14515 2954 5115 60330 813 31598 19839 11263 11529 1713 15473 3153 53 579 1038 22439 16907 3461 2369 57588
internal_value=0.00178247 0.00521301 0.000887201 0.000485808 0.00121565 0.00438924 0.00117109 -0.00030196 0.000545108 0.00746702 -0.00100975 -0.00197933 -0.00552715 -0.00283376 -1.68626e-05 0.00159823 -0.000904376 -0.00377938 -0.00317867 0.00453595 0.0019477 0.00121439 0.0022438 -0.00650738 -0.00398919 0.00141134 0.00342958 -0.00420992 -0.00883354 -2.75059e-05
internal_weight=465018 96240 368778 332230 223272 38933 34455 28315 184339 61785 108958 77799 8517 63284 156546 55514 101032 23605 22792 36548 19798 6660 19252 2292 3507 31159 16960 4325 2469 77427
internal_count=465018 96240 368778 332230 223272 38933 34455 28315 184339 61785 108958 77799 8517 63284 156546 55514 101032 23605 22792 36548 19798 6660 19252 2292 3507 31159 16960 4325 2469 77427
cat_boundaries=0 4 8 12 16 20 24 28 32 36 40 44 48 50 54 56 60 64 69 73 76
cat_threshold=39168 276889764 2149715937 86548635 2281990144 2592348241 135300116 679822849 1284532424 348389382 2306893824 8390865 923009140 2719008258 809869824 2214789124 134242432 4325376 1254174720 268442688 1208500232 545610759 1159873348 5308427 14759196 3208 806551714 2819654932 2166821 2250261267 2835447812 9472068 2975998986 104874754 35487744 8603232 13256194 419631381 2157969474 22811808 1086362625 1411907849 1107431872 1368916384 1073741828 1 4194306 4 3289547120 4 2283438848 2189557764 409174016 1587968 2705992196 10 33554432 17862657 8388664 243794260 76153088 65536 0 1048 2484340740 1233257494 537137152 2764116323 1 163842 2147656640 0 406720512 0 0 8388608
is_linear=0
shrinkage=0.1


Tree=37
num_leaves=31
num_cat=22
split_feature=0 4 0 8 10 9 4 9 8 4 9 8 9 8 3 8 9 8 6 8 9 8 6 11 10 9 8 9 8 11
split_gain=136.215 76.4278 86.3494 41.2772 37.7323 43.2255 36.1833 36.1698 33.9217 28.8307 25.5303 25.2165 37.8468 25.0053 20.7477 37.7566 20.1923 29.3058 20.9677 28.3356 24.0372 19.8181 18.3555 19.6145 18.0436 22.6389 17.8012 21.0622 16.4859 15.7846
threshold=351.00000000000006 405.00000000000006 33.000000000000007 0 1 2 765.00000000000011 3 4 105.00000000000001 5 6 7 8 3.5000000000000004 9 10 11 417.50000000000006 12 13 14 609.50000000000011 15 16 17 18 19 20 21
decision_type=2 2 2 9 9 9 2 9 9 2 9 9 9 9 2 9 9 9 2 9 9 9 2 9 9 9 9 9 9 9
left_child=1 2 3 24 8 9 -2 22 -4 -6 -5 12 14 -8 15 -9 17 -13 19 20 -18 -11 23 29 -1 -26 27 -20 -24 -3
right_child=6 7 4 10 5 -7 13 11 -10 21 -12 16 -14 -15 -16 -17 18 -19 26 -21 -22 -23 28 -25 25 -27 -28 -29 -30 -31
leaf_value=0.13825623774334728 13.728788913503397 -12.272506622699652 -0.0010850422997226161 -0.03636655374944351 1.1743459381736296 1.3584752698781184 -1.7700651347852496 -6.8424755135543043 1.4874136921297207 -1.9420708480524096 0.71485160253801272 -10.142369972240466 -0.15675623234505337 7.9898782461776996 -1.8709127563403614 -2.0206320871021202 -5.4630103438774382 -0.52548733814278681 1.9402444165940773 0.34994120126084788 -1.19818808030505 -0.099674255416121002 0.3637206603837691 1.0570731334147179 -1.0230028170378422 -0.2688832795294866 0.059866899213966554 0.18996946015673227 1.6658991954040747 -0.5482353663301931
leaf_weight=7421 27581 107 5594 20309 2993 18370 5266 673 39941 4090 26309 203 21653 10375 8683 1535 502 42954 14343 2947 2511 5552 18919 4159 1466 15361 105751 19634 20221 9595
leaf_count=7421 27581 107 5594 20309 2993 18370 5266 673 39941 4090 26309 203 21653 10375 8683 1535 502 42954 14343 2947 2511 5552 18919 4159 1466 15361 105751 19634 20221 9595
internal_value=0.00173129 0.00118342 0.00301996 0.000504615 0.00534884 0.00265517 0.00707788 0.000196801 0.00718081 -0.00184658 0.002245 -0.000364997 -0.00293543 0.00323573 -0.00774149 -0.016404 7.81026e-05 -0.00182153 0.000640915 -0.00516778 -0.0119649 -0.00450944 0.00254306 -0.000583652 -0.00284112 -0.00465225 0.000888727 0.00287963 0.003651 -0.00304572
internal_weight=465018 421796 147406 70866 76540 31005 43222 274390 45535 12635 46618 221389 32544 15641 10891 2208 188845 43157 145688 5960 3013 9642 53001 13861 24248 16827 139728 33977 39140 9702
internal_count=465018 421796 147406 70866 76540 31005 43222 274390 45535 12635 46618 221389 32544 15641 10891 2208 188845 43157 145688 5960 3013 9642 53001 13861 24248 16827 139728 33977 39140 9702
cat_boundaries=0 4 5 9 14 18 23 27 31 35 39 44 45 49 53 57 59 61 65 69 73 77 78
cat_threshold=2492203013 489984000 1073759282 35803788 607421593 2148172032 998351112 134217797 1346260032 572785428 672716296 805568706 2751594764 2 1589252 134221832 1350565896 64 2651366211 2157781248 134222080 19793408 1 153317472 1076396049 428081181 109314052 2300072968 1143209984 169938976 1357451280 40972385 1160251922 620826628 75530628 134217728 524288 8388624 67371008 151085249 69468304 1218104856 25280 1 2147483904 2157478146 3059118976 1147142402 1099776 67108866 50397188 2097152 1342178305 68321280 87040000 2281701376 69382400 2282883594 1 158564370 2 16777476 144703488 65536 1677723648 2986378242 319031814 675712 21541400 269484064 2416052225 16843008 1364495377 171991040 1325669412 492933120 71439120 2147483648
is_linear=0
shrinkage=0.1


Tree=38
num_leaves=31
num_cat=23
split_feature=0 4 9 0 8 0 8 9 4 8 0 9 9 9 8 8 9 11 9 10 9 9 8 8 0 9 8 10 10 9
split_gain=130.111 108.208 47.9603 41.517 32.2357 31.3625 32.5757 29.3084 24.1631 22.636 23.4299 22.3341 21.3339 21.101 23.9264 21.2318 22.4853 19.0599 26.8408 26.7026 24.699 18.6258 20.2192 18.2159 19.1537 17.7561 17.5046 17.71 17.1236 16.6833
threshold=117.00000000000001 465.00000000000006 0 573.00000000000011 1 -8.9999999999999982 2 3 135.00000000000003 4 -254.99999999999997 5 6 7 8 9 10 11 12 13 14 15 16 17 369.00000000000006 18 19 20 21 22
decision_type=2 2 9 2 9 2 9 9 2 9 2 9 9 9 9 9 9 9 9 9 9 9 9 9 2 9 9 9 9 9
left_child=5 11 28 4 -4 9 7 -7 26 12 25 23 -1 14 -10 16 -15 18 19 -6 -19 22 -12 24 -2 -11 27 -8 -3 -17
right_child=1 2 3 -5 17 6 8 -9 13 10 21 -13 -14 15 -16 29 -18 20 -20 -21 -22 -23 -24 -25 -26 -27 -28 -29 -30 -31
leaf_value=1.1366991937625308 -0.62011008219339114 -11.606838914498752 -2.2922849028320309 19.634457284328089 -6.5640915707156999 -0.073082457796295824 -0.60912165980409227 1.4869041952393296 -0.93529276988929699 -14.655962379144682 -0.53137946901265154 3.3503186880674733 -0.099849529789503663 -0.60640749517656189 -0.094893444833425988 1.0221719904739481 0.11733366591300526 4.3309872507687386 0.40355802514038958 -0.72963939919606102 0.15419643597182747 -0.27374574303088223 1.3846116135229773 2.1271031501934652 9.0013213438553539 -3.1723511221130707 0.84394514334339876 0.19814993334107742 4.2635014957638226 0.25847249181338972
leaf_weight=13342 3879 134 11129 6948 2322 9313 1197 21009 5665 366 5284 46407 21052 9129 29405 15750 19352 8244 18950 4550 14857 80650 8496 13936 1497 1507 11519 3371 18431 57327
leaf_count=13342 3879 134 11129 6948 2322 9313 1197 21009 5665 366 5284 46407 21052 9129 29405 15750 19352 8244 18950 4550 14857 80650 8496 13936 1497 1507 11519 3371 18431 57327
internal_value=0.00167581 0.00408464 0.00174078 0.000493956 -0.000352694 0.000514258 0.00135912 0.0043525 0.000764446 -0.000668951 -0.00145536 0.00713629 0.00153296 0.000332875 -0.00178164 0.00106313 -0.00125268 0.000752662 -0.00111412 -0.00646324 0.00283891 -0.00123584 0.00216099 0.00427078 -0.000675826 -0.0125307 0.00443029 -0.000812582 0.00623688 0.00196574
internal_weight=465018 151284 85565 67000 60052 313734 183037 30322 152715 130697 96303 65719 34394 136628 35070 101558 28481 48923 25822 6872 23101 94430 13780 19312 5376 1873 16087 4568 18565 73077
internal_count=465018 151284 85565 67000 60052 313734 183037 30322 152715 130697 96303 65719 34394 136628 35070 101558 28481 48923 25822 6872 23101 94430 13780 19312 5376 1873 16087 4568 18565 73077
cat_boundaries=0 5 9 13 18 22 26 30 35 39 43 48 50 55 56 60 64 68 72 77 81 82 83 88
cat_threshold=2364448 2719012617 876610064 2753954048 1 1629579360 555862019 294137862 38027268 555778304 98468 2418151409 84451355 2298503169 143003972 2281718806 1744924161 1 1208483848 545594382 1226992480 5767179 2282242432 283181056 183730240 1342180560 2148794370 1099105298 556044292 880833835 2147520648 70002857 1090699544 29401138 1 201393157 131330 134496268 2166880 5070881 554966600 1279787008 37750788 383778819 1343264512 134217792 137445440 2 542026510 27 113256834 218562560 2150648072 26233984 2 1342311940 382345222 159719426 3211624 286262376 541138456 269618212 805503152 2285928796 20320772 1208615648 4723734 44189252 504366080 16777216 1103102008 235409476 2281718785 8519680 142606340 6208 1 276824576 153108480 4098 147584 2214728256 134283264 818151440 2148566786 807469056 2215708044 2
is_linear=0
shrinkage=0.1


Tree=39
num_leaves=31
num_cat=24
split_feature=0 4 0 8 8 9 10 9 11 9 4 10 0 9 8 8 4 11 9 9 9 8 9 8 9 9 10 8 9 8
split_gain=124.184 75.6875 72.5715 35.2286 33.0915 30.6649 33.7177 47.1337 26.694 46.0189 24.535 24.5413 23.9172 46.7076 32.0095 23.885 26.8988 25.5585 24.6043 23.7835 23.3706 23.3324 28.3613 23.1025 22.9392 21.4741 20.668 22.588 19.0008 18.7443
threshold=375.00000000000006 225.00000000000003 111.00000000000001 0 1 2 3 4 5 6 75.000000000000014 7 21.000000000000004 8 9 10 1095.0000000000002 11 12 13 14 15 16 17 18 19 20 21 22 23
decision_type=2 2 2 9 9 9 9 9 9 9 2 9 2 9 9 9 2 9 9 9 9 9 9 9 9 9 9 9 9 9
left_child=1 2 3 10 -2 -3 7 26 9 -8 -1 25 20 14 -14 -15 17 18 -17 -13 29 22 -19 28 -5 -12 27 -7 -9 -10
right_child=4 5 -4 24 -6 6 8 23 12 -11 11 19 13 15 -16 16 -18 21 -20 -21 -22 -23 -24 -25 -26 -27 -28 -29 -30 -31
leaf_value=0.71647260305158567 -3.5017677157908973 1.9085215530779356 2.0237631331870851 0.11078047681550629 11.497061478607488 -1.4028613816581768 -5.1832974884773764 -6.8373432802923464 -0.22303994683281234 0.79059244649452132 -1.8515512587065517 0.37136800429739991 -0.063590570620422893 -0.49436330073632417 1.8440454983339256 -4.2092205972045607 -0.45392552495499694 -0.96153023840385932 1.6912574759401791 -0.13700625465736646 -0.18075309383770133 2.1259140389341105 0.75688608994498963 0.3620845933880506 1.1629117064298944 -0.22022115063571715 -2.8518498087177324 -11.406513140418117 -1.195349291440895 0.86086518746153473
leaf_weight=4256 2527 11963 28143 14637 36417 456 3436 497 10143 3529 2156 9283 9854 21949 29104 2354 23969 4873 1949 16905 79725 18976 23260 33363 18813 2881 16016 543 9871 23170
leaf_count=4256 2527 11963 28143 14637 36417 456 3436 497 10143 3529 2156 9283 9854 21949 29104 2354 23969 4873 1949 16905 79725 18976 23260 33363 18813 2881 16016 543 9871 23170
internal_value=0.00166484 0.00117078 0.00362445 0.00187738 0.00707015 0.000446809 0.000259173 -0.00185891 0.000761254 -0.0053405 -0.000318108 -0.00128903 0.000931916 0.00182393 0.00474954 0.000652353 0.00149766 0.00278768 -0.00458382 -5.80193e-05 -0.000143491 0.00346124 0.00163202 -0.000120939 0.00420502 -0.00767387 -0.00632305 -0.0202279 -0.00424166 0.00208055
internal_weight=465018 426074 97074 68931 38944 329000 317037 60746 256291 6965 35481 31225 249326 136288 38958 97330 75381 51412 4303 26188 113038 47109 28133 43731 33450 5037 17015 999 10368 33313
internal_count=465018 426074 97074 68931 38944 329000 317037 60746 256291 6965 35481 31225 249326 136288 38958 97330 75381 51412 4303 26188 113038 47109 28133 43731 33450 5037 17015 999 10368 33313
cat_boundaries=0 4 8 12 14 18 20 25 27 32 36 40 41 45 49 53 57 61 65 70 74 76 80 84 88
cat_threshold=2492203525 2301759488 1275133954 100815304 539037728 1073777152 25165828 4 537133584 1065984 805568512 2214592768 3494052182 3 353501445 1948295744 3358597188 19013673 2694844448 10 42501184 2751628032 2181120000 2955392 1 2420128512 12 381812742 3859317544 2149580800 6791212 2 3356057677 3365310472 1413484544 9503488 15814688 671256832 1418752014 213926032 16779522 2147516672 159449104 0 541696 336330754 142606352 402653188 4743178 3148097 203561156 3355508996 683790386 436470340 2216716816 671154176 3835200 8192 0 142606400 16777232 444751910 3307226369 755007552 33853764 8913219 34144512 2228480 3023874 1 285213188 159383552 134217732 16400 268435460 2 143654914 33554433 100728832 1024 0 0 16781314 3088 23468805 860406400 5275656 25379456
is_linear=0
shrinkage=0.1


Tree=40
num_leaves=31
num_cat=20
split_feature=0 4 9 10 4 8 0 9 8 8 8 9 4 8 8 0 8 9 0 9 8 0 9 9 4 8 10 9 4 9
split_gain=120.214 93.1916 46.6033 38.4743 38.0552 25.9206 25.7043 35.1597 34.7673 25.1271 23.296 22.2478 19.878 20.3264 19.5873 18.9951 18.213 22.5426 17.5103 17.4646 19.3786 18.1162 16.4204 16.4171 16.2749 15.289 15.1466 18.0183 21.4048 15.6245
threshold=183.00000000000003 465.00000000000006 0 1 135.00000000000003 2 -1.0000000180025095e-35 3 4 5 6 7 1095.0000000000002 8 9 -98.999999999999986 10 11 459.00000000000006 12 13 -122.99999999999999 14 15 405.00000000000006 16 17 18 195.00000000000003 19
decision_type=2 2 9 9 2 9 2 9 9 9 9 9 2 9 9 2 9 9 2 9 9 2 9 9 2 9 9 9 2 9
left_child=4 22 9 5 11 -4 16 10 -9 -3 -8 14 13 26 -1 -13 17 -6 -5 20 -18 -21 24 -14 -2 -23 27 28 -10 -28
right_child=1 2 3 18 6 -7 7 8 12 -11 -12 15 23 -15 -16 -17 19 -19 -20 21 -22 25 -24 -25 -26 -27 29 -29 -30 -31
leaf_value=-0.2801650655022091 0.21917481818917017 -2.9920201592884093 -5.8544740589586617 2.0225869125583174 1.3090333067861868 1.4397317854658702 0.46335479814785202 1.1199397112929688 -3.2988896389115414 0.18267250476956298 -0.35642726821859294 -0.90526945605415965 -1.412084262878065 0.67719937922879136 0.39032318134737765 0.82514567689706964 -0.49020546203353776 -0.067508843144935257 15.756788861630278 -2.8034502304392692 0.66559545850392277 0.070254689358491704 4.5890701009747952 0.29327307727393775 -5.1242694642461499 -0.38051365281774624 1.0169494416548031 -0.27102137695602335 -3.3089281665395305 -0.08181756156816207
leaf_weight=4026 1479 5561 3082 26262 9769 4795 19886 30205 151 8859 45520 1306 12441 43425 6254 24162 5102 24785 9780 7218 14091 26334 43079 18943 128 42754 6088 3455 1263 14815
leaf_count=4026 1479 5561 3082 26262 9769 4795 19886 30205 151 8859 45520 1306 12441 43425 6254 24162 5102 24785 9780 7218 14091 26334 43079 18943 128 42754 6088 3455 1263 14815
internal_value=0.00161172 0.00462558 0.00199335 0.00361242 0.000753965 -0.00271713 0.000414566 0.00113725 0.00208386 -0.00293832 -0.000755778 0.0038514 0.00119007 0.00213694 -7.7745e-05 0.00543528 -0.000675647 0.00129152 0.00499612 -0.00138741 0.00130865 -0.00206562 0.00806203 -0.000897272 -0.00187384 -0.00156786 -8.84334e-05 -0.00510555 -0.0145787 0.0010821
internal_weight=465018 103025 58339 43919 361993 7877 326245 196192 130786 14420 65406 35748 100581 69197 10280 25468 130053 34554 36042 95499 19193 76306 44686 31384 1607 69088 25772 4869 1414 20903
internal_count=465018 103025 58339 43919 361993 7877 326245 196192 130786 14420 65406 35748 100581 69197 10280 25468 130053 34554 36042 95499 19193 76306 44686 31384 1607 69088 25772 4869 1414 20903
cat_boundaries=0 4 6 10 15 19 23 27 31 35 39 43 48 52 56 60 64 68 70 74 78
cat_threshold=1476421832 73662598 1249916936 8428752 3507167492 6 2449498148 1144155520 151060483 100696372 2283831424 76292305 1091748948 545267763 1 136448 268452261 2149715937 86024731 429985825 2231405312 159911940 110657876 3502485824 1074900675 723520 1572864 227016961 2149646336 64 19014676 2149409312 22460488 1438662666 1050628 293601280 270548992 1744830466 128 1208500234 549788676 1160014784 5242891 2249459716 1233257490 1611956228 2759869731 1 1153510680 2147490821 805437616 2836431124 46535168 1477083656 2151678990 42160640 16512 4194304 167837696 268437568 387077637 1348471076 2214594824 1079777280 46212608 302137696 33788974 19088960 1245817346 6 68157952 822116864 134217728 2244608 303055393 553681412 272629760 67147784
is_linear=0
shrinkage=0.1


Tree=41
num_leaves=31
num_cat=22
split_feature=0 4 4 0 0 9 9 8 9 6 8 9 10 6 9 11 11 8 9 8 9 8 9 8 9 0 11 9 11 8
split_gain=118.837 63.2356 47.931 35.2546 27.572 27.5936 27.1837 26.7591 24.0393 23.5393 34.5679 34.0099 32.341 30.5313 51.5405 34.2981 29.476 25.1565 33.8987 24.1179 23.468 23.4351 23.0187 24.9062 19.8955 19.5216 19.5188 19.0235 18.4687 24.176
threshold=267.00000000000006 735.00000000000011 165.00000000000003 39.000000000000007 615.00000000000011 0 1 2 3 634.50000000000011 4 5 6 1146.5000000000002 7 8 9 10 11 12 13 14 15 16 17 27.000000000000004 18 19 20 21
decision_type=2 2 2 2 2 9 9 9 9 2 9 9 9 2 9 9 9 9 9 9 9 9 9 9 9 2 9 9 9 9
left_child=2 8 3 7 5 -3 -4 -1 -2 10 11 12 -8 17 15 -15 20 18 -11 -16 -12 -17 23 -5 -19 -21 -7 -18 29 -24
right_child=1 4 6 22 -6 26 9 -9 -10 13 16 -13 -14 14 19 21 27 24 -20 25 -22 -23 28 -25 -26 -27 -28 -29 -30 -31
leaf_value=0.52492795425673255 -2.7877502594917107 -3.6120337946231369 2.5222591596809867 3.1206622242236697 21.313572171507168 -2.3530863006157019 -10.681363730065613 -0.08159098592279479 7.1540134898201435 -1.2707916783572131 -2.2163611646356212 -0.62078872206632951 -2.620439065211249 -4.8142887649114492 -0.69824708161993998 0.27405150221725399 -0.3224341460438741 -0.21843407587253041 0.27615743377517221 -0.022249226080137983 -0.1365760182360353 -1.3699572827856557 -0.62676265727566416 -0.78656824705283868 0.54759366231843687 1.3088821367080001 3.1880514644283311 0.94268794845050063 1.1723478185771179 1.3176752472595332
leaf_weight=15420 383 3894 8651 820 5465 5980 249 19898 40071 9418 5128 22029 2413 3742 11768 5070 8828 20150 17927 16452 32455 6827 2880 1357 126016 13322 9312 21979 22906 4208
leaf_count=15420 383 3894 8651 820 5465 5980 249 19898 40071 9418 5128 22029 2413 3742 11768 5070 8828 20150 17927 16452 32455 6827 2880 1357 126016 13322 9312 21979 22906 4208
internal_value=0.00156828 0.0055303 0.000923276 0.00335299 0.00153787 -0.000247055 0.000429993 0.00117164 0.00796312 0.000282072 -0.00106026 -0.00426663 -0.0149251 0.000823696 -0.00118029 -0.00607131 9.79536e-05 0.00148411 -0.00129958 0.000662303 -0.00178145 -0.00343747 0.00574772 -0.00417467 0.00200484 0.00217701 0.00166776 0.00239056 0.00646714 0.00199775
internal_weight=465018 65105 399913 67489 24651 19186 332424 35318 40454 323773 93081 24691 2662 230692 57181 15639 68390 173511 27345 41542 37583 11897 32171 2177 146166 29774 15292 30807 29994 7088
internal_count=465018 65105 399913 67489 24651 19186 332424 35318 40454 323773 93081 24691 2662 230692 57181 15639 68390 173511 27345 41542 37583 11897 32171 2177 146166 29774 15292 30807 29994 7088
cat_boundaries=0 4 8 12 16 20 25 27 31 32 34 38 43 47 51 55 59 63 67 69 73 75 79
cat_threshold=134244553 67371014 159414272 8424129 537133072 17408 805568512 2214592768 2501542144 2223653132 744689696 1673216 128 4194304 33562624 64 2359821825 268443936 2092962197 34865189 269484032 1147668996 1216348160 73728 1 167772162 2 2283800704 71305368 1157843212 1484792499 302031424 2224554554 1 5333065 1208261899 364904968 46138388 358785025 2024870425 655488 1076899968 1 3256156192 2704453728 1100034048 34603280 1065508 604569600 1085341698 10485764 2291697410 1343225856 1090592160 34618410 134742784 0 0 16 0 0 0 1048576 67709344 67502401 1242749976 545530496 2705991172 10 1384121358 369363122 138413601 268577897 2147627782 22 8552448 154148864 268435458 67303680
is_linear=0
shrinkage=0.1


Tree=42
num_leaves=31
num_cat=21
split_feature=0 4 0 9 4 10 8 9 11 9 6 9 8 9 8 9 9 10 9 0 4 8 6 11 8 7 1 9 8 9
split_gain=115.76 61.2561 72.0167 37.1796 31.7873 28.7707 43.1072 30.2405 31.5065 62.4664 30.9807 28.1655 26.9259 23.5212 22.6126 28.9889 21.1407 18.7562 27.6945 18.5643 18.2314 18.1337 17.4043 16.9344 16.7956 16.5061 16.2358 15.486 15.1644 16.5703
threshold=399.00000000000006 255.00000000000003 147.00000000000003 0 2865.0000000000005 1 2 3 4 5 449.50000000000006 6 7 8 9 10 11 12 13 -8.9999999999999982 75.000000000000014 14 613.50000000000011 15 16 17 -446.99999999999994 18 19 20
decision_type=2 2 2 9 2 9 9 9 9 9 2 9 9 9 9 9 9 9 9 2 2 9 2 9 9 1 8 9 9 9
left_child=1 2 3 26 24 6 13 22 9 10 -9 -8 20 -3 15 -10 21 18 -14 -19 -5 -16 23 -7 -2 -15 -1 -22 -18 -30
right_child=4 5 -4 12 -6 7 11 8 14 -11 -12 -13 17 25 16 -17 28 19 -20 -21 27 -23 -24 -25 -26 -27 -28 -29 29 -31
leaf_value=-13.956741972245746 -5.3523322584261042 -5.7354045578061204 2.3889383701702558 0.52188428320978686 -7.9763546635649352 -0.69039209773902777 2.1000655612145542 -8.0283114266421745 -2.1019904898244044 0.4254302930739165 -4.4172296646831493 -0.5313228301315539 -1.2916389641529471 -9.9138180640876712 0.12475071018088497 -0.11312553418405608 -0.20911809675559603 0.090126625887868531 0.57408232237868695 0.89507619215581613 0.091805452848291225 1.2355725469101129 1.3536438313328256 0.73189809983649645 11.569347920548118 -1.4084529229994134 1.0902726299910206 -0.21963309387546825 0.64498832016621643 -0.0063528530591229551
leaf_weight=49 944 2632 23708 2992 1466 5968 8284 176 3997 10234 6099 31460 2836 646 24711 32102 48804 9513 4278 13955 11789 31590 28907 4973 32382 6270 15158 21954 35254 41887
leaf_count=49 944 2632 23708 2992 1466 5968 8284 176 3997 10234 6099 31460 2836 646 24711 32102 48804 9513 4278 13955 11789 31590 28907 4973 32382 6270 15158 21954 35254 41887
internal_value=0.00153732 0.00108864 0.00317249 0.00177694 0.00708554 0.000405378 -0.00181899 0.000804552 0.000372301 -0.00383861 -0.0116866 -0.000368768 0.000767449 -0.00784892 0.000690848 -0.00159545 0.00114378 0.00295894 -0.00153846 0.00432234 -0.00105729 0.00275452 0.0033514 -4.47853e-05 0.0077195 -0.00477043 0.00624105 -0.00172095 0.000423564 0.00129629
internal_weight=465018 430226 106232 82524 34792 323994 49292 274702 234854 16509 6275 39744 67317 9548 218345 36099 182246 30582 7114 23468 36735 56301 39848 10941 33326 6916 15207 33743 125945 77141
internal_count=465018 430226 106232 82524 34792 323994 49292 274702 234854 16509 6275 39744 67317 9548 218345 36099 182246 30582 7114 23468 36735 56301 39848 10941 33326 6916 15207 33743 125945 77141
cat_boundaries=0 4 6 10 15 17 22 27 31 35 39 44 48 50 54 58 59 63 64 68 72 76
cat_threshold=269763584 1880392200 2431713328 272735041 3493986582 3 369099780 119546000 2701232208 100970597 914620948 135840844 805568512 2755690796 2 2424312070 27 164928 830538512 2184265728 2972800 1 3175424 553688337 293610154 2148542729 1 378274311 2300719104 4160880642 67295368 1179648 75507712 1224736774 1080103945 22364256 1684264977 276828184 176226324 136 2359425 44109856 268439553 1 2152726792 562240002 2201162022 269046784 1749039937 8 8552512 142606592 4 136602624 277520911 452993284 152567809 84435362 2316435498 69664 32768 25165824 4 4 33685510 2155938048 131076 3810316 1207959565 2148016130 3894421826 7474241 197633 3523215633 67141704 1091829777
is_linear=0
shrinkage=0.1


Tree=43
num_leaves=31
num_cat=21
split_feature=0 4 8 0 4 9 8 11 8 10 8 9 9 9 8 8 9 9 4 9 10 8 4 9 4 9 4 0 10 10
split_gain=108.762 80.5595 43.7743 39.5892 38.8816 46.1864 33.5181 30.3764 35.9753 28.1091 26.8832 25.2954 25.0411 18.7278 28.1026 19.4866 17.6722 17.5289 15.7559 15.7299 15.0421 15.0019 14.785 14.3044 13.7289 13.032 12.6389 12.214 13.2477 11.9703
threshold=213.00000000000003 465.00000000000006 0 15.000000000000002 1095.0000000000002 1 2 3 4 5 6 7 8 9 10 11 12 13 2325.0000000000005 14 15 16 135.00000000000003 17 405.00000000000006 18 75.000000000000014 507.00000000000006 19 20
decision_type=2 2 9 2 2 9 9 9 9 9 9 9 9 9 9 9 9 9 2 9 9 9 2 9 2 9 2 2 9 9
left_child=3 19 9 13 5 6 26 8 -7 -3 -9 -4 -11 14 -1 17 29 -15 25 24 23 -18 -8 -12 -2 27 -5 28 -13 -6
right_child=1 2 11 4 16 7 22 10 -10 12 20 18 -14 15 -16 -17 21 -19 -20 -21 -22 -23 -24 -25 -26 -27 -28 -29 -30 -31
leaf_value=1.6682163090230091 0.31996757655211328 -8.9299215757041406 -0.70737769830798081 1.2631008754400541 -12.092030472760838 -1.5240706340598598 1.1667369557300036 0.15905834140004038 0.75101168142721564 -3.3310141938635685 -7.1445989733768505 -6.3449873463423359 0.51490105842826184 -0.7781199161287522 -0.012587462620201266 -0.040892457731410717 -1.1736153236970155 -0.25994257883245181 -2.2885953971068682 5.1840515281452397 1.0307598093732195 0.42506910950076771 0.20409457359525202 0.41082327891916742 -3.8080594500744476 5.9429491350841772 -0.41778758452676173 14.44741751313132 1.3865851973877019 -1.6024644883826307
leaf_weight=10584 1466 666 7853 782 366 5521 5990 15077 12136 3040 250 761 8020 5852 25485 112872 10773 23035 2431 36071 57367 31629 33508 625 205 14616 19394 3060 8767 6816
leaf_count=10584 1466 666 7853 782 366 5521 5990 15077 12136 3040 250 761 8020 5852 25485 112872 10773 23035 2431 36071 57367 31629 33508 625 205 14616 19394 3060 8767 6816
internal_value=0.0014728 0.00466167 0.00199618 0.00073935 0.00170371 0.00250315 0.000340795 0.00392104 0.000196412 -0.00333504 0.00481788 0.00366366 -0.00212285 -0.000346514 0.00168769 -0.000864152 -0.000725234 -0.0031813 0.00500084 0.00813735 0.00579242 5.2344e-05 0.00203452 -0.00717514 -0.00136228 0.00569181 -0.00297434 0.00332434 0.00156171 -0.00530868
internal_weight=465018 86956 49214 378062 200234 150650 59674 90976 17657 11726 73319 37488 11060 177828 36069 141759 49584 28887 29635 37742 58242 42402 39498 875 1671 27204 20176 12588 9528 7182
internal_count=465018 86956 49214 378062 200234 150650 59674 90976 17657 11726 73319 37488 11060 177828 36069 141759 49584 28887 29635 37742 58242 42402 39498 875 1671 27204 20176 12588 9528 7182
cat_boundaries=0 4 9 13 15 19 21 25 30 34 39 43 47 51 55 59 60 64 68 72 74 76
cat_threshold=553738273 220776466 227614724 176685332 3358105856 75636880 240255168 138469426 3 93601796 145728 1749028866 345092 2153790246 18 2281881600 2300059976 436207626 67303488 285810946 2 272196132 717656152 1409368074 34604032 134245328 71567488 1100003336 146851456 2 42503368 2758017042 178257920 10493632 806619156 1073875972 806748562 2826998035 2 2164850696 2448425035 136316400 7864664 86310913 87040523 805601301 44566933 385880069 340033809 1073791004 8912928 2166358088 286265346 134254624 336527424 16512 4194304 176226304 268437568 134225920 2399469829 1213793424 536969224 37762948 0 536904448 4 2097152 2164424745 161685558 138477636 17905683 3489792516 2 196624 2
is_linear=0
shrinkage=0.1


Tree=44
num_leaves=31
num_cat=23
split_feature=0 4 0 8 4 6 9 8 8 9 11 11 9 9 9 9 10 9 9 10 9 10 9 0 9 8 8 8 8 4
split_gain=107.656 56.2482 67.9624 28.7063 27.3401 23.4202 29.9133 27.9762 26.5771 31.5227 26.9013 24.931 25.9864 23.7792 22.2705 20.4149 20.0361 22.0066 19.5072 19.1644 19.0547 18.3371 23.7337 17.7353 24.1967 20.6866 18.4984 17.1057 17.0399 17.2727
threshold=429.00000000000006 195.00000000000003 93.000000000000014 0 1575.0000000000002 634.50000000000011 1 2 3 4 5 6 7 8 9 10 11 12 13 14 15 16 17 27.000000000000004 18 19 20 21 22 105.00000000000001
decision_type=2 2 2 9 2 2 9 9 9 9 9 9 9 9 9 9 9 9 9 9 9 9 9 2 9 9 9 9 9 2
left_child=1 2 3 18 -2 8 27 16 9 21 14 12 -9 -13 19 -12 -8 -18 -1 -10 28 22 -3 -15 25 -25 -26 -7 29 -4
right_child=4 5 20 -5 -6 6 7 11 10 -11 15 13 -14 23 -16 -17 17 -19 -20 -21 -22 -23 -24 24 26 -27 -28 -29 -30 -31
leaf_value=-0.19817185494031561 12.407285589448527 -15.542782860573775 0.12599985031938701 0.45925538621922901 -0.68365876058206421 0.27222843875953379 0.64963742726054374 0.6346512414191402 0.70710702843548623 -0.28988986944938189 -0.46885196496881792 1.2582671779996621 -1.2245876232485566 -0.065203909049135478 -0.13122490659364702 0.90800112149585921 -6.9550183877089218 -0.6812282936791938 0.068288679701589278 -3.2838318000505264 1.6922418108124591 -2.4189490840059844 -5.610434222830488 0.30272309574134398 -0.94318943175931569 1.4726810511434714 0.3972485332702943 1.9386750686296197 1.4431830077185113 -1.4960173793099174
leaf_weight=9780 26475 109 881 25170 3951 17591 8505 14434 1364 14123 8936 26537 22530 50177 37591 22973 1645 26047 22942 4165 28250 5407 639 19019 6974 20548 14780 21053 1473 949
leaf_count=9780 26475 109 881 25170 3951 17591 8505 14434 1364 14123 8936 26537 22530 50177 37591 22973 1645 26047 22942 4165 28250 5407 639 19019 6974 20548 14780 21053 1473 949
internal_value=0.00142958 0.00102699 0.00326178 0.00122677 0.00718004 0.000447839 0.000956613 0.000488433 -0.000885874 -0.004097 -1.74572e-05 0.00101189 -0.00129442 0.00162954 -0.00164619 0.00218334 -0.00204187 -0.00334561 -0.000726506 -0.00756635 0.00699553 -0.0100649 -0.0246966 0.000988988 0.00212994 0.00360235 -0.000549531 0.00351425 -0.000202233 -0.00663043
internal_weight=465018 434592 89445 57892 30426 345147 249840 211196 95307 20278 75029 174999 36964 138035 43120 31909 36197 27692 32722 5529 31553 6155 748 111498 61321 39567 21754 38644 3303 1830
internal_count=465018 434592 89445 57892 30426 345147 249840 211196 95307 20278 75029 174999 36964 138035 43120 31909 36197 27692 32722 5529 31553 6155 748 111498 61321 39567 21754 38644 3303 1830
cat_boundaries=0 4 8 12 16 20 22 24 28 32 37 41 42 46 51 52 56 58 62 67 71 75 79 82
cat_threshold=2432958983 523243648 1543503874 67294088 839123476 555242540 809501347 2216723716 7422020 136368155 566599752 180355600 226559008 335552552 1551896597 34865189 270008841 1416702082 1254096992 6395928 3331850810 1 2158539716 31 73494603 2149845010 3380674884 4259883 5244192 444760275 2490624 805329576 8405536 2215182340 1357971456 2162692 1 1342178310 386279604 203433505 146497 542640660 16777344 67176640 3274178568 4096 2366767104 52953092 2147483712 218103936 1 1074012416 134217984 0 131072 48 3103787008 2 1048576 268435456 134217728 2162688 226656259 2147558144 2172653636 22937665 1 2567710217 2744131840 1275592704 1048865 1418067976 71827840 147474 19066880 2382389248 1159073064 21598208 167927872 4 0 1749024768
is_linear=0
shrinkage=0.1


Tree=45
num_leaves=31
num_cat=22
split_feature=0 4 0 9 4 8 9 10 0 8 11 8 8 8 9 8 9 8 9 4 4 9 8 9 9 4 9 8 10 9
split_gain=102.055 62.7833 40.167 43.8834 30.6808 32.4949 30.9422 30.1847 29.8401 27.2772 24.4229 23.3988 22.6919 20.6308 19.7963 19.7533 18.9499 20.1341 18.8389 21.2616 17.9423 16.9256 24.5572 16.6251 16.5793 16.5207 24.1875 16.4015 15.6851 14.7742
threshold=285.00000000000006 735.00000000000011 27.000000000000004 0 435.00000000000006 1 2 3 645.00000000000011 4 5 6 7 8 9 10 11 12 13 105.00000000000001 1485.0000000000002 14 15 16 17 165.00000000000003 18 19 20 21
decision_type=2 2 2 9 2 9 9 9 2 9 9 9 9 9 9 9 9 9 9 2 2 9 9 9 9 2 9 9 9 9
left_child=2 16 21 10 5 -5 15 -8 9 29 11 -4 14 -12 -6 25 17 -2 19 -9 24 22 -1 -11 -14 28 -27 -23 -7 -3
right_child=1 8 3 4 12 6 7 18 -10 23 13 -13 20 -15 -16 -17 -18 -19 -20 -21 -22 27 -24 -25 -26 26 -28 -29 -30 -31
leaf_value=-0.42453432558848397 -1.4195808760472515 -10.532664899264454 -1.755413284755603 1.181120990397367 -1.3877397805702438 0.58120441092897968 0.69658108712812494 0.79235894144237606 20.568768443363112 -2.7018755199289206 0.56537856109869233 1.3970445421079969 0.0065970594749371336 1.7821204914480469 -0.18731796359686648 -0.003914318255636387 7.459509514541546 4.8525744182969808 0.48726125499868467 -1.6925132607283773 -0.66129839805698432 -0.2987159201733377 0.74552397216225952 3.6051382698246117 1.3772533913484368 -0.99874754115272857 -1.9540961986317378 -0.0073463397483878624 -0.59967661806485217 -2.753747074776574
leaf_weight=8566 2165 120 3371 16457 8631 1048 21076 1707 4894 2789 13011 4030 23512 23381 21049 8816 32139 2617 6111 4402 20335 38508 23373 9222 26195 1387 710 129002 926 5468
leaf_count=8566 2165 120 3371 16457 8631 1048 21076 1707 4894 2789 13011 4030 23512 23381 21049 8816 32139 2617 6111 4402 20335 38508 23373 9222 26195 1387 710 129002 926 5468
internal_value=0.00138463 0.00525533 0.000817645 0.00179646 0.00103848 0.00277299 0.00141212 0.00302228 0.00109056 -0.00083016 0.00460539 -0.000632843 -5.09412e-05 0.00567057 -0.0023678 -0.00274715 0.00779258 0.00190317 -0.000932134 -0.00485537 0.000931023 -0.000194084 0.00191524 0.00185592 0.00195486 -0.00850037 -0.014702 -0.000596346 -0.00195542 -0.00659521
internal_weight=465018 59414 405604 206155 162362 62640 46183 33296 22493 17599 43793 7401 99722 36392 29680 12887 36921 4782 12220 6109 70042 199449 31939 12011 49707 4071 2097 167510 1974 5588
internal_count=465018 59414 405604 206155 162362 62640 46183 33296 22493 17599 43793 7401 99722 36392 29680 12887 36921 4782 12220 6109 70042 199449 31939 12011 49707 4071 2097 167510 1974 5588
cat_boundaries=0 5 9 14 15 19 21 25 29 33 37 41 45 49 53 57 61 65 70 75 79 80 84
cat_threshold=847643668 3775956522 805306912 2214985996 2 134391104 281608262 36409408 18481832 2282258691 16 169017409 1342210096 1 2921108664 17903649 2369282323 687935488 41976196 3758701314 16 2150154240 1158754576 134479878 67303424 1245913152 2151813144 1091629066 240533508 413098048 2148275456 472653826 41946116 1593346 371466384 2166358082 26325008 67125252 0 3829399560 2163008 2281726144 4325380 44118016 268441152 17408 19959810 25165824 243793936 0 144703744 4 20464640 1610876952 1073761300 874252680 3095433489 41028098 1514177156 3259498498 42158724 469895622 67504144 16799744 159439523 2281759042 214040596 181540868 143156256 1 2147483648 0 134283328 0 1 2166627333 86516233 134218757 44583333 133770 32776 67108864 8192 2097152
is_linear=0
shrinkage=0.1


Tree=46
num_leaves=31
num_cat=23
split_feature=0 4 0 9 4 8 0 11 8 4 9 11 9 9 9 10 9 8 9 9 8 9 9 10 8 8 9 8 10 0
split_gain=100.224 52.7693 32.1482 53.5202 31.9465 33.0157 26.5174 25.7022 25.1675 23.9789 22.533 21.7419 20.7929 18.0583 16.007 14.9999 18.0123 14.1902 18.4827 16.156 14.025 26.4819 13.3725 16.1699 13.2857 13.0001 12.8861 13.44 12.8714 12.5464
threshold=459.00000000000006 135.00000000000003 63.000000000000007 0 1125.0000000000002 1 93.000000000000014 2 3 2985.0000000000005 4 5 6 7 8 9 10 11 12 13 14 15 16 17 18 19 20 21 22 -38.999999999999993
decision_type=2 2 2 9 2 9 2 9 9 2 9 9 9 9 9 9 9 9 9 9 9 9 9 9 9 9 9 9 9 2
left_child=1 6 14 11 5 7 8 10 22 -2 -5 -4 15 -9 -3 16 -7 18 -6 -19 21 24 23 -1 -16 -13 27 -22 -12 -28
right_child=9 2 3 4 17 12 -8 13 -10 -11 28 25 -14 -15 20 -17 -18 19 -20 -21 26 -23 -24 -25 -26 -27 29 -29 -30 -31
leaf_value=0.31521561847665136 12.480209946841095 7.6310254018574728 -0.54840010336384459 0.026065570931892414 -13.405031781398476 -3.5313152740325098 1.4860237716140001 -0.6355908020840928 0.64088624091352353 -7.2646189435673323 -1.0684604122030728 0.27453145378897031 1.2720191461071166 0.45429665887050003 -6.1865576018230861 0.58055791386382161 0.045166999220916187 -1.6651280531412209 -1.9921055623693826 0.61007172990471026 -0.53731917557405395 -0.15205231898875562 0.14438295257174794 -0.33445055448180311 -0.73037304939469683 2.1958385133946843 -0.14504084633904243 0.038283684684986247 -4.2848101452912744 0.23329550577159203
leaf_weight=1764 25611 2200 4073 2910 110 1745 16669 7765 16611 1092 2155 3396 32071 19828 462 23148 5398 9898 8880 17957 16343 45715 5436 3812 3498 23075 46554 20051 1396 95395
leaf_count=1764 25611 2200 4073 2910 110 1745 16669 7765 16611 1092 2155 3396 32071 19828 462 23148 5398 9898 8880 17957 16343 45715 5436 3812 3498 23075 46554 20051 1396 95395
internal_value=0.00134829 0.000985935 0.000618061 0.0016889 0.00082321 0.00178041 0.00425856 -0.000723931 0.00235782 0.00729618 -0.00639623 0.00546377 0.00314757 0.000606094 -0.000143863 0.00126762 -0.00273591 -0.00168137 -0.00513333 -0.000565225 -0.000225937 -0.00171178 -0.00135003 -0.00478697 -0.0095466 0.00651071 0.000187998 -0.0014905 -0.0117355 0.000618418
internal_weight=465018 438315 394023 163805 133261 96416 44292 34054 27623 26703 6461 30544 62362 27593 230218 30291 7143 36845 8990 27855 228018 49675 11012 5576 3960 26471 178343 36394 3551 141949
internal_count=465018 438315 394023 163805 133261 96416 44292 34054 27623 26703 6461 30544 62362 27593 230218 30291 7143 36845 8990 27855 228018 49675 11012 5576 3960 26471 178343 36394 3551 141949
cat_boundaries=0 4 8 10 14 19 21 25 30 34 36 40 44 48 52 56 61 65 67 71 75 80 84 85
cat_threshold=914753076 2719012360 805306928 2214723844 12075040 2166526227 1304444954 178258180 1077945156 23 327156231 421556224 3019902978 135312 4096 75908 8423424 138463259 1 2152212992 20 1208017216 148906144 1209073668 151020787 1057216 352976900 8257 269488146 1 16 0 537133056 2147483904 3779078996 2 256 142606336 134217732 16793600 1191510276 1798833280 3372507144 104988932 8 71303168 2147483648 2097152 17393793 1151598852 6345740 9013424 71764485 637665801 146800661 44059941 253788680 336106056 167809056 67174432 2 92799233 136912896 64 16786440 1213825170 14 131072 0 138412048 2052 549928 2157449224 471924736 168296448 38019 2756183336 1161839617 70134400 1 330334210 286008592 572549376 1585736 3222930442
is_linear=0
shrinkage=0.1


Tree=47
num_leaves=31
num_cat=22
split_feature=0 4 9 11 0 8 9 4 9 9 8 8 6 11 8 4 8 9 7 8 0 9 8 9 6 9 9 9 8 8
split_gain=95.2951 78.3838 38.4398 29.5583 28.7253 34.7767 37.5563 27.28 24.4563 20.6855 26.1004 20.5759 20.2409 18.9278 30.2765 26.5804 33.9172 23.8683 18.1385 17.1911 19.4744 16.6413 16.1868 15.52 15.4 14.9843 14.9387 14.4977 14.4872 13.4905
threshold=237.00000000000003 465.00000000000006 0 1 -14.999999999999998 2 3 75.000000000000014 4 5 6 7 589.50000000000011 8 9 405.00000000000006 10 11 12 13 -254.99999999999997 14 15 16 1181.5000000000002 17 18 19 20 21
decision_type=2 2 9 9 2 9 9 2 9 9 9 9 2 9 9 2 9 9 1 9 2 9 9 9 2 9 9 9 9 9
left_child=4 -2 11 8 19 6 -6 -7 12 10 25 -3 -4 14 17 16 21 18 -11 26 27 -15 -5 29 -20 -9 -1 -21 -10 -17
right_child=1 2 3 22 5 7 -8 9 28 13 -12 -13 -14 15 -16 23 -18 -19 24 20 -22 -23 -24 -25 -26 -27 -28 -29 -30 -31
leaf_value=1.2557568843180213 5.0150358860016579 -3.7695127729131772 -7.9300371601477044 0.0713653679718812 -0.13146257792974314 0.76681054239970137 1.402772881424134 -1.4096482874191254 -4.1710574308751642 -3.4121451840603116 0.0069855598334604627 -0.12514307621969536 -4.105137914218882 -0.22106015995048081 0.47689493860198601 0.45817463090884314 0.86093082031381274 0.0097418833303393442 -0.79434470101345167 -12.589049143378446 -0.17654852091391254 0.29909834527659929 4.4698139310445422 0.6617153418538414 -3.1541115139887834 -0.60863257285051753 0.0087269124464347744 -3.6678696319548365 3.0935679199556558 -0.30698760567437006
leaf_weight=8358 33087 3703 284 5133 12132 5116 30351 2975 2082 1505 42856 6624 1869 6822 19513 18839 25094 7027 6005 215 86472 13379 19228 35928 681 9255 22926 1258 4326 31975
leaf_count=8358 33087 3703 284 5133 12132 5116 30351 2975 2082 1505 42856 6624 1869 6822 19513 18839 25094 7027 6005 215 86472 13379 19228 35928 681 9255 22926 1258 4326 31975
internal_value=0.00130184 0.00453207 0.00172929 0.00339852 0.000667435 0.00123929 0.00386487 0.000747643 -0.00165558 0.000581193 -0.00109881 -0.00359195 -0.0108507 0.00113612 -0.000940963 0.00168251 0.0036461 -0.0042829 -0.00794903 -0.000624931 -0.00134103 0.000594231 0.00517459 0.000657352 -0.00569594 -0.00517157 0.00138813 -0.0127427 0.00144593 -0.000467495
internal_weight=465018 76336 43249 32922 388682 269453 42483 226970 8561 221854 55086 10327 2153 166768 34731 132037 45295 15218 8191 119229 87945 20201 24361 86742 6686 12230 31284 1473 6408 50814
internal_count=465018 76336 43249 32922 388682 269453 42483 226970 8561 221854 55086 10327 2153 166768 34731 132037 45295 15218 8191 119229 87945 20201 24361 86742 6686 12230 31284 1473 6408 50814
cat_boundaries=0 5 7 11 16 20 25 29 33 35 39 43 47 48 52 56 60 64 68 73 77 81 85
cat_threshold=1208052168 71565318 1249914880 142614224 2 2169219860 10 536909056 65701 2149748721 19439643 2281761024 417601601 286295060 671694851 1 2484244512 176300352 2115588 806240256 2098560 1141383480 1075988936 3250626672 1 153635332 269092866 1896615940 134545732 421613568 151044882 763494406 110657620 2959096594 27 2417639425 2306351370 167772170 67262720 379322379 522584344 1275084810 33558592 214073441 697336320 65540 4147200 12 1208565768 562371619 1092700128 4194315 151552517 673186304 0 134365197 5857900 2302181376 269525033 41943332 3423789058 2183430145 13631494 406604298 128 1073741824 2097160 2151686256 2417231876 1216558228 538214400 2692837704 1 2281718272 8519680 142622720 2112 2350022657 3441039360 3238330370 86164544 482885635 2466414850 134807552 9638240
is_linear=0
shrinkage=0.1


Tree=48
num_leaves=31
num_cat=22
split_feature=0 0 4 9 8 0 10 9 1 9 8 9 8 8 3 9 8 9 8 10 8 0 9 9 4 8 10 11 9 8
split_gain=95.2677 48.7271 74.3405 40.2325 27.287 22.6911 22.3499 31.9645 31.5153 28.6522 21.6958 19.823 24.2526 17.5871 16.8997 16.4539 16.0996 15.4769 30.5963 19.0348 16.3706 21.2206 17.4639 15.4973 13.8544 21.2709 13.658 13.4824 13.23 13.1091
threshold=501.00000000000006 57.000000000000007 195.00000000000003 0 1 201.00000000000003 2 3 177.00000000000003 4 5 6 7 8 8.5000000000000018 9 10 11 12 13 14 -230.99999999999997 15 16 105.00000000000001 17 18 19 20 21
decision_type=2 2 2 9 9 2 9 9 10 9 9 9 9 9 2 9 9 9 9 9 9 2 9 9 2 9 9 9 9 9
left_child=1 17 5 27 15 11 9 8 29 -6 -10 12 24 -9 -11 -5 28 18 -1 -20 22 23 -19 -22 -3 -26 -14 -4 -2 -8
right_child=16 2 3 4 6 -7 7 13 10 14 -12 -13 26 -15 -16 -17 -18 20 19 -21 21 -23 -24 -25 25 -27 -28 -29 -30 -31
leaf_value=1.1995811311723592 -10.146755319851515 -0.16934672684563895 0.15478674610491155 -0.26532972904897439 -0.13832234835882393 3.5297052916345657 -2.2632096238413815 -1.2919539653445886 -5.3340530386275722 1.6346453103240668 -2.1600966195555888 0.84844868990764233 -0.22800206248554478 0.4684409975047501 -0.35742822147333808 2.2288524075080445 15.148287558934676 -0.23385840848573949 -0.99591425003252798 0.15390751009901624 -12.482543933266983 -0.10249080711473996 0.48400548973578456 -2.6737929862004526 -3.1476067634880374 -0.53484686160366024 0.46130656603159403 2.0261351557235603 9.4583965091580726 0.13476988323963526
leaf_weight=14099 742 680 5408 5977 38035 15493 2920 10954 2866 17212 1952 15390 3447 24561 5825 13936 20455 14408 4510 32532 267 140542 37651 1892 195 577 7012 18531 1133 5816
leaf_count=14099 742 680 5408 5977 38035 15493 2920 10954 2866 17212 1952 15390 3447 24561 5825 13936 20455 14408 4510 32532 267 140542 37651 1892 195 577 7012 18531 1133 5816
internal_value=0.00126249 0.000941024 0.00211381 0.00108921 0.000395498 0.00580081 -0.000220515 -0.00180953 -0.00593925 0.00105629 -0.0124367 0.00406615 0.000999078 -0.00023223 0.00383868 0.00380113 0.00763547 2.48105e-06 0.00155051 4.10238e-05 -0.000404066 -0.000957809 0.00111371 -0.0107967 -0.011067 -0.0203109 0.00268316 0.00485574 -0.00124668 -0.00236264
internal_weight=465018 442688 196787 153993 130054 42794 110141 49069 13554 61072 4818 27301 11911 35515 23037 19913 22330 245901 51141 37042 194760 142701 52059 2159 1452 772 10459 23939 1875 8736
internal_count=465018 442688 196787 153993 130054 42794 110141 49069 13554 61072 4818 27301 11911 35515 23037 19913 22330 245901 51141 37042 194760 142701 52059 2159 1452 772 10459 23939 1875 8736
cat_boundaries=0 5 9 11 16 21 25 30 34 38 43 47 51 55 57 61 66 70 73 74 76 80 84
cat_threshold=906233394 2719012392 872415776 2214723844 2 536904448 5046956 36311008 16822795 775164041 8 3246426560 226566160 168054860 11273296 1 2303254528 4465088 3365011520 154144787 1 338826244 2234533891 2365587456 1048912 201884418 143130896 131136 18900016 1 16777216 131072 1744830464 4096 3532734508 2702188544 554758154 46415876 2281760768 143001664 138494980 679495698 1 6361120 1073745410 17039364 4 815005716 180228 806293906 3087044889 2150174728 24118090 153092552 7864666 4026793988 14 1208008960 813800612 1112756784 4292618 1093190147 4195680 102760545 2885764 1 2281702400 0 134217728 1073744448 0 0 1207959552 3221371714 3228117650 23 370215180 2097168 2284847104 8388648 2486181892 335556608 1283457026 4327444
is_linear=0
shrinkage=0.1


Tree=49
num_leaves=31
num_cat=21
split_feature=0 4 0 8 10 9 9 8 9 8 1 4 8 8 9 0 8 8 9 9 10 8 8 4 9 4 8 9 0 8
split_gain=92.3291 86.0821 48.2404 43.6617 38.7608 52.6433 43.4215 23.4091 20.9767 20.1855 19.054 17.8417 28.5106 16.8536 16.0214 18.4797 20.1177 19.5149 24.1818 19.6724 20.3465 21.8201 15.7771 15.6361 21.7615 14.4702 14.4005 14.3993 16.0983 20.1205
threshold=129.00000000000003 285.00000000000006 615.00000000000011 0 1 2 3 4 5 6 231.00000000000003 105.00000000000001 7 8 9 -74.999999999999986 10 11 12 13 14 15 16 45.000000000000007 17 75.000000000000014 18 19 285.00000000000006 20
decision_type=2 2 2 9 9 9 9 9 9 9 8 2 9 9 9 2 9 9 9 9 9 9 9 2 9 2 9 9 2 9
left_child=11 9 3 8 6 7 26 -6 -3 27 -9 12 23 -7 -13 16 -16 18 -17 20 21 -19 -22 -1 25 -25 -5 28 29 -2
right_child=1 2 -4 4 5 13 -8 10 -10 -11 -12 14 -14 -15 15 17 -18 19 -20 -21 22 -23 -24 24 -26 -27 -28 -29 -30 -31
leaf_value=2.798611958811644 -2.1666218770292072 -0.16281948729413501 19.275961798569426 0.36156435793702479 -1.0699103249015562 1.1976762794049203 2.232750703676968 -2.675661210991958 3.6644848425275685 2.221592874004692 -8.3617652185899694 7.0021775339487409 0.95210311231787503 -1.1175335624457661 -1.5356396682206059 -0.23585139545859848 -0.24991950707199764 -1.7887189861102257 1.1265602038844909 -0.062935807163820287 0.99395482618167663 -0.014835123857012536 0.17090789084269845 -0.098466590330426318 -0.010670255221331889 -1.9748397810353358 -1.0052038476098535 0.77916296522492612 1.6155536244411834 -0.44923994640223275
leaf_weight=1059 269 4850 10441 8322 2676 10420 21848 2590 14069 33601 2085 2485 8097 16081 6680 10669 29973 1913 21145 175588 18723 5733 37920 784 2723 364 8156 4497 620 637
leaf_count=1059 269 4850 10441 8322 2676 10420 21848 2590 14069 33601 2085 2485 8097 16081 6680 10669 29973 1913 21145 175588 18723 5733 37920 784 2723 364 8156 4497 620 637
internal_value=0.00121733 0.00335161 0.00180898 0.00107106 -5.01465e-05 -0.0025155 0.0021275 -0.00999728 0.00534577 0.00730466 -0.0142689 0.000287042 0.00391264 -0.000437177 0.000135091 7.05038e-05 -0.00203721 0.000354852 0.00268162 4.61471e-05 0.00154264 -0.00329676 0.00219635 -0.00208502 -0.00503487 -0.0165112 -0.00174794 0.00196088 -0.00640625 -0.0149448
internal_weight=465018 141162 101538 91097 72178 33852 38326 7351 18919 39624 4675 323856 13027 26501 310829 308344 36653 271691 31814 239877 64289 7646 56643 4930 3871 1148 16478 6023 1526 906
internal_count=465018 141162 101538 91097 72178 33852 38326 7351 18919 39624 4675 323856 13027 26501 310829 308344 36653 271691 31814 239877 64289 7646 56643 4930 3871 1148 16478 6023 1526 906
cat_boundaries=0 4 6 10 15 19 23 27 31 35 39 43 47 51 56 58 62 66 70 74 78 81
cat_threshold=166162 277086372 2150108113 16858635 781455513 8 3355445376 2910921216 33646604 279594112 134242304 6562016 3637641280 152047635 1 143681033 211536 1414729736 136577056 2281726277 134486144 136400916 1744936979 26739720 4096 1212153880 33554496 360873990 404750336 3019898882 39312 547886592 105582417 575012870 137379856 536870928 0 537133056 2147483904 16949506 3625329669 3791650993 112328708 1073782024 1082228772 2150322144 17301531 153110912 2564852036 469795862 8667139 1367624964 428900358 2560696338 1053697 2 3556837382 10 2361393154 2183135248 1207992320 2129956 268443684 912393601 34902035 78716416 83886340 8388608 0 16785408 2520784964 53485842 1409384448 33024 134217792 0 65536 16 0 0 1073741824
is_linear=0
shrinkage=0.1


Tree=50
num_leaves=31
num_cat=21
split_feature=0 4 4 0 8 9 8 9 8 9 11 9 8 10 10 9 8 9 8 4 8 4 9 8 9 6 6 9 8 3
split_gain=91.3604 61.1646 34.1133 27.1464 23.9177 23.1362 22.2252 18.8518 22.0529 18.6146 16.7622 42.6554 23.3959 20.5869 19.1529 48.0661 19.3457 24.1316 17.6727 16.3653 18.3195 17.0676 15.7701 15.2308 14.9022 14.2874 13.2671 13.0372 19.8343 16.7665
threshold=297.00000000000006 735.00000000000011 135.00000000000003 687.00000000000011 0 1 2 3 4 5 6 7 8 9 10 11 12 13 14 45.000000000000007 15 75.000000000000014 16 17 18 617.50000000000011 441.50000000000006 19 20 1.5000000000000002
decision_type=2 2 2 2 9 9 9 9 9 9 9 9 9 9 9 9 9 9 9 2 9 2 9 9 9 2 2 9 9 2
left_child=2 24 4 6 -1 19 -3 8 -4 -8 11 18 13 -13 15 25 17 -16 -9 -6 21 -21 -17 -23 -2 -12 -20 28 29 -18
right_child=1 3 7 -5 5 -7 9 10 -10 -11 14 12 -14 -15 16 22 27 -19 26 20 -22 23 -24 -25 -26 -27 -28 -29 -30 -31
leaf_value=0.97529264399673998 0.8613288439252349 -3.4166124551790169 1.4126743108727937 19.204612526024604 2.6969019323229464 0.31241028838430795 -3.2542435329756749 -1.6575565958335123 0.16744763940770266 3.1833288595512208 -13.806846113701162 -4.2992078169797336 0.091642459314850738 -1.2369429898657567 1.0901418264688625 -2.5893159502182055 -2.2127538916174316 0.076016931379680922 -9.7215753996299341 -0.083830470235917609 -0.094815419667808765 -2.9170530185627048 0.20626683167839147 -1.054819351602992 6.5773915034499018 -1.287694719623518 -6.2649727773932549 0.099949136236304761 -0.077149124279279613 -0.99980596363962226
leaf_weight=16175 4802 5280 13915 4198 862 18679 2753 2237 33803 8969 275 1676 33181 4838 20801 2152 919 30018 42 846 3884 132 3760 480 30003 94 2089 156737 56766 4652
leaf_count=16175 4802 5280 13915 4198 862 18679 2753 2237 33803 8969 275 1676 33181 4838 20801 2152 919 30018 42 846 3884 132 3760 480 30003 94 2089 156737 56766 4652
internal_value=0.00119647 0.00498438 0.000677803 0.00075 0.00341176 0.00146346 -0.00102811 0.000372736 0.00222679 0.00139959 9.63947e-05 -0.00171465 -0.000681274 -0.00615573 0.000385396 -0.00506915 0.000512518 0.00227016 -0.0110827 -0.00382362 -0.00589292 -0.0154087 -0.00285039 -0.0282353 0.00756357 -0.0396042 -0.0176039 0.000104709 -0.00111842 -0.00680702
internal_weight=465018 56005 409013 21200 41058 24883 17002 367955 47718 11722 320237 44063 39695 6514 276174 6281 269893 50819 4368 6204 5342 1458 5912 612 34805 369 2131 219074 62337 5571
internal_count=465018 56005 409013 21200 41058 24883 17002 367955 47718 11722 320237 44063 39695 6514 276174 6281 269893 50819 4368 6204 5342 1458 5912 612 34805 369 2131 219074 62337 5571
cat_boundaries=0 4 8 12 17 21 25 27 32 36 38 40 45 49 53 57 61 65 67 71 75 79
cat_threshold=2148696320 2190082308 140738560 1592064 92799232 2686976 268435456 16786456 17899553 3443024130 1027674112 67142020 826541596 2148717578 805307298 2214626560 2 6297612 2183152387 2147486193 19137371 2348943814 201326608 151074816 159435491 2158535220 27 131232 603980224 35651584 3281024 1 2149613569 2306342914 134479910 135440 134226184 4 134217744 2 1048576 536871424 134217728 2621440 1 2164326688 9307332 2687145696 630922 102367232 807993905 1084358680 1633030163 26632 1140922848 1361051650 201365632 25165828 134234112 536870912 128 234897409 1344274688 2147483648 471041 16777216 134217728 2281726400 4325376 1117794304 268443200 33562688 1152133153 1166699593 1074815024 69 2483027970 1077936392 16777220
is_linear=0
shrinkage=0.1


Tree=51
num_leaves=31
num_cat=20
split_feature=0 4 9 0 9 10 8 8 0 11 9 1 0 4 8 9 9 8 9 8 8 2 8 9 8 8 9 4 0 9
split_gain=90.0804 85.1862 43.0421 30.4691 26.1449 20.8955 20.9496 19.578 17.8785 17.0746 16.8327 16.5386 26.9745 23.7617 25.824 21.5164 19.4901 21.2233 15.9823 18.067 17.4037 15.6438 28.6044 15.2941 14.9804 14.8791 14.2203 14.1573 16.5341 13.3102
threshold=147.00000000000003 435.00000000000006 0 693.00000000000011 1 2 3 4 417.00000000000006 5 6 -20.999999999999996 -434.99999999999994 75.000000000000014 7 8 9 10 11 12 13 111.00000000000001 14 15 16 17 18 105.00000000000001 357.00000000000006 19
decision_type=2 2 9 2 9 9 9 9 2 9 9 8 2 2 9 9 9 9 9 9 9 10 9 9 9 9 9 2 2 9
left_child=11 4 24 5 7 6 -4 8 -2 10 27 12 -1 -13 15 -15 17 -14 19 -7 -20 23 -23 25 -3 -16 -24 -6 -29 -8
right_child=1 2 3 -5 9 18 29 -9 -10 -11 -12 13 16 14 21 -17 -18 -19 20 -21 -22 22 26 -25 -26 -27 -28 28 -30 -31
leaf_value=-6.50508613779472 -1.8471623290070693 -0.59372849367314884 0.54334284624295193 19.122767144539068 1.721182657203471 -2.6488281675141496 -5.9308053258846929 0.62967408420510462 4.3490530462215586 2.6676785002505401 2.61454360394037 1.1436395819195171 -0.89189358078652325 1.5594684174079605 -2.0968022501976189 0.31894458302226658 0.0038991770465798062 -0.14346135308003202 -0.47953140672962341 -0.042220914185610463 1.8490107698136418 -1.0416329379333251 -0.70885080998327554 0.12886184642313986 4.3314029055106609 -0.11783679772774605 0.65731368230680554 -1.0474173405939415 5.7515439287573518 -2.4740712323208029
leaf_weight=712 875 2150 4105 4688 1799 4362 1889 4555 386 31249 6633 4259 7246 11119 2528 30783 77673 11389 12933 11135 16598 9518 4776 150966 14040 18098 9406 3841 1344 3963
leaf_count=712 875 2150 4105 4688 1799 4362 1889 4555 386 31249 6633 4259 7246 11119 2528 30783 77673 11389 12933 11135 16598 9518 4776 150966 14040 18098 9406 3841 1344 3963
internal_value=0.00114981 0.00342605 0.00130538 6.41727e-05 0.00660037 -0.000595617 -0.00473864 0.00028493 -0.0106924 0.00741733 0.00445219 0.000298783 -0.000803958 0.000741884 0.000608953 0.00286123 -0.000660589 -0.00356396 0.000321507 -0.00227833 0.00168613 0.00012555 -0.0022827 0.00045818 0.00587654 -0.00209537 0.000565107 0.00102088 -0.0016297 -0.00857728
internal_weight=465018 126545 75863 59673 50682 54985 9957 5816 1261 44866 13617 338473 97020 241453 237194 41902 96308 18635 45028 15497 29531 195292 23700 171592 16190 20626 14182 6984 5185 5852
internal_count=465018 126545 75863 59673 50682 54985 9957 5816 1261 44866 13617 338473 97020 241453 237194 41902 96308 18635 45028 15497 29531 195292 23700 171592 16190 20626 14182 6984 5185 5852
cat_boundaries=0 5 9 11 15 19 21 25 29 33 37 41 45 49 53 57 62 66 70 75 79
cat_threshold=2364468 2719536649 872416144 2216820992 1 540992 268435456 173211648 268437584 3507093764 6 2218267394 306387461 3259371536 214528 67108864 0 3229614088 33554496 2151824131 17 2282913792 159482128 4 1655816 1610650880 8454212 2183303137 25722971 807012352 536870915 571607968 3243021784 17778816 2250285057 140538921 67506820 440714241 16818577 1210058962 8425893 26824 71565444 1250027528 26254034 153440321 2298530562 161550342 68157524 5972065 2302193792 340262931 42098692 369117707 3308302592 5242882 71936 624951305 1678514504 1141408512 3250595904 2 302015520 17629440 385941512 256 92274688 134218240 151523332 1049120 213418816 2217223441 134350912 2176049 1 1209057280 1417740304 161480710 16860160
is_linear=0
shrinkage=0.1


Tree=52
num_leaves=31
num_cat=21
split_feature=0 4 4 8 9 0 9 6 9 0 8 9 6 8 9 8 9 9 0 9 10 6 8 11 10 9 9 8 10 11
split_gain=87.2722 56.4118 35.5149 30.1403 19.8102 23.5302 19.216 18.7362 16.7976 16.3925 29.5468 28.2641 16.8743 27.0916 23.6374 20.6437 24.5506 19.9828 16.0165 15.9236 15.4753 21.9804 15.1621 13.7349 13.1412 19.6265 19.6066 13.7175 13.0272 12.9708
threshold=327.00000000000006 465.00000000000006 135.00000000000003 0 1 15.000000000000002 2 663.50000000000011 3 1.0000000180025095e-35 4 5 613.50000000000011 6 7 8 9 10 567.00000000000011 11 12 467.50000000000006 13 14 15 16 17 18 19 20
decision_type=2 2 2 9 9 2 9 2 9 2 9 9 2 9 9 9 9 9 2 9 9 2 9 9 9 9 9 9 9 9
left_child=2 -2 4 7 -1 -6 -4 28 -9 29 11 -11 13 -12 20 16 -14 -17 19 -5 21 -15 -7 -24 25 -19 27 -26 -3 -8
right_child=1 3 6 18 5 22 9 8 -10 10 12 -13 15 14 -16 17 -18 24 -20 -21 -22 -23 23 -25 26 -27 -28 -29 -30 -31
leaf_value=1.2111990288890899 7.8852888198462567 -2.9987809553919718 1.1690574537982987 -1.5369051193876242 -0.087129512923709657 0.013741934866326489 0.4365458105345672 -4.1475340632439481 1.5432649101605509 -0.13430830721820022 0.56435740447038574 1.1070995244598536 -0.24535294196961069 -12.82391704045542 -0.23840382721661274 -0.34918727277309164 0.85727784376052552 1.2066126732303162 12.252525176941706 3.1263086879213606 -1.3683813690652444 -4.2226730427290367 0.05354514258867217 0.8875042840227354 -0.30112925331723406 0.07954887671651717 0.11023734013713143 -2.5213534612700168 -11.090204736561287 -0.14969308787347135
leaf_weight=9417 20953 588 10100 3472 11714 6042 13417 2380 4067 11959 12073 27498 13863 129 23189 30093 37463 12679 7326 9331 8706 333 3662 11070 2497 22986 21225 2502 374 123910
leaf_count=9417 20953 588 10100 3472 11714 6042 13417 2380 4067 11959 12073 27498 13863 129 23189 30093 37463 12679 7326 9331 8706 333 3662 11070 2497 22986 21225 2502 374 123910
internal_value=0.00113454 0.00514962 0.000667112 0.00217445 0.00342799 0.00225491 0.000358282 -0.00327672 -0.00133861 0.000238992 0.00076036 0.00324752 0.000237446 -0.00146523 -0.00297309 0.000765345 0.00237183 -0.000131315 0.00418045 0.00204874 -0.00726956 -0.0249576 0.0042765 0.00600461 0.000896461 0.00214576 -0.000802775 -0.00643042 -0.0162994 -0.000623548
internal_weight=465018 48491 416527 27538 41905 32488 374622 7409 6447 364522 227195 39457 187738 44430 32357 143308 51326 91982 20129 12803 9168 462 20774 14732 61889 35665 26224 4999 962 137327
internal_count=465018 48491 416527 27538 41905 32488 374622 7409 6447 364522 227195 39457 187738 44430 32357 143308 51326 91982 20129 12803 9168 462 20774 14732 61889 35665 26224 4999 962 137327
cat_boundaries=0 4 8 12 16 20 25 29 34 38 43 47 52 54 58 60 62 67 72 76 78 80
cat_threshold=805400673 3441969154 763363332 176718084 2182513154 269001236 9568256 134250505 537133072 17408 805306368 2214592768 402861256 3292790916 1243611200 10551544 553785600 589988 2720665569 83927051 134277408 143007748 152110102 679758355 1 273768556 652263435 16875520 10618448 303058948 1520959620 3426746432 283746314 1 2359330306 335554320 315412 169415332 19577088 1953236993 17956912 13406210 1 2264926915 346038529 1107478858 1209024576 134244608 214304832 26245124 143695490 2 2147483650 2 294125568 136331264 1744834562 67108992 4727618 18 1045437624 4 300 1763508758 2149580816 6984749 1 163848 536871426 2147483648 2691128 1 1048640 1074796544 335609856 3152 2147782208 8 1614813440 16
is_linear=0
shrinkage=0.1


Tree=53
num_leaves=31
num_cat=20
split_feature=0 4 0 9 9 4 0 9 8 10 9 8 8 8 0 8 4 8 9 8 8 0 11 3 8 9 4 9 9 8
split_gain=84.0214 72.7675 31.6722 25.3981 22.2116 20.2075 18.0661 21.0884 18.0571 17.0335 27.3759 17.9009 17.2092 16.3686 14.9936 21.2497 15.515 14.0054 13.2524 19.7808 14.3989 19.0354 13.2421 15.4499 13.1018 12.9951 12.5904 12.4339 11.9524 11.4065
threshold=195.00000000000003 465.00000000000006 681.00000000000011 0 1 75.000000000000014 1.0000000180025095e-35 2 3 4 5 6 7 8 435.00000000000006 9 375.00000000000006 10 11 12 13 -176.99999999999997 14 2.5000000000000004 15 16 1575.0000000000002 17 18 19
decision_type=2 2 2 9 9 2 2 9 9 9 9 9 9 9 2 9 2 9 9 9 9 2 9 2 9 9 2 9 9 9
left_child=5 4 3 17 14 24 18 8 -8 10 -5 -12 -11 28 15 16 -2 -3 19 -7 27 25 23 -6 -1 26 -22 -20 -9 -25
right_child=1 2 -4 9 22 6 7 13 -10 12 11 -13 -14 -15 -16 -17 -18 -19 20 -21 21 -23 -24 29 -26 -27 -28 -29 -30 -31
leaf_value=0.014961615185491439 -0.99320585231293512 -0.41198364730011261 17.867466868515017 -5.3125679330738658 2.5203539264860328 1.7208082177050237 -0.056384767790960293 1.5197469269750417 1.0246212750952062 -0.78094425040752646 2.7924142167026997 -2.386029446060133 1.5986259479074385 0.02408086242321936 6.882161421190367 0.45420564607483727 -4.3481241245040838 4.0415817467046233 -0.30486303215437177 -0.020516857981074912 -6.9616977175909227 -0.16828140609717357 3.5003602814332071 -1.6870252548981459 1.7564696747337902 -2.6899599775017906 -0.0038875537772343097 0.64274408235892111 0.19950987425804143 2.1970331254236979
leaf_weight=2971 852 3085 6425 3333 6873 7238 9569 9770 22238 10237 3386 6297 13645 154597 1306 2149 217 8064 10272 18592 616 94197 26875 1899 4293 3298 252 17125 13750 1597
leaf_count=2971 852 3085 6425 3333 6873 7238 9569 9770 22238 10237 3386 6297 13645 154597 1306 2149 217 8064 10272 18592 616 94197 26875 1899 4293 3298 252 17125 13750 1597
internal_value=0.00112809 0.00375935 0.00135152 0.000469749 0.00689954 0.000441404 0.000336474 0.000937197 0.00330861 -0.000794407 -0.00370336 -0.00100794 0.000791897 0.00051351 0.00027349 -0.00339341 -0.0148378 0.00465006 -0.000495415 0.00156734 -0.000919138 -0.00148384 0.00770226 0.00465266 0.00566355 -0.0080989 -0.0189294 0.00110811 0.00297068 -0.000755148
internal_weight=465018 96240 54472 48047 41768 368778 361514 209924 31807 36898 13016 9683 23882 178117 4524 3218 1069 11149 151590 25830 125760 98363 37244 10369 7264 4166 868 27397 23520 3496
internal_count=465018 96240 54472 48047 41768 368778 361514 209924 31807 36898 13016 9683 23882 178117 4524 3218 1069 11149 151590 25830 125760 98363 37244 10369 7264 4166 868 27397 23520 3496
cat_boundaries=0 5 9 13 17 19 23 27 31 35 39 43 48 52 56 58 62 67 71 76 80
cat_threshold=35918896 2685982281 805306512 2485526784 1 16704 4194304 180555776 268437584 272893012 1213954 849675040 2483165508 232220737 1141677064 386138120 5248 3511329556 6 3355461896 226500866 134217732 1216369680 79168258 373342487 39981056 17901136 18497537 237039939 8917002 101206356 536918272 1611202596 2184907744 76030089 67109896 2097152 1082130456 101187648 1442866688 1158222080 392265736 67109200 1680873496 134482949 554303632 2822799676 2 2215116874 22021139 2384497139 2097496 1212760576 814026848 1159021416 4194858 2151815942 25 84410373 2097152 2483027968 128 2281702464 8519680 402737408 1075841600 1 25862658 2152243530 3464822849 1312897 118697984 304087065 2148554760 1095598248 1 2281701376 2167422976 134217728 67121424
is_linear=0
shrinkage=0.1


Tree=54
num_leaves=31
num_cat=21
split_feature=0 4 4 8 8 0 9 8 11 9 9 9 8 1 8 8 8 9 9 4 9 9 10 4 7 0 8 5 9 10
split_gain=86.1766 52.1042 30.094 20.0188 19.4696 16.68 16.6048 16.2776 15.0661 42.4711 19.3916 17.4616 34.4982 17.7266 15.1802 14.9508 14.8072 14.3056 13.1033 12.7055 25.9378 13.6219 12.5127 18.1404 15.8976 12.4501 12.3233 12.2399 20.6172 13.4925
threshold=327.00000000000006 735.00000000000011 135.00000000000003 0 1 63.000000000000007 2 3 4 5 6 7 8 27.000000000000004 9 10 11 12 13 165.00000000000003 14 15 16 1335.0000000000002 17 -266.99999999999994 18 6.5000000000000009 19 20
decision_type=2 2 2 9 9 2 9 9 9 9 9 9 9 10 9 9 9 9 9 2 9 9 9 2 1 2 9 2 9 9
left_child=2 -2 4 -3 -1 -6 7 -4 9 26 -11 12 -10 16 18 19 -14 -7 -13 20 -12 -21 23 -16 -25 -23 -8 28 29 -24
right_child=1 3 6 -5 5 17 8 -9 11 10 15 14 13 -15 22 -17 -18 -19 -20 21 -22 25 27 24 -26 -27 -28 -29 -30 -31
leaf_value=0.87561171182398434 5.3933051831443111 -2.6600481566362117 -2.1822719812541265 2.6724783271584354 -0.039519259542297028 -0.3235091007635153 -0.42029675254030052 1.5683724993664985 -0.35482653396699071 0.45571290546227888 0.95610544260832531 0.81687431222883478 -0.19174411889139351 1.1036371965153291 -0.2209855447558601 -0.10164421125418954 0.60046958722190058 0.63918640301730256 -0.035653953665084261 -4.7294967789998017 -3.5274785948366865 -13.539926595000701 0.40325455593951953 -0.26770026834217397 -12.225180164066053 -0.93667687165792002 -4.3023903651615427 -0.010979411863307859 -0.24201513669483257 -2.9082897371200769
leaf_weight=14868 30065 5914 108 12512 15168 1302 1215 8996 17861 19448 252 25036 11572 27181 484 24083 16335 10567 19302 487 313 46 387 128 184 8489 3739 182474 5315 1187
leaf_count=14868 30065 5914 108 12512 15168 1302 1215 8996 17861 19448 252 25036 11572 27181 484 24083 16335 10567 19302 487 313 46 387 128 184 8489 3739 182474 5315 1187
internal_value=0.00111239 0.00510218 0.000647906 0.000915012 0.00318936 0.00158872 0.00036362 0.00457977 0.000258476 -0.00121862 -0.000391883 0.000537508 0.0018886 0.00312679 0.00011714 -0.00184382 0.00135701 0.00439717 0.00178317 -0.00518183 -0.0197345 -0.00427621 -0.00027139 -0.0127047 -0.0316667 -0.00332943 -0.0100645 -0.000218457 -0.00435622 -0.0143687
internal_weight=465018 48491 416527 18426 41905 27037 374622 9104 365518 58072 53118 307446 72949 55088 234497 33670 27907 11869 44338 9587 565 9022 190159 796 312 8535 4954 189363 6889 1574
internal_count=465018 48491 416527 18426 41905 27037 374622 9104 365518 58072 53118 307446 72949 55088 234497 33670 27907 11869 44338 9587 565 9022 190159 796 312 8535 4954 189363 6889 1574
cat_boundaries=0 4 8 13 17 19 24 28 32 36 40 44 48 52 56 60 64 66 67 71 75 76
cat_threshold=306524257 3443017986 687931396 67142020 2182250752 42598660 140705824 1608448 537133072 17418 805306368 2147483908 2 0 0 524288 524288 2158537268 27 131232 604013376 35667968 3281024 1 350253066 3240376321 25168066 402653241 1447036708 538149588 35652384 609260544 4481088 3705313288 1133053968 109052288 2164269088 411699276 36314976 71901322 2167599104 158990346 235278372 422144 370311684 16777492 2690782016 2301953 688384 0 0 1057816 26886144 405274625 2176978956 1225211954 32768 16 65540 16384 32768 144 65536 4718592 0 2 24 24584 1140918592 1358956608 134217728 0 184549376 8392704 268828763 17572865
is_linear=0
shrinkage=0.1


Tree=55
num_leaves=31
num_cat=21
split_feature=0 0 4 9 0 8 4 8 9 11 8 8 11 4 8 9 1 8 9 8 8 8 9 8 9 4 9 11 6 8
split_gain=81.2926 39.6904 62.4806 33.0212 25.3437 20.9211 19.301 28.2055 23.2416 19.591 19.9226 19.6975 18.1765 17.9927 16.2696 14.2792 13.1091 12.8167 12.3732 31.2143 14.0295 13.6225 13.1087 12.1065 13.8867 11.3517 16.2665 10.8271 10.6042 11.4382
threshold=567.00000000000011 63.000000000000007 195.00000000000003 0 243.00000000000003 1 1125.0000000000002 2 3 4 5 6 7 2835.0000000000005 8 9 183.00000000000003 10 11 12 13 14 15 16 17 75.000000000000014 18 19 613.50000000000011 20
decision_type=2 2 2 9 2 9 2 9 9 9 9 9 9 2 9 9 8 9 9 9 9 9 9 9 9 2 9 9 2 9
left_child=1 18 4 17 5 12 7 -5 14 11 -11 -10 25 -2 -9 -14 -13 -4 19 -1 27 22 -20 -8 -25 -3 -27 -21 29 -16
right_child=13 2 3 6 -6 -7 23 8 9 10 -12 16 15 -15 28 -17 -18 -19 21 20 -22 -23 -24 24 -26 26 -28 -29 -30 -31
leaf_value=1.2367437944305582 15.139783860610471 0.98628838382285178 -0.061262978783699767 1.8256259485796784 3.7630977981013056 0.76210507320834253 -1.7809426846644336 -1.4045882357978088 0.64141916637314522 0.03292140665668325 1.6318807848458381 -0.43608899618009628 -0.11634953844609899 -8.4511335133311487 0.017030651514330839 0.72679878195001268 -3.1078807428201563 1.8031493147260225 0.019118042317841592 1.183529999840885 0.24976694519200252 0.0047531008098127192 -0.4357681829724091 1.4070468949900787 -0.86126265352517606 -1.652371613698417 -0.3199720530287401 -0.58508363806436126 -0.0011712781143815149 -1.9230547735057255
leaf_weight=13070 16638 982 5172 12455 12348 15233 10789 3131 7713 13861 19006 3860 2369 767 2208 6264 3167 19674 16278 1238 23307 166751 22565 8306 20081 269 4667 10733 19378 2738
leaf_count=13070 16638 982 5172 12455 12348 15233 10789 3131 7713 13861 19006 3860 2369 767 2208 6264 3167 19674 16278 1238 23307 166751 22565 8306 20081 269 4667 10733 19378 2738
internal_value=0.00105992 0.000799195 0.00187746 0.000930388 0.00528387 0.00370467 0.000276474 0.0011023 0.000370578 0.00170674 0.00306506 -0.00132203 0.00098963 0.00776501 -0.00194611 0.00391415 -0.0051485 0.00426295 -2.31545e-05 0.00141611 -0.000130922 -0.000361666 -0.00204798 -0.00156831 -0.000483501 -0.00327598 -0.00523501 -0.00291211 -0.00107093 -0.0052042
internal_weight=465018 447613 193671 151539 42132 29784 126693 87517 75062 47607 32867 14740 14551 17405 27455 8633 7027 24846 253942 48348 35278 205594 38843 39176 28387 5918 4936 11971 24324 4946
internal_count=465018 447613 193671 151539 42132 29784 126693 87517 75062 47607 32867 14740 14551 17405 27455 8633 7027 24846 253942 48348 35278 205594 38843 39176 28387 5918 4936 11971 24324 4946
cat_boundaries=0 4 8 12 17 19 23 27 29 33 38 42 46 50 54 58 63 67 72 76 77 81
cat_threshold=910427710 2685457930 805306928 2214723840 2441085452 154144768 1749024770 37120 558078216 1644758660 36438880 16789513 2148020672 69410864 167843905 422613074 1 2151693062 27 278659620 337670169 340862976 69732628 268707328 67291152 3242397704 68749088 2147890966 4 11543552 67141634 8388634 33652736 134250752 0 64 134217776 1 270099456 1075655432 352653312 167772224 537931312 180228 539564162 3095433561 3221816328 24183042 151314885 3670362 21137984 1787464328 3260547074 33759872 275057671 68158976 411049997 44043701 277545216 676866384 2232418316 1091710468 1 1200693509 2335704212 3221774336 38797572 10489856 319496288 167840066 825240705 3 16777216 16777216 0 8192 1766334722 268451846 2150760464 2281701376 2245904
is_linear=0
shrinkage=0.1


Tree=56
num_leaves=31
num_cat=22
split_feature=0 0 4 9 8 4 8 8 9 9 10 9 4 9 8 9 10 8 8 9 4 10 8 9 0 8 8 9 11 1
split_gain=75.1335 40.2017 67.8586 33.8134 23.8821 16.8096 21.9663 16.3881 16.1038 15.9275 14.7964 19.8171 14.5978 33.0602 14.2689 14.0073 26.991 30.6598 17.6749 20.7148 13.7409 25.5066 13.3924 12.5577 13.4769 16.6739 15.4636 13.3869 12.4293 12.1299
threshold=585.00000000000011 129.00000000000003 195.00000000000003 0 1 105.00000000000001 2 3 4 5 6 7 75.000000000000014 8 9 10 11 12 13 14 105.00000000000001 15 16 17 -38.999999999999993 18 19 20 21 231.00000000000003
decision_type=2 2 2 9 9 2 9 9 9 9 9 9 2 9 9 9 9 9 9 9 2 9 9 9 2 9 9 9 9 10
left_child=1 5 8 28 -5 6 12 -2 14 -6 22 29 -1 -14 -3 16 17 -7 19 -18 -16 -22 -11 -17 26 -26 27 -25 -4 -12
right_child=7 2 3 4 9 15 -8 -9 -10 10 11 -13 13 -15 20 23 18 -19 -20 -21 21 -23 -24 24 25 -27 -28 -29 -30 -31
leaf_value=0.11450715669010664 -3.4201157546887764 1.4626623872898892 -0.20652511411478561 1.6186119192283961 -0.9257202776959641 -9.5772077845945258 0.83992553518235469 15.737955448210002 1.479919109103536 1.8352536336295771 -1.227706385714129 -0.086544680179855504 -1.7263248382551735 -0.30631773335521073 0.17668441496360524 7.518716038679532 -2.266209340447412 -2.353424285558722 -0.023537786528900491 -0.4660459462578283 -3.2344675564171896 -0.46514741699057932 0.018376825395296822 -0.14558561648732837 0.66662658604023373 0.057805805726853524 -0.072467357758650083 -1.2287901494759119 2.4211248778972516 -5.2996686406134481
leaf_weight=3486 1529 1714 3286 15705 14233 378 7315 14744 23675 10091 2766 16315 110 2116 986 2279 178 2530 53079 6567 107 881 19117 3315 21008 165625 51836 4034 14312 1701
leaf_count=3486 1529 1714 3286 15705 14233 378 7315 14744 23675 10091 2766 16315 110 2116 986 2279 178 2530 53079 6567 107 881 19117 3315 21008 165625 51836 4034 14312 1701
internal_value=0.00103906 0.000797001 0.00232118 0.00108648 0.000212415 0.000209229 0.00372841 0.007714 0.00672185 -0.000642504 0.000198 -0.00184109 -0.000922754 -0.00725067 0.000562467 6.17385e-05 -0.00127315 -0.0106648 -0.000814921 -0.00563286 -0.00522177 -0.013583 0.00164898 0.000399304 0.000330638 0.000747617 -0.000984202 -0.00527381 0.00505339 -0.00773509
internal_weight=465018 448745 124889 97526 79928 323856 13027 16273 27363 64223 49990 20782 5712 2226 3688 310829 62732 2908 59824 6745 1974 988 29208 248097 245818 186633 59185 7349 17598 4467
internal_count=465018 448745 124889 97526 79928 323856 13027 16273 27363 64223 49990 20782 5712 2226 3688 310829 62732 2908 59824 6745 1974 988 29208 248097 245818 186633 59185 7349 17598 4467
cat_boundaries=0 4 8 12 16 20 24 26 30 34 38 43 44 48 52 56 57 61 65 69 73 77 79
cat_threshold=375653906 2719012360 872415760 2214985988 2147649792 315425420 36309984 16781835 353009670 2553282560 3019902978 39312 6363232 1073745410 17104900 8388608 134250816 0 131072 8208 1098934721 335544336 167866696 1351619280 773063819 8 2147614728 159449346 4 19416064 16777220 0 0 8192 131073 4096 2147483648 1048576 35717249 606630216 1094771777 70000772 1 402796561 33685504 67117440 65536 158720 69469769 134747650 1073741828 153100800 1 0 0 262144 2484076544 507840072 2165309442 1275170816 8496128 0 0 536870912 2147483904 7432 98594 270913520 18382923 19019777 739279105 2722369553 111708164 22212360 1082393731 18 1078018129 2689151494 18
is_linear=0
shrinkage=0.1


Tree=57
num_leaves=31
num_cat=20
split_feature=0 4 0 9 4 9 0 8 8 9 8 6 10 10 8 9 9 8 8 10 5 9 11 8 6 9 11 4 4 8
split_gain=72.3473 73.0583 29.4574 25.3614 19.7319 18.0029 14.8428 19.1633 14.4337 14.4303 23.8142 17.9918 18.9052 17.822 26.2189 22.4903 20.255 22.8383 18.0824 18.651 16.8145 14.3505 13.8607 13.4867 13.4349 19.5957 14.3231 13.2145 13.1062 13.0309
threshold=243.00000000000003 465.00000000000006 747.00000000000011 0 75.000000000000014 1 435.00000000000006 2 3 4 5 613.50000000000011 6 7 8 9 10 11 12 13 14.500000000000002 14 15 16 1174.5000000000002 17 18 4305.0000000000009 585.00000000000011 19
decision_type=2 2 2 9 2 9 2 9 9 9 9 2 9 9 9 9 9 9 9 9 2 9 9 9 2 9 9 2 2 9
left_child=4 5 3 22 29 6 7 -2 21 10 -6 12 -12 16 -15 18 17 -11 19 20 28 -5 -3 -17 -25 26 -26 -10 -16 -1
right_child=1 2 -4 8 9 -7 -8 -9 27 13 11 -13 -14 14 15 23 -18 -19 -20 -21 -22 -23 -24 24 25 -27 -28 -29 -30 -31
leaf_value=0.01290720814658446 -2.3739064319636416 -2.2675125293091969 19.555332029090234 -0.39870816484560678 -0.24035117836191489 3.840850968473045 5.5953547297581174 0.0082341468807673786 0.07694810009836893 0.97909230245009771 1.3230917346936728 0.9292133826880673 -0.50070358388109792 -4.4772549902842078 -1.9866200291460279 0.60194584647445093 -0.0064105310383597569 0.17855973229766295 -0.2291341785029947 -0.87311116491706842 4.8850196588170656 -4.2205337544832924 3.2116093282381541 0.029477749329136573 -3.7935052043621513 -0.049576669194918661 -0.84115104929606643 -12.621822060553745 -10.429034345059096 1.4984494277718676
leaf_weight=3131 380 1369 5257 3569 16926 28342 1434 1865 19578 20284 3456 32761 8636 110 122 18912 117503 46145 33994 15249 98 3857 8099 58605 1651 6318 2427 169 204 4567
leaf_count=3131 380 1369 5257 3569 16926 28342 1434 1865 19578 20284 3456 32761 8636 110 122 18912 117503 46145 33994 15249 98 3857 8099 58605 1651 6318 2427 169 204 4567
internal_value=0.000995833 0.00386491 0.00111652 0.00011217 0.000453568 0.00746104 0.000864733 -0.00420935 -0.00144097 0.000352921 0.00175258 0.00295856 -0.000337413 8.40094e-05 -0.000776325 -0.000735518 0.000728056 0.0021236 -0.00243634 -0.00524581 -0.0257143 -0.00519634 0.00456636 0.000225539 -0.000422976 -0.00373605 -0.00912916 -2.68256e-05 -0.0372393 0.00546636
internal_weight=465018 73919 41898 36641 391099 32021 3679 2245 27173 383401 61779 44853 12092 321622 137690 137580 183932 66429 49667 15673 424 7426 9468 87913 69001 10396 4078 19747 326 7698
internal_count=465018 73919 41898 36641 391099 32021 3679 2245 27173 383401 61779 44853 12092 321622 137690 137580 183932 66429 49667 15673 424 7426 9468 87913 69001 10396 4078 19747 326 7698
cat_boundaries=0 5 9 13 17 21 25 27 29 33 38 43 47 51 53 58 60 64 68 69 73
cat_threshold=14943266 2685982472 805306768 2217607424 1 16768 268435456 176361472 268437584 67109888 0 1082130440 33554432 2183201 1227411201 26222599 75677732 805574196 1230342 815858466 2483061000 286630464 1154095144 124326912 75759872 105024513 6 566068265 13 16777216 134217728 0 262144 2165456897 2090860544 2285895748 20013057 1 118571008 1504182400 2168586244 1615950883 2 2315265280 2157987992 2787213312 72352008 41976834 7340312 134217859 52430116 2064 2 1282112 1482827921 3246522434 273728576 2 2835939844 2 9466880 109117728 2449677472 84036913 136314880 50342032 16777216 8388626 268706560 84410373 2097152 2483027968 128
is_linear=0
shrinkage=0.1


Tree=58
num_leaves=31
num_cat=21
split_feature=0 4 9 4 0 8 9 8 11 6 6 9 10 8 8 10 8 10 8 8 9 10 5 9 6 9 0 9 9 10
split_gain=71.3815 59.0168 25.7881 24.7873 20.9556 20.2063 15.2628 21.9111 16.0029 15.2357 14.9128 28.6277 27.9937 19.8418 14.7607 14.4354 14.3556 13.955 20.6543 18.8982 13.8978 13.7143 23.3353 26.8829 14.8363 13.6631 13.5834 16.9503 13.2706 13.1898
threshold=297.00000000000006 465.00000000000006 0 135.00000000000003 747.00000000000011 1 2 3 4 585.50000000000011 1146.5000000000002 5 6 7 8 9 10 11 12 13 14 15 19.500000000000004 16 1174.5000000000002 17 -56.999999999999993 18 19 20
decision_type=2 2 9 2 2 9 9 9 9 2 2 9 9 9 9 9 9 9 9 9 9 9 2 9 2 9 2 9 9 9
left_child=3 -2 -3 5 9 29 7 -5 -9 15 17 12 14 21 -12 -4 -10 18 -8 -19 -20 22 23 -13 -25 -11 27 -7 -28 -1
right_child=1 2 4 6 -6 26 10 8 16 25 11 13 -14 -15 -16 -17 -18 19 20 -21 -22 -23 -24 24 -26 -27 28 -29 -30 -31
leaf_value=-0.75935720884136049 4.5463825589875624 4.024807765087842 -0.26973347957817506 1.3909506806182947 14.197842845158499 -0.89139492049726088 -1.2452040959901796 1.0474621504704682 -1.981112393425609 -2.8828480622723229 -1.4478632434040879 -14.849639383206497 -0.54359045483319079 0.24601544455515567 -5.2897642182545708 -8.911507117350375 -0.07758747576504943 0.60391100971660239 -0.48179159357435647 0.035164927069837461 0.65439807957993679 -0.27310661661036756 -0.83026423735493438 1.4275082119857889 -4.5476105201837864 0.24580825986637531 0.30328575922491297 0.54297504235364269 1.2864540673743599 0.050000287051393213
leaf_weight=1147 24221 9113 890 16908 3422 909 15613 11997 914 2810 1228 219 13241 27401 1864 921 27544 32741 16851 174175 14933 10722 1228 239 137 14628 13005 2252 9054 14691
leaf_count=1147 24221 9113 890 16908 3422 909 15613 11997 914 2810 1228 219 13241 27401 1864 921 27544 32741 16851 174175 14933 10722 1228 239 137 14628 13005 2252 9054 14691
internal_value=0.000984435 0.00433265 0.00149887 0.000525974 -0.000308187 0.00285645 0.00026593 0.00176442 0.000500433 -0.00159021 -1.08817e-05 -0.00148386 -0.00500948 -4.10448e-05 -0.0135654 -0.0103203 -0.000791063 0.000315085 -0.00123252 0.000669612 0.000230862 -0.00333333 -0.0113312 -0.0276471 -0.0102073 -0.000683564 0.00461356 -0.00151534 0.0054939 5.55279e-05
internal_weight=465018 56005 31784 409013 22671 41058 367955 57363 40455 19249 310592 56279 16333 39946 3092 1811 28458 254313 47397 206916 31784 12545 1823 595 376 17438 25220 3161 22059 15838
internal_count=465018 56005 31784 409013 22671 41058 367955 57363 40455 19249 310592 56279 16333 39946 3092 1811 28458 254313 47397 206916 31784 12545 1823 595 376 17438 25220 3161 22059 15838
cat_boundaries=0 5 9 14 18 19 23 25 29 33 35 39 41 45 49 53 54 58 62 66 70 72
cat_threshold=11277344 2685966089 805306512 2486051072 1 461898244 421552128 2952826882 67244176 805570096 1201670 815792930 3019937024 2 3492282372 2149609603 2281988577 18878571 1246109952 2300577920 71305408 1157974092 1216356371 3355444480 4 3289645092 2738006144 9646080 1055506 3624010760 1049616 235932680 137495576 637961728 8 256 4194304 33685504 524288 2420245076 2 2250408485 2165314560 138706951 35805733 2449474852 1073941553 665489504 524904 126355715 1142956288 3356569728 2629753 3221389760 1 1352671232 2147483648 65568 134228168 71565316 167778304 8391360 268599296 8421376 268435456 294930 402685953 3768582400 4 1327124 2717921349 8
is_linear=0
shrinkage=0.1


Tree=59
num_leaves=31
num_cat=23
split_feature=0 4 4 9 0 8 6 9 8 10 9 8 6 9 10 11 8 9 7 9 8 11 8 8 9 8 0 11 9 8
split_gain=68.7109 44.8984 27.2007 20.0709 18.6407 19.5122 18.0665 27.7315 27.16 24.2488 38.9359 22.9139 21.6726 50.1872 27.3709 22.8831 21.5981 21.3726 21.368 19.492 18.1514 21.3742 17.2335 16.5423 16.297 15.6399 14.8132 15.2952 20.8208 19.3951
threshold=411.00000000000006 735.00000000000011 135.00000000000003 0 153.00000000000003 1 613.50000000000011 2 3 4 5 6 585.50000000000011 7 8 9 10 11 12 13 14 15 16 17 18 19 27.000000000000004 20 21 22
decision_type=2 2 2 9 2 9 2 9 9 9 9 9 2 9 9 9 9 9 1 9 9 9 9 9 9 9 2 9 9 9
left_child=2 -2 4 -3 5 -1 8 11 -4 10 25 -8 15 14 -14 17 19 23 -16 -17 -15 -22 24 -11 -9 -10 -24 28 -28 -29
right_child=1 3 6 -5 -6 -7 7 22 9 12 -12 -13 13 20 18 16 -18 -19 -20 -21 21 -23 26 -25 -26 -27 27 29 -30 -31
leaf_value=0.54788346139610522 7.7053900593086269 -4.0569263012430765 0.77373817817891888 2.8261413607943719 1.1551672613371464 -0.0025054565310825279 0.071782916148632123 -1.3970354725941756 -2.2603006526324143 -2.5432344884355436 0.10367210580614664 1.2642755478085981 0.27956984161012499 -2.6239458710673249 -1.6276017821908171 -1.3966047108956596 0.97095670214268692 -0.1176708754088633 -15.510164198793982 0.15463313560376837 -8.6698096866608907 -0.0085890170839451226 -0.03400870783301433 -0.6903103012157713 -0.099183110098070071 -6.3560229348944093 0.038710559052057392 -0.83747037747491282 0.8520312308670861 0.3283482990287605
leaf_weight=13080 20358 3888 16628 8650 10103 20465 19976 6225 2057 2214 3748 22942 212 1620 126 2094 14302 36975 398 5668 294 7029 89415 4360 42759 1904 25074 14226 40375 27853
leaf_count=13080 20358 3888 16628 8650 10103 20465 19976 6225 2057 2214 3748 22942 212 1620 126 2094 14302 36975 398 5668 294 7029 89415 4360 42759 1904 25074 14226 40375 27853
internal_value=0.000946372 0.00535202 0.000610985 0.000644441 0.00297791 0.00184379 0.000345043 0.000745556 -0.000816127 -0.00155509 -0.00689338 0.00309076 -0.00100768 -0.00542515 -0.0303485 -0.000356179 0.00226692 -0.0016853 -0.0426217 -0.0019789 -0.00333631 -0.0012096 0.000336143 -0.00693499 -0.0013422 -0.0137975 0.000753632 0.00154453 0.00250065 5.67848e-05
internal_weight=465018 32896 432122 12538 43648 33545 388474 288845 99629 83001 7709 42918 75292 9679 736 65613 22064 43549 524 7762 8943 7323 245927 6574 48984 3961 196943 107528 65449 42079
internal_count=465018 32896 432122 12538 43648 33545 388474 288845 99629 83001 7709 42918 75292 9679 736 65613 22064 43549 524 7762 8943 7323 245927 6574 48984 3961 196943 107528 65449 42079
cat_boundaries=0 5 9 13 17 19 23 27 31 33 35 39 44 45 49 53 54 58 62 66 70 72 76 80
cat_threshold=507668808 71567376 1226833920 680525946 2 2148663552 42602500 1214447648 1600256 805569076 1070638 811598498 2216690988 1079013476 33868295 53625440 4195354 2952790214 2 454033924 1342775316 3370123296 268514425 369172556 1171655716 122355712 235421696 1048577 270532608 2290089984 67178496 33544 8 3424127034 1 2617573640 1610810632 1220623368 68202500 2904100 67704836 285343874 6391852 1 40 135823936 10002595 3211268 3151888 17041664 2299527168 201326592 524580 2147483648 1114980420 50647067 79749130 146800656 2659877376 273162384 2147553280 1835008 16908481 883425280 34474241 1048576 2424310017 1095762032 604080384 17825857 1462832216 12 3356016706 1113590016 25448464 1476666066 2147483649 2289565952 169869312 36160
is_linear=0
shrinkage=0.1


Tree=60
num_leaves=31
num_cat=21
split_feature=0 0 4 9 8 9 8 4 9 11 9 9 11 9 11 8 4 9 6 8 0 8 4 9 8 0 8 8 9 9
split_gain=67.0216 31.6431 54.8235 28.8655 20.093 23.2917 19.7978 16.2429 15.3006 14.789 19.6481 18.7302 17.3213 13.567 12.7317 12.5533 12.2157 12.0719 11.9826 11.8622 11.8475 12.0357 18.0179 11.692 17.1727 11.3892 22.5929 14.6745 14.3947 13.7482
threshold=591.00000000000011 99.000000000000014 195.00000000000003 0 1 2 3 795.00000000000011 4 5 6 7 8 9 10 11 45.000000000000007 12 742.50000000000011 13 387.00000000000006 14 105.00000000000001 15 16 -98.999999999999986 17 18 19 20
decision_type=2 2 2 9 9 9 9 2 9 9 9 9 9 9 9 9 2 9 2 9 2 9 2 9 9 2 9 9 9 9
left_child=1 16 4 19 5 20 13 -2 -9 11 -11 12 -8 -5 -7 17 -1 -13 -12 -4 21 22 -3 24 -18 26 28 29 -25 -27
right_child=7 2 3 6 -6 14 9 8 -10 10 18 15 -14 -15 -16 -17 23 -19 -20 -21 -22 -23 -24 25 -26 27 -28 -29 -30 -31
leaf_value=2.3445299363005128 17.288332029759562 -0.15419036438800904 0.13179805818909338 -0.54629585651567902 1.3045874418981163 -0.2363658613811499 -11.51412674169404 -9.9308566381644905 6.047023581310377 0.86781240200916798 -1.1745069862540365 -2.4132435239242493 -2.7399028465953443 1.9473292207794612 0.92384325780294607 -0.079664918946692476 -0.39362016912450948 -0.61927850181075472 0.046077348246820395 2.1588727551882183 2.7899272677051616 -0.28055523069664939 -2.9785037272094197 -3.9015096665039533 -0.028433535569687508 0.028697638183758124 -0.081392330009410707 0.044120214808587278 -1.9273309552925206 1.3317900410491088
leaf_weight=1597 10414 337 5706 4625 19730 1671 237 788 4720 22973 8125 3445 1101 12048 7669 21894 15334 6330 18495 14542 584 3294 105 667 44886 8720 20743 188757 3302 12179
leaf_count=1597 10414 337 5706 4625 19730 1671 237 788 4720 22973 8125 3445 1101 12048 7669 21894 15334 6330 18495 14542 584 3294 105 667 44886 8720 20743 188757 3302 12179
internal_value=0.000917126 0.000691078 0.00185932 0.000858511 0.00544175 0.0024872 0.000156422 0.00729305 0.00290123 -0.00047815 0.000613471 -0.002118 -0.0136647 0.00329857 0.00529412 -0.001626 8.79522e-05 -0.00460399 -0.00123545 0.00429855 -0.00357968 -0.00565846 -0.0209735 4.06673e-05 -0.00120206 0.000360017 -0.00167044 0.000599363 -0.00857251 0.00311301
internal_weight=465018 449096 152911 119521 33390 13660 99273 15922 5508 82600 49593 33007 1338 16673 9340 31669 296185 9775 26620 20248 4320 3736 442 294588 60220 234368 24712 209656 3969 20899
internal_count=465018 449096 152911 119521 33390 13660 99273 15922 5508 82600 49593 33007 1338 16673 9340 31669 296185 9775 26620 20248 4320 3736 442 294588 60220 234368 24712 209656 3969 20899
cat_boundaries=0 5 9 13 17 21 23 27 31 33 37 38 42 46 50 53 58 62 66 70 74 78
cat_threshold=908334646 2685457928 805306898 2214723840 2 25165836 154161152 1749024770 69632 134250816 134217728 131136 41008 164098 315163308 35786720 16814603 369109260 262144 1076887552 545259560 1749561157 27 134447368 463536338 3224502276 5063720 1073905728 67117376 33837064 262144 671088897 18 2282416128 142739456 4279300 671107602 13586 3786997765 2838503504 1745903628 272512 134742016 293666834 134283264 164126864 1382573064 1079587592 1426165760 201326592 0 0 1073741824 18944136 1141183816 1091085376 86909056 3 325390344 136578768 138446852 3183092 2357379074 101851140 3288879137 70397188 18874632 8487971 2445300 18907195 2416984064 33587200 268435456 1083394 570435589 2592114737 2222981146 546374691
is_linear=0
shrinkage=0.1


Tree=61
num_leaves=31
num_cat=21
split_feature=0 4 0 9 0 9 4 8 11 9 10 8 8 9 9 8 8 4 4 9 8 9 8 8 6 9 11 9 6 10
split_gain=63.9155 30.4607 24.1415 18.5267 16.6407 33.0669 20.5084 32.4404 16.7072 14.1959 13.1454 13.6427 12.9085 16.1624 13.4877 12.8365 12.8118 20.4433 12.1192 11.9007 11.7013 11.3811 10.8969 10.8205 10.6607 27.3567 18.1716 20.009 14.9433 12.7469
threshold=639.00000000000011 135.00000000000003 177.00000000000003 0 129.00000000000003 1 405.00000000000006 2 3 4 5 6 7 8 9 10 11 105.00000000000001 4515.0000000000009 12 13 14 15 16 1149.5000000000002 17 18 19 1404.5000000000002 20
decision_type=2 2 2 9 2 9 2 9 9 9 9 9 9 9 9 9 9 2 2 9 9 9 9 9 2 9 9 9 2 9
left_child=1 2 3 -1 19 8 7 9 -6 -7 16 -12 13 -8 15 -14 -5 -18 -2 -3 -19 -15 -4 -10 -21 28 27 -27 -26 -29
right_child=18 4 22 10 5 6 12 -9 23 -11 11 -13 14 21 -16 -17 17 20 -20 24 -22 -23 -24 -25 25 26 -28 29 -30 -31
leaf_value=0.86314071222160982 14.491893290584109 6.3898216193430004 -0.15102547833928281 0.22053325652175843 -0.45139019686981935 -1.4650734939590118 -7.1256734618499369 1.1900573344125789 -3.066019773656167 -0.061610629351600721 0.38823200835617744 -0.039587299532047905 -2.0013037404336829 1.2411010598861223 0.62301966743449333 -0.016066130278640321 -0.11629328680986713 -2.0894682558691087 -13.393704061302458 0.036144079185812091 -1.0563333882000676 -1.1204629399003077 1.9772610818878285 2.083661994646373 0.7396724215349082 -3.5674584180729476 -0.14977442018764017 -2.7008400241297821 -6.6920701545626757 -0.32984904865677861
leaf_weight=6568 13320 2279 989 2322 3557 1163 373 17892 423 7263 11999 10174 4231 3847 32780 10478 2897 399 157 239502 1013 14140 9397 17198 8775 3589 28350 613 101 9229
leaf_count=6568 13320 2279 989 2322 3557 1163 373 17892 423 7263 11999 10174 4231 3847 32780 10478 2897 399 157 239502 1013 14140 9397 17198 8775 3589 28350 613 101 9229
internal_value=0.000898847 0.000696305 0.00314218 0.00189755 0.000420496 0.00144912 0.000629984 0.00298959 0.00501133 -0.0021266 0.000803082 0.00197133 -0.000312988 -0.00256396 0.000557696 -0.00195733 -0.00310044 -0.00632322 0.00768494 2.1817e-05 -0.016204 -0.0021298 0.00738109 0.00627361 -3.48414e-05 -0.00135282 -0.00242373 -0.00545272 0.0036867 -0.00311409
internal_weight=465018 451541 45758 35372 405783 113345 92167 26318 21178 8426 28804 22173 65849 18360 47489 14709 6631 4309 13477 292438 1412 17987 10386 17621 290159 50657 41781 13431 8876 9842
internal_count=465018 451541 45758 35372 405783 113345 92167 26318 21178 8426 28804 22173 65849 18360 47489 14709 6631 4309 13477 292438 1412 17987 10386 17621 290159 50657 41781 13431 8876 9842
cat_boundaries=0 4 8 12 14 19 21 25 29 33 38 42 46 50 54 59 62 65 69 71 75 76
cat_threshold=2182480386 268476948 9568256 134250505 920912918 2685457928 805307152 2216820996 110117901 16912408 3368026136 169875780 3762921988 18 134217984 285212672 33685504 1078460480 1 4060232261 4 335675393 2576891904 2151809056 1073408 1224827436 2686504976 830545928 113524756 16384 100663296 35651584 2048 134310592 71565572 5355532 159433410 2 2687635457 167774722 69599238 1770592 2281734150 667648 1811939328 1101824 0 0 536870912 2147483904 268435456 2166374400 0 8192 68320 151128516 68157568 17351785 2 25165824 16384 1073741824 25600 524288 268500992 315629622 2148732933 2329948832 536876096 841425473 12 2281701440 536873280 16861508 1358954498 1140850816
is_linear=0
shrinkage=0.1


Tree=62
num_leaves=31
num_cat=21
split_feature=0 4 0 9 8 9 0 4 10 8 9 0 8 9 8 11 9 9 9 4 8 9 4 8 11 8 6 8 9 9
split_gain=58.8354 64.3571 25.2359 23.1103 23.1508 22.4013 21.1854 18.8644 12.6895 14.9678 12.1685 12.1365 17.8438 21.2753 15.5386 15.1105 21.4957 20.8245 14.7665 14.3963 14.0453 13.6442 12.2554 11.8935 11.8213 25.4378 16.685 12.4153 11.8453 11.4543
threshold=219.00000000000003 435.00000000000006 813.00000000000011 0 1 2 465.00000000000006 75.000000000000014 3 4 5 -26.999999999999996 6 7 8 9 10 11 12 435.00000000000006 13 14 375.00000000000006 15 16 17 781.50000000000011 18 19 20
decision_type=2 2 2 9 9 9 2 2 9 9 9 2 9 9 9 9 9 9 9 2 9 9 2 9 9 9 2 9 9 9
left_child=7 3 5 4 6 8 -2 -1 9 -3 -9 14 21 -14 18 17 22 23 -12 -19 -18 -13 -17 -15 25 -7 29 -28 -27 -26
right_child=1 2 -4 -5 -6 24 -8 10 -10 -11 11 12 13 15 -16 16 20 19 -20 -21 -22 -23 -24 -25 26 28 27 -29 -30 -31
leaf_value=0.42451734887312187 -1.9577049249777119 2.1156701937953044 21.542010646975612 2.7624968527568607 1.1019415082340309 -5.1662864957460393 2.8136745805221648 6.1618945678841719 3.2999308454628018 -4.2732036852203219 -0.62472494574787796 -0.44379390935339347 0.71423270018160245 0.30759169885234189 -0.020174326442317071 0.7150413515416234 0.078966834990567114 0.64168469780220017 -0.20913565070779941 0.41145289502098814 -0.43906458054864023 -0.024514713178786382 0.1605122548870053 -0.24739231193327532 1.2229348186431241 -4.6934821964259159 -0.8185367514697085 1.3658997811545042 0.86727952058606306 -2.8315192238406661
leaf_weight=7506 807 2664 4518 26902 5607 2787 397 2506 6482 1603 7296 9913 28461 8161 71744 9588 19182 17683 13915 33068 31228 78101 24395 18051 1902 1611 4743 14245 4756 5196
leaf_count=7506 807 2664 4518 26902 5607 2787 397 2506 6482 1603 7296 9913 28461 8161 71744 9588 19182 17683 13915 33068 31228 78101 24395 18051 1902 1611 4743 14245 4756 5196
internal_value=0.000875837 0.00326763 0.00100917 0.00665114 0.00143821 0.000308552 -0.0110873 0.000346851 0.00430244 6.31287e-05 0.000247046 0.000200003 0.000530935 0.00107661 -0.000789091 0.000631856 -0.000292288 0.00164512 -0.0031662 0.00282717 -0.00160254 -0.00064596 0.00165122 -0.000643734 -0.000910638 -0.00400044 0.00017474 0.00172109 -0.000506507 -0.00396168
internal_weight=465018 84220 50507 33713 6811 45989 1204 380798 10749 4267 373292 370786 277831 189817 92955 161356 84393 76963 21211 50751 50410 88014 33983 26212 35240 9154 26086 18988 6367 7098
internal_count=465018 84220 50507 33713 6811 45989 1204 380798 10749 4267 373292 370786 277831 189817 92955 161356 84393 76963 21211 50751 50410 88014 33983 26212 35240 9154 26086 18988 6367 7098
cat_boundaries=0 4 8 13 14 18 22 26 30 34 36 40 44 48 52 57 61 63 67 71 75 79
cat_threshold=2281718208 268435456 173211648 268447320 335545344 0 3229614136 167903552 279188530 538498569 805437840 2216821000 1 3221693190 136845824 3224440660 604372996 1114624 0 0 536870912 2147483904 336413188 151395392 1560285186 172445700 335806484 1098938 2429856 470843946 27695104 134259073 2722365461 111714500 1177650245 20 714103299 2199919109 1082279938 1086849041 142643331 3256943361 75513872 1076371472 285999109 2840102656 12328 346323584 1225792 1122074788 2152136736 8916576 87031937 1141387306 2147483776 608337921 1 1086324744 2185756929 36186816 68190345 541633287 11 2550161409 2200969618 243269636 1092672 55795777 69910529 22786048 42483732 235014272 8519680 137396228 142624768 105382148 3674406928 1110532128 1342966945
is_linear=0
shrinkage=0.1


Tree=63
num_leaves=31
num_cat=21
split_feature=0 4 9 0 4 9 8 0 8 8 0 8 9 9 11 8 8 9 10 8 3 3 9 10 9 9 9 6 10 9
split_gain=58.0621 57.1418 22.672 18.6405 16.6626 15.016 14.0365 14.0322 21.4288 13.9886 11.4274 20.3856 27.2337 20.7571 15.5083 22.4914 17.9798 19.51 14.8278 16.4071 14.7806 13.8062 12.8466 11.4929 12.9164 11.7584 11.0383 10.8639 11.5834 10.7007
threshold=279.00000000000006 465.00000000000006 0 879.00000000000011 75.000000000000014 1 2 465.00000000000006 3 4 1.0000000180025095e-35 5 6 7 8 9 10 11 12 13 5.5000000000000009 10.500000000000002 14 15 16 17 18 605.50000000000011 19 20
decision_type=2 2 9 2 2 9 9 2 9 9 2 9 9 9 9 9 9 9 9 9 2 2 9 9 9 9 9 2 9 9
left_child=4 5 27 9 6 7 -1 8 -2 29 -6 12 20 18 15 -15 -16 -18 19 -13 -12 -20 -17 24 -19 -25 -14 28 -3 -4
right_child=1 2 3 -5 10 -7 -8 -9 -10 -11 11 13 26 14 16 22 17 23 21 -21 -22 -23 -24 25 -26 -27 -28 -29 -30 -31
leaf_value=-0.0059052360879656568 -2.3602384104814589 -8.904375114701617 -0.81002675674811619 22.236021924494803 -0.055941657422314744 3.9473704888786756 1.1847368595692747 7.0836601717628502 0.31596596563256557 0.083484461577170266 -3.1105933061354119 -2.4092888054526385 0.45598941085956812 0.97513131217303473 -0.52851546890919976 -0.20191383740100763 0.89219043686210586 0.067365524833520402 1.185940009558113 -0.40436000025475877 0.2428606217871182 -0.4167392502215041 0.32755573103193814 -0.99220177339787519 -2.0150443140013894 0.12209382535567813 -0.14326009292836703 3.5495660875592168 0.87892428391021571 -3.5187959106898674
leaf_weight=3245 383 233 3209 2391 151590 21608 4742 1908 2596 16186 82 115 14431 24446 13061 18431 17487 2866 19761 2257 40 2912 27040 4496 3056 37648 56090 8679 746 3283
leaf_count=3245 383 233 3209 2391 151590 21608 4742 1908 2596 16186 82 115 14431 24446 13061 18431 17487 2866 19761 2257 40 2912 27040 4496 3056 37648 56090 8679 746 3283
internal_value=0.000854763 0.00372448 0.00105595 -0.000530723 0.000419668 0.00722212 0.00494178 0.00219931 -0.00208459 -0.00141635 0.000328416 0.000751744 -0.000680367 0.00133455 0.000885345 0.00196877 -7.83472e-05 0.000596831 0.00399721 -0.00351805 -0.0460606 0.00478464 0.00065324 -0.00044388 -0.00456507 0.000136168 -0.000595341 0.00516963 -0.00481103 -0.00533374
internal_weight=465018 61222 34727 25069 403796 26495 7987 4887 2979 22678 395809 244219 70643 173576 148531 69917 78614 65553 25045 2372 122 22673 45471 48066 5922 42144 70521 9658 979 6492
internal_count=465018 61222 34727 25069 403796 26495 7987 4887 2979 22678 395809 244219 70643 173576 148531 69917 78614 65553 25045 2372 122 22673 45471 48066 5922 42144 70521 9658 979 6492
cat_boundaries=0 5 9 13 17 21 25 29 33 35 39 43 48 49 53 58 59 63 67 72 73 78
cat_threshold=11277346 2685441800 805306768 3559784704 1 2281718016 268435456 177410048 268438608 84410373 2097152 2483027968 128 67109888 0 1082130448 33554496 3231777 1160268545 25427975 202031124 1095581764 155458632 1564475394 38162436 16777216 0 0 8193 1346634756 1233938 539235233 2618294570 1186174020 28 2181071104 3222814980 2192282336 152085001 471859202 2148008192 35686400 18908224 638595106 2686454308 276922376 1610650129 1 3238011140 67108864 0 2147483648 2048 16941186 2097933 12601364 1617723473 2 1107374348 2281718272 17367168 0 4719616 8388608 100663296 2181038080 16794624 270620 137497158 2572156962 279708740 2 1073742592 134382081 1486891152 2165440578 22135888 2
is_linear=0
shrinkage=0.1


Tree=64
num_leaves=31
num_cat=22
split_feature=0 4 4 9 0 8 6 11 9 9 8 9 8 6 11 8 8 10 9 9 8 10 10 8 4 9 9 4 8 9
split_gain=58.1874 35.4279 23.1567 20.3181 18.0676 16.3876 14.1881 25.2125 29.6394 22.7898 21.0881 20.0004 19.2978 16.8892 23.9558 27.7868 17.4738 16.3211 15.9469 15.7888 15.6424 15.0528 14.043 13.9454 13.0704 13.0648 12.8625 14.609 12.6361 14.3958
threshold=471.00000000000006 765.00000000000011 135.00000000000003 0 147.00000000000003 1 647.50000000000011 2 3 4 5 6 7 1146.5000000000002 8 9 10 11 12 13 14 15 16 17 45.000000000000007 18 19 195.00000000000003 20 21
decision_type=2 2 2 9 2 9 2 9 9 9 9 9 9 2 9 9 9 9 9 9 9 9 9 9 2 9 9 2 9 9
left_child=2 -2 4 -3 5 -1 7 8 23 10 -8 12 21 16 15 18 -11 -13 -15 -18 -16 -9 -14 26 -7 -17 27 -4 29 -19
right_child=1 3 6 -5 -6 24 9 11 -10 13 -12 17 22 14 20 25 19 28 -20 -21 -22 -23 -24 -25 -26 -27 -28 -29 -30 -31
leaf_value=0.34146660333329842 8.9932448470392234 -5.436928559423909 -4.8102450280386542 3.1251550055294928 0.83978091051116344 1.933867679761808 -0.065837801753349995 -8.4611344969059985 0.85280497850223913 0.47316569563331462 1.0814543735457307 0.88579760183726064 -2.0165338940437607 -4.7346026553772598 -0.41917986095372889 -1.2653704286943592 0.26236532117623862 0.03397184170003139 -0.92899329487350202 -0.14780647952860237 0.23788036492326947 -1.7904074667610452 -0.20903050690202984 -0.079246190798952523 -0.093825279509893694 0.65304876574876669 -0.71491866422978878 -3.8893088935107052 -0.032047620813340456 -1.1912779574105459
leaf_weight=17702 16055 2427 44 6752 11388 1328 15759 336 16313 45229 35599 8252 2537 2473 17048 5181 54163 6638 2509 71293 29014 3998 13644 6024 14035 3364 1321 514 43761 10317
leaf_count=17702 16055 2427 44 6752 11388 1328 15759 336 16313 45229 35599 8252 2537 2473 17048 5181 54163 6638 2509 71293 29014 3998 13644 6024 14035 3364 1321 514 43761 10317
internal_value=0.00084014 0.00551003 0.00057219 0.000554527 0.00273615 0.001553 0.000328864 -0.000613989 0.002248 0.000709508 0.00261408 -0.0013886 -0.00412911 0.000284605 -0.00116481 -0.00486297 0.000790638 -0.000572936 -0.0107933 0.000182998 -7.77041e-05 -0.0100506 -0.00253783 -0.00277644 -0.000837182 -0.00139684 -0.0102753 -0.0229225 -0.0011402 -0.00345712
internal_weight=465018 25234 439784 9179 44453 33065 395331 113699 24216 281632 51358 89483 20515 230274 59589 13527 170685 68968 4982 125456 46062 4334 16181 7903 15363 8545 1879 558 60716 16955
internal_count=465018 25234 439784 9179 44453 33065 395331 113699 24216 281632 51358 89483 20515 230274 59589 13527 170685 68968 4982 125456 46062 4334 16181 7903 15363 8545 1879 558 60716 16955
cat_boundaries=0 5 9 11 15 19 23 28 32 34 38 42 44 48 52 56 58 60 63 67 71 75 79
cat_threshold=2655201640 71712786 18874368 563085370 2 2215805184 43651076 1751318560 1600256 541503940 6 35389444 154413232 2150630464 16993301 303300660 1070630 819986978 2216695084 71639148 1740934144 119144448 235405456 1082933764 646512644 415432705 350258188 1 2281868546 2415927449 2375808 794884 570565440 10 2282784004 1129468042 2829090880 16922944 2885856546 4261024 536969668 51912842 285321251 12 201458752 159385728 33638740 17891346 151585288 725616848 83894356 164331539 1444151296 2167995009 1073848334 169345312 402661632 2 2701199426 12 201326592 3523218432 3976302594 2286585664 142614736 149828 1480608401 1572864 134217856 2097152 16 210370593 14418948 1375734037 53547173 2418156544 151000208 1053286 2282750273
is_linear=0
shrinkage=0.1


Tree=65
num_leaves=31
num_cat=23
split_feature=0 0 4 8 11 9 9 8 8 9 8 4 9 0 11 10 9 8 9 0 8 8 9 2 8 9 9 9 8 9
split_gain=54.536 27.1593 54.7262 24.2609 21.2837 36.1428 25.9977 19.9288 19.6795 18.7846 14.6788 13.9403 13.1152 14.7528 10.887 10.2446 10.1219 9.79546 9.59103 10.8815 19.5796 14.6195 15.6757 14.1845 23.2154 14.8222 11.9051 10.6656 10.9307 12.9654
threshold=705.00000000000011 153.00000000000003 285.00000000000006 0 1 2 3 4 5 6 7 45.000000000000007 8 387.00000000000006 9 10 11 12 13 -104.99999999999999 14 15 16 111.00000000000001 17 18 19 20 21 22
decision_type=2 2 2 9 9 9 9 9 9 9 9 2 9 2 9 9 9 9 9 2 9 9 9 10 9 9 9 9 9 9
left_child=1 11 7 9 6 8 -5 12 -6 -4 -7 -1 13 14 -3 -12 -2 -8 -13 20 26 22 -21 27 25 -25 -20 28 -23 -30
right_child=16 2 3 4 5 10 17 -9 -10 -11 15 18 -14 -15 -16 -17 -18 -19 19 21 -22 23 -24 24 -26 -27 -28 -29 29 -31
leaf_value=1.8726128069799008 -15.867130482541484 -0.81510103414356283 -0.4114454437327914 2.6599268390206481 -4.1692034162106957 1.2941607698325555 0.52667728077904186 1.42597478106065 -1.0341956208731262 2.7892143106498626 -3.7742111235747076 5.249701829519215 1.1185626761350329 2.0599282512116357 -0.057945394527261176 -0.29665621891076133 16.111137862536562 -0.85210784148152607 -0.32497328154487964 1.9973415702713933 -0.14358492069510903 0.13367719973465381 0.10858300912530908 -1.6387299944897151 0.029764527663377047 -0.59413404884189791 -2.9674440616266775 0.067032761383812423 -3.5258408458939168 -0.21803713131392805
leaf_weight=1883 107 1395 5098 9647 3652 10557 8429 22249 6242 12048 2120 2387 3851 1205 2446 15679 10720 6826 1923 9335 20864 8720 15021 1631 17720 9318 2986 237142 1678 12139
leaf_count=1883 107 1395 5098 9647 3652 10557 8429 22249 6242 12048 2120 2387 3851 1205 2446 15679 10720 6826 1923 9335 20864 8720 15021 1631 17720 9318 2986 237142 1678 12139
internal_value=0.000806163 0.000638961 0.00199508 0.00061496 -0.000290997 -0.00177209 0.00198378 0.0055532 -0.00697294 0.00394964 4.44197e-05 0.000198018 0.00154598 -0.00180775 -0.00483988 -0.00170756 0.00782026 -0.000586308 0.000150618 0.000105972 -0.00186901 0.000268753 0.00262087 6.99828e-05 -0.00204088 -0.00565836 -0.00754422 0.000303028 -0.0017754 -0.00352426
internal_weight=465018 454191 111444 80298 63152 38250 24902 31146 9894 17146 28356 342747 8897 5046 3841 17799 10827 15255 340864 338477 25773 312704 24356 288348 28669 10949 4909 259679 22537 13817
internal_count=465018 454191 111444 80298 63152 38250 24902 31146 9894 17146 28356 342747 8897 5046 3841 17799 10827 15255 340864 338477 25773 312704 24356 288348 28669 10949 4909 259679 22537 13817
cat_boundaries=0 4 6 10 14 18 22 26 30 34 35 37 41 45 49 53 57 62 66 71 75 80 84 88
cat_threshold=8555786 276824197 2149583824 18969227 1595248785 4 33573632 226566144 171137024 1351765633 369508636 428949530 2283798532 67245101 295175180 152047632 1749024792 33554496 2434793476 2265972752 176160800 101712900 2282283136 143398944 134338572 1212252243 2626048 38931970 304054311 67767376 151519552 285212672 134414400 402661488 184953224 2147559684 6 2056 0 0 545259520 2585067589 3443033088 134217730 75663360 16 0 536870912 2147483904 2357387522 34603013 3322708145 3174660 536884520 8454176 2977760 16777339 72376928 1611010179 303106336 1342740504 1 394545664 3710956288 273678346 8491264 352976902 541065344 2147483648 564289568 1 67141893 147393297 2155874320 1210795089 625017024 1142167881 1074303264 1413491264 2 1375734273 3256405248 2152857600 44056576 128 67108864 4128 272637952
is_linear=0
shrinkage=0.1


Tree=66
num_leaves=31
num_cat=20
split_feature=0 4 0 9 4 6 0 8 9 9 8 4 10 9 8 2 8 8 11 8 9 8 8 8 0 9 8 8 8 2
split_gain=51.2683 57.5241 23.3141 21.1591 19.1281 14.0491 12.3487 19.6196 19.9627 15.8482 14.6123 14.1181 14.7441 28.0302 19.0373 14.6756 16.6365 11.6251 11.3859 11.3005 11.1223 12.413 11.8489 10.9004 10.8613 10.7074 10.5586 10.5357 10.3276 10.2013
threshold=327.00000000000006 465.00000000000006 879.00000000000011 0 75.000000000000014 589.50000000000011 33.000000000000007 1 2 3 4 1455.0000000000002 5 6 7 99.000000000000014 8 9 10 11 12 13 14 15 483.00000000000006 16 17 18 19 213.00000000000003
decision_type=2 2 2 9 2 2 2 9 9 9 9 2 9 9 9 8 9 9 9 9 9 9 9 9 2 9 9 9 9 10
left_child=4 19 3 17 28 -5 20 9 10 -8 -9 12 13 15 25 -10 29 -3 26 24 21 -6 -22 -13 -2 -14 -7 -20 -1 -17
right_child=1 2 -4 5 6 18 7 8 11 -11 -12 23 14 -15 -16 16 -18 -19 27 -21 22 -23 -24 -25 -26 -27 -28 -29 -30 -31
leaf_value=0.03209692667401276 -2.3326801929199701 -4.2175114884809872 22.892685836357252 -3.4783216959433325 0.056782113666576699 1.2600998510281443 -0.50335840688427502 0.3014403993039626 0.024310151169847465 0.02648182593125958 1.478874420958908 -3.4303085211184978 0.41900373349279951 0.31395426176220065 0.15169413360294062 -1.2718725699384184 -1.1902339038136585 -0.87912441965352228 -0.92430982869587019 4.3178144261775859 -0.19751595043047587 -0.32742980405767486 0.096030601391110013 -0.20305899538073133 1.8172458558149651 1.1855181620523814 -5.2901540515478143 3.0028254688970506 1.0456292658591233 -3.1487562759594727
leaf_weight=3367 165 2390 3574 1612 18681 2021 11535 10036 3326 39527 10397 2389 13705 20176 50996 1163 3842 4227 2269 20607 30479 27276 129093 21178 181 13852 1806 9639 4863 646
leaf_count=3367 165 2390 3574 1612 18681 2021 11535 10036 3326 39527 10397 2389 13705 20176 50996 1163 3842 4227 2269 20607 30479 27276 129093 21178 181 13852 1806 9639 4863 646
internal_value=0.000797776 0.00387515 0.000870797 -0.000252879 0.000439516 0.00158265 0.000343304 0.000896986 0.00146761 -0.00079848 0.0043746 0.00101483 0.00150001 -0.000420738 0.00221262 -0.00506621 -0.00817377 -0.0050596 0.00249444 0.0078237 -0.000202939 -0.00157352 0.000191877 -0.0012021 -0.00994382 0.00433018 -0.00224915 0.00401745 0.00521264 -0.0160583
internal_weight=465018 48491 27538 23964 416527 17347 408297 202768 151706 51062 20433 131273 107706 29153 78553 8977 5651 6617 15735 20953 205529 45957 159572 23567 346 27557 3827 11908 8230 1809
internal_count=465018 48491 27538 23964 416527 17347 408297 202768 151706 51062 20433 131273 107706 29153 78553 8977 5651 6617 15735 20953 205529 45957 159572 23567 346 27557 3827 11908 8230 1809
cat_boundaries=0 4 8 12 17 21 23 28 32 36 40 42 46 51 55 59 63 67 71 75 79
cat_threshold=2550147520 71565316 196096004 160434897 1372151812 151264328 1548750858 4457540 348390408 2148570683 537133984 2484078888 125829123 603985161 213192 1081124881 1 102006849 1155006994 589398020 101855232 3405851398 2 537035008 763363584 2147549252 19877888 1 2214625280 102367236 2720697312 218702121 163840 70262784 536870912 12544 137379841 50355463 763363334 34226772 554410758 8 1024 0 8388624 33554496 29622465 1687524136 1409320001 67502208 2 2281727744 566760864 1882259522 1097728 289740801 1862837120 2953388033 41959556 2050 33595652 2183135248 17891872 2333098017 289743104 2290155600 2163712 48855564 18989638 4362240 8487504 342974529 19432202 269025288 8388628 84410373 2097152 2483027968 16512
is_linear=0
shrinkage=0.1


Tree=67
num_leaves=31
num_cat=21
split_feature=0 4 0 4 9 8 9 10 8 9 9 4 9 4 8 10 8 6 8 9 8 9 11 2 8 4 11 9 9 8
split_gain=51.1603 30.6775 20.671 33.6458 19.9517 18.209 17.8812 17.7772 17.6265 13.4948 13.2968 11.6166 15.5902 11.5869 23.9518 10.99 10.7461 10.6976 17.9416 18.1426 14.1994 12.4057 12.2926 10.0799 9.75874 10.7259 9.74585 16.1461 11.961 12.1954
threshold=513.00000000000011 705.00000000000011 93.000000000000014 195.00000000000003 0 1 2 3 4 5 6 105.00000000000001 7 105.00000000000001 8 9 10 613.50000000000011 11 12 13 14 15 891.00000000000011 16 105.00000000000001 17 18 19 20
decision_type=2 2 2 2 9 9 9 9 9 9 9 2 9 2 9 9 9 2 9 9 9 9 9 8 9 2 9 9 9 9
left_child=2 -2 11 4 5 13 23 24 10 16 -5 12 15 -4 -15 -1 -10 18 19 -11 21 -19 -20 -3 25 -7 27 -22 29 -28
right_child=1 6 3 8 -6 7 -8 -9 9 17 -12 -13 -14 14 -16 -17 -18 20 22 -21 26 -23 -24 -25 -26 -27 28 -29 -30 -31
leaf_value=-0.56166884030247577 10.400412807036924 -6.3824923117617676 0.0052122433515540663 -0.22834048406889959 1.0720280963842428 0.041369361575618768 3.0828995596539155 0.55902706326535212 2.441717124742373 -4.8518393383346208 2.0009265419661171 -0.010263579472327587 0.58467788368717932 -0.30144376976789067 -1.9144258527104345 -0.0074942605194536329 0.31325011461873625 -3.1753927963007254 -1.5527147280906026 -1.1683481601544645 -2.6826764355301025 -0.37203380618879117 0.65520301069049613 6.0552612848550016 0.38918914440368463 -1.067493258116635 0.084849320639564005 0.14415970922186089 0.04377322819473458 1.9222852887699817
leaf_weight=403 12652 1545 1171 5058 13602 1917 6306 11703 5429 1432 12407 278471 7869 619 315 3240 11615 2354 3189 4490 2913 7618 6926 697 2548 1709 7476 6547 31864 10933
leaf_count=403 12652 1545 1171 5058 13602 1917 6306 11703 5429 1432 12407 278471 7869 619 315 3240 11615 2354 3189 4490 2913 7618 6926 697 2548 1709 7476 6547 31864 10933
internal_value=0.000785733 0.00558491 0.00055649 0.00149348 0.00429193 0.00227691 0.000956949 0.00331358 0.000711928 0.000212655 0.00364807 5.94176e-05 0.00317234 -0.00650118 -0.0148394 -0.00223652 0.00278175 -0.000298302 -0.00262705 -0.00699258 0.00023743 -0.00325386 -6.41972e-05 -0.00669627 -0.00102846 -0.00435644 0.000820682 -0.00212249 0.00137482 0.00340355
internal_weight=465018 21200 443818 153835 33584 19982 8548 17877 120251 102786 17465 289983 11512 2105 934 3643 17044 85742 16037 5922 69705 9972 10115 2242 6174 3626 59733 9460 50273 18409
internal_count=465018 21200 443818 153835 33584 19982 8548 17877 120251 102786 17465 289983 11512 2105 934 3643 17044 85742 16037 5922 69705 9972 10115 2242 6174 3626 59733 9460 50273 18409
cat_boundaries=0 5 9 14 15 19 24 28 33 36 38 42 46 50 54 59 61 65 67 71 76 80
cat_threshold=218661696 162070544 137494596 84470832 1 16777228 131072 1744830464 128 507717964 71714832 1075838976 697368618 2 537018195 6402 281018533 36573153 18919435 843416124 2165464074 335577090 2751856640 2 2282268708 134621184 3271680 1745569810 360841476 1216413696 268435456 1572904 1 12 131072 536870912 1778385024 12 281018444 3255471122 2147508244 68371280 159645705 1224752192 1153478686 35061892 1065216 4719121 3221225664 4303026 1081172040 536924186 2441109512 146800656 92410112 1946223104 2181103616 2117632 1 2147484184 1 2157051904 2301640704 0 37120 4731142 11 8520960 503390480 2284849160 8995880 68158464 939622916 2157969536 19496100 1 277610500 1107306816 5308416 101843264
is_linear=0
shrinkage=0.1


Tree=68
num_leaves=31
num_cat=21
split_feature=0 0 4 10 9 9 8 8 4 8 4 9 8 9 2 8 0 10 1 9 9 8 11 8 8 9 8 4 8 9
split_gain=51.1511 23.4314 48.1856 21.0473 34.2439 22.1787 17.7 16.9835 15.5072 14.9264 14.6974 14.6603 9.87088 16.0235 13.0028 27.9335 13.443 12.3106 11.8147 10.947 9.94277 20.7953 12.5213 12.1011 10.4499 11.4402 10.1951 10.0576 9.81927 9.80277
threshold=633.00000000000011 201.00000000000003 255.00000000000003 0 1 2 3 4 795.00000000000011 5 45.000000000000007 6 7 8 219.00000000000003 9 -122.99999999999999 10 1.0000000180025095e-35 11 12 13 14 15 16 17 18 105.00000000000001 19 20
decision_type=2 2 2 9 9 9 9 9 2 9 2 9 9 9 10 9 2 9 8 9 9 9 9 9 9 9 9 2 9 9
left_child=1 10 9 5 6 -4 -5 -6 -2 -3 -1 -10 13 -12 16 29 17 19 -15 -14 21 22 23 -18 25 26 -22 -27 -7 -16
right_child=8 2 3 4 7 28 -8 -9 11 -11 12 -13 14 18 15 -17 20 -19 -20 -21 24 -23 -24 -25 -26 27 -28 -29 -30 -31
leaf_value=1.6939023824343153 13.904458777282295 0.11541676668086875 -0.09979306214087541 -4.779241191715065 2.840372491585665 -0.10807209097528821 -1.0287617530022495 -0.49209879613278185 -6.760505506693427 1.7648933150714292 1.584878819561057 6.5665033568276243 -0.13476642488759358 -0.64453568499305935 -1.2762343265295442 -0.013218850933377036 -1.2679678562739158 -0.036633632144770632 0.4398796389050616 -3.921921815149096 0.062919282232900817 -0.028937462075364531 -0.41602559888471957 -3.6492974189033158 0.0033217092085862546 0.51113224257788803 0.97283149273046188 0.084802984680827115 2.0850887816213812 -3.3842690307391798
leaf_weight=2054 9028 4207 15052 2890 4963 2708 2435 16745 1327 16188 11773 3402 1601 11675 738 3965 466 4460 17281 2654 7148 58226 5153 1123 163245 4020 13196 62149 14130 1016
leaf_count=2054 9028 4207 15052 2890 4963 2708 2435 16745 1327 16188 11773 3402 1601 11675 738 3965 466 4460 17281 2654 7148 58226 5153 1123 163245 4020 13196 62149 14130 1016
internal_value=0.000765734 0.000582612 0.00214302 0.000692939 -0.00135969 0.0024326 -0.00853796 0.000404273 0.00677255 0.00633243 0.00024985 0.00213364 0.000203007 0.00167137 2.1266e-05 -0.00470537 0.000104842 -0.00376936 0.000405994 -0.00760844 0.000212121 -0.000889839 -0.00614336 -0.0138899 0.000498783 0.00138726 0.00346075 0.000749332 0.00492521 -0.0151701
internal_weight=465018 451261 79318 58923 27033 31890 5325 21708 13757 20395 371943 4729 369889 40729 329160 5719 323441 8715 28956 4255 314726 64968 6742 1589 249758 86513 20344 66169 16838 1754
internal_count=465018 451261 79318 58923 27033 31890 5325 21708 13757 20395 371943 4729 369889 40729 329160 5719 323441 8715 28956 4255 314726 64968 6742 1589 249758 86513 20344 66169 16838 1754
cat_boundaries=0 1 5 10 14 18 22 26 30 35 39 40 44 48 52 54 58 62 66 70 73 77
cat_threshold=1049890955 3230304704 2374074880 33626124 405947400 2281758720 4980768 1221722180 156237843 1 2248183808 2268086403 1250426928 100725072 8943874 281019463 2491344 218169881 17826828 16781312 1212153880 64 373483788 2492418 3358588928 546312234 1610620200 8454181 2117621 21495835 68169824 131299 553648770 3372788056 1 374505988 2232463760 2701164546 111904 1482556748 2227209306 289473283 44122128 269092384 84410560 1712062816 33604040 3775572160 20972032 134350872 134742018 135332384 658432 1 16777216 134217728 524288 65536 164642816 1107486736 1125089280 11609952 536937472 153109010 137429010 134300457 8388608 1107314704 1091436544 8389632 24578 2256896 1073741824 2182242816 10496 2443182148 6030347
is_linear=0
shrinkage=0.1


Tree=69
num_leaves=31
num_cat=20
split_feature=0 4 0 0 9 8 4 9 8 9 8 0 8 2 8 8 4 9 9 10 9 9 9 8 0 9 9 2 8 9
split_gain=48.7812 54.9022 21.3991 18.1948 19.3982 16.6907 16.2963 14.2311 10.4352 10.2284 9.43165 8.63869 14.1865 13.2714 19.848 11.9613 14.2899 21.1744 16.7446 12.6343 14.1411 12.9878 11.927 11.2196 11.9214 11.8324 10.7974 10.6647 10.4046 10.2629
threshold=249.00000000000003 465.00000000000006 879.00000000000011 453.00000000000006 0 1 75.000000000000014 2 3 4 5 -14.999999999999998 6 225.00000000000003 7 8 945.00000000000011 9 10 11 12 13 14 15 -254.99999999999997 16 17 255.00000000000003 18 19
decision_type=2 2 2 2 9 9 2 9 9 9 9 2 9 10 9 9 2 9 9 9 9 9 9 9 2 9 9 10 9 9
left_child=6 3 7 4 5 -2 8 -3 -1 -8 -9 23 -13 15 22 -14 17 -17 -18 21 -21 -19 -15 -11 -25 -26 -20 -24 -28 -16
right_child=1 2 -4 -5 -6 -7 9 10 -10 11 -12 12 13 14 29 16 18 19 26 20 -22 -23 27 24 25 -27 28 -29 -30 -31
leaf_value=-0.028485869626018151 -1.0790690308655413 1.7094396171089974 19.343110139655483 9.7459057268852227 1.7587451426401501 0.6792491583483371 4.7853837810577744 1.5745745919675747 0.75757641053815239 0.20092670318481703 -0.74895290981999652 1.4594034306716495 -0.061849381931511266 -0.53736223648430759 -0.70273291796541359 0.79530788756754345 -8.7587946646367509 0.5227264514381601 0.78028172911553195 -0.43858154094356455 0.16279248502725305 0.055781734431919243 -1.8809514774802356 -4.5959695321033731 0.26194069859263464 -0.23286627776317215 0.45256711533962007 -4.1071892384877442 -0.74188684539772165 0.50233743036997225
leaf_weight=2262 1823 8515 3574 11870 12971 4296 2596 3904 5494 31805 24584 9913 83243 1590 2704 20316 345 27674 12282 13314 22697 32937 914 1730 17310 64426 10582 761 23618 4968
leaf_count=2262 1823 8515 3574 11870 12971 4296 2596 3904 5494 31805 24584 9913 83243 1590 2704 20316 345 27674 12282 13314 22697 32937 914 1730 17310 64426 10582 761 23618 4968
internal_value=0.000753907 0.00315599 0.000736132 0.00632752 0.00441592 -0.000230053 0.000317195 2.2431e-05 0.0048556 0.000225939 -0.0010499 0.000183459 0.000494964 0.000352194 -0.0030566 0.000503142 0.000999237 0.00159042 -0.000476861 0.00097297 -0.000510535 0.00185431 -0.00957252 -0.000540378 -0.00114931 -0.00097558 -0.000311451 -0.0154599 -0.00122479 -0.000270762
internal_weight=465018 71537 40577 30960 19090 6119 393481 37003 7756 385725 28488 383129 267858 257945 10937 247008 163765 116938 46827 96622 36011 60611 3265 115271 83466 81736 46482 1675 34200 7672
internal_count=465018 71537 40577 30960 19090 6119 393481 37003 7756 385725 28488 383129 267858 257945 10937 247008 163765 116938 46827 96622 36011 60611 3265 115271 83466 81736 46482 1675 34200 7672
cat_boundaries=0 4 8 13 17 21 25 29 33 37 41 45 47 52 56 60 64 68 73 77 82
cat_threshold=2281718016 293666944 2324889600 268511352 235930624 2097152 1086324784 100795460 49026096 2685965832 805306768 2485256480 1 67633157 2097152 2483027968 128 16 0 536870912 2147483904 1182828814 281280708 271057648 16855561 536878336 65568 2158039008 150994955 1448230916 2419112208 21004288 531712 868942 688263242 1543507970 38164484 415268 2417233043 2156071058 202379808 268435456 603979776 0 2113536 676762763 10 86507776 144711968 1358954564 1090543624 1 2545950720 1235255300 404750340 17099784 2283152136 4229382 28442688 135562258 1275675140 29826148 86000386 4211210 2703241730 141380 1261970 675323991 538511692 163657730 66130 79790722 1 343932960 1415588096 17981465 78151696 144470272 155190663 2293824 1479575056 1
is_linear=0
shrinkage=0.1


Tree=70
num_leaves=31
num_cat=19
split_feature=0 0 4 8 9 8 11 9 8 0 9 6 9 2 4 9 8 11 6 0 10 6 8 8 8 10 9 10 1 9
split_gain=47.3145 23.7388 37.7211 19.2876 18.5545 19.3793 14.5178 20.9041 18.6644 14.4106 13.0934 12.0897 15.5873 14.7672 12.0609 11.2599 10.4889 9.78159 10.3354 9.29851 9.20539 9.10493 10.5299 8.50102 8.47118 8.41034 7.82189 7.7492 9.41531 7.31577
threshold=693.00000000000011 129.00000000000003 195.00000000000003 0 1 2 3 4 5 387.00000000000006 6 475.50000000000006 7 315.00000000000006 45.000000000000007 8 9 10 841.50000000000011 213.00000000000003 11 532.50000000000011 12 13 14 15 16 17 315.00000000000006 18
decision_type=2 2 2 9 9 9 9 9 9 2 9 2 9 10 2 9 9 9 2 2 9 2 9 9 9 9 9 9 8 9
left_child=1 14 4 15 5 9 8 -8 19 -3 -10 12 -12 -14 -1 -4 -2 18 -17 -5 -21 24 -23 -13 27 -7 -16 -9 -29 -24
right_child=16 2 3 6 -6 25 7 21 10 -11 11 23 13 -15 26 17 -18 -19 -20 20 -22 22 29 -25 -26 -27 -28 28 -30 -31
leaf_value=1.3643176855142656 -4.1529691085755003 -0.22801315444089876 -0.079597023851321502 -0.67845491945678704 1.2367169581667925 0.10719297749023859 2.0254952417128389 -1.1038156162468373 1.3963392887713215 2.6372492038844713 -7.178465626988606 -1.606639611974539 -0.36714127860321477 -11.312621473845439 3.9855901497825741 -7.1827400979495302 12.080074194380362 1.9947038423592565 -0.30914130732177469 -1.1340153426821402 -5.6877634026778159 0.78402428353733133 0.19289954935686632 0.17446770678481102 -0.088266291610452574 1.2612885542345766 0.0018548464389184006 -4.2146014400022791 -11.1111520301229 -0.61454530655088802
leaf_weight=1761 794 5156 4953 3185 14088 2419 9688 838 6178 1222 152 6354 888 214 2317 80 10396 12130 293 1640 2174 16686 12139 12577 1837 5539 319778 400 43 9099
leaf_count=1761 794 5156 4953 3185 14088 2419 9688 838 6178 1222 152 6354 888 214 2317 80 10396 12130 293 1640 2174 16686 12139 12577 1837 5539 319778 400 43 9099
internal_value=0.000716489 0.000558097 0.00169975 0.000798441 0.00491979 0.00238115 0.00017027 0.00123571 -0.00144972 -0.00172511 -0.000230159 -0.00146323 -0.0109729 -0.00654676 9.99213e-05 0.00382228 0.0071403 0.00542076 -0.0103655 -0.00603652 -0.00937598 0.000248953 0.000676089 -0.000834081 -0.00494548 0.00567018 5.47979e-05 -0.0111464 -0.0217881 -0.000801016
internal_weight=465018 453828 129972 101548 28424 14336 84092 50730 33362 6378 26363 20185 1254 1102 323856 17456 11190 12503 373 6999 3814 41042 37924 18931 3118 7958 322095 1281 443 21238
internal_count=465018 453828 129972 101548 28424 14336 84092 50730 33362 6378 26363 20185 1254 1102 323856 17456 11190 12503 373 6999 3814 41042 37924 18931 3118 7958 322095 1281 443 21238
cat_boundaries=0 4 9 13 15 20 24 29 33 37 40 41 42 46 50 54 55 59 60 64
cat_threshold=39170 281018533 36326337 16855563 218661696 153092112 134348868 155249712 1 25166348 153227264 1749024770 4096 2689085254 27 302318140 2603696154 2149580808 67310604 2 2483224577 2836402176 2625642496 4606080 541091368 2198215746 8421506 2691203842 1 100663296 536870912 1076887552 2048 2282285097 134613152 137453572 671729682 6885448 1073842691 16777220 2151749632 1242730506 2365981197 1109033984 943722496 9619456 31457388 69525778 1628438538 75530512 135266304 12288 1077936130 1050624 2147622720 16 0 536870912 2147483904 335815176 135414016 549620512 5242884 151781411
is_linear=0
shrinkage=0.1


Tree=71
num_leaves=31
num_cat=18
split_feature=0 4 0 0 9 9 8 4 9 11 6 8 4 6 8 2 9 8 8 9 0 8 9 8 2 8 9 0 8 9
split_gain=44.0326 49.9784 20.3843 20.0115 18.6382 15.0891 14.8234 14.5494 9.52752 9.1254 13.4635 9.83305 9.0694 10.6831 9.36491 9.08023 19.4465 8.60815 8.42835 8.32191 7.93797 15.6928 15.2186 14.5629 12.3937 19.4769 10.3023 10.2752 13.5361 10.062
threshold=219.00000000000003 435.00000000000006 393.00000000000006 891.00000000000011 0 1 2 45.000000000000007 3 4 888.50000000000011 5 2325.0000000000005 1170.5000000000002 6 387.00000000000006 7 8 9 10 -56.999999999999993 11 12 13 177.00000000000003 14 15 129.00000000000003 16 17
decision_type=2 2 2 2 9 9 9 2 9 9 2 9 2 2 9 8 9 9 9 9 2 9 9 9 10 9 9 2 9 9
left_child=7 2 4 5 6 9 8 -1 -2 10 -3 -11 14 -14 -7 -16 18 -18 -17 -9 21 22 -21 26 27 -26 -22 -25 -29 -30
right_child=1 3 -4 -5 -6 12 -8 19 -10 11 -12 -13 13 -15 15 16 17 -19 -20 20 23 -23 -24 24 25 -27 -28 28 29 -31
leaf_value=1.3275199545859797 -1.5514717276912391 -12.120916807660729 6.1678599125756053 17.87893352032113 1.2428065309550154 1.8009105299703849 0.77108293393177474 3.8976136125068503 -0.30951895557990211 -0.26652264222615507 0.40885634638857021 3.0734273189221422 -5.7771540314124143 3.4747477144233154 0.13149656443096266 -4.5843974575825728 -2.4466124861603156 0.74674395485137379 -2.3722600267987097 0.18106165120748541 0.23554367021043487 -0.010945803607009669 -1.0266665797093468 0.016880842293864617 -1.0061567860377367 0.037764087270733313 3.3151119802427313 0.82880019668083937 -0.41490712822606191 0.28731495516198541
leaf_weight=2100 320 125 14231 3701 11487 4930 4550 2550 3125 2886 369 6428 2600 669 17768 1404 2390 5700 1537 4089 4602 40168 7913 256034 7157 12499 4928 13711 6608 18439
leaf_count=2100 320 125 14231 3701 11487 4930 4550 2550 3125 2886 369 6428 2600 669 17768 1404 2390 5700 1537 4089 4602 40168 7913 256034 7157 12499 4928 13711 6608 18439
internal_value=0.000680791 0.00274994 0.00573162 0.000759697 0.00363002 0.000199975 -8.11989e-05 0.000223163 -0.00502171 0.00368507 -0.00944444 0.00439082 -0.000724708 -0.00575405 -0.000237481 -0.00092714 -0.00318103 -0.000641975 -0.0101288 0.000177134 0.000138453 -0.00100633 -0.00417749 0.0003228 0.000206006 -0.00222527 0.00417191 0.000368124 0.00188555 0.000501657
internal_weight=465018 84220 33713 50507 19482 46806 7995 380798 3445 9808 494 9314 36998 3269 33729 28799 11031 8090 2941 378698 376148 52170 12002 323978 314448 19656 9530 294792 38758 25047
internal_count=465018 84220 33713 50507 19482 46806 7995 380798 3445 9808 494 9314 36998 3269 33729 28799 11031 8090 2941 378698 376148 52170 12002 323978 314448 19656 9530 294792 38758 25047
cat_boundaries=0 4 8 12 16 17 21 25 29 33 37 41 45 49 53 57 61 65 69
cat_threshold=2299019584 287309952 2320695364 402778744 317002802 571512328 805323152 2216821000 386925577 186646528 3359641656 100730180 256 0 0 32792 2148073492 112747520 1191780358 84508676 67109952 79990026 281281548 2150499232 16786953 134244416 88432643 144779264 150997121 269550080 2235164752 67108880 100733220 2282754048 2101267 1761607690 2670928 16 0 536870912 2147483904 16955650 34611585 2785022003 128589828 2349343240 2818575241 2164 1745045585 536878336 8454176 2166752 16777227 1431306758 2238757136 2688581633 8492288 2100225 2720012816 1210172442 680789571 3290660865 337256581 2181734420 67744000 50991426 603993928 2099594 1632313360
is_linear=0
shrinkage=0.1


Tree=72
num_leaves=31
num_cat=17
split_feature=0 4 4 9 0 11 8 8 4 9 9 9 8 9 1 8 2 0 9 8 1 3 10 9 9 5 9 8 6 6
split_gain=42.9882 29.5804 18.5565 17.6499 14.4123 22.6036 33.9745 25.8655 19.9853 19.1486 16.7582 14.1886 13.9935 13.5248 10.3624 10.4828 9.60512 8.69636 8.44364 8.14684 8.72511 7.96894 7.73581 9.4862 8.80342 8.09714 11.8627 8.94813 7.94512 7.29018
threshold=531.00000000000011 465.00000000000006 75.000000000000014 0 141.00000000000003 1 2 3 195.00000000000003 4 5 6 7 8 9.0000000000000018 9 207.00000000000003 789.00000000000011 10 11 1035.0000000000002 4.5000000000000009 12 13 14 7.5000000000000009 15 16 417.50000000000006 1149.5000000000002
decision_type=2 2 2 9 2 9 9 9 2 9 9 9 9 9 8 9 8 2 9 9 10 2 9 9 9 2 9 9 2 2
left_child=2 -2 14 19 29 6 10 11 -9 -10 12 -7 21 -8 15 -1 -14 18 -5 -3 -21 -6 24 -24 -15 26 28 -27 -25 -4
right_child=1 3 4 17 5 7 13 8 9 -11 -12 -13 16 22 -16 -17 -18 -19 -20 20 -22 -23 23 25 -26 27 -28 -29 -30 -31
leaf_value=-0.10739217921830289 12.869439878816758 0.45447799375308962 0.037240774298744769 -1.8221851854903937 -10.878110316246909 -0.67435967993837387 1.4929694262455504 1.0014299543037026 0.029214009765770033 1.4854861207208387 -0.37314923982545339 0.20005134021107815 -0.49866234548062743 -3.7305611232921865 0.81934792277649393 0.66428617279739433 -2.5910615769249041 11.999607942398825 3.2150647995311932 -6.6939585107844213 16.41320537170596 -7.8740829161024042 -1.7817538238520478 -6.6856339159415654 1.3660305028234303 -0.81536969859408015 -1.2068123824651815 0.57307927150850968 -4.1708485379076325 -0.14961298593658159
leaf_weight=1724 8625 1243 270249 2100 72 6145 6641 12515 17607 19555 6879 12556 2147 220 5617 1489 3346 3617 2757 1217 232 34 1189 69 3663 4794 856 10625 148 57087
leaf_count=1724 8625 1243 270249 2100 72 6145 6641 12515 17607 19555 6879 12556 2147 220 5617 1489 3346 3617 2757 1217 232 34 1189 69 3663 4794 856 10625 148 57087
internal_value=0.000669824 0.00523016 0.00046711 0.00183235 0.000375278 0.00137088 -0.000495662 0.00248114 0.0036744 0.00251117 -0.00483824 -0.000688899 -0.0088982 0.00142655 0.00500566 0.000476191 -0.00815373 0.00407119 0.00131151 -0.00521095 -0.0102879 -0.0434483 0.000210439 -0.000677745 0.00424608 -5.33265e-05 -0.00845294 0.000531163 -0.0287665 4.35642e-05
internal_weight=465018 19791 445227 11166 436397 109061 40683 68378 49677 37162 12478 18701 5599 28205 8830 3213 5493 8474 4857 2692 1449 106 21564 17681 3883 16492 1073 15419 217 327336
internal_count=465018 19791 445227 11166 436397 109061 40683 68378 49677 37162 12478 18701 5599 28205 8830 3213 5493 8474 4857 2692 1449 106 21564 17681 3883 16492 1073 15419 217 327336
cat_boundaries=0 5 7 11 15 19 24 29 32 36 40 44 48 49 53 57 62 66
cat_threshold=440510920 71714816 1109401604 680525849 2 2697477894 27 2164458504 2301935760 482353160 34011392 14180356 138687754 1474494474 134283344 2147639360 12855328 1104169030 151161490 25166658 2776695552 2181169156 271414312 1 168297667 142606629 1098989570 809093168 1 16777216 134217728 8388608 2160092778 2164528135 276824678 2688549696 84410375 0 3556769792 128 2215772164 1369452688 2308114530 16846946 2654994440 17838722 2818670600 76625936 982659072 1074266372 32768 116744 1073872904 0 67174400 134217728 17424 369098752 536870912 1076887552 43008 1 1995964519 268570624 2149093378 8389120
is_linear=0
shrinkage=0.1


Tree=73
num_leaves=31
num_cat=18
split_feature=0 4 0 11 8 9 9 4 8 9 8 9 0 0 6 8 8 4 9 9 11 9 8 9 9 11 6 0 6 4
split_gain=43.9914 49.1533 21.5217 20.5562 25.3033 18.7681 15.0054 14.1633 13.7265 12.4405 10.0497 9.94242 11.1131 11.6286 9.05095 8.56695 8.3065 13.3251 19.9552 16.9966 10.9868 18.0005 16.8216 14.1005 10.7859 11.4807 9.84261 9.55822 11.7727 10.5153
threshold=249.00000000000003 255.00000000000003 879.00000000000011 0 1 2 3 45.000000000000007 4 5 6 7 543.00000000000011 435.00000000000006 785.50000000000011 8 9 105.00000000000001 10 11 12 13 14 15 16 17 360.50000000000006 27.000000000000004 1404.5000000000002 135.00000000000003
decision_type=2 2 2 9 9 9 9 2 9 9 9 9 2 2 2 9 9 2 9 9 9 9 9 9 9 9 2 2 2 2
left_child=7 8 3 5 6 14 -5 -1 11 -6 -7 -2 13 -13 -3 -16 24 18 -18 -19 21 22 -21 -22 25 -9 -23 28 -25 -29
right_child=1 2 -4 4 9 10 -8 16 -10 -11 -12 12 -14 -15 15 -17 17 19 -20 20 23 26 -24 27 -26 -27 -28 29 -30 -31
leaf_value=1.1422308385983393 0.7749699773845744 -1.9457931653033862 17.50358600612217 -5.1717034219792408 2.8776117725065351 0.35900772804965458 -1.5082863927067649 -0.12952666544257191 2.1058125424688607 -0.35599727828601618 2.5987681790936525 -0.85567849448637612 2.6711660254870102 -1.7864119409902046 1.2243344673512533 -0.57605151298956558 -0.10901604605037747 -0.2565331510733882 0.78650131656787758 -1.9036431079120466 1.4915794008338965 -6.6404473233036514 -0.43927155859855677 0.019939258287687108 -0.13145930157400026 0.31801951794037397 0.21355661959740679 0.47914900406879468 -3.0529672719409997 0.23538924518390944
leaf_weight=2173 765 2676 4704 2204 3197 4998 4119 10821 17282 11237 11071 230 122 72 5112 3748 2953 33569 7263 4126 10811 154 10464 99354 77958 23549 24330 7005 172 78779
leaf_count=2173 765 2676 4704 2204 3197 4998 4119 10821 17282 11237 11071 230 122 72 5112 3748 2953 33569 7263 4126 10811 154 10464 99354 77958 23549 24330 7005 172 78779
internal_value=0.000661007 0.00294211 0.00139562 0.000767545 -0.00160977 0.00255477 -0.00687984 0.000246289 0.00738509 0.000702022 0.00476336 -0.00301084 -0.0151152 -0.0257616 -0.000523125 0.0010158 0.000201581 0.000493925 0.00403876 0.0003592 0.000659638 -0.000871456 -0.00365068 0.000964713 -0.000524488 0.000951135 0.000785499 0.000759767 9.30414e-05 0.00153339
internal_weight=465018 71537 53066 48362 20757 27605 6323 393481 18471 14434 16069 1189 424 302 11536 8860 391308 278980 10216 268764 235195 39074 14590 196121 112328 34370 24484 185310 99526 85784
internal_count=465018 71537 53066 48362 20757 27605 6323 393481 18471 14434 16069 1189 424 302 11536 8860 391308 278980 10216 268764 235195 39074 14590 196121 112328 34370 24484 185310 99526 85784
cat_boundaries=0 2 6 11 15 19 24 28 32 36 40 45 50 52 56 60 65 69 71
cat_threshold=1584664728 21 2281898033 2235057296 226492454 167938324 2281728002 4458528 1083214284 160434834 1 2483062144 763462144 35651588 269634689 1024 0 1077936128 33554496 283141666 2701939716 1920991360 2421162240 1 69754880 69218824 1409318912 68192256 0 532480 131072 134217732 2282661892 3241175168 1258324000 12544 356909575 203686216 268972034 168253572 9044228 25231360 0 17 1 2130049 69239041 71992385 794756 1 10494487 15 139593314 2995322900 2451570692 557012992 524288 2454716546 2351071752 67143170 624 1179692 840957952 2684387584 2 269525539 28346131 2295463984 268960773 2886809776 18
is_linear=0
shrinkage=0.1


Tree=74
num_leaves=31
num_cat=19
split_feature=0 4 0 9 4 11 9 9 8 0 8 2 11 8 8 9 1 9 2 8 9 0 0 8 11 9 2 8 9 9
split_gain=43.1019 48.192 17.4662 15.7156 14.2011 13.572 14.5624 12.5648 11.2864 14.156 9.53836 8.94291 8.71921 9.6367 8.53315 15.7602 11.0524 10.6706 9.32449 17.9181 8.73142 8.62046 8.61463 10.9455 11.5901 11.4538 10.5394 22.2866 9.74377 8.83782
threshold=297.00000000000006 465.00000000000006 1035.0000000000002 0 45.000000000000007 1 2 3 4 555.00000000000011 5 387.00000000000006 6 7 8 9 1.0000000180025095e-35 10 285.00000000000006 11 12 -230.99999999999997 153.00000000000003 13 14 15 129.00000000000003 16 17 18
decision_type=2 2 2 9 2 9 9 9 9 2 9 8 9 9 9 9 10 9 10 9 9 2 2 9 9 9 10 9 9 9
left_child=4 3 5 8 -1 6 -3 11 9 -2 -9 -7 13 -5 15 21 -17 -18 22 -20 -21 -6 26 28 -25 -26 -16 29 -24 -28
right_child=1 2 -4 12 14 7 -8 10 -10 -11 -12 -13 -14 -15 18 16 17 -19 19 20 -22 -23 23 24 25 -27 27 -29 -30 -31
leaf_value=1.0479197480727913 -1.5012110927389513 -6.260520176440842 30.503402787617713 -0.42229828123155583 -0.47389279685810426 0.57235188169468465 -0.54914645944388762 -0.57277947979675636 1.9945923462675492 3.3046173217782271 1.9859892084976203 -2.2527935526782672 3.1521024534244524 2.592452916506041 0.011425949534117985 -0.17918855430975142 1.8771684766434835 -0.016391640039951381 0.2877203288009812 -3.3257882658637854 -1.0421163490738936 2.5042985756071667 -0.6652377450722381 0.98308583398217453 1.1837279546344455 -0.038256878219223883 -1.2512090790931207 -0.0093193409372094149 0.12096804942236139 -0.80247708728471068
leaf_weight=2266 1036 1828 2391 1774 1615 3408 4378 4216 1325 479 11423 4140 16736 2871 276964 23598 8220 7734 3242 987 1943 8539 4852 11842 6955 18999 2798 13605 11617 3237
leaf_count=2266 1036 1828 2391 1774 1615 3408 4378 4216 1325 479 11423 4140 16736 2871 276964 23598 8220 7734 3242 987 1943 8539 4852 11842 6955 18999 2798 13605 11617 3237
internal_value=0.000652405 0.00325417 0.000693431 0.00661451 0.000296152 2.48362e-05 -0.00412484 0.00113679 -0.000385965 -0.00626229 0.00275353 -0.00221223 0.00754102 0.00368421 0.000252172 0.0014796 0.000576816 0.00261 8.12493e-05 -0.00377187 -0.00942177 0.00499213 0.00014903 0.00130747 0.00224462 0.0010607 -6.29118e-05 -0.00230143 -0.000844104 -0.00735318
internal_weight=465018 56005 31784 24221 409013 29393 6206 23187 2840 1515 15639 7548 21381 4645 406747 49706 39552 15954 357041 6172 2930 10154 350869 54265 37796 25954 296604 19640 16469 6035
internal_count=465018 56005 31784 24221 409013 29393 6206 23187 2840 1515 15639 7548 21381 4645 406747 49706 39552 15954 357041 6172 2930 10154 350869 54265 37796 25954 296604 19640 16469 6035
cat_boundaries=0 4 6 10 14 18 22 24 28 32 37 41 45 49 53 55 59 63 67 71
cat_threshold=16640 262272 177410048 268437584 554416647 26 2618478784 75931776 2334130180 672612480 135293192 23396358 142817280 160434906 503317504 2097152 1086328856 100663364 2155175936 2200748938 268963849 75497508 201490 2 2155872256 2167414912 1207959552 8464 1610620192 8454181 2248689 21496347 68169760 16778371 536871040 2166925584 1 2621952 2183135332 2189450016 1342248104 138436681 1112017106 3892580356 68315232 2449490180 1495334932 2147483650 717864 21520460 1078728728 1276129286 42375232 656113745 16 411075662 1073878673 278921858 673448234 394707466 221290752 5242882 70912 161121122 3556770080 1073758336 1092874272 353009668 700981888 1074790404 23916576
is_linear=0
shrinkage=0.1


Tree=75
num_leaves=31
num_cat=18
split_feature=0 4 0 4 9 9 9 0 8 8 0 4 10 11 9 6 8 7 9 8 6 10 9 6 8 9 6 8 9 3
split_gain=42.2107 47.8424 16.1296 15.1751 16.8516 12.8075 11.6167 10.3742 12.4558 10.0438 9.18286 8.53076 9.61448 8.48901 21.2791 12.1183 14.9857 11.2774 8.86427 13.4239 8.83896 19.9949 24.0758 23.3324 17.2234 15.7143 15.3424 12.0955 16.7767 11.0905
threshold=333.00000000000006 465.00000000000006 1035.0000000000002 105.00000000000001 0 1 2 489.00000000000006 3 4 459.00000000000006 45.000000000000007 5 6 7 692.50000000000011 8 9 10 11 1142.5000000000002 12 13 1330.5000000000002 14 15 1178.5000000000002 16 17 1.5000000000000002
decision_type=2 2 2 2 9 9 9 2 9 9 2 2 9 9 9 2 9 1 9 9 2 9 9 2 9 9 2 9 9 2
left_child=3 6 5 4 11 -3 7 8 10 -7 -2 -1 -13 14 15 16 -5 -17 19 -15 27 22 23 24 26 -23 -22 28 -20 -29
right_child=1 2 -4 13 -6 9 -8 -9 -10 -11 -12 12 -14 18 -16 17 -18 -19 20 -21 21 25 -24 -25 -26 -27 -28 29 -30 -31
leaf_value=0.86401297534080335 -1.5533923447419644 1.9851874959229392 27.453062508855943 -9.3984046722084802 0.51724474095069406 -2.5305168342883686 3.6432593772157915 4.5784820444222065 0.34982037641440755 0.098847758170604705 -2.6219793338171833 0.0022967312041655787 -0.48170689809227873 1.2366515844305757 0.31856186061012637 -0.39052190831384448 -1.9364363755373664 -7.3213663991490963 1.2889326090660345 0.11010520902284196 -17.990755869344156 -0.49180592936400291 0.078022769751339024 0.77333001606208784 -2.4005241189649063 0.095204250498195184 -4.1857938830550632 -0.10385943198419029 0.10296267255487282 0.060235658882727021
leaf_weight=894 271 6132 2391 207 11318 5712 15692 2189 2111 12503 57 3801 1394 10536 3988 1249 276 827 15682 35481 95 16375 3285 754 2831 41395 311 45771 61301 160189
leaf_count=894 271 6132 2391 207 11318 5712 15692 2189 2111 12503 57 3801 1394 10536 3988 1249 276 827 15682 35481 95 16375 3285 754 2831 41395 311 45771 61301 160189
internal_value=0.000638857 0.00347826 0.000698632 0.00031917 0.00320963 -7.10556e-05 0.00713583 0.00271238 -0.00176712 -0.00140192 -0.0195858 -0.0010346 -0.00258903 0.000193558 -0.00337502 -0.0104749 -0.0247826 -0.00719653 0.000252934 0.00155713 8.04316e-05 -0.000970697 -0.00590722 -0.0111197 -0.0148378 -0.000347871 -0.0339904 0.000322079 0.00139143 -7.76808e-05
internal_weight=465018 47058 26738 417960 17407 24347 20320 4628 2439 18215 328 6089 5195 400553 6547 2559 483 2076 394006 46017 347989 65046 7276 3991 3237 57770 406 282943 76983 205960
internal_count=465018 47058 26738 417960 17407 24347 20320 4628 2439 18215 328 6089 5195 400553 6547 2559 483 2076 394006 46017 347989 65046 7276 3991 3237 57770 406 282943 76983 205960
cat_boundaries=0 4 9 13 17 21 22 24 29 33 34 39 43 44 48 52 56 60 64
cat_threshold=361267460 2306965504 0 524344 11276832 537958155 805323032 3559006464 1 2147500288 277151872 177410048 268438640 201327616 0 1082130440 33554496 271867937 2166971399 227016708 167788820 1142079249 2147483684 26 168000 536905472 2183135360 2955392 1 163840 128 0 153600 89 1346639988 1217536 579081122 2952795392 2 1613306368 2147484166 10511081 19205705 3355476352 2281832705 10485778 2147483716 152125451 1081344 50364416 136314880 12608 153092096 88090752 1426155600 1220682384 2182119716 1132721 557023472 4718874 17965568 706 2415938584 1145145362
is_linear=0
shrinkage=0.1


Tree=76
num_leaves=31
num_cat=21
split_feature=0 4 9 4 9 0 4 8 8 4 0 9 8 10 9 4 9 8 11 8 8 9 2 9 8 10 10 8 9 8
split_gain=42.1175 45.6097 16.1677 14.1838 15.1174 12.9209 10.394 9.90305 9.83639 10.6057 9.33733 15.4612 11.3138 12.8822 24.4708 17.4886 16.1705 13.4762 12.7436 12.5685 11.8129 10.7958 10.2765 9.22818 9.18463 9.16631 8.72206 8.70408 8.69601 22.8622
threshold=405.00000000000006 465.00000000000006 0 105.00000000000001 1 1107.0000000000002 45.000000000000007 2 3 4005.0000000000005 63.000000000000007 4 5 6 7 1155.0000000000002 8 9 10 11 12 13 255.00000000000003 14 15 16 17 18 19 20
decision_type=2 2 9 2 9 2 2 9 9 2 2 9 9 9 9 2 9 9 9 9 9 9 10 9 9 9 9 9 9 9
left_child=3 7 -3 4 6 8 -1 -2 -4 -10 28 24 21 14 18 16 17 -15 20 -18 -14 25 -22 -17 -12 -13 -8 -16 29 -5
right_child=1 2 5 10 -6 -7 26 -9 9 -11 11 12 13 15 27 23 19 -19 -20 -21 22 -23 -24 -25 -26 -27 -28 -29 -30 -31
leaf_value=0.90134795446500626 -1.2561829713987309 3.4560867825769463 -3.5671321947669208 -2.2055017669159223 0.5358042947291034 29.566391561972551 -0.75719527079200777 5.363688176467428 0.13432286170610572 -17.864360299757813 1.9431143695513917 -1.2839639986618376 -1.1047332016546902 -0.30966294004546169 -0.24628870588904636 -1.4909420267089006 0.15849430876412415 0.25333323716624095 -0.0014054154724970223 0.89813860702751591 -2.1541718131082379 0.050949950318031512 -4.6208313012625046 0.19710184543135262 0.493926667528024 -0.35852371569644453 -0.047515510667816591 0.77854855758474095 0.0077834500950158987 -0.20577752743589592
leaf_weight=1189 303 4646 3595 103 10695 1498 372 14285 9427 134 5290 679 2150 7281 10469 7483 14251 23438 2583 24112 2442 17969 535 12927 15404 11312 5743 10861 213354 30488
leaf_count=1189 303 4646 3595 103 10695 1498 372 14285 9427 134 5290 679 2150 7281 10469 7483 14251 23438 2583 24112 2442 17969 535 12927 15404 11312 5743 10861 213354 30488
internal_value=0.000624019 0.00401853 0.000829016 0.000357201 0.00310517 -0.000801964 -0.000404703 0.00823828 -0.0018045 -0.000124334 0.00023748 0.000808341 0.000451307 0.000890149 -0.000939759 0.00148399 0.002244 0.000533373 -0.00576425 0.0036127 -0.00864902 -0.00128462 -0.0127318 -0.0010877 0.00336843 -0.0036072 -0.00206868 0.000805998 -0.000158437 -0.00173491
internal_weight=465018 33888 19300 431130 17999 14654 7304 14588 13156 9561 413131 169186 148492 118532 29040 89492 69082 30719 7710 38363 5127 29960 2977 20410 20694 11991 6115 21330 243945 30591
internal_count=465018 33888 19300 431130 17999 14654 7304 14588 13156 9561 413131 169186 148492 118532 29040 89492 69082 30719 7710 38363 5127 29960 2977 20410 20694 11991 6115 21330 243945 30591
cat_boundaries=0 5 10 14 18 23 27 29 34 39 43 44 48 52 56 60 64 65 67 71 76 80
cat_threshold=11277312 2685437513 536888088 1415749888 1 361398532 1233223680 0 524344 1 1024 0 8388608 33554500 3018784 2233485827 620888068 100696340 272957500 1088522 813704097 2483029260 2 1096835145 1208884040 1354784770 46401536 3490265860 10 131328 2107638544 2281771076 1076576256 1 2282267074 2254463008 1208092736 19570769 1 437782018 2147483664 134287360 102464 2701133578 1835044 90226694 100669465 69353696 134775556 2214708354 52564096 1159744 2382366211 536871168 102891584 141605552 2265596033 75759936 1097875550 671956992 6412 2148172577 2684905937 19401251 37814342 167772292 4 109217284 24117376 134320129 209700 33886409 3291550824 1140891649 75899012 2 0 524288 0 8192
is_linear=0
shrinkage=0.1


Tree=77
num_leaves=31
num_cat=19
split_feature=0 4 4 9 9 4 8 4 10 0 0 10 10 6 10 8 8 9 9 10 6 8 8 9 9 0 11 9 8 4
split_gain=41.5892 29.2936 16.0126 17.0953 14.1329 11.9908 18.5856 21.7015 24.2203 14.0522 11.5382 11.0836 10.7212 9.44875 21.329 18.6933 17.9139 20.1201 15.0151 13.4258 12.5593 12.5531 11.6872 15.7674 14.1934 12.7022 10.6433 9.92987 9.72841 9.62964
threshold=531.00000000000011 705.00000000000011 135.00000000000003 0 1 45.000000000000007 2 105.00000000000001 3 57.000000000000007 1197.0000000000002 4 5 613.50000000000011 6 7 8 9 10 11 605.50000000000011 12 13 14 15 -434.99999999999994 16 17 18 1575.0000000000002
decision_type=2 2 2 9 9 2 9 2 9 2 2 9 9 2 9 9 9 9 9 9 2 9 9 9 9 2 9 9 9 2
left_child=2 -2 3 5 -3 -1 7 -7 -9 -8 -6 -5 -11 14 16 20 29 19 21 -18 27 -15 23 -20 25 -24 28 -16 -27 -4
right_child=1 4 13 11 10 6 9 8 -10 12 -12 -13 -14 18 15 -17 17 -19 22 -21 -22 -23 24 -25 -26 26 -28 -29 -30 -31
leaf_value=0.86290690242469459 7.6490275001969286 6.8299926348026565 0.13314357528842768 -0.77284178630916456 -2.3492706973772606 -0.07429098273915595 -0.06990172591915815 -0.64020763783800583 -2.6106109649845108 -0.12321055174252678 32.474710541174254 0.63731633263202525 0.43192113811810701 0.017939758041340782 0.76755640199703534 0.59161423570708249 -6.2333815732159614 -0.30453222846951428 1.1346940001225503 -1.1931610666542058 -6.8250626581102196 0.87143570854781771 -18.756582273738108 0.027407429284652646 0.022281979879841964 -11.448209594830615 -0.37639522435715239 -0.45824585081702562 -2.4414568826997756 -1.6186133894472647
leaf_weight=2198 11822 2084 22787 887 5025 3197 12828 622 201 2558 860 12100 10478 16980 2661 23884 475 31802 17859 9227 347 24909 80 27552 193243 221 17357 7429 986 2359
leaf_count=2198 11822 2084 22787 887 5025 3197 12828 622 201 2558 860 12100 10478 16980 2661 23884 475 31802 17859 9227 347 24909 80 27552 193243 221 17357 7429 986 2359
internal_value=0.000613267 0.00509878 0.000413879 0.00220085 0.00041285 0.000960364 0.000436354 -0.00588089 -0.0203767 0.00141996 -0.002095 0.00526044 0.00373274 0.000212616 -0.000623842 0.00140136 -0.00166667 -0.00294262 0.000494908 -0.00692751 -0.00212788 0.00225041 0.000209011 0.00166465 -0.000103021 -0.00273721 -0.00256733 -0.00148662 -0.0116105 0.000439657
internal_weight=465018 19791 445227 45069 7969 32082 29884 4020 823 25864 5885 12987 13036 400158 100971 34321 66650 41504 299187 9702 10437 41889 257298 45411 211887 18644 18564 10090 1207 25146
internal_count=465018 19791 445227 45069 7969 32082 29884 4020 823 25864 5885 12987 13036 400158 100971 34321 66650 41504 299187 9702 10437 41889 257298 45411 211887 18644 18564 10090 1207 25146
cat_boundaries=0 4 9 13 14 15 16 18 22 26 30 35 37 41 45 50 54 56 60 64
cat_threshold=227016961 3382771712 270532676 18752563 11015170 2718467653 813715864 1344405760 1 293601282 134234112 1610616832 16 201458562 3523225604 1375732482 3088321486 3 495075369 1545615616 3301187720 1089540 278163460 1114004228 3238199306 67289104 26492934 2022443140 3376414752 337948684 268767284 152614 811598498 2216690990 2 2147483648 2 84222292 1105472516 122355714 101257216 2298481922 12651680 285477876 2687015 2763007488 941632016 1216413960 286284289 1 606080129 1142947840 34461705 1350584960 537397634 14 100664354 438501904 3246522374 3762931329 1 1048576 8454144 1048576
is_linear=0
shrinkage=0.1


Tree=78
num_leaves=31
num_cat=23
split_feature=0 4 0 4 8 9 9 8 11 9 8 8 8 9 9 1 4 8 8 11 9 10 8 11 8 0 8 8 10 9
split_gain=37.9159 27.3897 15.2013 30.2559 15.758 13.0798 12.7562 12.684 12.1204 17.9015 15.5441 10.2074 9.13244 8.9575 8.94319 8.84063 7.98645 7.61526 7.3092 7.224 6.76772 17.3778 16.6108 9.49867 9.17645 8.93729 17.5081 8.49998 9.80452 9.382
threshold=549.00000000000011 465.00000000000006 177.00000000000003 195.00000000000003 0 1 2 3 4 5 6 7 8 9 10 441.00000000000006 45.000000000000007 11 12 13 14 15 16 17 18 -194.99999999999997 19 20 21 22
decision_type=2 2 2 2 9 9 9 9 9 9 9 9 9 9 9 8 2 9 9 9 9 9 9 9 9 2 9 9 9 9
left_child=2 -2 16 4 5 19 18 14 10 11 -9 -10 -11 -12 -5 -13 -1 -8 -3 -4 21 24 23 -23 -18 26 -24 28 -22 -30
right_child=1 6 3 7 -6 -7 17 8 9 12 13 15 -14 -15 -16 -17 20 -19 -20 -21 27 22 25 -25 -26 -27 -28 -29 29 -31
leaf_value=0.64975080951989961 10.246810935621031 -10.363535600644205 -0.63546396934593463 -0.23383850846706464 1.1607442756670741 0.51811018906576567 -0.89528018973707413 -0.26675593921814028 -0.23471221585099214 -0.8952148202669673 0.20779809350671175 -1.5175978930687086 0.3332060999963366 1.9973979443358214 2.216464475649536 -5.4117340761081758 -0.89880536311823611 3.7904398101950196 -0.94859970151414041 0.016605964329338627 -0.63696955463688987 2.0165826992281883 -6.9615067052240676 -0.60151854611439703 0.0017510547959795183 1.1740052562595282 0.0067589961658131997 0.0084121924279040323 0.22036531591438677 -0.27461093360156641
leaf_weight=1977 8130 414 1207 3330 13303 3201 2020 12237 2818 5827 5744 3330 17931 8752 7981 775 5477 5812 2229 1500 2845 2181 104 9747 13160 23485 2712 272580 9784 14425
leaf_count=1977 8130 414 1207 3330 13303 3201 2020 12237 2818 5827 5744 3330 17931 8752 7981 775 5477 5812 2229 1500 2845 2181 104 9747 13160 23485 2712 272580 9784 14425
internal_value=0.000594343 0.00501747 0.000410002 0.0015882 0.00509656 0.000790808 0.00163723 0.000607494 4.17981e-06 -0.00135186 0.00156041 -0.00582288 -4.71218e-05 0.00377499 0.00366664 -0.00900364 0.000120984 0.00366233 -0.0043611 -0.00431726 8.58349e-05 0.00108587 0.00230628 -0.000789077 -0.00141739 0.00370986 -0.00161222 -0.00010399 -0.00179427 -0.00114001
internal_weight=465018 18605 446413 87936 19211 5908 10475 68725 57414 30681 26733 6923 23758 14496 11311 4105 358477 7832 2643 2707 356500 56866 38229 11928 18637 26301 2816 299634 27054 24209
internal_count=465018 18605 446413 87936 19211 5908 10475 68725 57414 30681 26733 6923 23758 14496 11311 4105 358477 7832 2643 2707 356500 56866 38229 11928 18637 26301 2816 299634 27054 24209
cat_boundaries=0 4 8 13 17 19 23 27 31 35 39 44 48 52 53 57 59 63 65 69 73 77 79 83
cat_threshold=16777740 18878464 1212153858 4100 134250560 150994944 131072 134219824 507636168 4603904 169877508 697303234 2 8390978 281347205 556139457 16867851 1595379905 4 1073758496 260112400 170989824 1353733184 39346180 2257162 1119950858 136976464 405025288 1126309954 4200452 42766388 486604805 2349342800 2617249792 110395524 2215682504 4467492 1103102036 21236369 2290647332 143400994 19988612 134987793 1 22897256 3307784195 2701393932 75497476 3215360 1024 16777222 320 134620424 536902704 268566530 549919522 2550174982 704940170 15 118526208 110652161 573117444 1120388 3288664068 16 1077936704 19038344 137376 2114324 0 0 161 16777216 19663392 405013580 277102857 186908711 67407872 14 2415919108 148971520 33554500 8522352
is_linear=0
shrinkage=0.1


Tree=79
num_leaves=31
num_cat=16
split_feature=0 4 0 4 9 8 9 0 9 9 8 4 0 10 9 1 8 8 8 8 6 4 10 2 4 8 0 1 8 9
split_gain=37.961 18.3796 15.651 32.3649 13.4755 12.7842 11.4955 11.7379 10.546 10.5268 10.4124 17.4477 13.4606 9.62746 17.4239 10.2539 9.50397 8.65861 8.40304 8.19652 8.15509 7.91463 7.25274 9.91861 6.64373 6.51623 10.3295 10.2924 10.0039 9.33044
threshold=645.00000000000011 735.00000000000011 219.00000000000003 225.00000000000003 0 1 2 1197.0000000000002 3 4 5 105.00000000000001 435.00000000000006 6 7 309.00000000000006 8 9 10 11 475.50000000000006 45.000000000000007 12 339.00000000000006 5385.0000000000009 13 -176.99999999999997 27.000000000000004 14 15
decision_type=2 2 2 2 9 9 9 2 9 9 9 2 2 9 9 8 9 9 9 9 2 2 9 10 2 9 2 10 9 9
left_child=2 -2 21 4 10 9 -3 16 -7 -5 11 12 -4 14 15 -10 20 -17 -15 -16 -8 -1 23 -11 -22 27 28 -23 -27 -29
right_child=1 6 3 5 -6 8 7 -9 13 22 -12 -13 -14 18 19 17 -18 -19 -20 -21 24 25 -24 -25 -26 26 -28 29 -30 -31
leaf_value=0.605343156514069 10.050695322871512 8.2043709114738537 0.35248370355531949 1.116134293151049 1.2006023978678826 1.8469959139781438 -37.944869789043345 29.431653519618653 -0.51980225441877925 -3.4703229860387541 0.1245606805220042 -2.0226768790315535 -1.3454719983316263 0.13951166990794914 -0.89282611674449941 -5.4614661787905323 0.22543067122575616 -2.6004674869190723 1.6945517593260591 1.2158442240136429 -5.3783619592873588 0.073542451724665794 -0.76369323607734696 -9.9300719721027768 -20.83509832258521 0.29313497459665872 0.0083751085618070653 3.3281489955150052 -3.8753519468297828 0.09875094797887804
leaf_weight=2100 8266 1335 151 3539 14048 5711 39 831 1680 514 2597 41 56 12613 3922 807 1491 1000 8433 5972 1168 21187 9850 126 30 1709 344962 5218 2133 3489
leaf_count=2100 8266 1335 151 3539 14048 5711 39 831 1680 514 2597 41 56 12613 3922 807 1491 1000 8433 5972 1168 21187 9850 126 30 1709 344962 5218 2133 3489
internal_value=0.000571978 0.00586626 0.000417786 0.00178019 0.00560173 0.000588366 0.0010094 -0.00196414 0.00149646 -0.0020094 -0.000683012 -0.019845 -0.00884058 0.000835439 -0.00126129 -0.00732914 -0.0051393 -0.0125789 0.0021685 0.000882472 -0.0115718 0.000163552 -0.0036 -0.0138462 -0.0102003 0.000129602 8.14225e-06 0.00154628 -0.00514836 0.00444125
internal_weight=465018 13160 451858 71060 16893 54167 4894 3559 40138 14029 2845 248 207 34427 13381 3487 2728 1807 21046 9894 1237 380798 10490 640 1198 378698 348804 29894 3842 8707
internal_count=465018 13160 451858 71060 16893 54167 4894 3559 40138 14029 2845 248 207 34427 13381 3487 2728 1807 21046 9894 1237 380798 10490 640 1198 378698 348804 29894 3842 8707
cat_boundaries=0 4 8 13 18 23 26 28 32 36 40 44 48 50 54 58 62
cat_threshold=134218560 16777232 134348800 48 5325857 170451456 1170219036 243271732 10490882 2752022081 536891824 3491930368 1 375718922 2956071176 2717909296 2751464196 2 4592232 38063110 131206 3775105026 2 0 0 1073741824 3226144724 4 3230269792 226591232 65612 1227514888 5247040 3307228419 17039374 67294564 2650800128 2232418308 2147483648 58624 143401550 2231636306 805310466 1720640 2653061140 2165309577 572098561 2232768 532736 2 536878368 8486945 2183156 4194315 1094910529 2301235520 152698880 67142688 70778880 2181038115 2734717864 3489667464
is_linear=0
shrinkage=0.1


Tree=80
num_leaves=31
num_cat=17
split_feature=0 4 0 8 9 4 1 10 9 4 8 0 8 1 9 9 2 8 11 9 8 6 9 9 4 9 6 10 8 6
split_gain=38.1076 40.194 13.4354 12.5527 11.8276 10.9607 9.91847 10.0872 9.80897 9.11086 8.41191 7.83276 7.57618 10.9425 13.1785 10.8718 8.92283 12.0761 8.84481 34.4561 16.98 14.516 11.9081 11.2263 11.2301 14.3302 8.9284 15.1885 26.1777 19.2861
threshold=405.00000000000006 465.00000000000006 1107.0000000000002 0 1 75.000000000000014 9.0000000000000018 2 3 45.000000000000007 4 -470.99999999999994 5 39.000000000000007 6 7 447.00000000000006 8 9 10 11 360.50000000000006 12 13 1995.0000000000002 14 1146.5000000000002 15 16 1208.5000000000002
decision_type=2 2 2 9 9 2 10 9 9 2 9 2 9 10 9 9 10 9 9 9 9 2 9 9 2 9 2 9 9 2
left_child=5 3 4 -2 -3 6 7 -1 9 -8 -6 -9 13 15 -15 -7 18 -18 19 20 -14 -21 -23 -20 26 -26 -25 28 29 -28
right_child=1 2 -4 -5 10 12 8 11 -10 -11 -12 -13 16 14 -16 -17 17 -19 23 21 -22 22 -24 24 25 -27 27 -29 -30 -31
leaf_value=-0.55642695919320628 -1.7774039377403186 2.3585168571653141 25.900806419743805 4.5297757343588838 -2.6699539170314273 0.82265405553260984 0.33623111237719461 -9.8361657908290212 0.94525559916430957 -0.29097723463634884 0.082045060507536655 0.10344449598844262 -0.6096865010830359 3.8541475001154986 0.37258934599833204 -0.12883189632722178 -0.10351599849945446 -7.2952866441411999 0.54330998287601906 -7.3250517277150298 -2.4462500867266428 0.79121908220283776 -0.20322020806882019 0.060677883094356934 -7.0591186767760847 -0.92814453762570137 -9.4475862080667188 -0.073989085760169646 -0.2165072830363792 -2.3624112720156418
leaf_weight=649 351 4236 2100 14237 4298 6721 513 20 3885 383 8666 3090 4310 5523 6931 20300 735 456 21632 117 3821 8303 11061 257378 331 14629 244 57182 2189 727
leaf_count=649 351 4236 2100 14237 4298 6721 513 20 3885 383 8666 3090 4310 5523 6931 20300 735 456 21632 117 3821 8303 11061 257378 331 14629 244 57182 2189 727
internal_value=0.000547678 0.00377656 0.000782384 0.00773787 -0.000139535 0.000293879 0.00384075 -2.65991e-06 0.00686258 -0.00258278 -0.00163866 0.0023718 0.000222202 0.00154109 0.0039939 0.000411162 8.62646e-05 -0.00855583 0.000113217 -0.00161031 -0.00707407 0.000672618 0.000885148 0.000247572 0.000104001 -0.00257353 0.000230077 -0.000864737 -0.00760252 -0.0211927
internal_weight=465018 33888 19300 14588 17200 431130 8540 3759 4781 896 12964 3110 422590 39475 12454 27021 383115 1191 381924 27612 8131 19481 19364 354312 332680 14960 317720 60342 3160 971
internal_count=465018 33888 19300 14588 17200 431130 8540 3759 4781 896 12964 3110 422590 39475 12454 27021 383115 1191 381924 27612 8131 19481 19364 354312 332680 14960 317720 60342 3160 971
cat_boundaries=0 4 8 10 14 18 22 26 31 35 37 42 46 50 54 58 59 63
cat_threshold=1024 0 8388632 33554500 11273218 2685572682 805306776 1147576576 235929600 4 16777472 134217728 0 8224 2904096 3240154631 620890126 34111764 1610619168 8454693 18960372 17301515 538443808 2183136259 2726304672 3489733064 268711968 1610617986 563118104 2845911056 1 134225992 1107313664 1107558400 1179712 2150107190 27 67143008 612467460 2451587332 2905258 1 2206203910 1191214352 1275072512 8693680 2281712136 270547 8587266 415268885 272892016 1185796 304153730 536872192 201326592 64 16777224 2147483713 3221258496 336756740 52428800 2684485632 12544
is_linear=0
shrinkage=0.1


Tree=81
num_leaves=31
num_cat=22
split_feature=0 0 4 8 9 8 9 9 4 8 8 4 8 10 0 8 8 2 8 9 9 9 0 9 8 10 8 8 9 9
split_gain=36.7184 16.1748 28.7331 16.3457 13.5882 10.7652 10.6661 10.4933 9.09686 9.48397 7.71299 6.82691 13.2732 7.04143 6.65112 12.5083 11.5209 9.85556 18.7994 9.32097 8.5976 8.01093 7.96329 15.4174 10.0122 7.84143 8.60941 6.666 12.7964 9.40755
threshold=759.00000000000011 177.00000000000003 195.00000000000003 0 1 2 3 4 765.00000000000011 5 6 105.00000000000001 7 8 -356.99999999999994 9 10 159.00000000000003 11 12 13 14 -86.999999999999986 15 16 17 18 19 20 21
decision_type=2 2 2 9 9 9 9 9 2 9 9 2 9 9 2 9 9 10 9 9 9 9 2 9 9 9 9 9 9 9
left_child=1 11 3 4 -3 6 -4 10 -2 -10 -7 12 13 -1 15 -13 21 22 20 -20 -19 -16 23 24 -18 26 -25 28 -24 -29
right_child=8 2 5 -5 -6 7 -8 -9 9 -11 -12 14 -14 -15 16 -17 17 18 19 -21 -22 -23 27 25 -26 -27 -28 29 -30 -31
leaf_value=-0.53275797726100682 15.116854253774836 -0.22611877758495422 -0.57413610080742561 1.2236901847704134 0.54445145603532086 -0.28588408569179385 1.924877674081988 -0.13287536473328732 -5.2365842551164299 6.906002197273164 1.4058070925467319 -8.9205614100706452 0.4039898452134183 -0.0069141287034866217 0.041450537091527739 -0.62901481138103454 -2.497544872736476 -1.7716667005646305 -0.59164244499189023 0.49012618314475331 -0.98717871876760255 2.2544249376975829 0.76681235663263092 -0.063319829797848018 -1.2790867636463579 0.35472648855625621 -2.6150133783783929 -0.75981269310887967 0.071366517688261466 0.0046339894433192084
leaf_weight=539 5902 3287 3072 12697 5299 4159 9058 51494 1066 2153 8354 278 8285 5856 5323 4051 1734 1938 4261 7108 2867 6992 11963 3224 3193 9570 1916 5374 56826 217179
leaf_count=539 5902 3287 3072 12697 5299 4159 9058 51494 1066 2153 8354 278 8285 5856 5323 4051 1734 1938 4261 7108 2867 6992 11963 3224 3193 9570 1916 5374 56826 217179
internal_value=0.000538216 0.000412528 0.00155512 0.00480336 0.00142625 0.000647123 0.00337727 0.000129185 0.00682052 0.00254427 0.00272539 0.000102015 0.0022139 -0.00120999 1.18388e-05 -0.00388311 6.15084e-05 -5.15641e-05 -0.00245827 -0.000238158 -0.0076947 0.00306288 7.36066e-05 -0.00187554 -0.00671055 -0.000251358 -0.00339806 0.000204983 0.00106528 -6.09711e-05
internal_weight=465018 455897 97420 21283 8586 76137 12130 64007 9121 3219 12513 358477 14680 6395 343797 4329 339468 327153 16174 11369 4805 12315 310979 19637 4927 14710 5140 291342 68789 222553
internal_count=465018 455897 97420 21283 8586 76137 12130 64007 9121 3219 12513 358477 14680 6395 343797 4329 339468 327153 16174 11369 4805 12315 310979 19637 4927 14710 5140 291342 68789 222553
cat_boundaries=0 4 8 12 16 20 24 28 32 34 38 42 46 50 55 59 63 67 68 72 76 80 84
cat_threshold=2164261388 19927040 1212153858 67145732 134250560 150994944 131072 150997040 25200962 281346181 3015617 16867467 2315829284 142870562 1126404 134989904 308610068 2819642442 539000960 2886272260 7458889 3340790530 33554436 75530560 305741841 34105864 1161887750 1050640 361398278 405798912 3024097282 6544 571482240 4 65536 524288 35651648 32 536870912 8454176 2114544 4194315 335596034 3296240900 2151710722 113920 144446498 83920663 1048660 3743795 2483060740 3104383492 3373268996 6509568 1 1073743361 2183135232 470388769 1611138560 438190144 1117822976 3508560384 85201288 412123394 2215649537 2148106243 87097376 1112932558 403358209 2232049856 168302593 16890944 1090571528 1073790993 2718936065 77627696 611325536 1610629258 540098656 1212318504 572589265 69210113 18440 1610612736
is_linear=0
shrinkage=0.1


Tree=82
num_leaves=31
num_cat=23
split_feature=0 4 4 9 8 9 1 11 10 6 8 9 8 9 8 11 8 8 9 6 9 8 10 9 6 11 8 8 9 9
split_gain=34.1376 19.1107 13.3015 17.42 12.4746 11.6363 12.1931 10.0742 9.50936 8.89843 19.2014 17.2946 14.7855 12.838 14.431 11.637 13.701 10.6993 10.6615 10.6421 15.6137 10.5858 9.3859 10.5589 9.54266 9.3085 15.0747 9.06647 13.7839 9.03414
threshold=633.00000000000011 555.00000000000011 135.00000000000003 0 1 2 1197.0000000000002 3 4 613.50000000000011 5 6 7 8 9 10 11 12 13 605.50000000000011 14 15 16 17 495.50000000000006 18 19 20 21 22
decision_type=2 2 2 9 9 9 10 9 9 2 9 9 9 9 9 9 9 9 9 2 9 9 9 9 2 9 9 9 9 9
left_child=2 -2 3 4 -1 -3 -7 -6 -5 10 22 12 -12 14 -11 16 -13 29 21 -14 -21 -19 23 24 -4 26 -16 28 -17 -15
right_child=1 5 9 8 7 6 -8 -9 -10 13 11 15 19 17 25 27 -18 18 -20 20 -22 -23 -24 -25 -26 -27 -28 -29 -30 -31
leaf_value=0.30028932578337397 10.491827907528743 6.4957431096797125 -2.045574343306559 -0.85701747180687338 -0.29768199319418004 -1.7607345390194071 25.69866522647504 0.0041705904989873593 0.63965597815959685 1.9659852822959423 -1.7745305074156343 -0.33966789161690147 -0.17691577353712057 0.9168458644123757 0.85434355616701851 -0.10637970726242688 0.65746885803451505 -2.6206465971283648 0.021781681095254649 -12.907468627468617 -1.0669784034459024 -0.28484664714428237 1.023663073279941 0.5948403473814442 0.42609716013131749 0.35916756339107625 -2.8319541231416143 -0.035306414899289838 -1.2594713724577311 0.090743834775189491
leaf_weight=12001 6654 2081 961 600 2319 4052 970 18902 11908 7866 6688 4371 10279 15075 1057 12030 8163 2359 206508 120 306 15840 11643 3754 658 28434 847 35162 7262 26148
leaf_count=12001 6654 2081 961 600 2319 4052 970 18902 11908 7866 6688 4371 10279 15075 1057 12030 8163 2359 206508 120 306 15840 11643 3754 658 28434 847 35162 7262 26148
internal_value=0.000520582 0.00542778 0.000370983 0.00198775 0.000788999 0.00182036 -0.000790938 -0.000668362 0.00516696 0.000188667 -0.000622602 -0.00124053 -0.0040493 0.00045914 0.00217303 -0.000510761 0.00223533 0.00021283 -5.88737e-05 -0.00174055 -0.01723 -0.00237849 0.00244097 -0.00101616 -0.00774094 0.00118229 -0.00556949 -0.00114314 -0.00288467 0.00169355
internal_weight=465018 13757 451261 45730 33222 7103 5022 21221 12508 405531 101397 84381 17393 304134 38204 66988 12534 265930 224707 10705 426 18199 17016 5373 1619 30338 1904 54454 19292 41223
internal_count=465018 13757 451261 45730 33222 7103 5022 21221 12508 405531 101397 84381 17393 304134 38204 66988 12534 265930 224707 10705 426 18199 17016 5373 1619 30338 1904 54454 19292 41223
cat_boundaries=0 4 8 13 15 16 20 24 28 33 37 39 43 47 51 55 59 61 66 68 72 76 80 85
cat_threshold=227016961 3383296000 270532676 18752563 2148139009 2156007424 205684736 1065216 10487328 2752026177 813699456 3492152576 1 16949652 21 2449481728 1095786560 1107673094 53626472 4195418 269762660 212603046 2321547264 69316708 268470020 2952798416 9181333 50924325 1343488060 152614 551551650 2214593798 2 3223853064 268485135 2386129 18940521 671363524 6 2348843264 8913152 1279262720 1093632 2835351840 545328288 269230064 524431 606084225 1142947841 34521368 1082146944 262144 2097152 2147483648 67174400 2097217 1573402 146800640 139460608 555811402 11 8388610 838963200 413138944 2106368 1 4458502 4 135266565 2175270928 0 272 505544706 2427453481 2550407444 3414436 2357886976 1129316632 335749702 2551447825 2787652609 673188497 3372220680 1360025600 1
is_linear=0
shrinkage=0.1


Tree=83
num_leaves=31
num_cat=22
split_feature=0 0 4 8 9 8 10 9 9 9 8 4 9 8 0 4 0 8 8 9 9 0 9 8 10 9 8 11 9 9
split_gain=33.6718 15.4063 31.5311 16.5922 12.3176 12.0126 11.484 17.6354 13.5133 9.45636 9.19789 8.28684 8.16564 8.12918 9.38894 13.6404 7.76628 6.93721 6.62517 14.7202 10.0661 9.5516 15.1437 13.0917 8.75038 9.55111 8.4028 13.9268 11.0385 7.73743
threshold=783.00000000000011 249.00000000000003 255.00000000000003 0 1 2 3 4 5 6 7 45.000000000000007 8 9 405.00000000000006 105.00000000000001 603.00000000000011 10 11 12 13 -152.99999999999997 14 15 16 17 18 19 20 21
decision_type=2 2 2 9 9 9 9 9 9 9 9 2 9 9 2 2 2 9 9 9 9 2 9 9 9 9 9 9 9 9
left_child=1 11 3 4 13 12 8 10 -7 -2 -8 -1 -4 14 15 -3 -16 -9 19 26 -20 22 -22 -23 29 -26 27 -13 -29 -21
right_child=9 2 5 -5 -6 6 7 17 -10 -11 -12 18 -14 -15 16 -17 -18 -19 20 24 21 23 -24 -25 25 -27 -28 28 -30 -31
leaf_value=0.58689420239595613 -25.729684500217974 0.39637516337581291 -0.0095484772054835396 1.4815385381043484 0.27135258174389371 1.9779919917803621 -1.3960393577477637 -1.6491875160669887 -0.040818194529404911 10.850079807486068 -4.0604525942460441 0.10246702851747568 2.5594530690014121 -0.32935332014173063 -1.7493807677011775 -1.6866194102997891 -0.58729984894570186 0.39368387641654345 -0.092027421828662095 -0.25573190215832814 -3.2894164335022662 2.2026338091216471 -0.23093425789341671 0.11414817734738253 0.63502298259377599 0.017709078558936799 -0.12267692469447265 -0.72532523467338916 -0.47005639404261701 0.066912227651189579
leaf_weight=2173 107 101 3526 12936 2681 5098 2013 3746 15927 8351 2116 2443 5663 325 63 29 33 8822 58240 21000 1337 7414 10523 201702 12707 20729 28102 1117 4034 21960
leaf_count=2173 107 101 3526 12936 2681 5098 2013 3746 15927 8351 2116 2443 5663 325 63 29 33 8822 58240 21000 1337 7414 10523 201702 12707 20729 28102 1117 4034 21960
internal_value=0.00050854 0.00039272 0.00184356 0.00565191 -0.00076496 0.000531006 -0.000259196 -0.00221644 0.00129546 0.00676046 -0.00787871 0.000160135 0.00377106 -0.0142424 -0.0285593 -0.0123077 -0.0535417 -0.000351407 0.000125937 -0.000523451 0.000386641 0.000694886 -0.00206577 0.000851489 0.000259928 0.00147282 -0.00219963 -0.00514992 -0.00809727 -0.000684198
internal_weight=465018 456560 63079 16168 3232 46911 37722 16697 21025 8458 4129 393481 9189 551 226 130 96 12568 391308 112092 279216 220976 11860 209116 76396 33436 35696 7594 5151 42960
internal_count=465018 456560 63079 16168 3232 46911 37722 16697 21025 8458 4129 393481 9189 551 226 130 96 12568 391308 112092 279216 220976 11860 209116 76396 33436 35696 7594 5151 42960
cat_boundaries=0 4 8 12 13 17 21 25 29 33 36 40 44 49 54 58 62 63 67 71 73 77 82
cat_threshold=1573892 16781312 1212153880 33554496 0 0 0 112 1082300682 281346180 539362240 16871435 1066702984 2164261312 2407596032 167858188 1476554249 348914438 682098696 3276808 71558188 4196360 131072 0 545259520 1050112 1107952706 105451544 11535200 2148067461 142944386 3145734 673431635 0 0 1073741824 3054502961 2199429120 16883720 133376 31851108 218366216 469766147 176642052 2199519361 1696342040 131072 220444705 2 1084260673 3324608768 1145619528 11272324 1 2550284320 151003136 19202048 2147631731 536872960 8454176 2117600 20971531 436511450 134317062 10584834 146800674 268698886 18874464 16777472 402653184 33624064 2706477570 18 0 16785408 0 40960 201360388 270734082 272629796 803856 1
is_linear=0
shrinkage=0.1


Tree=84
num_leaves=31
num_cat=22
split_feature=0 4 9 0 8 0 4 9 1 10 9 8 9 0 8 4 11 9 9 8 8 10 9 9 8 11 9 9 8 10
split_gain=31.791 44.6683 15.1579 13.7573 12.5735 12.0269 10.8534 9.74039 8.94872 10.3478 8.1731 7.20489 6.6863 6.80323 12.051 15.1851 14.957 25.8173 22.4392 11.6051 10.2983 10.0229 9.32137 9.11358 8.6592 8.35506 24.4509 12.6729 15.574 9.18475
threshold=369.00000000000006 465.00000000000006 0 1209.0000000000002 1 711.00000000000011 75.000000000000014 2 -1.0000000180025095e-35 3 4 5 6 1.0000000180025095e-35 7 1485.0000000000002 8 9 10 11 12 13 14 15 16 17 18 19 20 21
decision_type=2 2 9 2 9 2 2 9 10 9 9 9 9 2 9 2 9 9 9 9 9 9 9 9 9 9 9 9 9 9
left_child=6 2 4 7 5 -2 8 -3 9 -1 -10 -9 -8 25 23 16 18 -18 20 -20 -16 -17 -21 -15 -19 26 -14 28 29 -27
right_child=1 3 -4 -5 -6 -7 12 11 10 -11 -12 -13 13 14 15 21 17 24 19 22 -22 -23 -24 -25 -26 27 -28 -29 -30 -31
leaf_value=-0.6604507401921319 -1.574442690931062 1.7921542602600766 3.454461939779879 25.562324460512578 0.56736740247601924 4.3619654030854553 2.8486306986567351 -2.3196360584503664 -0.04221984357642429 0.069277476155249679 0.72395311552389208 -0.031625807594186754 -0.36968965158598477 0.19984352735686825 -3.0047930609191233 -3.6984651619599838 -0.092747392283596838 0.32822343859112452 0.079326046753571369 0.15963924422678577 -0.18312035435736373 -0.21984446290233245 1.136539257669579 -0.13282111988506537 1.2251445866295154 -1.741692571126102 1.268175700245161 -0.025843061140017706 -0.20752723619827812 -0.65708359305315611
leaf_weight=559 275 4707 15755 1626 1085 113 2736 5514 929 2827 4121 10870 5743 21082 118 1749 16101 23646 35898 11675 34046 29069 16668 58064 15948 1859 9205 112508 16512 4010
leaf_count=559 275 4707 15755 1626 1085 113 2736 5514 929 2827 4121 10870 5743 21082 118 1749 16101 23646 35898 11675 34046 29069 16668 58064 15948 1859 9205 112508 16512 4010
internal_value=0.000490906 0.00318813 0.00702809 0.000276005 -0.00267701 -0.0178894 0.000237442 -0.000407282 0.00378853 -0.000189013 0.00645545 -0.00155911 0.00016554 0.000132903 0.000438303 0.000880235 0.00128553 0.00259492 0.000544125 0.00164527 -0.00152631 -0.00114608 0.00315769 -0.000594269 0.00396778 -0.000405307 0.00183714 -0.000653896 -0.00282658 -0.00724783
internal_weight=465018 39945 17228 22717 1473 388 425073 21091 8436 3386 5050 16384 416637 413901 264064 184918 154100 55695 98405 64241 34164 30818 28343 79146 39594 149837 14948 134889 22381 5869
internal_count=465018 39945 17228 22717 1473 388 425073 21091 8436 3386 5050 16384 416637 413901 264064 184918 154100 55695 98405 64241 34164 30818 28343 79146 39594 149837 14948 134889 22381 5869
cat_boundaries=0 4 8 12 14 18 22 26 30 32 36 41 45 48 50 54 59 63 65 69 74 78 80
cat_threshold=16384 262144 167968768 268437584 1024 0 1082130432 33554496 2889248 2685441547 536936856 3563200768 236453888 4 16777472 134217728 0 8224 3428448 2165365270 629278726 35653908 16 0 536870912 2147483904 1078804996 138809417 1547718659 12998656 3226406798 11 210797313 2219393536 13762706 141068304 537002304 755081504 253789252 26633220 1 2603614243 2495097104 2684354568 69305892 16777216 67108864 8388608 268566532 2 2166915077 310378502 2147483648 537461442 6136164 419463776 284164116 2622980 3 2256674819 3576700944 587401224 136356992 1614821632 16 109084934 2373984448 3181580 6245408 1900737 369725440 2495610883 67408516 2 1375764803 292062224 138440720 60821268 917642 14
is_linear=0
shrinkage=0.1


Tree=85
num_leaves=31
num_cat=19
split_feature=0 4 0 9 8 0 9 4 9 4 8 0 11 8 8 10 8 0 8 9 9 8 10 6 3 2 10 9 9 8
split_gain=30.9566 37.0213 12.8672 12.0511 10.0504 11.658 9.97841 9.96969 14.4764 11.769 7.78558 10.9188 7.7708 11.0909 7.4261 6.96355 6.59545 6.34917 12.1444 12.3014 12.1369 9.83989 9.54351 13.3145 11.7321 9.22547 9.36086 15.0698 12.3065 11.58
threshold=417.00000000000006 465.00000000000006 1209.0000000000002 0 1 711.00000000000011 2 105.00000000000001 3 45.000000000000007 4 -56.999999999999993 5 6 7 8 9 39.000000000000007 10 11 12 13 14 458.50000000000006 1.5000000000000002 81.000000000000014 15 16 17 18
decision_type=2 2 2 9 9 2 9 2 9 2 9 2 9 9 9 9 9 2 9 9 9 9 9 2 2 8 9 9 9 9
left_child=7 3 6 4 5 -2 -3 8 9 -1 11 -10 14 -14 -8 16 -11 -9 20 21 22 -20 23 -19 -25 -21 28 -28 29 -27
right_child=1 2 -4 -5 -6 -7 12 17 10 15 -12 -13 13 -15 -16 -17 -18 18 19 25 -22 -23 -24 24 -26 26 27 -29 -30 -31
leaf_value=0.67170135608333026 -1.7186640305392284 2.2092494804486558 23.006092014461316 4.4622092939126148 0.87165705274490701 3.8789728780652264 -1.3364643545610697 -0.030418484396682377 -0.91672415556571041 -0.46041631788007592 1.0366521600854235 0.28936657381976744 -6.9097062367842161 -1.3919846975453369 1.2029433116774955 0.00743495160568842 -0.016813357054126364 -14.849157490865124 0.12705371835905183 0.31181359873622899 0.012780739936355704 1.1794302222629036 -0.33678780819399762 -1.351034325433476 -0.34445779436384805 -1.1537303699339441 0.67639938761998486 -0.045119528568213538 0.042565497823213977 -0.29379617728849844
leaf_weight=1627 244 4022 1626 12670 792 127 4200 210800 451 1106 5126 3344 982 2389 4980 5032 1374 65 7419 44122 42820 10039 10880 459 1285 4133 14274 23696 34942 9992
leaf_count=1627 244 4022 1626 12670 792 127 4200 210800 451 1106 5126 3344 982 2389 4980 5032 1374 65 7419 44122 42820 10039 10880 459 1285 4133 14274 23696 34942 9992
internal_value=0.000491121 0.00349088 0.000526952 0.0073903 -0.00236147 -0.0157218 -0.000305919 0.000269201 0.00256921 -0.000230626 0.00543164 0.00198423 -0.00169493 -0.00579414 -0.000184983 -0.00190096 -0.0062249 0.000169091 0.000566611 0.00103797 -0.000695437 0.00353103 -0.0034105 -0.0101209 -0.00852064 0.000705884 0.000108805 0.00128752 -0.000803431 -0.00329324
internal_weight=465018 32032 18199 13833 1163 371 16573 432986 18060 9139 8921 3795 12551 3371 9180 7512 2480 414926 204126 148617 55509 17458 12689 1809 1744 131159 87037 37970 49067 14125
internal_count=465018 32032 18199 13833 1163 371 16573 432986 18060 9139 8921 3795 12551 3371 9180 7512 2480 414926 204126 148617 55509 17458 12689 1809 1744 131159 87037 37970 49067 14125
cat_boundaries=0 4 8 12 17 21 23 27 31 33 37 41 46 51 55 57 59 63 67 71
cat_threshold=16384 0 167968768 268437584 1024 0 1082130440 33554496 19138048 2719516234 805310872 342262048 360874244 3381231616 268435460 1572913 1 25198596 168820736 335544322 24576 3730056328 5 2148532228 2182095252 2936014852 2131984 2969696 2167468803 1140916230 101188884 3120563342 12 84017153 421527552 2684354560 6400 1155096592 134486344 1551912970 12996608 1350828044 269652011 572785568 2752512904 2 243794432 1413104664 2348810369 138465296 1 319064069 1125123088 52764676 33562660 235931746 4 1147383638 2 120590914 696257540 2432761870 151122976 19529826 262144256 16832588 16965728 16778341 2267029520 2048 1122336
is_linear=0
shrinkage=0.1


Tree=86
num_leaves=31
num_cat=20
split_feature=0 4 0 9 4 9 1 8 0 4 8 9 0 9 8 9 8 2 9 8 9 8 8 10 9 8 8 6 9 9
split_gain=30.4732 33.0206 12.4308 10.6896 10.4395 10.3414 9.3746 8.38577 9.70271 7.91046 7.71321 7.09424 6.63533 11.0341 8.70578 10.5897 7.25004 6.92889 8.62797 9.19963 7.62676 10.9262 7.70855 6.92478 19.3401 19.4578 13.036 12.7857 11.8304 10.4904
threshold=441.00000000000006 465.00000000000006 1215.0000000000002 0 75.000000000000014 1 9.0000000000000018 2 711.00000000000011 5385.0000000000009 3 4 99.000000000000014 5 6 7 8 147.00000000000003 9 10 11 12 13 14 15 16 17 1404.5000000000002 18 19
decision_type=2 2 2 9 2 9 10 9 2 2 9 9 2 9 9 9 9 8 9 9 9 9 9 9 9 9 9 2 9 9
left_child=4 5 3 -3 6 7 10 8 -2 -5 -1 -8 23 16 15 -15 -14 18 -16 -20 21 -19 -22 24 25 -6 28 -26 -25 -28
right_child=1 2 -4 9 12 -7 11 -9 -10 -11 -12 -13 13 14 17 -17 -18 20 19 -21 22 -23 -24 26 27 -27 29 -29 -30 -31
leaf_value=-0.12351408945279965 -1.6128160796074387 2.1779184806547156 21.577615473901609 -0.71021987167429879 -2.2485280784003492 4.9018319409369102 -0.038161876944294182 2.1688295762061194 4.3281456911028373 -15.089417450944282 0.37893352165910554 0.75376473780506525 0.032150850935147121 -0.093176613333126518 0.4465035132937164 1.0167803095371082 1.0582501294104869 -0.80307655445284498 -0.50842995985603001 0.15113575553781114 -0.30277086889443794 -0.14772871755918837 0.14099080422959673 0.27379494167511803 -0.014696392867073169 -0.56709670503650522 -0.096210975493383699 -3.2739221500540463 -0.26136238859124061 0.22116348417544496
leaf_weight=1783 346 3855 1581 10802 3439 11188 902 724 192 146 1978 3958 7774 8416 15855 13066 15308 3572 5822 14955 13550 8867 29872 13494 106005 12134 28923 115 28400 97996
leaf_count=1783 346 3855 1581 10802 3439 11188 902 724 192 146 1978 3958 7774 8416 15855 13066 15308 3572 5822 14955 13550 8867 29872 13494 106005 12134 28923 115 28400 97996
internal_value=0.000487465 0.00363599 0.000686036 -0.000214145 0.000279332 0.00751807 0.00372463 -0.00108491 -0.010438 -0.00180872 -2.39294e-05 0.00662551 0.000209864 0.000783397 0.000379436 0.00219244 0.00277672 -4.18361e-05 0.00102697 -0.000314138 -0.000742736 -0.00292473 -0.000116964 -6.07213e-05 -0.000635728 -0.00392543 0.000353803 -0.000152643 -0.00117554 0.000858669
internal_weight=465018 28834 16384 14803 436184 12450 8621 1262 538 10948 3761 4860 427563 137057 113975 21482 23082 92493 36632 20777 55861 12439 43422 290506 121693 15573 168813 106120 41894 126919
internal_count=465018 28834 16384 14803 436184 12450 8621 1262 538 10948 3761 4860 427563 137057 113975 21482 23082 92493 36632 20777 55861 12439 43422 290506 121693 15573 168813 106120 41894 126919
cat_boundaries=0 5 9 13 17 21 26 30 34 38 43 47 52 56 60 62 66 70 74 79 83
cat_threshold=27526656 2719516428 805310744 3563192576 1 2147500032 262144 167968768 268435536 1049600 0 1086324744 33554752 84410373 0 3556773888 128 16777216 134217728 0 8224 268769340 135304193 813695906 2751726860 2 134386944 276824229 2166590436 18882587 2282242306 14952710 1225843780 8978512 475291648 1214535946 123801610 33685552 2155896834 2209155782 1208123396 1196752 1 27281472 1749287426 411045891 43520832 1082131458 103350312 235100232 1210099936 1 17850404 137234 1208500233 9536004 1084835904 3374747720 341057538 138418464 2489458910 3 338977541 1143479360 3377463426 71312416 117443588 18875652 2235596800 50332196 2152176224 2551843528 142737444 25243648 22373184 335749696 2177892352 557909046 1 42274946 2718204945 84444233 556796564
is_linear=0
shrinkage=0.1


Tree=87
num_leaves=31
num_cat=20
split_feature=0 4 1 9 4 9 4 8 0 8 10 0 9 4 8 9 8 9 10 9 9 8 8 4 8 1 8 9 9 8
split_gain=30.2055 28.1084 11.705 10.8599 9.9473 13.1563 10.1148 7.83005 7.44489 9.41781 6.83146 6.73473 11.6472 10.1093 12.7359 11.5245 9.8779 14.5579 10.4881 18.8877 14.7565 10.9217 9.88593 14.7139 9.57127 9.46115 7.06201 6.9862 6.86431 7.23307
threshold=507.00000000000006 465.00000000000006 1197.0000000000002 0 105.00000000000001 1 45.000000000000007 2 -56.999999999999993 3 4 63.000000000000007 5 1485.0000000000002 6 7 8 9 10 11 12 13 14 195.00000000000003 15 219.00000000000003 16 17 18 19
decision_type=2 2 10 9 2 9 2 9 2 9 9 2 9 2 9 9 9 9 9 9 9 9 9 2 9 10 9 9 9 9
left_child=4 -2 3 -3 5 6 -1 -5 9 -7 -8 -6 -13 16 15 -15 17 22 19 21 24 -18 -14 -24 -20 -23 27 -22 -16 -30
right_child=1 2 -4 7 11 8 10 -9 -10 -11 -12 12 13 14 28 -17 18 -19 20 -21 26 25 23 -25 -26 -27 -28 -29 29 -31
leaf_value=0.6143708999405888 5.645085793809427 2.960629269612189 18.542166781141905 -3.1003635151691049 -0.017487172161585608 -1.1282075536095832 -0.35747870532364417 -0.015325660856261893 0.56035363990105647 0.29332707227773364 -0.00035762908672502494 0.94742809963028352 -0.25734088980943631 -6.1143917397921292 -1.1056881250919355 -2.3000407585055114 0.079469740156495633 0.064113034093043447 -0.35443381539613 0.21605786369440516 0.22235074759826007 -0.8696396018730983 -1.383729946641759 -1.2926198125328385 0.17771087912082209 -2.6409348864856614 0.35823445859598246 1.0207468087916745 1.9329373354027066 -0.27038756754102478
leaf_weight=1674 9466 2861 1513 2311 243945 288 1648 5639 7379 1393 6141 8776 5784 509 8075 3099 3007 27941 6721 20382 4058 3507 415 1351 25748 1610 34996 9119 5112 10550
leaf_count=1674 9466 2861 1513 2311 243945 288 1648 5639 7379 1393 6141 8776 5784 509 8075 3099 3007 27941 6721 20382 4058 3507 415 1351 25748 1610 34996 9119 5112 10550
internal_value=0.000481659 0.00411657 0.000968842 -0.000184071 0.00030296 0.0025714 -3.9058e-05 -0.00208543 0.00529217 -0.000707912 -0.00155476 0.000204024 0.00066663 0.000485134 -0.00127811 -0.00680486 0.000818521 -0.000630686 0.00128969 -0.000359096 0.00187249 -0.00443324 -0.00452381 -0.0110586 0.000224453 -0.00724205 0.002983 0.00495716 -0.000435002 0.000786116
internal_weight=465018 21790 12324 10811 443228 18523 9463 7950 9060 1681 7789 424705 180760 171984 27345 3608 144639 35491 109148 28506 80642 8124 7550 1766 32469 5117 48173 13177 23737 15662
internal_count=465018 21790 12324 10811 443228 18523 9463 7950 9060 1681 7789 424705 180760 171984 27345 3608 144639 35491 109148 28506 80642 8124 7550 1766 32469 5117 48173 13177 23737 15662
cat_boundaries=0 4 9 13 17 19 24 28 32 36 41 43 47 51 55 59 63 67 71 75 79
cat_threshold=2098688 2718467909 545264024 3022423296 361398532 3380707328 268435460 17301561 1 872994 1126324247 83886086 69223696 0 33554432 67108864 8192 3120562318 4 268701708 1053698 536871712 2214592772 2 360712452 2142468 3257024514 22088196 1056768 218169984 268435464 132097 19947568 1208752456 1551921171 143032320 772802177 67125272 169869441 6316048 1 3238079254 10 4358400 1033929488 2281701444 19550248 2156445762 106963232 1087834112 556542033 134251272 67354644 6422528 1131008 1048592 266496 75501568 8552448 168296969 2147483666 2151677960 6144 243795464 1187842 3867624 17367375 134217728 2164326408 136347728 197122 2244608273 3231973381 268451932 9015984 673385 2499955298 67113372 2129930
is_linear=0
shrinkage=0.1


Tree=88
num_leaves=31
num_cat=19
split_feature=0 0 4 9 4 6 10 8 6 9 9 8 8 11 9 8 9 8 9 1 11 4 10 9 4 8 10 6 11 3
split_gain=30.4391 12.5218 26.6746 10.9658 10.5675 9.96438 13.0874 12.1438 12.4047 10.8842 9.64095 9.51893 9.00324 12.29 9.64356 8.46327 7.57372 7.34658 7.10987 7.0288 7.6093 6.96105 10.9677 9.04964 9.61586 6.47829 6.08612 5.85433 5.8221 5.81286
threshold=759.00000000000011 237.00000000000003 195.00000000000003 0 735.00000000000011 593.50000000000011 1 2 585.50000000000011 3 4 5 6 7 8 9 10 11 12 1215.0000000000002 13 105.00000000000001 14 15 45.000000000000007 16 17 396.50000000000006 18 1.5000000000000002
decision_type=2 2 2 9 2 2 9 9 2 9 9 9 9 9 9 9 9 9 9 10 9 2 9 9 2 9 9 2 9 2
left_child=1 21 3 11 -2 6 7 8 18 15 19 -3 14 -14 -7 27 17 -15 -4 20 -6 22 -1 24 -24 26 -26 -8 -12 -23
right_child=4 2 5 -5 10 12 9 -9 -10 -11 28 -13 13 16 -16 -17 -18 -19 -20 -21 -22 29 23 -25 25 -27 -28 -29 -30 -31
leaf_value=-0.32840441013822919 11.655504578456769 -0.298577762937144 -3.1592547137766571 1.5237728473101615 0.10824268208838168 -1.1983024067862056 -16.977831607831877 1.5009242452047344 -14.826436444743786 -0.7660553211760317 -6.179330160510732 0.71831263525478617 -2.9609075379077194 1.1878573186766364 0.19808169233713377 -5.499246464240847 0.95571537318118738 -0.91014023795672105 -0.036044844394409768 15.064652916002968 -9.7275226102606709 -0.048652575722481571 0.65856354227430103 0.39104511821945609 -0.66801385470431862 -0.0041240637396651519 -0.021942599581102756 -0.91954916371737072 6.5286039696010825 0.053226669574256473
leaf_weight=621 5760 1705 406 7493 348 3763 21 2283 36 1213 134 5477 1273 2952 7491 748 27546 3476 867 256 431 86432 1354 8052 470 5077 493 465 2192 286183
leaf_count=621 5760 1705 406 7493 348 3763 21 2283 36 1213 134 5477 1273 2952 7491 748 27546 3476 867 256 431 86432 1354 8052 470 5077 493 465 2192 286183
internal_value=0.000464671 0.000350233 0.0016105 0.0053799 0.00618463 0.000557671 -0.00326378 0.000588562 -0.00705838 -0.00888482 0.00172865 0.00257508 0.00105396 0.00183992 -0.00140803 -0.0154823 0.00220221 -0.000888474 -0.00547525 -0.00626794 -0.0110526 0.000132294 0.00217029 0.00269539 0.000167477 -0.00153973 -0.00901336 -0.00491935 0.0052911 4.44162e-05
internal_weight=465018 455897 67215 14675 9121 52540 6039 3592 1309 2447 3361 7182 46501 35247 11254 1234 33974 6428 1273 1035 779 388682 16067 15446 7394 6040 963 486 2326 372615
internal_count=465018 455897 67215 14675 9121 52540 6039 3592 1309 2447 3361 7182 46501 35247 11254 1234 33974 6428 1273 1035 779 388682 16067 15446 7394 6040 963 486 2326 372615
cat_boundaries=0 5 7 11 16 20 24 28 29 33 37 42 46 50 51 53 58 62 63 64
cat_threshold=234914560 159449104 131140 151039024 1 4144400001 8 370835470 1174412816 1082556428 69390336 2299576832 8397572 2281701380 1210120272 1 402843657 2564224 1092618304 680856216 4 16908288 1749024768 4096 575759377 136376384 331358216 209717488 589831 436207744 1218445824 2326806802 284709456 2281832960 2148667392 130 51532032 1074276803 1145309186 18053184 1083245072 2 2416314628 22612624 136380608 17871625 469762052 805306369 3256942784 131115 2283144192 33554560 4 92438788 1233223680 268435460 18350137 1 131076 134217728 2281705472 2048 3355443968 67141632
is_linear=0
shrinkage=0.1


Tree=89
num_leaves=31
num_cat=19
split_feature=0 4 0 8 9 10 9 0 9 4 8 9 2 8 4 10 8 8 9 0 9 9 6 8 5 8 9 9 11 3
split_gain=29.8891 12.6246 16.1234 13.2203 11.468 9.93708 8.53294 7.82137 10.7662 7.03723 7.00035 6.88317 7.11403 7.09381 6.5427 19.3326 14.7101 8.66967 13.0741 8.92766 8.32745 8.16461 7.55118 15.0691 11.1061 18.6461 17.8876 14.7532 13.426 11.8159
threshold=813.00000000000011 135.00000000000003 129.00000000000003 0 1 2 3 -74.999999999999986 4 555.00000000000011 5 6 -146.99999999999997 7 2415.0000000000005 8 9 10 11 -212.99999999999997 12 13 718.50000000000011 14 18.500000000000004 15 16 17 18 6.5000000000000009
decision_type=2 2 2 9 9 9 9 2 9 2 9 9 10 9 2 9 9 9 9 2 9 9 2 9 2 9 9 9 9 2
left_child=1 2 4 6 -1 -6 -4 8 -7 -2 -9 12 13 -3 17 16 -16 18 19 -13 -17 -19 23 -23 25 27 -26 -24 -28 -27
right_child=9 11 3 -5 5 7 -8 10 -10 -11 -12 14 -14 -15 15 20 -18 21 -20 -21 -22 22 24 -25 26 29 28 -29 -30 -31
leaf_value=0.38483319027380603 19.794142011841171 1.7620230313629002 0.50399792652842113 0.97894168214822752 -0.46881063099219206 0.23956883093462294 -0.092066457864497173 -0.06293760326379863 -1.0367850005930552 3.9541957716043576 0.12189180729228155 -0.71770562386066938 4.0326104895427823 -4.8226618153121263 -12.931744664732108 -1.5901386053611679 -3.551684801919651 -4.0026686808004444 0.019213680881017305 1.4788371173509187 0.44282102453443462 -0.27440506762986683 0.38955687911227943 0.068329389002097882 0.62543633236493457 0.12200016075005174 -0.5970276312047067 -0.34861011421201593 -0.049090219937345546 1.1011337031892328
leaf_weight=6174 3757 462 2854 8397 1112 839 3730 12432 1030 3923 9831 1788 2253 186 224 7893 982 857 19847 11756 10761 57234 11309 66908 11134 90362 17009 24176 41361 34437
leaf_count=6174 3757 462 2854 8397 1112 839 3730 12432 1030 3923 9831 1788 2253 186 224 7893 982 857 19847 11756 10761 57234 11309 66908 11134 90362 17009 24176 41361 34437
internal_value=0.000453918 0.000350026 0.00191362 0.00461318 0.000626393 -0.000319157 0.00124962 0.000108525 -0.00610487 0.00664063 0.000630194 0.000173481 0.00501889 -0.00419753 0.000138906 -0.00163142 -0.0138487 0.000229483 0.00176971 0.00416408 -0.00083369 8.44712e-05 0.000108211 -0.00052021 0.000447717 0.000905518 -0.000608022 -0.00111706 -0.00130867 0.00148058
internal_weight=465018 457338 46399 14981 31418 25244 6584 24132 1869 7680 22263 410939 2901 648 408038 19860 1206 388178 33391 13544 18654 354787 353930 124142 229788 160284 69504 35485 58370 124799
internal_count=465018 457338 46399 14981 31418 25244 6584 24132 1869 7680 22263 410939 2901 648 408038 19860 1206 388178 33391 13544 18654 354787 353930 124142 229788 160284 69504 35485 58370 124799
cat_boundaries=0 4 9 11 15 19 23 27 30 32 36 40 45 50 53 57 61 66 70 72
cat_threshold=327156224 154685440 3758129154 147600 2316698116 268960532 9633792 134258696 1 2986356737 12 285212676 1073750016 8388676 134234116 285736961 1224736768 4 1197056 411074563 2302156800 268439554 167952 16 0 536870912 2147483904 0 1 2144 1179668 2 33554468 16 620857345 18874368 562043976 1619609122 2892740 18874379 760229889 19014789 2162866 1616911360 3 1427117349 1344274449 3224616984 1342177888 2 536871040 67108864 1152 2349039875 2215641216 1548750865 35418404 3957249 168198476 322977848 79695488 1406165026 3222213632 165679130 268440576 2 2299134051 2206472322 12615752 134431922 2718376448 14
is_linear=0
shrinkage=0.1


Tree=90
num_leaves=31
num_cat=20
split_feature=0 0 4 8 8 11 9 9 8 9 9 6 4 8 9 11 2 4 10 6 9 9 10 10 0 8 8 2 8 9
split_gain=27.661 13.7382 28.0437 11.8984 10.9108 10.0802 13.5459 10.9251 8.83148 8.43989 7.03334 6.44406 6.10339 12.1348 7.77781 7.31774 6.39461 6.35963 7.13638 6.09753 10.6278 8.26436 6.66869 5.91108 5.62483 16.1966 14.5609 9.73752 15.0735 9.53086
threshold=975.00000000000011 237.00000000000003 255.00000000000003 0 1 2 3 4 5 6 7 837.50000000000011 105.00000000000001 8 9 10 57.000000000000007 45.000000000000007 11 1185.5000000000002 12 13 14 15 -200.99999999999997 16 17 225.00000000000003 18 19
decision_type=2 2 2 9 9 9 9 9 9 9 9 2 2 9 9 9 8 2 9 2 9 9 9 9 2 9 9 10 9 9
left_child=1 12 3 10 9 7 8 -6 -7 -4 -3 -9 13 15 -15 -1 23 -18 -19 21 -21 -8 -23 -17 25 -14 -26 -28 29 -29
right_child=-2 2 4 -5 5 6 19 11 -10 -11 -12 -13 24 14 -16 16 17 18 -20 20 -22 22 -24 -25 26 -27 27 28 -30 -31
leaf_value=0.07529619046674535 15.53303844827586 -0.074734600465346648 -0.21458640529460329 1.3272451507963163 1.3171982032194947 -4.464465658269102 0.91262641243093623 -0.96437710091296802 -1.333962381934771 1.9573382443667642 0.90730759747508927 0.2202164509467317 -5.1165995618674138 0.086452373878385738 1.122616366439442 -0.40944153954924306 0.19013077161360387 -0.57708955334612921 -0.38688455541412026 4.5033590676924709 -1.5262964131088961 3.5413574554483405 -2.2472202601116504 0.11604622913657257 1.5481819821824623 -0.40382160021445723 0.013980937562006385 1.6156584533504121 -1.3525354320831864 -0.47839731873999813
leaf_weight=2434 5122 3929 3686 11355 6537 1795 3103 5289 2144 7557 3030 13735 424 5677 4128 829 306 453 620 1564 976 611 5903 1620 8839 10697 342846 2057 4969 2783
leaf_count=2434 5122 3929 3686 11355 6537 1795 3103 5289 2144 7557 3030 13735 424 5677 4128 829 306 453 620 1564 976 611 5903 1620 8839 10697 342846 2057 4969 2783
internal_value=0.000446607 0.000365213 0.00164209 0.00501474 0.000474481 -0.000271917 -0.00223147 0.000962419 -0.00732084 0.00323736 0.00174918 -0.000250078 0.000131264 0.00203958 0.00423332 -0.00139987 -0.00412194 -0.0095794 -0.013206 -0.000577792 0.00377953 -0.00172923 -0.00374923 -0.00106574 4.89785e-05 -0.00216617 0.000117125 1.65884e-05 -0.00309002 0.000886598
internal_weight=465018 459896 71214 18314 52900 41657 16096 25561 3939 11243 6959 19024 388682 16067 9805 6262 3828 1379 1073 12157 2540 9617 6514 2449 372615 11121 361494 352655 9809 4840
internal_count=465018 459896 71214 18314 52900 41657 16096 25561 3939 11243 6959 19024 388682 16067 9805 6262 3828 1379 1073 12157 2540 9617 6514 2449 372615 11121 361494 352655 9809 4840
cat_boundaries=0 4 8 10 14 18 22 26 31 35 40 42 44 48 52 53 55 59 63 67 71
cat_threshold=270009348 19943424 1749024794 100696132 1082301192 281018532 539362240 16871947 3747025032 5 1208189344 226558208 179326976 419843600 369361188 990909464 2283831298 1141003436 2348826624 2250264848 1249902592 168953876 2155899014 679741666 20054022 671334419 134217984 151060480 134414404 402655344 1 353009670 405798912 3019902976 6528 1572865 1099497728 268435456 17039377 1 16853314 15 33986 4 399507537 1881316356 3774873602 1073815808 6840324 2684887251 537010930 2685436227 708841480 709894656 4 2282242056 1048580 1073741985 16843008 536936448 8454176 2115568 4194315 2282266953 33555014 3964014596 17959504 2521006276 1350736064 134217762 84576329
is_linear=0
shrinkage=0.1


Tree=91
num_leaves=31
num_cat=18
split_feature=0 4 9 0 8 0 4 9 9 0 8 9 4 9 0 2 8 2 0 1 9 8 10 9 8 11 8 9 8 8
split_gain=26.9502 32.7388 12.7023 11.5399 10.3565 10.2385 10.0097 7.81369 7.61348 6.28196 6.19442 12.9268 9.90185 20.3703 9.20599 8.02384 17.498 12.5334 7.48279 6.91025 6.57295 7.46982 6.67814 16.0262 11.7193 10.6632 9.99415 9.57012 8.34132 8.30281
threshold=417.00000000000006 465.00000000000006 0 1215.0000000000002 1 711.00000000000011 75.000000000000014 2 3 -470.99999999999994 4 5 375.00000000000006 6 -296.99999999999994 381.00000000000006 7 537.00000000000011 333.00000000000006 -446.99999999999994 8 9 10 11 12 13 14 15 16 17
decision_type=2 2 9 2 9 2 2 9 9 2 9 9 2 9 2 10 9 10 2 8 9 9 9 9 9 9 9 9 9 9
left_child=6 2 4 7 -2 -6 8 -3 9 -1 11 -8 19 -14 -12 20 17 18 -17 -13 21 -16 24 25 27 26 -24 -22 -27 -25
right_child=1 3 -4 -5 5 -7 10 -9 -10 -11 14 12 13 -15 15 16 -18 -19 -20 -21 22 -23 23 29 -26 28 -28 -29 -30 -31
leaf_value=-8.9657043939774379 2.0594152750400414 1.6123416487334143 3.5760653089614518 14.872268339129082 -1.4121047252378123 4.3340289322354799 1.3372150286706737 -0.80184889337103771 0.63335827875730588 0.036179032619659067 -4.2006675656112291 -13.93085216709305 -2.7837444071034612 -0.080321174093886991 -3.6692982861599903 -4.959480715685582 0.204441949661297 -11.864592160781498 -1.2064713706027919 0.63027971008991179 -0.95375591498656453 -0.33734143181893389 0.94673007975104329 -0.13086839069320919 -0.0075678491253597718 1.2067354413986837 -0.27667147069889908 -0.20624374729509831 0.27309288154928557 0.069681485841120647
leaf_weight=20 1058 3999 11547 1581 838 390 10549 12619 3824 4730 1140 29 110 27087 497 358 3247 68 1644 7472 3940 7695 3311 43519 153934 13961 10314 8988 22646 103903
leaf_count=20 1058 3999 11547 1581 838 390 10549 12619 3824 4730 1140 29 110 27087 497 358 3247 68 1644 7472 3940 7695 3311 43519 153934 13961 10314 8988 22646 103903
internal_value=0.000432844 0.00323177 0.00689872 0.00044453 6.96868e-05 -0.00615509 0.000225781 -0.00033217 0.00360858 0.00092437 0.000157442 0.00126323 0.00033076 -0.000556311 2.54504e-05 5.25101e-05 -0.00380478 -0.0109615 -0.00958042 0.00354753 0.000107538 -0.00269203 0.000170523 0.000563785 -0.000295316 0.00210621 -0.000282361 -0.00318596 0.00299506 3.81196e-05
internal_weight=465018 32032 13833 18199 2286 1228 432986 16618 8574 4750 424412 45247 34698 27197 379165 378025 5317 2070 2002 7501 372708 8192 364516 197654 166862 50232 13625 12928 36607 147422
internal_count=465018 32032 13833 18199 2286 1228 432986 16618 8574 4750 424412 45247 34698 27197 379165 378025 5317 2070 2002 7501 372708 8192 364516 197654 166862 50232 13625 12928 36607 147422
cat_boundaries=0 4 8 12 16 20 25 29 33 37 41 43 47 51 53 57 61 65 69
cat_threshold=2281718016 268435456 169017344 268438608 2147492352 2147504144 704839680 17956864 11273729 2685437450 805441944 342229280 285212676 1207959552 0 8227 1610620192 8456741 18960116 17302027 570437664 16780451 562038912 2300685592 1 0 0 0 5505024 2519859200 2234675472 536903680 8461568 4097 67109888 17350920 3221227584 33554432 134217728 524288 1048576 2516592990 14 289688340 418381838 411107364 4235534 390332416 404783106 2214854656 33817632 675809290 3 19922944 18890752 2147483648 16 289407236 136314896 3355443200 4202514 105422848 1416258562 1174798337 103875584 6627920 3645521984 1484783627 8605828
is_linear=0
shrinkage=0.1


Tree=92
num_leaves=31
num_cat=19
split_feature=0 4 9 0 8 0 4 9 0 4 9 6 8 8 9 0 0 8 9 8 9 11 8 9 8 6 11 9 9 10
split_gain=25.9127 29.97 11.4505 11.2492 9.68489 11.0107 9.15045 11.8915 10.9414 8.85853 8.45807 9.99738 6.8192 6.58339 6.15565 8.65603 5.49813 14.0373 12.0598 9.41474 13.0494 10.1314 11.7538 9.25506 7.65724 6.87865 15.2118 16.8961 16.6119 9.83904
threshold=441.00000000000006 465.00000000000006 0 1215.0000000000002 1 717.00000000000011 105.00000000000001 2 -74.999999999999986 45.000000000000007 3 601.50000000000011 4 5 6 -152.99999999999997 -26.999999999999996 7 8 9 10 11 12 13 14 718.50000000000011 15 16 17 18
decision_type=2 2 9 2 9 2 2 9 2 2 9 2 9 9 9 2 2 9 9 9 9 9 9 9 9 2 9 9 9 9
left_child=6 2 4 10 5 -2 7 8 14 -9 -3 -12 -11 -13 15 -1 19 18 -18 20 21 -8 -23 24 -21 26 27 -19 -28 -27
right_child=1 3 -4 -5 -6 -7 16 9 -10 12 11 13 -14 -15 -16 -17 17 25 -20 23 -22 22 -24 -25 -26 29 28 -29 -30 -31
leaf_value=-8.613386190323034 -1.4341859351290847 -1.8722996073149696 3.9133619918914797 13.385041505216178 2.2878236145020501 3.9137446880636393 -0.27773078959453557 0.4298532478172008 0.59657094446262526 1.2695227757509291 -3.6706494504785425 3.4753034926479183 -0.081253579424851813 0.19752945818100853 0.47878460821601898 -0.67063628123782593 2.467298306136708 -1.0022347107321137 0.32539978577232564 -0.042912239656415045 -0.12884595902882282 -7.0475519496901828 -1.1932799544454729 0.11707617771383061 -1.1985714403258061 -0.039113946300263887 -0.29963587789937968 -0.12343879318795388 0.23522298163943123 0.14291917235984591
leaf_weight=21 705 3970 10262 1581 1090 393 3067 2033 6979 793 792 2421 7480 7620 424 454 5332 8195 12046 8265 17881 114 2323 54758 5949 94756 20215 31935 45429 107735
leaf_count=21 705 3970 10262 1581 1090 393 3067 2033 6979 793 792 2421 7480 7620 424 454 5332 8195 12046 8265 17881 114 2323 54758 5949 94756 20215 31935 45429 107735
internal_value=0.000434349 0.00333773 0.00703614 0.000527344 0.00044586 -0.00615523 0.000242421 0.00243841 0.00536004 0.00019969 -0.000328987 0.00111869 -0.00125347 0.00197291 -0.00501668 -0.0126804 0.00014689 0.000340035 0.00310444 -0.000534123 -0.00226758 -0.00652158 -0.0113322 5.39275e-05 -0.00221878 0.000184089 -0.000469491 -0.00200299 0.000468213 0.000525505
internal_weight=465018 28834 12450 16384 2188 1098 436184 18184 7878 10306 14803 10833 8273 10041 899 475 418000 325643 17378 92357 23385 5504 2437 68972 14214 308265 105774 40130 65644 202491
internal_count=465018 28834 12450 16384 2188 1098 436184 18184 7878 10306 14803 10833 8273 10041 899 475 418000 325643 17378 92357 23385 5504 2437 68972 14214 308265 105774 40130 65644 202491
cat_boundaries=0 4 8 12 17 21 25 29 33 37 41 45 47 51 56 60 62 66 70 72
cat_threshold=2281718016 268697600 177405952 268436568 504366080 18874384 1086324760 100663616 2316304385 270541060 1245248 20366342 2554374594 96469008 1244670020 26215041 2 2181038848 8536064 0 1048576 171040 272634928 786929 19623977 0 8192 0 262146 536878336 8454176 2149961717 16777227 876093984 1073743017 838867744 2415921576 50502912 1207992704 2823061653 111714436 17072128 1012958736 3362816032 814027520 738560520 24 0 0 2147516432 8192 135225545 75501568 75579403 3231328896 2 1086349825 631377924 1073810536 18039848 2785544248 1 839925792 285811716 3516924034 14713870 282066956 2189697266 20804 1896901652 3289032516 4
is_linear=0
shrinkage=0.1


Tree=93
num_leaves=31
num_cat=18
split_feature=0 4 0 4 9 8 8 6 11 9 0 10 3 10 8 0 8 11 4 8 8 2 9 8 9 2 8 9 9 0
split_gain=25.3578 29.7896 11.1929 9.42934 8.99766 8.06743 6.72869 6.41273 5.81278 5.7113 5.6261 6.3699 5.33905 7.27347 6.35102 6.26167 9.2902 9.55879 16.9506 14.1528 12.5855 10.8346 9.50359 9.11262 8.58935 8.14935 29.0013 17.1366 15.2137 8.51967
threshold=483.00000000000006 465.00000000000006 1215.0000000000002 75.000000000000014 0 1 2 601.50000000000011 3 4 129.00000000000003 5 13.500000000000002 6 7 99.000000000000014 8 9 165.00000000000003 10 11 177.00000000000003 12 13 14 63.000000000000007 15 16 17 33.000000000000007
decision_type=2 2 2 2 9 9 9 2 9 9 2 9 2 9 9 2 9 9 2 9 9 8 9 9 9 10 9 9 9 2
left_child=3 5 4 6 -3 -2 10 -6 -9 -5 11 -1 15 -14 -15 25 24 19 -19 21 -20 -18 23 -22 -17 29 27 -27 -28 -11
right_child=1 2 -4 9 7 -7 -8 8 -10 12 -12 -13 13 14 -16 16 17 18 20 -21 22 -23 -24 -25 -26 26 28 -29 -30 -31
leaf_value=-0.22777910471672169 -1.1031422518742005 -2.016301582327674 12.046537354694564 1.9908133838668118 -4.7894822190179678 4.1762840788802382 0.91091074550707329 -17.786408733849925 0.97076605687828277 -0.017791604592235305 0.42874130978280428 0.029155102762291565 -6.1604607687996706 -0.98307767134900814 0.25400564895642858 -1.1383589205704363 0.12036799935929431 0.43463904336753378 1.075561816468273 0.25038551978030421 -1.439041894065564 -1.1891543287808621 0.14461356638260681 -0.34689942193310075 -0.064803664248963083 -0.83769431002066974 1.4949744968669252 -0.35081984588216142 -0.12016784009810813 0.19153559770839251
leaf_weight=740 243 3304 1581 2937 571 10141 3275 143 8003 179837 1506 3219 323 11174 7802 1102 4462 14351 14849 20148 716 6343 43232 2906 27798 5159 5648 6104 25445 51956
leaf_count=740 243 3304 1581 2937 571 10141 3275 143 8003 179837 1506 3219 323 11174 7802 1102 4462 14351 14849 20148 716 6343 43232 2906 27798 5159 5648 6104 25445 51956
internal_value=0.000421446 0.00358793 0.000508749 0.000249234 -0.000531569 0.00762134 0.00350114 0.00115389 0.00187331 0.000183487 0.00134247 -0.000633998 0.000153366 -0.0014721 -0.00121353 0.000229871 0.000784875 0.00121448 0.00181742 -0.000267093 0.00109768 -0.00318539 0.000293189 -0.00462004 -0.000805949 -4.5267e-05 -0.00132071 -0.00566575 0.00025496 0.000187797
internal_weight=465018 23986 13602 441032 12021 10384 8740 8717 8146 432292 5465 3959 429355 19299 18976 410056 135907 107007 76054 30953 61703 10805 46854 3622 28900 274149 42356 11263 31093 231793
internal_count=465018 23986 13602 441032 12021 10384 8740 8717 8146 432292 5465 3959 429355 19299 18976 410056 135907 107007 76054 30953 61703 10805 46854 3622 28900 274149 42356 11263 31093 231793
cat_boundaries=0 5 9 13 14 18 20 22 26 30 32 36 40 44 48 52 56 61 66
cat_threshold=2554439874 98566160 1109395524 26231427 2 1024 0 8388632 33554500 84410373 404750336 1006637056 128 16809988 16 0 536870912 2147483908 35127683 12 256 2 3280995401 2459484162 1109917969 8405412 20013140 671387976 1421897747 138678272 2693315334 21 2151841792 2203074688 706740224 158016 2147484928 1112670341 2854915040 18874891 16777282 2097664 16777218 40976 167772169 8194 0 1114112 1128267776 2147483648 134545408 1080041472 373721102 2500994880 2688679938 104448 2215674630 2710045632 1092616192 204455976 1 22037512 2197946593 169958176 1342212296 1
is_linear=0
shrinkage=0.1


Tree=94
num_leaves=31
num_cat=22
split_feature=0 0 4 8 9 8 9 9 10 9 8 9 0 9 8 1 8 9 6 8 6 9 8 6 10 9 7 10 9 9
split_gain=24.1267 12.25 26.5714 10.2368 10.3207 10.1307 9.84562 9.52626 7.18771 11.1934 7.62254 6.87349 6.75281 5.29075 5.24555 5.22418 5.12766 5.02721 5.00076 9.38072 4.88456 19.2368 12.517 11.9695 52.4959 14.4065 11.5686 19.5656 8.95723 8.89669
threshold=975.00000000000011 219.00000000000003 165.00000000000003 0 1 2 3 4 5 6 7 8 357.00000000000006 9 10 1227.0000000000002 11 12 976.50000000000011 13 1146.5000000000002 14 15 1181.5000000000002 16 17 18 19 20 21
decision_type=2 2 2 9 9 9 9 9 9 9 9 9 2 9 9 10 9 9 2 9 2 9 9 2 9 9 1 9 9 9
left_child=1 20 3 4 -3 7 -7 -4 9 -8 11 -10 -6 -12 15 -2 -11 -18 19 -19 -1 -22 23 24 -23 -25 29 -28 -26 -24
right_child=14 2 5 -5 12 6 8 -9 10 16 13 -13 -14 -15 -16 -17 17 18 -20 -21 21 22 26 25 28 -27 27 -29 -30 -31
leaf_value=0.032344910234317584 -13.453044460012022 -0.44985785973202053 -1.0960138351592299 1.3483779358732664 0.065612939217929087 1.3236120672401244 -3.6683067456680578 -0.0030676130205878373 -0.5745905362488174 0.54224645624085666 -0.014560677014899432 0.36922862635002218 1.6381216471255595 1.6458368518122652 13.312087812288716 33.313285702580302 0.087430101921738501 -6.9080080655867393 -0.35830688229857688 -2.4484492672926557 0.60305704605281407 -15.131481966339067 -0.28978947852365894 -2.3215585906198686 -2.7232885123762007 -0.037042370168560844 -0.56938754302716466 0.19902042886613699 -0.13481904158521771 0.27514506889054008
leaf_weight=313419 275 547 4675 7276 3409 7314 944 11847 5375 4206 2864 15206 2747 7915 4620 227 2567 100 1158 948 9875 247 5836 2463 486 6892 15313 8711 1520 16036
leaf_count=313419 275 547 4675 7276 3409 7314 944 11847 5375 4206 2864 15206 2747 7915 4620 227 2567 100 1158 948 9875 247 5836 2463 486 6892 15313 8711 1520 16036
internal_value=0.000402307 0.000326292 0.0014587 0.00541455 0.00258156 0.0006095 0.00133664 -0.00152916 0.000736929 -0.00160777 0.00147912 0.000350153 0.00375608 0.0036324 0.00722765 -0.0025 -0.000512849 -0.0027535 -0.00624549 -0.0112786 9.10723e-05 -0.000681369 -0.00138158 -0.004314 -0.0108611 -0.00274185 -0.000639132 -0.00215362 -0.00532738 0.00102459
internal_weight=465018 459896 79098 13979 6703 65119 48597 16522 41283 9923 31360 20581 6156 10779 5122 502 8979 4773 2206 1048 380798 67379 57504 11608 2253 9355 45896 24024 2006 21872
internal_count=465018 459896 79098 13979 6703 65119 48597 16522 41283 9923 31360 20581 6156 10779 5122 502 8979 4773 2206 1048 380798 67379 57504 11608 2253 9355 45896 24024 2006 21872
cat_boundaries=0 4 8 12 16 20 22 26 30 34 38 42 46 51 55 59 63 64 68 69 70 74 79
cat_threshold=327156228 20074496 1744830466 67113344 525056 524288 0 16 542195765 35708928 1572872252 209717268 381945344 4027733021 838861568 2751463812 2584313984 2483032849 1124272192 12087840 3225488084 4 256 16875520 65540 151011352 151920968 2634027282 537004034 3917120 1056834 105119746 134236164 1091619346 2148065312 142870816 1074790406 140560386 1126400 33556482 10747916 68 1074281216 1359027733 540150144 51414273 17838080 272512 3244425218 4524065 1 67272704 0 2 2113536 282075170 2148406277 686822048 2684392768 1110705220 2197996038 27435072 151061322 32832 167903748 128 16992602 1358955026 81 3960996106 2348810308 268435458 65548 2050 151259209 1715538008 1342187522 1207984130 1
is_linear=0
shrinkage=0.1


Tree=95
num_leaves=31
num_cat=18
split_feature=1 4 9 4 8 9 0 9 4 8 9 0 4 1 10 10 8 4 8 9 3 9 8 10 9 8 11 2 0 10
split_gain=22.8522 20.205 11.3085 8.99506 12.9328 11.1238 10.1813 10.7861 9.82414 12.4994 8.61408 8.87016 6.91864 9.38548 6.58145 6.44013 11.129 6.87735 6.30614 16.5786 9.23457 35.022 20.1047 15.0727 13.85 16.7441 11.5981 10.5488 9.00182 8.62901
threshold=633.00000000000011 465.00000000000006 0 135.00000000000003 1 2 -74.999999999999986 3 105.00000000000001 4 5 309.00000000000006 45.000000000000007 327.00000000000006 6 7 8 105.00000000000001 9 10 1.5000000000000002 11 12 13 14 15 16 39.000000000000007 369.00000000000006 17
decision_type=10 2 9 2 9 9 2 9 2 9 9 2 2 8 9 9 9 2 9 9 2 9 9 9 9 9 9 10 2 9
left_child=3 -2 -3 4 -1 8 7 -7 -6 -10 -8 12 -12 15 -11 16 17 -14 19 -5 21 23 -23 -20 25 27 -27 -24 -26 -21
right_child=1 2 -4 18 5 6 10 -9 9 14 11 -13 13 -15 -16 -17 -18 -19 20 29 -22 22 24 -25 28 26 -28 -29 -30 -31
leaf_value=0.65293536849824507 7.4318625659321276 -2.2235886641809088 2.5665641335983413 1.0830958765094187 0.0044072964622587467 -1.2031705810039248 0.67562027504260269 0.15919086966106288 -0.061663907520215916 -3.0699658609391705 0.6382550747847876 1.2028599751502429 -0.38333647737118537 -0.58595275174577643 -0.40110369375291727 0.072721145733480583 0.062012308257847343 -2.0699313314874352 -2.152913221946533 -0.43522694490635089 0.043063706983672956 -1.6110388222920209 -1.1958104635373266 -1.4925890317655834 -0.0033018007976994309 -3.9938457962187481 -0.16213249530229135 -1.8266383719255928 1.2152495258985199 0.22515436156789748
leaf_weight=5575 5602 2270 4660 15731 4152 821 5075 1074 1399 130 1458 2861 1243 324 869 18414 2269 172 283 12916 278242 401 201 894 40569 374 18806 135 2981 35117
leaf_count=5575 5602 2270 4660 15731 4152 821 5075 1074 1399 130 1458 2861 1243 324 869 18414 2269 172 283 12916 278242 401 201 894 40569 374 18806 135 2981 35117
internal_value=0.000393491 0.00460581 0.000995671 0.000276827 0.00160485 0.00097862 0.0017114 -0.00540897 -0.00278963 -0.00788991 0.00213603 0.00141714 0.00078727 0.000353225 -0.0163627 0.00060096 -0.00321061 -0.0101404 0.000127137 0.00104024 -4.26948e-05 -0.00111936 -0.000800762 -0.0181382 -0.000656985 -0.00287002 -0.00247525 -0.0246821 0.00033517 0.000117187
internal_weight=465018 12532 6930 452486 45836 40261 33711 1895 6550 2398 31816 26741 23880 22422 999 22098 3684 1415 406650 63764 342886 64644 63467 1177 63066 19516 19180 336 43550 48033
internal_count=465018 12532 6930 452486 45836 40261 33711 1895 6550 2398 31816 26741 23880 22422 999 22098 3684 1415 406650 63764 342886 64644 63467 1177 63066 19516 19180 336 43550 48033
cat_boundaries=0 4 8 12 16 20 25 26 28 32 36 41 45 49 50 54 58 60 62
cat_threshold=491284736 1084629056 36700224 697369235 2148532480 8519940 6488096 1573376 92799234 2150170624 270532672 1048 1179652 8429568 0 262146 33554432 16781312 32768 131328 2181201924 8720 8388608 136314880 1 2148540418 2185930818 12 83886080 2167406592 0 256 687873032 8473633 52547536 16777243 2154902016 287327443 536871456 2304869640 1 2097280 144703488 0 262160 32768 1048576 134217728 262144 68159496 2719776840 324534288 50921540 1225294880 131072 16777216 4194304 131072 2155872263 6 343615764 1
is_linear=0
shrinkage=0.1


Tree=96
num_leaves=31
num_cat=22
split_feature=0 4 0 9 8 9 3 8 8 8 9 5 8 9 9 10 9 9 8 11 8 9 9 2 9 11 9 3 8 4
split_gain=22.5414 11.8882 31.1787 21.3506 14.1752 13.5375 13.4255 41.4667 16.5887 12.4162 12.0103 9.92667 22.2656 19.7988 12.9915 11.2543 14.7547 10.5236 13.7011 14.0846 9.93785 11.6315 9.61922 11.0244 9.41382 9.12175 16.5516 14.264 11.2488 8.72939
threshold=1059.0000000000002 375.00000000000006 369.00000000000006 0 1 2 1.5000000000000002 3 4 5 6 6.5000000000000009 7 8 9 10 11 12 13 14 15 16 17 51.000000000000007 18 19 20 2.5000000000000004 21 645.00000000000011
decision_type=2 2 2 9 9 9 2 9 9 9 9 2 9 9 9 9 9 9 9 9 9 9 9 10 9 9 9 2 9 2
left_child=1 2 3 -1 10 9 7 8 -3 -4 -5 12 13 -8 -14 16 -13 18 19 -17 21 -19 -6 -24 -25 -22 27 -27 -29 -20
right_child=-2 6 5 4 22 -7 11 -9 -10 -11 -12 15 14 -15 -16 17 -18 20 29 -21 25 -23 23 24 -26 26 -28 28 -30 -31
leaf_value=0.79232534515601705 13.55143433256533 -5.2471590908556758 -0.94220698315477414 -0.021703354165245617 0.072276250853534674 2.1111718453736166 -4.8347864139222212 -0.043598222032649604 -1.5313372563289274 1.2566658228080883 0.33195673961354505 -0.31984098117164228 -0.99294016799084361 -0.868481474200407 0.46124631824638601 -8.7369034998881823 1.4091497921030214 2.2539206997203993 0.58225564621171555 -2.6618277650030167 0.058910566745421583 0.1332318700718291 -0.018595928873050151 -0.030232710288601208 -0.25819844409913334 -7.256803200715602 -0.037922175018560565 -2.8885220225551929 -0.36184734766063414 -1.376212195081665
leaf_weight=10287 4135 262 1027 23168 23940 9621 743 6952 1669 1166 31183 6212 2389 2753 5360 252 11877 8838 3266 1051 182075 18235 29201 6257 10983 176 37766 4634 7893 11647
leaf_count=10287 4135 262 1027 23168 23940 9621 743 6952 1669 1166 31183 6212 2389 2753 5360 252 11877 8838 3266 1051 182075 18235 29201 6257 10983 176 37766 4634 7893 11647
internal_value=0.000376287 0.000310339 0.0010531 0.000622061 0.000260698 0.00597935 -3.69364e-05 -0.00386919 -0.0167903 -0.0011212 0.00147367 7.46153e-05 -0.00284126 -0.00945237 0.000153371 0.000186172 0.0026018 2.7661e-05 -0.00244299 -0.0122391 0.000182069 0.00199498 -0.00067608 -0.00151536 -0.00352088 -2.90681e-05 -0.00121853 -0.00433965 -0.00394588 -0.00157944
internal_weight=465018 460883 146833 135019 124732 11814 314050 8883 1931 2193 54351 305167 11245 3496 7749 293922 18089 275833 16216 1303 259617 27073 70381 46441 17240 232544 50469 12703 12527 14913
internal_count=465018 460883 146833 135019 124732 11814 314050 8883 1931 2193 54351 305167 11245 3496 7749 293922 18089 275833 16216 1303 259617 27073 70381 46441 17240 232544 50469 12703 12527 14913
cat_boundaries=0 4 8 12 16 20 24 28 32 36 40 42 46 50 54 56 60 65 69 73 75 80 84
cat_threshold=25608 2359424 585335328 4264704 135431425 2161143828 36405312 85010240 134217984 268435456 2282946624 268438640 1536 37748752 10618912 201654800 0 37748752 131104 262656 101712900 16777216 3359637512 33554500 2155905024 1082138884 269484356 20316170 2292367362 2752846488 137888148 101713920 2517630976 16842752 1083183136 268474465 557571 570438406 280232000 1476428050 562641024 13 3222798592 998417360 215220228 2256904 50401441 69468160 172040 8462848 570425896 524304 32768 17825792 4329026 8 2628650 272730658 134220789 327707 539493896 805461062 1619067010 3087042833 1 301989957 1115791364 268435456 285525127 2291531776 2148532240 1048644 67239944 1698567576 5 2147649024 546043668 2164261062 1630552064 1 2181201920 20463744 35885058 162048
is_linear=0
shrinkage=0.1


Tree=97
num_leaves=31
num_cat=18
split_feature=0 4 0 4 8 9 8 9 9 0 4 9 3 8 1 11 9 4 7 10 10 8 9 8 6 10 6 11 0 8
split_gain=19.8373 12.7662 9.28024 23.4333 14.9871 10.4476 10.0104 11.2916 8.97778 8.75758 8.29 7.49786 9.64869 25.0424 7.3954 8.87337 7.19441 7.13596 7.56039 7.38071 7.35416 6.62828 6.58804 6.19325 6.56329 9.75216 5.85718 5.67171 5.62583 16.5626
threshold=813.00000000000011 465.00000000000006 141.00000000000003 165.00000000000003 0 1 2 3 4 363.00000000000006 105.00000000000001 5 1.5000000000000002 6 1227.0000000000002 7 8 2325.0000000000005 9 10 11 12 13 14 475.50000000000006 15 1067.5000000000002 16 -152.99999999999997 17
decision_type=2 2 2 2 9 9 9 9 9 2 2 9 2 9 10 9 9 2 1 9 9 9 9 9 2 9 2 9 2 9
left_child=2 -2 28 4 5 10 7 -5 14 -7 -4 -8 13 -13 15 -3 -15 18 -14 -19 21 -20 -12 -22 25 -25 -17 -9 29 -1
right_child=1 8 3 6 -6 9 11 27 -10 -11 22 12 17 16 -16 26 -18 19 20 -21 23 -23 -24 24 -26 -27 -28 -29 -30 -31
leaf_value=-4.1892848292140288 17.488785672299972 0.45749126305410298 0.16848964700321289 -0.26534404482597135 0.9840532360822718 0.070346152589261732 0.57261749944198659 -0.47293107654805527 4.2822645432150219 1.4888463775700744 -1.073114987794231 -2.7023110906308512 0.36582005091407493 -0.81276564539490814 5.5297886769119451 -0.76517202301996978 -0.10485229347093022 -7.8941766337791179 -0.88829918426260868 -1.0568533440269536 -0.94087652857821169 1.2333563932723066 -0.18334842285615449 -11.809012871958416 -0.040571991254067734 -0.51054538205354438 -9.1896970365031496 1.5847327073741715 0.013001806542480357 -0.30640856285915935
leaf_weight=644 3441 503 645 4819 9038 8467 14060 792 2784 3046 311 290 33596 1238 442 177 6863 753 1925 2878 7282 4303 468 129 12890 295 333 9466 317045 16095
leaf_count=644 3441 503 645 4819 9038 8467 14060 792 2784 3046 311 290 33596 1238 442 177 6863 753 1925 2878 7282 4303 468 129 12890 295 333 9466 317045 16095
internal_value=0.000376502 0.00541667 0.000291863 0.00103226 0.00399317 0.00180505 0.000391715 0.00276861 0.00174334 0.00280569 -0.00624826 -2.28866e-05 -0.000433114 -0.00362174 -0.00460751 -0.00934847 -0.00256319 -1.54561e-05 0.000243297 -0.00432112 -0.00100842 0.00200064 -0.0132349 -0.00191886 -0.000634944 -0.0128774 -0.0184615 0.00464355 1.77963e-05 -0.00176892
internal_weight=465018 7680 457338 123554 21975 12937 101579 15077 4239 11513 1424 86502 72442 8391 1455 1013 8101 64051 60420 3631 26824 6228 779 20596 13314 424 510 10258 333784 16739
internal_count=465018 7680 457338 123554 21975 12937 101579 15077 4239 11513 1424 86502 72442 8391 1455 1013 8101 64051 60420 3631 26824 6228 779 20596 13314 424 510 10258 333784 16739
cat_boundaries=0 4 8 12 16 20 25 29 30 34 35 37 39 43 47 51 52 54 58
cat_threshold=327418372 188354688 4160782338 67260800 134775552 524288 0 16 25172738 276955271 2150501312 18940555 134842822 142616800 1304584 1210630145 2281760777 1235623936 1243613248 688980626 105187357 135421000 67141634 2886238469 2 2281701380 8192 67108866 134356992 2283144192 2097216 268468224 135462912 112 108 1212436 2 2022476945 4 745477 138416128 134217738 8538112 134218240 0 0 16 168173569 2150424832 268533777 68191504 65608 2147489798 8 2147500032 1048576 1145082017 2113536
is_linear=0
shrinkage=0.1


Tree=98
num_leaves=31
num_cat=21
split_feature=0 4 0 4 8 10 4 9 9 9 9 8 11 8 9 9 9 8 8 10 7 10 8 2 0 6 9 11 8 4
split_gain=20.6406 11.9378 8.74356 19.7247 10.1174 8.84979 10.3004 9.78139 7.8542 7.57293 7.57149 7.11533 7.47519 11.9987 7.1998 6.51832 5.84752 5.68208 5.521 5.06484 5.14622 5.02771 6.74297 5.0267 5.42594 4.93647 4.74623 17.4489 10.9933 6.50891
threshold=813.00000000000011 465.00000000000006 219.00000000000003 165.00000000000003 0 1 75.000000000000014 2 3 4 5 6 7 8 9 10 11 12 13 14 15 16 17 1209.0000000000002 939.00000000000011 1103.5000000000002 18 19 20 255.00000000000003
decision_type=2 2 2 2 9 9 2 9 9 9 9 9 9 9 9 9 9 9 9 9 1 9 9 10 2 2 9 9 9 2
left_child=2 -2 26 4 5 10 -7 -8 17 19 -4 -10 15 14 -14 18 21 -5 -13 23 25 -15 -23 24 -3 -21 27 -1 -29 -30
right_child=1 9 3 8 -6 6 7 -9 11 -11 -12 12 13 16 -16 -17 -18 -19 -20 20 -22 22 -24 -25 -26 -27 -28 28 29 -31
leaf_value=-0.51712368790693553 15.739907105069975 -1.7886930580172162 -0.19902151971753734 2.1554285785037797 1.1736098554326915 1.1850245801795007 -0.91394289811407647 -0.17707765529725486 0.71710381156462022 3.3426573551560175 0.76787323399076657 1.10966258801964 -6.390349104125379 -0.25002843561770266 -1.8877976752612278 0.4754454997147326 0.028862537475863148 0.45986537482168005 -0.33324408553281432 -3.4788902014561183 1.173100302515049 -0.5633041106591955 -4.5977861863962257 12.07008907194586 -10.965355887551318 -28.220337971616978 -0.0055879731834478363 1.269584922393248 1.0308757923663838 0.048026254356937539
leaf_weight=7118 3441 64 1025 2821 6350 542 411 1276 10882 3180 3907 2827 203 2187 1288 15292 9163 5317 10987 70 738 965 1097 50 98 39 335567 11328 2895 23890
leaf_count=7118 3441 64 1025 2821 6350 542 411 1276 10882 3180 3907 2827 203 2187 1288 15292 9163 5317 10987 70 738 965 1097 50 98 39 335567 11328 2895 23890
internal_value=0.00036661 0.00550781 0.000280274 0.00125555 0.00472282 0.00213499 -0.0030862 -0.00695317 0.000512304 0.00195565 0.00449616 8.21482e-05 -0.000484109 -0.0023047 -0.0107861 0.000448551 -0.00135449 0.00340943 -0.00112558 -0.00534144 -0.0017853 -0.00441653 -0.00795367 -0.0188288 -0.0282716 -0.0210924 8.42445e-05 0.00104573 0.00189466 0.000789327
internal_weight=465018 7680 457338 76540 13511 7161 2229 1687 63029 4239 4932 54891 44009 14903 1491 29106 13412 8138 13814 1059 847 4249 2062 212 162 109 380798 45231 38113 26785
internal_count=465018 7680 457338 76540 13511 7161 2229 1687 63029 4239 4932 54891 44009 14903 1491 29106 13412 8138 13814 1059 847 4249 2062 212 162 109 380798 45231 38113 26785
cat_boundaries=0 4 6 10 14 18 22 26 28 32 36 41 45 49 53 55 56 58 62 66 68 72
cat_threshold=327156228 154292224 1744830466 67244416 504669192 12 17302272 16777216 4 9232 381945364 2149209096 805307314 2751463812 2550163465 1227235392 167772224 687866512 134250752 0 0 150994960 1098942720 81463428 572654528 17306251 1561825482 20 2147614729 0 213909504 141312 0 16777296 33554436 16785408 24714 8463141 1233141828 1097894448 3 1090521184 209748738 2293315584 1219122200 176167752 402784275 3221227969 154206491 2416117256 26 201326594 16384 67109890 2 65 1744868426 4 73404992 3238012418 17039364 8454400 536901688 268582915 562240418 2558558976 890241044 4 2355759112 274826818 21250209 67125529
is_linear=0
shrinkage=0.1


Tree=99
num_leaves=31
num_cat=17
split_feature=0 0 4 9 8 8 4 8 3 8 10 1 6 11 8 8 4 9 2 2 8 8 2 8 9 6 9 9 9 0
split_gain=20.3795 9.05434 26.954 9.43122 8.63315 7.94598 7.88669 7.36706 6.10136 5.97811 5.5281 7.25034 7.94117 5.51067 10.0523 7.99201 5.4943 5.4841 5.4287 5.11111 14.5616 8.73406 10.3801 17.171 7.42637 7.31202 7.06842 6.7203 6.68701 8.69991
threshold=915.00000000000011 303.00000000000006 255.00000000000003 0 1 2 735.00000000000011 3 2.5000000000000004 4 5 1335.0000000000002 1244.5000000000002 6 7 8 45.000000000000007 9 1359.0000000000002 -164.99999999999997 10 11 285.00000000000006 12 13 423.50000000000006 14 15 16 -146.99999999999997
decision_type=2 2 2 9 9 9 2 9 2 9 9 10 2 9 9 9 2 9 8 8 9 9 10 9 9 2 9 9 9 2
left_child=1 16 5 7 -5 -3 -2 -4 -9 10 -8 12 18 14 17 -15 -1 -6 -12 20 28 24 -23 27 -21 -25 -22 -24 29 -18
right_child=6 2 3 4 13 -7 9 8 -10 -11 11 -13 -14 15 -16 -17 19 -19 -20 21 26 22 23 25 -26 -27 -28 -29 -30 -31
leaf_value=0.33451385414279922 13.543200909825167 0.27139269892866941 0.96963597714504957 2.0858176328760347 -0.37452575700499557 1.4898355078907348 4.3895382132413472 -2.2867594316846991 -0.80631422488631488 4.326301873993307 -2.658649985135586 21.338450595706423 -21.267429394075123 -0.65763392996703796 0.29440025506228235 0.92002251903763921 -9.9745993994237647 -4.3785257014513794 -54.803717804857584 1.388556864595319 -0.91573481440791005 0.012641864265865346 -0.68978971866201721 -8.300812430101173 0.19419072943675075 0.082489219419137394 0.23622778094387492 -2.3572795771649377 -2.0330775556093994 -1.2152978948601885
leaf_weight=2274 3748 4636 2431 3856 781 7791 290 765 5828 1651 152 84 31 5113 3773 12182 308 1303 27 8256 3360 359855 1201 20 20462 4164 7929 1652 867 228
leaf_count=2274 3748 4636 2431 3856 781 7791 290 765 5828 1651 152 84 31 5113 3773 12182 308 1303 27 8256 3360 359855 1201 20 20462 4164 7929 1652 867 228
internal_value=0.000357148 0.000281569 0.00157432 0.000189277 0.00112444 0.00559025 0.00615577 -0.00260793 -0.00434197 0.00145414 -0.00717172 -0.0166447 -0.0271429 0.000393749 -0.00225499 0.00129153 0.00012899 -0.0078128 -0.0190503 0.00010169 -0.00187362 0.000165062 3.35788e-05 -0.00377007 0.00184419 0.000319504 -0.000673511 -0.00973454 -0.0114437 -0.0202198
internal_weight=465018 459035 48459 36032 27008 12427 5983 9024 6593 2235 584 294 210 23152 5857 17295 410576 2084 179 408302 12692 395610 366892 7037 28718 4184 11289 2853 1403 536
internal_count=465018 459035 48459 36032 27008 12427 5983 9024 6593 2235 584 294 210 23152 5857 17295 410576 2084 179 408302 12692 395610 366892 7037 28718 4184 11289 2853 1403 536
cat_boundaries=0 4 8 12 16 20 22 24 28 32 36 40 44 48 53 57 62 66
cat_threshold=2147486144 113311746 168915012 1217440465 1082300672 281084929 540027888 19480587 295175180 19927040 1749024794 100761664 2161773582 2152238020 69272256 17862656 2148601856 2200971266 35651588 20816 2685538816 4 21597014 26 2383413248 2235052432 3405774860 1226816 7693344 34533896 273158144 101711924 46137348 805314836 1342308608 81962 1048580 1073741830 1075847371 2097671 537921568 1619068928 6294264 23068715 302154242 2217932032 50429954 8445184 33567744 16780290 553795888 2418092288 3 1074807296 1208684548 411453048 18482 152216068 535168 3241279488 156598275 1 1050112 524292 268452096 2415958400
is_linear=0
shrinkage=0.1


end of trees

feature_importances:
target_location=880
vantage_location=803
current_delay_sec=422
horizon_sched_sec=302
TrainOrigin=190
TrainDestination=179
vantage_minute_of_day=86
prev_delay_sec=55
prev2_delay_sec=43
horizon_route_stops=20
vantage_hour=10
day_of_week=10

parameters:
[boosting: gbdt]
[objective: quantile]
[metric: quantile]
[tree_learner: serial]
[device_type: cpu]
[data_sample_strategy: bagging]
[data: ]
[valid: ]
[num_iterations: 100]
[learning_rate: 0.1]
[num_leaves: 31]
[num_threads: 0]
[seed: 42]
[deterministic: 1]
[force_col_wise: 0]
[force_row_wise: 1]
[histogram_pool_size: -1]
[max_depth: -1]
[min_data_in_leaf: 20]
[min_sum_hessian_in_leaf: 0.001]
[bagging_fraction: 1]
[pos_bagging_fraction: 1]
[neg_bagging_fraction: 1]
[bagging_freq: 0]
[bagging_seed: 400]
[bagging_by_query: 0]
[feature_fraction: 1]
[feature_fraction_bynode: 1]
[feature_fraction_seed: 30056]
[extra_trees: 0]
[extra_seed: 12879]
[early_stopping_round: 0]
[early_stopping_min_delta: 0]
[first_metric_only: 0]
[max_delta_step: 0]
[lambda_l1: 0]
[lambda_l2: 0]
[linear_lambda: 0]
[min_gain_to_split: 0]
[drop_rate: 0.1]
[max_drop: 50]
[skip_drop: 0.5]
[xgboost_dart_mode: 0]
[uniform_drop: 0]
[drop_seed: 17869]
[top_rate: 0.2]
[other_rate: 0.1]
[min_data_per_group: 100]
[max_cat_threshold: 32]
[cat_l2: 10]
[cat_smooth: 10]
[max_cat_to_onehot: 4]
[top_k: 20]
[monotone_constraints: ]
[monotone_constraints_method: basic]
[monotone_penalty: 0]
[feature_contri: ]
[forcedsplits_filename: ]
[refit_decay_rate: 0.9]
[cegb_tradeoff: 1]
[cegb_penalty_split: 0]
[cegb_penalty_feature_lazy: ]
[cegb_penalty_feature_coupled: ]
[path_smooth: 0]
[interaction_constraints: ]
[verbosity: -1]
[saved_feature_importance_type: 0]
[use_quantized_grad: 0]
[num_grad_quant_bins: 4]
[quant_train_renew_leaf: 0]
[stochastic_rounding: 1]
[linear_tree: 0]
[max_bin: 255]
[max_bin_by_feature: ]
[min_data_in_bin: 3]
[bin_construct_sample_cnt: 200000]
[data_random_seed: 175]
[is_enable_sparse: 1]
[enable_bundle: 1]
[use_missing: 1]
[zero_as_missing: 0]
[feature_pre_filter: 1]
[pre_partition: 0]
[two_round: 0]
[header: 0]
[label_column: ]
[weight_column: ]
[group_column: ]
[ignore_column: ]
[categorical_feature: 7,8,9,10,11]
[forcedbins_filename: ]
[precise_float_parser: 0]
[parser_config_file: ]
[objective_seed: 16083]
[num_class: 1]
[is_unbalance: 0]
[scale_pos_weight: 1]
[sigmoid: 1]
[boost_from_average: 1]
[reg_sqrt: 0]
[alpha: 0.1]
[fair_c: 1]
[poisson_max_delta_step: 0.7]
[tweedie_variance_power: 1.5]
[lambdarank_truncation_level: 30]
[lambdarank_norm: 1]
[label_gain: ]
[lambdarank_position_bias_regularization: 0]
[eval_at: ]
[multi_error_top_k: 1]
[auc_mu_weights: ]
[num_machines: 1]
[local_listen_port: 12400]
[time_out: 120]
[machine_list_filename: ]
[machines: ]
[gpu_platform_id: -1]
[gpu_device_id: -1]
[gpu_device_id_list: ]
[gpu_use_dp: 0]
[num_gpu: 1]

end of parameters

pandas_categorical:null
