tree
version=v4
num_class=1
num_tree_per_iteration=1
label_index=0
max_feature_idx=11
objective=quantile
feature_names=current_delay_sec prev_delay_sec prev2_delay_sec horizon_route_stops horizon_sched_sec vantage_hour vantage_minute_of_day day_of_week vantage_location target_location TrainOrigin TrainDestination
feature_infos=[-15720:5994] [-15720:5976] [-15720:5994] [1:29] [0:10470] [0:23] [0:1437] -1:0:4:6:1:5:2:3 -1:94:116:27:52:104:63:31:53:56:113:110:17:65:44:15:108:109:39:45:91:107:40:58:46:111:122:100:106:89:36:57:20:102:90:95:28:25:2:93:26:105:8:34:55:85:112:81:9:80:79:49:0:86:51:18:115:1:23:76:19:59:24:60:14:13:101:10:120:117:54:103:75:32:47:71:38:96:98:119:64:33:121:83:6:99:97:88:68:72:3:42:22:43:62:82:50:35:67:70:37:66:21:41:16:69:12:11:73:5:30:84:61:118:48:78:77:87:92:74:123:114:29:4 -1:100:27:45:55:66:123:31:110:59:116:70:17:56:120:114:15:40:115:97:113:47:41:61:117:48:106:112:87:95:128:14:60:20:91:101:108:2:96:26:36:53:28:111:99:8:34:118:9:25:0:62:84:107:51:24:109:92:85:18:57:19:63:94:1:81:122:23:54:39:10:126:13:124:50:80:104:32:103:102:72:75:105:93:49:78:38:88:125:65:43:89:68:44:69:127:5:76:33:71:22:58:42:52:6:21:12:3:11:35:67:73:86:119:37:30:77:82:16:98:7:90:79:129:46:83:64:74:4:29 -1:3:20:26:9:10:18:8:17:27:6:1:15:31:29:22:34:19:25:30:35:13:11:28:7:33:24:12:16:4:0:2:23:5:21:32 -1:3:20:26:10:9:18:8:17:6:27:1:30:32:19:11:22:31:13:34:25:29:7:35:15:12:33:24:16:36:0:4:28:2:5:23:21
tree_sizes=3295 3352 3494 3487 3492 3527 3568 3521 3518 3557 3590 3526 3550 3546 3601 3545 3601 3588 3593 3541 3520 3545 3489 3507 3574 3542 3494 3533 3515 3541 3552 3452 3544 3529 3477 3533 3560 3519 3585 3544 3536 3518 3486 3560 3419 3514 3541 3489 3548 3427 3496 3375 3521 3490 3471 3484 3524 3426 3485 3506 3565 3475 3381 3571 3530 3419 3500 3489 3428 3448 3517 3427 3431 3353 3359 3368 3490 3483 3317 3389 3401 3441 3687 3549 3542 3382 3622 3320 3508 3582 3479 3149 3613 3260 3234 3524 3394 3454 3505 3588

Tree=0
num_leaves=31
num_cat=21
split_feature=0 0 0 3 9 9 9 8 9 9 0 8 9 8 4 8 9 9 8 1 8 11 9 8 3 8 8 9 0 8
split_gain=41907.5 2527.21 1989.3 1593.75 1547.53 986.865 983.945 674.606 566.051 557.045 506.539 424.324 332.3 310.683 307.428 304.357 249.483 246.742 233.172 220.65 219.182 198.283 197.117 184.483 180.461 217.276 152.932 149.456 146.5 147.49
threshold=69.000000000000014 135.00000000000003 33.000000000000007 3.5000000000000004 0 1 2 3 4 5 249.00000000000003 6 7 8 1485.0000000000002 9 10 11 12 1.0000000180025095e-35 13 14 15 16 7.5000000000000009 17 18 19 1.0000000180025095e-35 20
decision_type=2 2 2 2 9 9 9 9 9 9 2 9 9 9 2 9 9 9 9 8 9 9 9 9 2 9 9 9 2 9
left_child=2 4 3 7 15 20 10 12 18 26 21 27 -1 16 -8 -2 -6 23 -7 -10 -5 -3 -13 -15 25 -24 -4 -11 -9 -30
right_child=1 6 9 5 13 8 14 28 19 11 -12 22 -14 17 -16 -17 -18 -19 -20 -21 -22 -23 24 -25 -26 -27 -28 -29 29 -31
leaf_value=60.600000000000001 61.799999999999997 66 59.399999999999999 57 59.399999999999999 52.799999999999997 81 51 51.600000000000001 60 77.400000000000006 60.600000000000001 52.200000000000003 60.600000000000001 79.200000000000003 54 64.200000000000003 65.400000000000006 57 54.600000000000001 67.200000000000003 54 59.399999999999999 64.799999999999997 61.200000000000003 57.600000000000001 54.600000000000001 64.200000000000003 57.600000000000001 55.200000000000003
leaf_weight=5520 4324 1169 2420 3241 5019 13249 107428 63132 34071 2438 5229 7464 5703 5613 18748 7624 5810 33973 30584 23110 6329 3496 10415 4837 5995 9788 8702 4999 7495 17093
leaf_count=5520 4324 1169 2420 3241 5019 13249 107428 63132 34071 2438 5229 7464 5703 5613 18748 7624 5810 33973 30584 23110 6329 3496 10415 4837 5995 9788 8702 4999 7495 17093
internal_value=59.9998 60.0339 59.9734 59.969 60.018 59.9773 60.0417 59.9598 59.9744 59.9908 60.0113 59.9962 59.9829 60.0251 60.0441 59.9854 60.0099 60.0288 59.9829 59.9678 60.008 59.9874 59.9914 60.0153 59.9874 59.9828 59.971 60.0178 59.9569 59.9634
internal_weight=465018 203270 261748 209527 67200 110584 136070 98943 101014 52221 9894 41099 11223 55252 126176 11948 10829 44423 43833 57181 9570 4665 33662 10450 26198 20203 11122 7437 87720 24588
internal_count=465018 203270 261748 209527 67200 110584 136070 98943 101014 52221 9894 41099 11223 55252 126176 11948 10829 44423 43833 57181 9570 4665 33662 10450 26198 20203 11122 7437 87720 24588
cat_boundaries=0 4 9 13 17 21 26 30 35 39 43 47 52 56 60 62 66 70 74 78 82 86
cat_threshold=1207984576 71565312 1322383392 1082133200 543496760 678914 822215042 2755657986 2 1073758336 71565312 176286752 276824768 1080102984 8424979 86385605 12582931 2400190661 1235230912 33554492 411103252 1074315520 71565616 1280436233 8915696 1 1207996736 8388743 2687224784 17342985 139462696 16915458 537133824 2822807810 2 1079534628 1073977418 1430286344 42991652 2239909888 22216724 2148272260 17906704 51412992 4196402101 2166358080 293376032 2150139936 268634352 17039368 402723843 1 5636096 1107604680 50664537 33713184 17831936 2161639520 34209798 16781824 2156339970 16 273942572 3364003010 268435858 604111108 2508194376 2574262528 2684354563 2183424 2265056256 2188992792 1326448640 69213296 2215248130 282083336 2424848 17450008 2281709568 65536 25301056 1483146241 2348843264 3762831428 4061693952 50897440
is_linear=0
shrinkage=1


Tree=1
num_leaves=31
num_cat=19
split_feature=0 0 9 3 0 9 8 9 9 0 0 9 4 8 4 9 8 8 0 8 8 9 9 8 1 9 0 11 8 9
split_gain=38211.1 2752.01 2018.4 1746.64 1092.6 1025.31 749.385 657.896 601.705 525.745 485.23 459.907 437.445 417.078 295.234 294.11 284.964 261.699 235.551 220.425 218.213 214.844 211.652 206.68 205.052 191.715 190.073 174.843 147.443 146.813
threshold=63.000000000000007 165.00000000000003 0 4.5000000000000009 27.000000000000004 1 2 3 4 87.000000000000014 1.0000000180025095e-35 5 465.00000000000006 6 975.00000000000011 7 8 9 357.00000000000006 10 11 12 13 14 45.000000000000007 15 267.00000000000006 16 17 18
decision_type=2 2 9 2 2 9 9 9 9 2 2 9 2 9 2 9 9 9 2 9 9 9 9 9 10 9 2 9 9 9
left_child=3 2 13 4 6 -5 15 18 27 21 17 19 -11 -2 -9 -1 -13 -10 -3 -6 22 28 -14 -12 -17 -8 29 -7 -4 -16
right_child=1 7 9 5 11 8 25 14 10 12 23 16 20 -15 26 24 -18 -19 -20 -21 -22 -23 -24 -25 -26 -27 -28 -29 -30 -31
leaf_value=2.9399999999999999 2.1000000000000001 -6 1.3799999999999999 -8.1600000000000001 -1.74 9.9000000000000004 -6.3000000000000007 21.900000000000002 -2.0100000000000002 5.46 -3.6600000000000001 -0.12000000000000029 -1.8600000000000003 -5.4000000000000004 3.3000000000000003 -6.96 -3.0600000000000005 -5.2800000000000002 20.460000000000001 1.74 6.6600000000000001 2.4599999999999995 6.3000000000000007 0.30000000000000004 1.74 -7.5 32.700000000000003 -0.12000000000000029 -1.2600000000000002 12.48
leaf_weight=3445 6586 2288 3551 29114 1728 4484 19425 80999 10402 25573 12323 5489 3807 10569 3824 7957 17311 38894 1395 4039 22999 15656 3244 20324 1591 71471 16892 5945 5054 8639
leaf_count=3445 6586 2288 3551 29114 1728 4484 19425 80999 10402 25573 12323 5489 3807 10569 3824 7957 17311 38894 1395 4039 22999 15656 3244 20324 1591 71471 16892 5945 5054 8639
internal_value=0.000572236 0.0320141 0.0196359 -0.0255621 -0.0335047 -0.0169024 -0.0382673 0.0425472 -0.0117404 0.0263174 -0.01462 -0.0161848 0.0316784 -0.0114856 0.0439328 -0.0157617 -0.0225603 -0.020884 0.000907122 0.00904449 0.0234975 0.0140369 0.00806543 -0.00516587 -0.024796 -0.041478 0.0353449 0.0108775 0.00132908 0.0259769
internal_weight=465018 211076 97039 253942 132456 121486 103889 114037 92372 79884 81943 28567 55623 17155 110354 12993 22800 49296 3683 5767 30050 24261 7051 32647 9548 90896 29355 10429 8605 12463
internal_count=465018 211076 97039 253942 132456 121486 103889 114037 92372 79884 81943 28567 55623 17155 110354 12993 22800 49296 3683 5767 30050 24261 7051 32647 9548 90896 29355 10429 8605 12463
cat_boundaries=0 4 9 13 17 22 26 30 34 38 42 46 50 55 60 64 68 70 74 78
cat_threshold=1207984576 71565312 1318186016 1350568656 1073791232 71565617 3369195520 1074596576 1 1080103240 8489507 86385605 4194307 1073741952 71303168 167831552 8389312 610605624 678914 822214786 2755674368 2 306578476 1208126471 2952790322 2685403394 2239909892 22216724 2701396100 17906712 4196392 1073874048 536871170 2818572546 2166526208 583615172 52920448 41496 1418264910 805699590 1229062 1573587 513 1076106256 1124110338 33702928 1078551584 1091799114 357568522 42221604 2166980610 302055860 20975816 134853665 1 319979521 1881211029 2149580864 152802346 1 4612672 3241805888 340013069 34818052 2555387988 134363205 360973490 1082163206 16942404 3 2332197186 104874116 170100736 2241488 529623396 1378091012 3232829472 1207959560
is_linear=0
shrinkage=0.1


Tree=2
num_leaves=31
num_cat=20
split_feature=0 0 0 9 3 9 9 8 8 4 9 9 8 0 9 8 4 0 9 8 9 8 4 3 8 9 9 8 8 8
split_gain=34354 2468.7 2163.03 1850.14 1470.02 735.717 704.442 672.38 559.125 539.423 509.085 412.913 408.162 364.423 337.796 286.308 254.175 239.552 238.508 213.163 207.7 205.331 205.257 183.297 182.107 164.521 162.49 169.751 154.516 149.745
threshold=75.000000000000014 21.000000000000004 201.00000000000003 0 3.5000000000000004 1 2 3 4 435.00000000000006 5 6 7 45.000000000000007 8 9 615.00000000000011 105.00000000000001 10 11 12 13 1575.0000000000002 6.5000000000000009 14 15 16 17 18 19
decision_type=2 2 2 9 2 9 9 9 9 2 9 9 9 2 9 9 2 2 9 9 9 9 2 2 9 9 9 9 9 9
left_child=1 4 3 12 7 -6 24 18 -8 17 21 -4 -2 16 15 -11 -10 26 -1 -12 -15 -7 -13 -21 -3 -14 27 -5 -9 -16
right_child=2 6 11 9 5 10 8 28 13 14 19 22 25 20 29 -17 -18 -19 -20 23 -22 -23 -24 -25 -26 -27 -28 -29 -30 -31
leaf_value=-6.870000000000001 -8.1900000000000013 -1.5899999999999999 6.6000000000000005 -0.41400000000000009 -8.8439999999999994 -4.7430000000000003 2.1899999999999999 -5.6700000000000008 -2.3460000000000001 -3.3540000000000001 -5.8320000000000007 24.510000000000002 2.6100000000000003 1.4939999999999998 3.5939999999999999 3.5939999999999999 -1.0439999999999998 6.354000000000001 0.24600000000000011 -5.1120000000000001 -0.52800000000000014 4.5119999999999996 20.609999999999999 -2.7720000000000002 -6.0540000000000003 -3.3900000000000001 3.1140000000000003 2.3340000000000005 -6.75 7.6140000000000008
leaf_weight=3946 5664 4828 4855 2587 22356 2486 10997 22320 13827 3079 14124 78384 6097 7587 6641 18797 11863 25295 5305 23206 19470 7370 9836 30310 11865 3285 5939 3385 57384 21930
leaf_count=3946 5664 4828 4855 2587 22356 2486 10997 22320 13827 3079 14124 78384 6097 7587 6641 18797 11863 25295 5305 23206 19470 7370 9836 30310 11865 3285 5939 3385 57384 21930
internal_value=0.000579332 -0.0225977 0.0324543 0.0224476 -0.0288477 -0.0205194 -0.00792732 -0.0381963 -0.00313549 0.0280067 -0.015902 0.0434956 -0.00994952 -0.00741229 0.0212728 0.0119026 -0.0159439 0.0371445 -0.0126282 -0.0189963 0.00068559 0.00533144 0.0450572 -0.0161043 -0.0262079 0.00285349 0.0254513 0.0137245 -0.0411571 0.0284332
internal_weight=465018 269244 195774 102699 188807 99852 80437 88955 63744 87653 77496 93075 15046 52747 50447 21876 25690 37206 9251 67640 27057 9856 88220 53516 16693 9382 11911 5972 79704 28571
internal_count=465018 269244 195774 102699 188807 99852 80437 88955 63744 87653 77496 93075 15046 52747 50447 21876 25690 37206 9251 67640 27057 9856 88220 53516 16693 9382 11911 5972 79704 28571
cat_boundaries=0 4 9 14 18 22 27 31 35 39 43 47 51 56 60 64 68 73 77 81 85
cat_threshold=1207984576 71565312 1318190112 1350572736 1073791234 72352048 1223809024 1076628192 1 1074315520 71565616 1288824833 1082133232 1 1078005832 545295363 86385605 4194323 1207996672 536870919 2720779216 19440131 6625848 662658 822215042 2755690754 2 1073744000 71565312 176220160 8389312 7340033 203469059 9437256 111804740 2165344258 1377829045 2170814468 152601651 4276320 1073971200 553660426 42221572 1076364352 402718741 1168646290 1024 22028289 1477222600 2504098841 2111648 306448940 3367142978 268435472 605159684 2 16777217 138936416 34476038 16847360 2215248130 2429698188 19202196 18400280 134225984 0 110104608 1342183424 2156429825 856236304 4325440 138470449 1 278413316 2298614040 1145049088 22784 2149599488 3259515476 4162339840 42500612 17393153 3643477320 356548608 262417
is_linear=0
shrinkage=0.1


Tree=3
num_leaves=31
num_cat=20
split_feature=0 0 0 9 3 9 9 8 4 8 8 9 9 9 3 0 8 0 8 9 8 4 9 9 9 8 9 9 8 0
split_gain=31180.3 2306.14 2112.48 1822.72 1402.84 667.372 657.4 641.293 598.062 554.256 492.304 458.148 436.78 374.917 367.746 266.199 257.01 223.883 219.354 219.058 217.404 213.119 198.348 194.416 186.35 181.308 177.464 164.626 157.744 145.203
threshold=75.000000000000014 15.000000000000002 213.00000000000003 0 3.5000000000000004 1 2 3 465.00000000000006 4 5 6 7 8 6.5000000000000009 105.00000000000001 9 327.00000000000006 10 11 12 1575.0000000000002 13 14 15 16 17 18 19 45.000000000000007
decision_type=2 2 2 9 2 9 9 9 2 9 9 9 9 9 2 2 9 2 9 9 9 2 9 9 9 9 9 9 9 2
left_child=1 4 3 10 7 18 -6 19 15 14 -2 29 25 17 23 -5 22 -4 -3 -1 -14 -15 -10 -7 -18 -8 -9 -22 -12 -11
right_child=2 5 13 8 6 9 12 26 16 11 28 -13 20 21 -16 -17 24 -19 -20 -21 27 -23 -24 -25 -26 -27 -28 -29 -30 -31
leaf_value=6.2214 -6.4409999999999998 -1.6134000000000002 1.8 2.0885999999999996 -8.2596000000000007 -2.8194000000000004 10.438800000000001 -4.8150000000000013 -1.986 -1.8689999999999998 4.6667999999999994 1.5066000000000004 -1.9788000000000006 23.858999999999998 0.88679999999999959 6.0786000000000007 3.3546000000000009 21.219000000000001 -6.948599999999999 -4.4370000000000003 -2.2607999999999997 20.349000000000004 4.0685999999999991 -1.0607999999999997 7.4346000000000005 -0.96120000000000094 -6.6750000000000007 -4.9668000000000001 -0.095400000000000068 0.11099999999999995
leaf_weight=1649 7103 5376 4135 12369 21030 12287 2313 19070 3938 12633 3698 23717 15845 69719 7585 28476 16201 5227 11019 7219 9968 7875 6706 8829 21035 7715 55751 37268 9292 9970
leaf_count=1649 7103 5376 4135 12369 21030 12287 2313 19070 3938 12633 3698 23717 15845 69719 7585 28476 16201 5227 11019 7219 9968 7875 6706 8829 21035 7715 55751 37268 9292 9970
internal_value=0.000619331 -0.0214612 0.0309862 0.0217005 -0.0280968 -0.00855321 -0.0197224 -0.0375169 0.0278577 -0.00455612 -0.00549918 0.00221023 -0.0152334 0.0426066 -0.0154732 0.0367499 0.0202778 0.0236129 -0.0268241 -0.012041 -0.0183156 0.0448894 0.00655153 -0.0222627 0.0241932 0.00415421 -0.0405293 -0.0217182 0.00607692 -0.0079755
internal_weight=465018 269244 195774 108818 177828 91416 94139 83689 88725 75021 20093 46320 73109 86956 28701 40845 47880 9362 16395 8868 63081 77594 10644 21116 37236 10028 74821 47236 12990 22603
internal_count=465018 269244 195774 108818 177828 91416 94139 83689 88725 75021 20093 46320 73109 86956 28701 40845 47880 9362 16395 8868 63081 77594 10644 21116 37236 10028 74821 47236 12990 22603
cat_boundaries=0 4 9 14 18 22 26 30 35 39 43 47 51 55 60 64 69 73 77 81 85
cat_threshold=1207984576 71565312 1322383392 276830928 1074290944 71565360 1313990657 1082657520 1 1082179842 71303473 1223809024 1076628160 1 1078005832 1082166275 86385605 4194323 1860101 1562587208 272633866 34752644 7343105 2350948611 1083179208 111837508 2348847170 849412360 2157973580 404829197 6625848 134880386 822215042 2755657986 2 1611679944 71565314 1266804744 276826816 1074291232 1224968266 356528138 46415908 2232025346 282148992 19202196 18484248 4196384 131072 536870912 2818605312 3565224270 539099158 135416068 5800467 303204353 1344340097 2147483712 139100162 1 159384067 1493771013 18874464 426820616 2689239050 33769904 16777228 1226572803 1 101253192 287310849 2686536048 2097224 2591306820 134389765 346297392 8388622 2181038272 1101013000 20 8404992 2156396608 1114116 2147492132 17892481
is_linear=0
shrinkage=0.1


Tree=4
num_leaves=31
num_cat=19
split_feature=0 0 3 9 0 9 9 8 9 0 4 9 0 4 8 0 8 9 8 8 9 9 8 9 0 8 9 8 0 8
split_gain=28139.5 2744.78 1555.07 1169.35 1009.14 876.987 801.838 713.481 543.802 476.103 445.516 424.952 408.359 394.83 373.789 356.7 338.668 317.657 277.569 252.371 233.955 224.282 223.721 212.125 195.945 195.706 180.981 178.582 171.737 163.394
threshold=63.000000000000007 147.00000000000003 4.5000000000000009 0 9.0000000000000018 1 2 3 4 309.00000000000006 735.00000000000011 5 -1.0000000180025095e-35 195.00000000000003 6 327.00000000000006 7 8 9 10 11 12 13 14 93.000000000000014 15 16 17 243.00000000000003 18
decision_type=2 2 2 9 2 9 9 9 9 2 2 9 2 2 9 2 9 9 9 9 9 9 9 9 2 9 9 9 2 9
left_child=2 3 4 18 7 9 -4 20 29 22 28 -8 19 24 26 27 -15 -18 -2 -13 -1 -9 -3 -16 -5 -14 -10 -12 -7 -6
right_child=1 5 6 13 8 10 11 21 14 -11 15 12 25 16 23 -17 17 -19 -20 -21 -22 -23 -24 -25 -26 -27 -28 -29 -30 -31
leaf_value=-5.7933000000000012 -7.0098600000000006 -5.2119000000000009 -6.5336400000000001 1.1717399999999998 -1.2213900000000006 6.7879200000000015 3.2237400000000003 -5.113500000000001 1.0245000000000004 17.840100000000003 2.8730999999999995 -5.0581200000000006 2.1803399999999997 5.0891399999999996 -4.6001400000000006 34.514100000000006 0.070740000000000691 3.1091399999999996 -0.31146000000000029 -2.9899200000000001 -0.14490000000000053 -6.0075000000000003 2.7185400000000004 -1.8534599999999999 3.7907400000000013 -1.5496199999999996 -1.2258600000000002 9.10914 25.0731 1.43634
leaf_weight=6035 5395 3028 27082 7009 2044 30749 9608 17045 3907 5924 5796 12399 6818 12773 10450 14926 17773 22057 10085 34676 6712 57026 4805 17947 9439 30903 6950 18255 43062 4340
leaf_count=6035 5395 3028 27082 7009 2044 30749 9608 17045 3907 5924 5796 12399 6818 12773 10450 14926 17773 22057 10085 34676 6712 57026 4805 17947 9439 30903 6950 18255 43062 4340
internal_value=0.000653738 0.0276355 -0.0217735 0.0136831 -0.0292678 0.0369556 -0.0136024 -0.0355963 -0.0172291 0.0130856 0.0398624 -0.00924757 -0.0115063 0.0192504 -0.021628 0.0312171 0.0150248 0.0104719 -0.0111556 -0.0177196 -0.0137062 -0.0393562 -0.00308311 -0.027664 0.032776 -0.0037552 -0.00582958 0.0236809 0.0444331 0.00983735
internal_weight=465018 211076 253942 84531 132456 126545 121486 86818 45638 13757 112788 94404 84796 69051 39254 38977 52603 39830 15480 47075 12747 74071 7833 28397 16448 37721 10857 24051 73811 6384
internal_count=465018 211076 253942 84531 132456 126545 121486 86818 45638 13757 112788 94404 84796 69051 39254 38977 52603 39830 15480 47075 12747 74071 7833 28397 16448 37721 10857 24051 73811 6384
cat_boundaries=0 4 8 13 17 21 26 30 34 39 43 47 51 55 59 64 68 72 76 80
cat_threshold=1207984576 71565344 1322380288 1082133232 1074817224 71565344 1317136416 276826816 1082188034 71565601 3365001216 1074334432 1 1078006088 545360419 86385605 4718595 306579500 1073912903 805572914 2684354818 610605624 134896650 822214786 2751463680 2 2166528256 2193703620 187138176 41496 16943426 38011045 2720139728 19574785 2156957699 304152976 2149585248 423212032 1 137365509 2384994307 1118832712 111673700 268574721 239610304 2470450201 10501156 1110185024 2420113461 1177120912 1073746984 2555654212 134363205 360711346 1082163203 65568 203424531 159385600 43515988 1074282754 273219856 1209100352 6921840 1 1183350786 281280786 540772480 84443747 76022274 3105882624 2167406720 1094815785 1078813728 3225652224 1007689737 8798372 69272065 1076102224 1124112390 33570816
is_linear=0
shrinkage=0.1


Tree=5
num_leaves=31
num_cat=21
split_feature=0 0 0 9 3 9 9 4 9 8 8 8 8 4 9 9 9 0 0 11 9 8 9 8 8 9 0 9 8 9
split_gain=25416.6 2699.67 1722.76 1510.81 1438.54 696.448 634.241 627.573 582.482 520.091 363.977 354.501 335.542 307.342 294.85 290.434 276.168 293.195 270.823 232.859 218.528 262.565 213.779 201.137 199.058 195.388 183.724 180.159 164.283 160.241
threshold=87.000000000000014 39.000000000000007 261.00000000000006 0 4.5000000000000009 1 2 435.00000000000006 3 4 5 6 7 1005.0000000000001 8 9 10 -14.999999999999998 -1.0000000180025095e-35 11 12 13 14 15 16 17 -20.999999999999996 18 19 20
decision_type=2 2 2 9 2 9 9 2 9 9 9 9 9 2 9 9 9 2 2 9 9 9 9 9 9 9 2 9 9 9
left_child=1 4 3 10 5 23 -6 20 28 16 19 -10 27 -4 -9 -14 -7 -18 -11 -2 21 -5 -13 -1 -16 -15 -17 -8 -3 -20
right_child=2 8 13 7 6 9 12 14 11 18 -12 22 15 25 24 26 17 -19 29 -21 -22 -23 -24 -25 -26 -27 -28 -29 -30 -31
leaf_value=3.1577700000000002 1.7604660000000001 -6.393726 23.765789999999999 -0.53633399999999942 -6.1802760000000001 -4.8067500000000001 -1.4346479999999997 8.0367479999999976 2.3527260000000005 -6.4493699999999992 1.789685999999999 1.1919060000000001 -0.16745400000000077 7.2176400000000003 0.77292599999999967 -4.5251280000000005 -3.44163 0.62985000000000047 -1.6267500000000006 -6.4003140000000007 5.1598260000000016 4.1291280000000006 -0.40855800000000003 -2.2547354999999998 4.2442259999999994 23.682186000000002 -2.2376940000000007 5.8911240000000005 -1.830954 -3.6067499999999999
leaf_weight=3217 1878 5183 49087 2640 24384 13249 9380 13386 10237 44494 8709 13057 13855 3806 9137 23863 10395 5242 10748 5942 34843 4077 28555 9516 33777 14356 27523 6090 6994 17398
leaf_count=3217 1878 5183 49087 2640 24384 13249 9380 13386 10237 44494 8709 13057 13855 3806 9137 23863 10395 5242 10748 5942 34843 4077 28555 9516 33777 14356 27523 6090 6994 17398
internal_value=0.000782335 -0.0179349 0.0299838 0.0225166 -0.0232081 -0.0309748 -0.0147643 0.0272382 0.000131197 -0.0337388 -0.00545075 0.00475424 -0.0104898 0.0426854 0.0203606 -0.0136297 -0.022363 -0.0133412 -0.0382588 -0.0210983 0.0365616 0.019942 0.000651098 -0.00890293 0.0163056 0.0315714 -0.0170947 0.00275194 -0.0195413 -0.0305869
internal_weight=465018 283380 181638 114389 219354 114259 105095 97860 64026 101526 16529 51849 80711 67249 56300 65241 28886 15637 72640 7820 41560 6717 41612 12733 42914 18162 51386 15470 12177 28146
internal_count=465018 283380 181638 114389 219354 114259 105095 97860 64026 101526 16529 51849 80711 67249 56300 65241 28886 15637 72640 7820 41560 6717 41612 12733 42914 18162 51386 15470 12177 28146
cat_boundaries=0 4 9 14 18 22 26 30 34 38 43 48 50 54 58 63 67 71 75 79 83 87
cat_threshold=1207984576 71565312 1318184993 276830912 5507132 1073880067 856425378 2684358914 2 1082310914 71565601 1221711872 1074334432 1 1225285952 71565360 1284634625 1082133200 3223372032 2160151156 2821619972 557586 40895489 203469059 8388760 246055252 151159048 541065223 2687224785 19537921 1141440782 805306903 537053552 557595 371463732 2685982218 805306752 2753691904 308615768 159913090 268566662 608190720 2 2147492098 550044016 1084358676 328705 1 2298815234 16 2148007936 268500992 4325376 536904752 168820740 17825800 1077936128 196864 272960044 2308085314 268435730 605421572 2 1073746248 8388611 17146049 321 1078028324 3775102992 822112283 58998788 385878476 1409548342 2294300680 8389352 504365060 431493136 2449604664 269504512 34777101 2250256387 1677731912 102891972 2483160576 2558567048 2155876376 1410793477
is_linear=0
shrinkage=0.1


Tree=6
num_leaves=31
num_cat=22
split_feature=0 0 0 9 3 9 4 9 8 9 0 8 8 8 9 9 8 4 8 9 8 9 8 8 9 11 0 8 8 9
split_gain=22389 2643.97 1632.9 1400.61 1235.08 619.166 609.068 604.612 592.536 552.686 481.818 409.99 355.719 349.137 312.089 280.248 275.834 266.325 248.148 244.927 236.239 222.143 222.326 208.79 205.039 192.473 163.074 159.533 153.384 149.414
threshold=93.000000000000014 33.000000000000007 291.00000000000006 0 4.5000000000000009 1 435.00000000000006 2 3 4 -8.9999999999999982 5 6 7 8 9 10 1005.0000000000001 11 12 13 14 15 16 17 18 -20.999999999999996 19 20 21
decision_type=2 2 2 9 2 9 2 9 9 9 2 9 9 9 9 9 9 2 9 9 9 9 9 9 9 9 2 9 9 9
left_child=1 4 3 13 7 23 20 -1 -9 28 11 -10 -7 25 18 -12 -11 -4 -8 -18 24 -14 -23 -3 -5 -2 -21 -16 -6 -19
right_child=2 5 17 6 9 12 14 8 10 16 15 -13 21 -15 27 -17 19 29 -20 26 -22 22 -24 -25 -26 -27 -28 -29 -30 -31
leaf_value=-5.9618130000000003 -5.7741785999999991 -0.70861289999999966 24.989210999999997 0.46535940000000126 -9.1040586000000001 2.1688434000000001 -1.8243666000000005 -4.4460749999999996 -2.1862470000000003 -3.5411304000000001 0.87617955000000058 -3.9705870000000001 1.1646954 1.4153393999999992 7.9906331999999995 -1.3158989999999997 4.2834335999999977 9.6798713999999997 3.5698853999999987 -2.9770752000000003 5.243843400000002 0.48929339999999971 -1.0909002000000001 -5.7543533999999994 4.0956834000000013 2.5280394000000008 -0.60710040000000021 5.114155199999999 -3.7622484000000003 24.728927400000003
leaf_weight=26970 5514 5804 42057 3960 10741 11903 4582 25658 10871 19741 6231 27800 11666 10424 10501 11573 6096 3639 21378 26917 33013 17682 23701 9700 5657 1372 24132 20961 12797 11977
leaf_count=26970 5514 5804 42057 3960 10741 11903 4582 25658 10871 19741 6231 27800 11666 10424 10501 11573 6096 3639 21378 26917 33013 17682 23701 9700 5657 1372 24132 20961 12797 11977
internal_value=0.000778034 -0.0162694 0.0290208 0.02225 -0.0221864 -0.000860097 0.0267924 -0.0295523 -0.0252748 -0.0141839 -0.0195406 -0.0258113 0.00342662 -0.00401848 0.0200724 -0.00593125 -0.0100746 0.0427991 0.0119407 -0.00655148 0.0358503 -8.00995e-05 -0.0035163 -0.0188088 0.0219747 -0.0214762 -0.00881431 0.0267698 -0.0275905 0.031647
internal_weight=465018 289983 175035 117362 209527 80456 100052 109103 82133 100424 56475 38671 64952 17310 57422 17804 76886 57673 25960 57145 42630 53049 41383 15504 9617 6886 51049 31462 23538 15616
internal_count=465018 289983 175035 117362 209527 80456 100052 109103 82133 100424 56475 38671 64952 17310 57422 17804 76886 57673 25960 57145 42630 53049 41383 15504 9617 6886 51049 31462 23538 15616
cat_boundaries=0 4 9 14 18 23 27 31 35 39 43 47 51 56 60 65 69 73 77 79 83 87 92
cat_threshold=1207986624 71565312 1318190112 276830912 1208508672 71565360 1322379265 1082133200 1 1090568514 40894768 1213294657 2624208 1 278668805 222179328 272630786 36915328 1073791234 71565617 1221711936 1074334432 1 1078006088 545293363 70591428 4194315 151161088 541065223 2687486416 19439617 5243905 203471619 8388624 176849236 2165342211 1386217653 2153775116 1226343475 306579492 1073919495 537137442 2969600290 17180673 3255314880 2487235593 42019876 1077954656 1610844162 559034394 42221572 539236920 728258 822214786 2688581888 2 9977924 18911256 1430257664 1024 274008108 2291308034 268435728 604111108 2 3533705283 381176200 235929600 67244624 2223653122 299040788 2147762356 17898520 8912896 276824080 6422592 4195376 1146127433 3 339908872 67141781 2718042320 18970672 486573061 239611907 170655912 35654028 436210124 1411645462 2290112520 8422120 2
is_linear=0
shrinkage=0.1


Tree=7
num_leaves=31
num_cat=20
split_feature=0 0 0 9 3 4 9 9 8 9 9 0 8 9 9 0 9 9 0 8 9 8 8 8 8 8 8 1 4 8
split_gain=19983.5 2886.26 1406.26 1297.05 1236.08 657.583 643.719 615.415 536.43 526.965 366.505 358.44 344.417 307.037 284.96 281.532 251.9 245.725 262.036 235.002 224.483 220.014 212.53 198.189 191.069 188.118 185.555 181.38 177.584 174.268
threshold=105.00000000000001 45.000000000000007 345.00000000000006 0 4.5000000000000009 465.00000000000006 1 2 3 4 5 -14.999999999999998 6 7 8 -20.999999999999996 9 10 -20.999999999999996 11 12 13 14 15 16 17 18 -8.9999999999999982 1605.0000000000002 19
decision_type=2 2 2 9 2 2 9 9 9 9 9 2 9 9 9 2 9 9 2 9 9 9 9 9 9 9 9 8 2 9
left_child=1 4 3 12 6 20 25 -3 17 -6 29 -10 -2 -11 26 22 21 -8 -19 -12 23 -13 -15 -5 -17 -1 -7 -27 -4 -9
right_child=2 7 28 5 9 14 8 10 11 13 19 16 -14 15 -16 24 -18 18 -20 -21 -22 -23 -24 -25 -26 27 -28 -29 -30 -31
leaf_value=9.1165976999999998 4.9987434600000018 -8.7700632600000006 28.900578659999997 -0.82711254000000167 -9.4518425399999995 6.7103878800000007 -3.5656317000000004 -2.1093001799999995 -6.1172055000000007 1.5641064599999994 -0.39501858000000145 0.051195659999999782 -2.4479711399999999 -4.2724276799999998 6.2902898999999994 1.0201655399999996 -3.2106297000000006 -3.3689283000000003 0.034368299999999866 1.5304524600000009 5.4402390599999961 -1.9647543000000001 -2.8497556799999999 3.6350508599999958 -1.8211785599999999 -3.0104987400000005 1.3549368599999996 -0.087896955000000082 21.421578660000002 0.052299060000000001
leaf_weight=1171 4202 4835 39107 1367 13415 6307 10429 6562 34630 11258 9540 4679 11984 11253 31957 9760 23050 12265 8770 34003 34044 10327 26974 11774 36717 6054 16510 7657 5313 19104
leaf_count=1171 4202 4835 39107 1367 13415 6307 10429 6562 34630 11258 9540 4679 11984 11253 31957 9760 23050 12265 8770 34003 34044 10327 26974 11774 36717 6054 16510 7657 5313 19104
internal_value=0.00080384 -0.0143941 0.0290798 0.0233768 -0.0199561 0.02755 -0.0270079 0.00276322 -0.0297869 -0.0122818 0.00517416 -0.0345136 -0.00292665 -0.00968303 0.020099 -0.0117454 -0.0278195 -0.01886 -0.012623 0.0107605 0.0362054 -0.0176945 -0.0181037 0.0250285 -0.00651828 -0.00753425 0.0115455 -0.0108265 0.0442481 -0.00430363
internal_weight=465018 302453 162565 118145 228409 101959 119032 74044 104150 109377 69209 72686 16186 95962 54774 84704 38056 31464 21035 43543 47185 15006 38227 13141 46477 14882 22817 13711 44420 25666
internal_count=465018 302453 162565 118145 228409 101959 119032 74044 104150 109377 69209 72686 16186 95962 54774 84704 38056 31464 21035 43543 47185 15006 38227 13141 46477 14882 22817 13711 44420 25666
cat_boundaries=0 4 9 13 17 21 26 30 35 39 43 48 52 56 60 64 68 72 76 80 84
cat_threshold=1074817472 340000768 1251081248 276830912 7604284 1073912835 856425250 2684354818 2 1073758464 71565344 1208084480 8391360 3357720832 3267445364 2284224772 524818 1073791232 71565345 1221711872 1073744576 2284363840 302055808 114299081 1210164272 1 201877574 306905092 2720072481 16843915 606411320 17439810 822215042 2751480064 2 2299035659 1075839221 2216689668 1225819187 2499937281 2963284608 2155876504 1410793477 33024 12648816 1082261572 1377300 1 7104036 1227199560 356515852 42991652 2282225664 50397200 6422592 536904752 25165824 17170561 1644759168 67153952 285343745 470329800 2470449177 69400576 201326592 0 1090519040 65536 3330310222 8781974 540772480 83919425 1073741832 3 8321 1 2266269443 100663432 2183766656 566801 58990604 147018 1082159162 10553348
is_linear=0
shrinkage=0.1


Tree=8
num_leaves=31
num_cat=22
split_feature=0 0 0 9 3 9 0 4 8 9 8 8 9 9 9 0 9 8 8 9 8 11 9 9 8 8 11 8 4 11
split_gain=17965.7 2761.47 1314.67 1194.92 927.592 877.862 717.162 683.952 509.044 493.55 384.6 318.501 309.983 308.718 285.102 280.911 271.536 247.045 245.949 233.486 204.187 197.951 180.492 179.902 192.329 179.371 171.342 168.041 155.733 145.394
threshold=111.00000000000001 1.0000000180025095e-35 369.00000000000006 0 3.5000000000000004 1 51.000000000000007 435.00000000000006 2 3 4 5 6 7 8 -20.999999999999996 9 10 11 12 13 14 15 16 17 18 19 20 1605.0000000000002 21
decision_type=2 2 2 9 2 9 2 2 9 9 9 9 9 9 9 2 9 9 9 9 9 9 9 9 9 9 9 9 2 9
left_child=1 4 3 11 8 -3 10 23 22 -6 14 21 -9 25 -7 -10 -12 -15 -11 20 -17 -2 -1 24 -5 -8 -20 -14 -4 -18
right_child=2 5 28 7 9 6 13 12 15 18 16 -13 27 17 -16 19 29 -19 26 -21 -22 -23 -24 -25 -26 -27 -28 -29 -30 -31
leaf_value=-5.7611311500000006 1.4102365740000011 -9.0447909840000005 29.200232033999999 2.1052519739999953 -5.3819593919999997 -2.7768261299999999 -1.9550581620000003 7.9194066899999997 -5.0287388700000006 0.06370048799999993 -1.1914356840000011 2.2930891140000003 6.0975510899999996 2.766305813999999 -1.0081322820000005 0.74152157399999974 -0.81472017000000041 0.71575661400000001 0.43197448800000021 -2.6445687300000005 -1.9530337500000003 -5.6134636260000015 -0.89084805450000004 5.403557154000004 5.0935057739999969 0.27021278399999815 -3.0325307040000009 2.847531774000001 21.679420793999999 0.87215780399999909
leaf_weight=2922 2099 10013 35159 8045 20218 14629 7303 13800 40437 14742 19637 8453 9912 9331 16865 2795 7891 30205 5753 13629 3793 4814 8894 28718 6694 19535 41360 34170 4786 18416
leaf_count=2922 2099 10013 35159 8045 20218 14629 7303 13800 40437 14742 19637 8453 9912 9331 16865 2795 7891 30205 5753 13629 3793 4814 8894 28718 6694 19535 41360 34170 4786 18416
internal_value=0.000807926 -0.0132014 0.0283856 0.023026 -0.0226426 -0.00371624 -0.00172157 0.0269647 -0.0308873 -0.0153625 -0.00825951 -0.00296566 0.019849 0.00590593 -0.0167693 -0.0345856 -0.00242199 0.0115233 -0.010923 -0.0249666 -0.00945741 -0.0188719 -0.0118637 0.0364487 0.0273883 -0.00237262 -0.0144505 0.0157421 0.0440443 0.00421971
internal_weight=465018 308368 156650 116705 154543 153825 143812 101339 72470 82073 77438 15366 57882 66374 31494 60654 45944 39536 61855 20217 6588 6913 11816 43457 14739 26838 47113 44082 39945 26307
internal_count=465018 308368 156650 116705 154543 153825 143812 101339 72470 82073 77438 15366 57882 66374 31494 60654 45944 39536 61855 20217 6588 6913 11816 43457 14739 26838 47113 44082 39945 26307
cat_boundaries=0 4 8 12 17 21 25 29 34 38 43 47 51 55 59 61 65 69 73 77 79 83 85
cat_threshold=1074817472 71565312 1251081248 1350572736 1073758592 71565344 1275193345 8391360 1078005824 545311763 221127620 4718611 1074413824 71303473 1223809088 1076628160 1 270279172 1093548104 1413480458 34818180 6291488 740335891 159383552 177774932 371459636 538498570 805307264 2753691904 2282266688 302055824 47190088 1214362673 1 192939522 2449998108 38797408 425427000 2282266691 850461184 2161250316 1076372497 1 16941322 2688548999 2687052241 19439873 1544094028 1627390471 182640 5276171 374743076 2684527124 2419068960 285218059 134250752 131200 3759243265 16884544 2567250178 25 1073742080 272695312 1159733392 17409 2290614280 295763992 4325712 536904752 2325217286 24121352 1145044992 66816 38019084 16954442 3771215923 8456228 2420289813 13 2449508619 168297472 36571684 573121 2689411722 6
is_linear=0
shrinkage=0.1


Tree=9
num_leaves=31
num_cat=21
split_feature=0 0 0 9 3 9 4 8 8 8 9 8 0 0 8 9 9 8 0 9 9 8 9 3 9 8 8 11 8 8
split_gain=15959.9 2564.64 1246.69 1193.29 893.074 707.331 691.115 556.289 453.215 393.49 389.767 367.351 333.191 333.105 313.412 290.578 261.153 218.524 216.352 203.888 196.457 194.354 189.427 186.805 179.753 178.365 177.536 160.506 156.439 155.362
threshold=117.00000000000001 15.000000000000002 393.00000000000006 0 4.5000000000000009 1 465.00000000000006 2 3 4 5 6 -20.999999999999996 51.000000000000007 7 8 9 10 177.00000000000003 11 12 13 14 4.5000000000000009 15 16 17 18 19 20
decision_type=2 2 2 9 2 9 2 9 9 9 9 9 2 2 9 9 9 9 2 9 9 9 9 2 9 9 9 9 9 9
left_child=1 4 3 9 7 11 18 15 -7 -2 -6 -3 22 23 -8 -1 17 -14 28 -12 -15 -11 -9 -10 -16 -21 -22 -13 -5 -18
right_child=2 5 -4 6 10 8 14 12 13 21 19 27 16 20 24 -17 29 -19 -20 25 26 -23 -24 -25 -26 -27 -28 -29 -30 -31
leaf_value=-7.0035600149999997 -3.5221172634000002 -6.0284180910000007 28.680208830599998 1.7669194386000016 -5.2034052156000001 1.6893774869999998 0.50258222100000294 -3.8172851988000001 -1.0378441169999995 4.6515116195999999 -2.5206790415999998 -2.7112516643999998 -2.6008391550000001 2.2194929525999996 8.036766021 -0.58761558299999916 -1.4300225129999999 0.18388323809999996 6.4273751765999982 1.8041170392000003 0.81248515260000009 0.39574311659999922 -5.0026110629999998 -0.1026599778000005 4.4923737125999992 -1.6621021608 -0.45724996739999996 -0.095448494400000083 3.4370794386000014 -3.2837395169999994
leaf_weight=2989 5801 9070 35805 8413 17769 17492 8555 10356 20438 4888 28951 8087 2469 7305 11302 14489 9976 6003 26328 9904 21643 11337 32917 18277 30261 28466 21655 11939 8594 13539
leaf_count=2989 5801 9070 35805 8413 17769 17492 8555 10356 20438 4888 28951 8087 2469 7305 11302 14489 9976 6003 26328 9904 21643 11337 32917 18277 30261 28466 21655 11939 8594 13539
internal_value=0.00087416 -0.0119904 0.0275528 0.022498 -0.0198945 -0.0016482 0.0274317 -0.0266827 0.00211758 0.00155201 -0.0124962 -0.0154676 -0.0304145 -0.000765717 0.0194381 -0.0105901 -0.0226795 -0.00759255 0.0366828 -0.00901442 0.00457582 0.00954419 -0.0361392 -0.00774764 0.0230234 -0.00423137 0.00201348 -0.00789579 0.0278915 -0.0280999
internal_weight=465018 313734 151284 115479 177828 135906 93453 92738 106810 22026 85090 29096 75260 89318 50118 17478 31987 8472 43335 67321 50603 16225 43273 38715 41563 38370 43298 20026 17007 23515
internal_count=465018 313734 151284 115479 177828 135906 93453 92738 106810 22026 85090 29096 75260 89318 50118 17478 31987 8472 43335 67321 50603 16225 43273 38715 41563 38370 43298 20026 17007 23515
cat_boundaries=0 4 9 13 17 21 26 30 34 39 43 47 51 56 60 64 68 72 76 78 82 86
cat_threshold=1207986624 71565312 1251077152 1350572752 1208508864 71565360 1213327361 142609136 1 1212223816 545360419 203826052 4751363 1090685192 536870951 2720468928 17342475 4456449 2350956803 1166016512 176718148 1074315520 1145372961 3369196032 1074268864 1 1051725 236987651 1108346954 111296612 1073833504 1629718592 357584904 42205188 1207959872 4194352 1140928640 1073742864 1 374744068 2147650053 2501906722 17830147 335544832 1142951952 16777218 147488 159523842 2987425812 35651672 287777837 302317612 2282784266 335544336 2751463684 2 2215127040 5439492 2687500960 17892363 475275332 145413 92276138 1149273347 304350212 2819675658 805437952 2757886248 503906574 293634065 2214709616 2130506 2592084999 374882432 1275625473 69359120 1020789824 3 311968260 2301907224 1430786050 1084672 2535639040 2354593860 33636416 25322264
is_linear=0
shrinkage=0.1


Tree=10
num_leaves=31
num_cat=21
split_feature=0 0 0 9 9 3 4 0 8 9 8 8 9 3 8 9 9 8 0 8 9 8 9 8 9 9 9 0 9 8
split_gain=14146.4 2288.47 1240.99 1085.59 804.038 731.429 687.092 615.975 462.569 401.798 392.301 304.111 300.714 284.126 276.983 258.574 246.184 229.603 227.775 218.579 209.494 203.285 198.361 197.344 177.698 176.361 174.168 170.585 155.429 150.195
threshold=117.00000000000001 -1.0000000180025095e-35 417.00000000000006 0 1 3.5000000000000004 435.00000000000006 51.000000000000007 2 3 4 5 6 4.5000000000000009 7 8 9 10 177.00000000000003 11 12 13 14 15 16 17 18 -38.999999999999993 19 20
decision_type=2 2 2 9 9 2 2 2 9 9 9 9 9 2 9 9 9 9 2 9 9 9 9 9 9 9 9 2 9 9
left_child=1 5 3 14 -3 8 18 10 26 -7 28 -8 21 19 -2 -9 -13 -17 29 22 -21 -10 -12 -11 -15 -25 -1 -23 -6 -5
right_child=2 4 -4 6 7 9 11 15 12 23 13 16 -14 24 -16 17 -18 -19 -20 20 -22 27 -24 25 -26 -27 -28 -29 -30 -31
leaf_value=0.9077241226949998 -4.5594671700600031 -8.0308084653300007 28.927382307539997 0.93050949474000222 -0.89674938990000053 -5.5068289265700008 0.98093063250000023 3.061706823900002 -2.9407552395000001 -3.5335761055199999 -0.71681557570500054 7.938405618900001 -4.3507761567000003 -1.9999227981600001 1.0765298909400003 1.789815686099999 4.1768886497400022 0.078749463300000155 5.8839223589399969 -1.4741579499000013 0.051582501299999708 -2.2636603046999997 -2.3398589301000001 6.5118978412799997 0.56702442986999968 -1.6772433055199987 -3.1301158351199998 0.25010124330000005 1.9247456811000003 2.7305094947400024
leaf_weight=3828 4204 11136 32032 4905 2660 16268 12318 6257 8940 10478 6628 10084 36142 17173 13769 11112 35603 54018 26872 10145 11261 4464 12082 2453 20146 46624 9371 3942 8606 11497
leaf_count=3828 4204 11136 32032 4905 2660 16268 12318 6257 8940 10478 6628 10084 36142 17173 13769 11112 35603 54018 26872 10145 11261 4464 12082 2453 20146 46624 9371 3942 8606 11497
internal_value=0.000888783 -0.0112229 0.0260061 0.021312 -0.00343118 -0.0205845 0.02533 -0.00162276 -0.0282236 -0.0138658 -0.00718763 0.0182183 -0.0323601 -0.00972367 -0.00134293 0.00529158 0.0219763 0.0034234 0.0348685 -0.0155674 -0.00865241 -0.0214969 -0.0234615 -0.0100554 -0.00344463 -0.00739198 -0.0114278 -0.0103018 0.010243 0.0255822
internal_weight=465018 313734 151284 119252 171224 142510 101279 160088 66687 75823 88701 58005 53488 77435 17973 71387 45687 65130 43274 40116 21406 17346 18710 59555 37319 49077 13199 8406 11266 16402
internal_count=465018 313734 151284 119252 171224 142510 101279 160088 66687 75823 88701 58005 53488 77435 17973 71387 45687 65130 43274 40116 21406 17346 18710 59555 37319 49077 13199 8406 11266 16402
cat_boundaries=0 4 8 12 17 21 25 29 33 38 42 46 50 55 59 63 67 71 76 81 86 90
cat_threshold=1207986624 71565312 1318190112 276830912 1073758592 71565344 1212278785 2752 1212223552 545311767 203826116 4718611 1074282752 608174385 1223809088 1076366016 1 1073778944 545260035 2705050320 88637507 1075929632 1629739072 357593096 42205220 274083844 537045505 2508193954 26215691 4194305 136352003 25165824 176816196 306446380 1074828298 805307136 2214592772 2 302257152 2685453834 2952790016 2216821032 553817344 851443844 36671360 17310209 43786756 1160132616 1413480450 35867776 2585297986 2684428672 78643268 12792880 1 335677444 119550208 2415923202 109267968 369395233 2726340736 2424307844 67502086 16916481 403218888 2453935113 42100900 2282398755 1344339989 2192572416 403809336 2164752 138306 536870914 2688581888 2 3148328 136196 537133312 2818613504 2 136323136 411042320 67113484 1344537601 1 9977860 153358616 1414004738 35840
is_linear=0
shrinkage=0.1


Tree=11
num_leaves=31
num_cat=20
split_feature=0 0 0 4 9 9 0 9 9 8 3 8 8 3 11 9 9 4 8 8 8 9 9 0 8 8 8 9 9 1
split_gain=12388.8 2047.77 1171.69 796.711 783.456 637.197 616.092 540.717 457.005 439.883 480.831 389.745 331.389 292.555 280.119 251.706 242.016 238.72 231.183 230.869 225.801 208.657 194.15 186.212 184.417 179.454 177.74 172.358 170.271 153.568
threshold=123.00000000000001 -8.9999999999999982 321.00000000000006 195.00000000000003 0 1 51.000000000000007 2 3 4 2.5000000000000004 5 6 4.5000000000000009 7 8 9 975.00000000000011 10 11 12 13 14 513.00000000000011 15 16 17 18 19 33.000000000000007
decision_type=2 2 2 2 9 9 2 9 9 9 2 9 9 2 9 9 9 2 9 9 9 9 9 2 9 9 9 9 9 10
left_child=1 5 3 24 -3 19 11 18 23 15 25 -6 -9 21 -14 -7 -8 -10 -5 -1 -18 -13 -16 -4 -2 -11 -23 -15 -12 -17
right_child=2 4 8 7 6 9 16 12 17 10 28 13 14 27 22 29 20 -19 -20 -21 -22 26 -24 -25 -26 -27 -28 -29 -30 -31
leaf_value=-2.3905262610300002 1.6547253256559999 -7.4357185835669997 -0.41362147385400622 -3.7954523769540032 0.82341099069000023 3.1580390518320005 -0.21341345127000155 5.7747805250459976 16.618347385649997 -1.8558232327500002 -3.0082744327499999 -1.9732738122899995 4.9312876850459935 1.8072083883929992 0.15699620304599762 -3.2138982061680004 2.7967039152900002 16.729738476785997 1.0552103618460007 -6.1989372130064995 0.60112969101000013 -1.1870674877294995 3.0198014763660015 26.066749716785996 3.8371765452660016 -4.0672723410300007 -0.15635223240974983 -1.1908891982040011 -1.7218531050300001 2.6343728081160003
leaf_weight=7711 5156 12187 3912 4565 13695 7070 31379 14905 33145 10843 21994 15174 9967 8224 14566 11997 10046 10396 13458 18590 34813 15206 17652 2453 15934 12331 14138 33350 37919 2242
leaf_count=7711 5156 12187 3912 4565 13695 7070 31379 14905 33145 10843 21994 15174 9967 8224 14566 11997 10046 10396 13458 18590 34813 15206 17652 2453 15934 12331 14138 33350 37919 2242
internal_value=0.000950931 -0.0100971 0.0250652 0.0186153 -0.00341955 -0.0197132 -0.00172096 0.0137932 0.0374985 -0.0162031 -0.0194911 -0.00689218 0.0185587 -0.00938422 0.0140218 -0.00337961 0.00504735 0.0411552 -0.00131148 -0.0336266 0.00975841 -0.0150186 0.00948244 0.0124 0.0357895 -0.0317252 -0.0100838 -0.00335306 -0.0147622 -0.0110359
internal_weight=465018 318909 146109 96203 188212 130697 176025 75113 49906 104396 83087 99787 57090 86092 42185 21309 76238 43541 18023 26301 44859 44518 32218 6365 21090 23174 29344 41574 59913 14239
internal_count=465018 318909 146109 96203 188212 130697 176025 75113 49906 104396 83087 99787 57090 86092 42185 21309 76238 43541 18023 26301 44859 44518 32218 6365 21090 23174 29344 41574 59913 14239
cat_boundaries=0 4 9 13 17 21 25 29 31 35 40 44 48 52 57 61 65 69 73 78 82
cat_threshold=1073758592 71565344 1208084481 8391360 1090568450 72417592 1215424513 1076363968 1 1209035200 340000768 1318189056 411042512 92376 71567458 1272997888 276830912 1073811784 545326135 86272464 4718619 1090552128 8389123 2688273360 88637507 67278146 8650885 2183793089 17461769 118587537 4 134350881 1075984448 536871296 2836504848 2349375552 302055680 47190088 1479128113 1 1075053608 538988547 161613842 42483716 2148155456 8952900 1108377856 4408328 151027976 2160590983 2687183313 19439617 168296514 1342767384 74580064 1499563060 1 2156429321 161546513 2149580896 1094253572 8912908 16781312 1749024768 4100 207798274 1107872576 3926524420 25207812 34341382 1160952088 369102882 1070224 275057164 688393730 285344130 73548033 1 656417 1914830913 2189431624 277293084
is_linear=0
shrinkage=0.1


Tree=12
num_leaves=31
num_cat=22
split_feature=0 0 0 9 9 4 3 0 8 10 8 9 8 0 9 8 9 9 8 9 11 8 8 9 8 8 0 9 8 9
split_gain=10855.7 1731.1 1334.98 1009.59 723.593 669.632 570.144 551.347 427.906 388.55 347.666 350.894 343.827 343.508 307.064 296.296 246.974 234.097 218.31 217.447 205.365 200.783 186.81 180.223 176.763 172.649 166.573 162.794 154.818 154.434
threshold=117.00000000000001 -14.999999999999998 459.00000000000006 0 1 195.00000000000003 3.5000000000000004 45.000000000000007 2 3 4 5 6 189.00000000000003 7 8 9 10 11 12 13 14 15 16 17 18 183.00000000000003 19 20 21
decision_type=2 2 2 9 9 2 2 2 9 9 9 9 9 2 9 9 9 9 9 9 9 9 9 9 9 9 2 9 9 9
left_child=1 6 3 12 -3 26 8 10 19 13 23 18 -2 -7 -8 -11 -10 24 -12 -1 -13 29 -14 -6 -9 -16 -5 -15 -22 -19
right_child=2 4 -4 5 7 9 14 17 16 15 11 20 22 27 25 -17 -18 21 -20 -21 28 -23 -24 -25 -26 -27 -28 -29 -30 -31
leaf_value=-4.1517567286873511 3.3519093147929997 -9.9276467576103009 29.657614978221002 1.9067248907394003 -0.56063976549510031 2.130091537409402 -5.0775452112823505 0.24290598572970057 -2.1074469894750001 -3.4583357894075997 -2.4864975109923 -0.70408107806902365 -4.6511221107291005 7.7032308736254009 -3.3371965716929988 3.0691726062893991 -3.8958048197293502 2.7365909461890001 -0.29444153408099932 -0.49905828240270012 -0.13990490997899982 -0.099070308518999187 -0.56349181817880012 -2.204408895286313 3.2769822279090008 -1.1559823036650005 5.0793591685194031 4.6577007188874004 1.1243127923773499 0.52272927249300094
leaf_weight=2963 6457 9396 26703 9698 10760 24296 14125 3761 14518 5850 15012 17261 2782 12480 9887 12923 28102 5082 10943 9777 13558 56300 14136 19318 5432 39857 15065 20894 17206 10476
leaf_count=2963 6457 9396 26703 9698 10760 24296 14125 3761 14518 5850 15012 17261 2782 12480 9887 12923 28102 5082 10943 9777 13558 56300 14136 19318 5432 39857 15065 20894 17206 10476
internal_value=0.000913728 -0.00969611 0.0229165 0.0185674 -0.00388036 0.0228926 -0.0191837 -0.00250515 -0.0266113 0.0182652 -0.00732188 -0.00363427 -0.000168912 0.0223318 -0.0127456 0.00575787 -0.0314168 0.00367855 -0.0130002 -0.010502 0.00142917 0.00175461 -0.00766186 -0.0163853 0.018695 -0.0090445 0.0371865 0.0289207 0.00632677 0.0118063
internal_weight=465018 313734 151284 124581 194505 101206 119229 185109 55360 76443 104058 73980 23375 57670 63869 18773 42620 81051 25955 12740 48025 71858 16918 30078 9193 49744 24763 33374 30764 15558
internal_count=465018 313734 151284 124581 194505 101206 119229 185109 55360 76443 104058 73980 23375 57670 63869 18773 42620 81051 25955 12740 48025 71858 16918 30078 9193 49744 24763 33374 30764 15558
cat_boundaries=0 4 8 12 13 17 22 26 31 35 39 44 48 53 55 59 63 68 72 76 80 84 88
cat_threshold=1207986624 71565312 1251339296 276830928 1073758336 71565312 134342656 2752 1214369856 545311763 69600196 4718611 784076489 270346756 1159937032 339742762 33622148 2282267970 1109458984 1154486345 1208034324 1 2215307336 5439492 2687566496 17892491 1074414848 71369009 1223809024 1074006724 1 91168 1698030976 222298112 100968740 2429943812 240129 2508193954 75760939 843317548 2148572682 872415490 2751463684 2 176160779 2416722066 1745182721 2290944 1074012416 4260112 8336 263185 1 2689411768 22 671257856 650133510 36360064 17310225 6291457 134250499 1082130432 176685060 70516769 688045120 287441286 16977927 1 83159042 1141118488 253792260 75506752 26353665 507551944 2186023945 18884772 369361932 2861613578 2952790036 2217099560 2246198337 2987426320 34078720 75649888 76711426 318898309 18874400 1225818154
is_linear=0
shrinkage=0.1


Tree=13
num_leaves=31
num_cat=21
split_feature=0 0 0 4 9 1 9 8 3 9 9 3 9 9 8 8 8 9 8 11 9 8 0 9 0 8 8 8 9 8
split_gain=9461.62 1870.59 1107.75 925.885 824.224 654.448 563.133 471.743 439.346 420.113 413.9 316.694 317.652 301.841 283.125 282.854 257.296 225.683 214.837 208.974 212.993 195.726 181.763 169.567 161.676 158.225 154.276 153.991 149.107 177.852
threshold=141.00000000000003 39.000000000000007 489.00000000000006 465.00000000000006 0 -20.999999999999996 1 2 1.5000000000000002 3 4 4.5000000000000009 5 6 7 8 9 10 11 12 13 14 273.00000000000006 15 -38.999999999999993 16 17 18 19 20
decision_type=2 2 2 2 9 8 9 9 2 9 9 2 9 9 9 9 9 9 9 9 9 9 2 9 2 9 9 9 9 9
left_child=1 4 3 10 26 8 21 -7 18 -3 16 12 -9 -11 -10 23 -2 -16 -6 27 -21 -5 25 -15 -19 -12 -1 -8 -17 -30
right_child=2 9 -4 6 5 7 19 11 14 13 22 -13 -14 15 17 28 -18 24 -20 20 -22 -23 -24 -25 -26 -27 -28 -29 29 -31
leaf_value=-4.3139110239110705 -0.99603098868661455 -11.527164645849272 30.891853480398904 -4.0060458407556894 -1.5215102854542302 0.80139830281530067 -3.7282436143742474 -1.8835388403617692 -4.0215763311348827 2.0420117556324557 1.8576815414454615 -0.63864508394483299 -0.65242413273901567 2.8127744291420997 0.90723065184089902 0.38278640166546157 2.660039145098283 -3.2675733932985005 -3.2709646249540647 7.8479375273844596 3.3961558863726595 0.94926247788209828 6.854025056229057 0.63561590688450031 -0.82017071975371858 3.5160524016654593 -12.369790690154117 3.2643481909935561 -1.5449629380110999 -0.10666039039229958
leaf_weight=8387 3194 3036 23370 6045 7347 19163 3673 19617 12228 13622 10501 48384 30627 6369 7875 31895 6237 19968 14045 10181 24901 9033 13601 14415 19174 13298 12539 7200 13848 31245
leaf_count=8387 3194 3036 23370 6045 7347 19163 3673 19617 12228 13622 10501 48384 30627 6369 7875 31895 6237 19968 14045 10181 24901 9033 13601 14415 19174 13298 12539 7200 13848 31245
internal_value=0.000979102 -0.00796503 0.0237278 0.0194513 -0.013372 -0.0113794 0.0113357 -0.00662827 -0.018321 0.00239972 0.0300282 -0.00941726 -0.0149789 0.00340113 -0.0138856 0.00145732 0.0112647 -0.0103526 -0.0306049 0.0168356 0.0205916 -0.00543478 0.0347474 0.0118063 -0.0134604 0.0294865 -0.0322459 0.00470918 -0.0013377 -0.00503847
internal_weight=465018 333784 131234 107864 219354 198428 61033 117791 80637 114430 46831 98628 50244 111394 59245 97772 9431 47017 21392 45955 35082 15078 37400 20784 39142 23799 20926 10873 76988 45093
internal_count=465018 333784 131234 107864 219354 198428 61033 117791 80637 114430 46831 98628 50244 111394 59245 97772 9431 47017 21392 45955 35082 15078 37400 20784 39142 23799 20926 10873 76988 45093
cat_boundaries=0 5 9 13 17 21 25 30 34 38 42 47 51 53 57 61 65 69 73 77 81 85
cat_threshold=1073758528 72613928 1213331457 2752 1 135293384 1413742592 3432114176 142639808 1107988744 671154694 136760256 21004811 128 71303168 134277120 704 2282242496 4456448 175312896 268439152 2281710112 34144528 69337176 1240060984 843382828 3356529706 805307138 2751463684 2 27787777 181281216 274731530 35720229 2684523777 46137508 2183827328 17309721 234882052 17825800 1098907672 235536420 7473722 134356166 822214786 2818605314 2 3393323330 2688599639 604372996 9470019 2689219078 26 377751076 2837108232 807403792 2483159296 1076970528 2134291 219289602 109756436 75630338 302514693 52494368 1096058922 270025216 154456344 1414041602 1088528 92454980 549978128 2282553616 20982784 2165334016 1161520528 260046848 67422544 19009297 562703060 2147876996 409611 108789804 1073919041 1354772490 46204932
is_linear=0
shrinkage=0.1


Tree=14
num_leaves=31
num_cat=23
split_feature=0 0 0 4 9 9 9 3 8 9 9 0 8 8 8 10 8 8 9 9 8 8 8 9 8 0 9 8 9 9
split_gain=8363.91 1742.21 1006.69 891.714 667.917 513.925 502.88 443.008 438.032 374.351 345.359 321.599 324.282 299.6 258.751 242.497 242.251 229.936 294.369 247.665 216.342 191.367 190.842 185.708 179.326 171.796 170.733 161.566 160.928 154.122
threshold=153.00000000000003 21.000000000000004 549.00000000000011 465.00000000000006 0 1 2 6.5000000000000009 3 4 5 -32.999999999999993 6 7 8 9 10 11 12 13 14 15 16 17 18 273.00000000000006 19 20 21 22
decision_type=2 2 2 2 9 9 9 2 9 9 9 2 9 9 9 9 9 9 9 9 9 9 9 9 9 2 9 9 9 9
left_child=1 4 3 9 14 22 -3 8 23 20 27 13 28 -10 -1 -7 26 18 -18 -19 -2 -9 -5 -6 -17 -11 -12 -8 -13 -15
right_child=2 6 -4 5 7 15 10 21 11 25 16 12 -14 29 -16 24 17 19 -20 -21 -22 -23 -24 -25 -26 -27 -28 -29 -30 -31
leaf_value=-1.3967343857588805 -2.4906463197720585 -9.3663994816912517 35.401817783245413 -4.3362960895751312 -1.0836918904316679 -2.2918494356100538 3.4917017368115655 2.1827065029273833 -0.85329146816864965 2.7324107568559128 2.6709429862278911 -0.0015020306813372743 0.51276889298237427 -3.4958997292242149 -4.7528457956724086 7.2212634206807031 -0.53948868143799023 -1.5192939284954718 0.85839208247925147 -0.082086207357433244 1.9905906729912717 -1.2071235162426071 0.73458047989106989 -2.9248307587961921 3.7157606527295943 6.5939059160061566 0.24474685369124957 0.70278346266636194 -1.485752917006717 -2.1205618732866585
leaf_weight=8537 973 4896 18605 4843 9154 3598 6696 10768 12977 20594 8736 9038 16014 10773 23888 9150 25894 21005 34227 35350 8111 33021 9644 17618 31481 15272 10937 6199 19258 17761
leaf_count=8537 973 4896 18605 4843 9154 3598 6696 10768 12977 20594 8736 9038 16014 10773 23888 9150 25894 21005 34227 35350 8111 33021 9644 17618 31481 15272 10937 6199 19258 17761
internal_value=0.00102125 -0.00698897 0.0234753 0.0196313 -0.0134267 0.0115165 0.000906847 -0.010716 -0.014036 0.0302314 0.00194359 -0.0105481 -0.00462424 -0.0168738 -0.0264884 0.0168686 0.000461593 -0.00127226 0.00302922 -0.00586091 0.0120519 -0.00218205 -0.00483203 -0.0252035 0.0190731 0.0348227 0.0107225 0.0175785 -0.0110577 -0.0226002
internal_weight=465018 342747 122271 103666 188807 58716 153940 156382 112593 44950 149044 85821 44310 41511 32425 44229 136149 116476 60121 56355 9084 43789 14487 26772 40631 35866 19673 12895 28296 28534
internal_count=465018 342747 122271 103666 188807 58716 153940 156382 112593 44950 149044 85821 44310 41511 32425 44229 136149 116476 60121 56355 9084 43789 14487 26772 40631 35866 19673 12895 28296 28534
cat_boundaries=0 5 9 13 17 21 26 30 34 38 40 44 48 53 57 61 65 69 73 77 81 85 89 93
cat_threshold=1073758530 71565624 1213331465 1076366016 1 1209035200 1413742596 1284569120 142611136 128 71565312 134342656 704 295447045 353251400 272633866 33767584 2282242496 4456576 173215744 268439152 306513980 1233930 805569314 2751463684 2 2351042562 3262139152 1275076612 9444688 1078022472 545293363 70601204 4194307 227164224 12648448 1091043584 5424128 1359032596 4 1610650944 314572964 2183827344 17310217 2365720579 2685943808 219480068 70440240 3364545856 2181111825 1084227584 1098984504 1 26759232 807403781 3257925696 1484299281 67109888 0 1082130456 168296480 3590553934 270794757 2684518722 71844376 1076905000 2130455 86114306 109756436 340820997 36896768 2424307716 67503106 35074 12583044 2150501344 92993546 77203200 2466259461 2183135236 17873978 1073741832 2167570711 3758123473 19990785 14027300 2164433412 2147483648 542150663 252478465 1923186688 2228560 336003120
is_linear=0
shrinkage=0.1


Tree=15
num_leaves=31
num_cat=23
split_feature=0 0 0 9 4 4 3 8 0 8 9 8 8 8 9 9 11 9 8 9 9 9 9 8 9 8 9 9 11 9
split_gain=7374.93 1521.65 1122.61 602.445 586.892 548.306 441.767 412.875 398.008 380.822 368.867 356.745 329.522 310.034 247.367 247.268 227.539 226.91 272.117 226.207 223.609 221.099 204.013 191.811 190.156 183.744 163.298 159.359 146.543 137.902
threshold=99.000000000000014 303.00000000000006 -26.999999999999996 0 735.00000000000011 195.00000000000003 3.5000000000000004 1 615.00000000000011 2 3 4 5 6 7 8 9 10 11 12 13 14 15 16 17 18 19 20 21 22
decision_type=2 2 2 9 2 2 2 9 2 9 9 9 9 9 9 9 9 9 9 9 9 9 9 9 9 9 9 9 9 9
left_child=2 5 6 11 15 12 9 14 20 27 -7 16 22 26 -5 -3 -4 18 -9 -8 -6 -15 -2 -19 -11 -23 -12 -1 -21 -30
right_child=1 4 3 7 8 10 19 17 -10 24 13 -13 -14 21 -16 -17 -18 23 -20 28 -22 25 -24 -25 -26 -27 -28 -29 29 -31
leaf_value=-4.232105373860267 0.10989619944043626 2.5978675737509409 -3.7905335263820521 -1.5079856870215238 9.9595214469383393 -5.758158676298037 -4.8819264779616169 -0.8973356747041713 39.661636004920872 -1.8906274618629242 1.3223591689034579 -4.6530051116882083 2.7529369358153191 2.8568164863612537 -0.31187067806660312 9.8470518091087413 0.80127385081287983 2.0793883113489287 0.38304455923507846 1.4030617208260665 0.97737168378242822 2.3616161203302313 1.6912060858133202 0.24534001294626651 -3.8469533544154668 0.027097591213605911 5.2288995648604049 -0.34446666635015932 7.7515086668584692 -1.9913726351431285
leaf_weight=2637 7058 2818 4335 18504 3711 3705 10654 27438 5465 11600 3995 23018 11834 17267 28386 31002 9973 13227 30231 5725 11446 11964 6133 44627 21547 43556 8879 8499 1149 34635
leaf_count=2637 7058 2818 4335 18504 3711 3705 10654 27438 5465 11600 3995 23018 11834 17267 28386 31002 9973 13227 30231 5725 11446 11964 6133 44627 21547 43556 8879 8499 1149 34635
internal_value=0.00106383 0.0177439 -0.00844422 -0.00416619 0.0315051 0.0111945 -0.017304 -0.00153273 0.0182087 -0.0246494 0.00753083 -0.0156203 0.0242777 0.00886706 -0.00944563 0.0396127 -0.00321274 0.00167961 -0.00275924 -0.0110682 0.00986673 0.00633474 0.013374 0.00610397 -0.0300223 0.0032595 0.0231683 -0.00862193 -0.00772538 -0.0101023
internal_weight=465018 168833 296185 199739 54442 114391 96446 162413 20622 44283 89366 37326 25025 85661 46890 33820 14308 115523 57669 52163 15157 72787 13191 57854 33147 55520 12874 11136 41509 35784
internal_count=465018 168833 296185 199739 54442 114391 96446 162413 20622 44283 89366 37326 25025 85661 46890 33820 14308 115523 57669 52163 15157 72787 13191 57854 33147 55520 12874 11136 41509 35784
cat_boundaries=0 4 8 12 16 20 24 28 32 36 37 42 46 51 56 60 65 69 73 77 81 86 88 92
cat_threshold=1208508864 71565344 1255270408 1073785552 275523076 1160099904 339738634 41946276 1214369856 545311763 70124484 4194323 128 71565312 167831552 704 3288363780 569966612 2684682916 1573912 293863948 154144768 1816133634 67293316 83922248 12583077 2150240193 17375243 58724354 3525379357 96 486360096 134234304 4194304 1249996800 268442176 2086143104 2147517443 1913725312 2214728772 428033029 1 1116161 2555920793 2684366853 1134864 1107969280 71401777 1223809536 2752 1 2360832 2744686088 838860956 2485264640 3 811861044 2299583490 285343750 2751938816 151552321 159449104 131136 155189296 1 1073742088 281542823 2686577616 18972745 2462187524 240128 2222981290 75760939 2147615235 168312832 570458112 136704 2281750561 2969569456 2167836 143376385 1077944576 134283536 16785554 263185 1 2168690965 29 32 1179648 536870912 2684354816
is_linear=0
shrinkage=0.1


Tree=16
num_leaves=31
num_cat=22
split_feature=0 0 0 9 4 1 9 9 8 0 8 9 3 9 8 4 8 8 8 9 9 8 9 8 9 9 8 8 9 9
split_gain=6544.38 1615.39 860.16 797.679 718.134 520.869 438.206 379.33 326.639 320.666 306.525 273.549 259.848 262.206 255.065 252.446 210.514 210.418 185.304 181.244 179.155 176.17 168.777 165.65 180.864 154.362 151.268 146.592 142.527 140.847
threshold=183.00000000000003 51.000000000000007 567.00000000000011 0 195.00000000000003 -26.999999999999996 1 2 3 -44.999999999999993 4 5 4.5000000000000009 6 7 345.00000000000006 8 9 10 11 12 13 14 15 16 17 18 19 20 21
decision_type=2 2 2 9 2 8 9 9 9 2 9 9 2 9 9 2 9 9 9 9 9 9 9 9 9 9 9 9 9 9
left_child=1 3 4 -1 28 9 21 -3 -8 15 19 16 13 -12 22 -5 -9 -11 -17 -7 -10 -6 -13 29 -25 26 -14 -15 -2 -16
right_child=2 7 -4 5 6 10 8 11 20 17 12 14 25 27 23 18 -18 -19 -20 -21 -22 -23 -24 24 -26 -27 -28 -29 -30 -31
leaf_value=-9.5740056409298671 1.2420853176790729 -10.694950517595565 32.2777811731236 -4.6666897511374925 2.7082599005489616 2.4962168858068026 0.97275680526103947 -0.15119876372830562 2.9674055360704785 -1.8791867746122071 -1.5546541736486095 2.7501322316815946 -2.7842284075168049 0.048469311773087935 0.96917397151918017 -0.75506694558613108 2.2848257994719035 -0.30123517228756946 -3.4772660922059675 -0.060254843685340113 5.5585167726340927 -1.835757641167806 0.83191862405497263 -1.4674529935070355 0.015014478690299883 0.28768564623631793 -0.24483709269520873 -0.76929526900972434 3.9245267780946622 -0.17404531405158041
leaf_weight=15646 2963 2273 17405 11341 5075 7881 12834 5723 16329 12335 21624 7301 11301 16150 21715 7720 15527 24834 19145 16216 23443 9204 13289 12541 25453 34565 13528 24956 15772 20929
leaf_count=15646 2963 2273 17405 11341 5075 7881 12834 5723 16329 12335 21624 7301 11301 16150 21715 7720 15527 24834 19145 16216 23443 9204 13289 12541 25453 34565 13528 24956 15772 20929
internal_value=0.0010849 -0.00524389 0.023322 -0.010088 0.0192023 -0.0085458 0.0143552 0.0039683 0.0185704 -0.0152988 -0.00506528 0.00472046 -0.00709876 -0.0115878 0.00255438 -0.0217322 0.0150329 -0.008686 -0.0164508 0.00524122 0.0230481 -0.00118623 0.0124854 1.73594e-05 -0.00478371 -0.00235882 -0.00837192 -0.00689269 0.0365065 0.00429503
internal_weight=465018 361993 103025 237242 85620 221596 66885 124751 52606 75375 146221 122478 122124 62730 101228 38206 21250 37169 26865 24097 39772 14279 20590 80638 37994 59394 24829 41106 18735 42644
internal_count=465018 361993 103025 237242 85620 221596 66885 124751 52606 75375 146221 122478 122124 62730 101228 38206 21250 37169 26865 24097 39772 14279 20590 80638 37994 59394 24829 41106 18735 42644
cat_boundaries=0 4 8 12 16 20 25 30 34 38 42 46 50 55 59 63 67 72 76 80 84 88 92
cat_threshold=1073758528 71565344 1212278784 704 1744857536 340000800 1255274496 8391376 0 71303168 59392 704 7954464 1092876872 89141260 100663300 1078695176 541131270 136481728 21004811 1380386860 2282919434 805307138 2214854916 2 2282795520 65800 20058184 1304992817 1 688031040 281559076 2183827360 17302033 154497024 1143216648 390627332 67111952 72876549 1281506112 3494121482 34668612 3225419848 555795479 1292058832 1049118 72390691 18876419 3003121952 3909626115 2155937840 1082223057 16777410 1225831427 3 2483218692 408616980 2181038792 19992648 76579585 1392509061 2149646368 2031128618 2483099651 2788163712 202702852 3388832 9966272 539230209 3391160352 1482202161 1 2290754563 1376911380 2156925472 1476406323 402915328 2158018961 3578012706 10648608 522209344 1484972192 3255050240 536832 134218560 16 196672 2096 3151361 1636302852 21168324 408604691
is_linear=0
shrinkage=0.1


Tree=17
num_leaves=31
num_cat=24
split_feature=0 0 0 4 9 0 9 9 3 10 8 8 9 9 9 8 8 8 8 8 9 8 8 11 8 9 8 8 8 9
split_gain=5691.26 1143.46 1049.75 715.321 606.939 418.121 386.034 367.239 371.277 312.619 286.909 281.931 332.208 287.391 241.036 230.575 221.585 214.583 204.525 191.325 183.369 182.114 170.162 169.003 185.356 164.176 160.319 146.372 144.673 138.927
threshold=153.00000000000003 -26.999999999999996 513.00000000000011 195.00000000000003 0 57.000000000000007 1 2 1.5000000000000002 3 4 5 6 7 8 9 10 11 12 13 14 15 16 17 18 19 20 21 22 23
decision_type=2 2 2 2 9 2 9 9 2 9 9 9 9 9 9 9 9 9 9 9 9 9 9 9 9 9 9 9 9 9
left_child=1 7 3 16 -3 11 19 26 27 15 -11 12 -6 17 -10 -8 -2 -13 -4 -5 -7 -16 -22 24 -15 -17 -1 -9 -25 -23
right_child=2 4 18 6 5 20 9 8 14 10 -12 13 -14 23 21 25 -18 -19 -20 -21 22 29 -24 28 -26 -27 -28 -29 -30 -31
leaf_value=-1.5070875116108149 1.1528387786514231 -10.921891620377309 8.9244446362300209 3.2559144582131467 -2.700369047512313 1.8454854486206225 1.2980152457479166 -1.7024251213465895 -15.811933829682316 -2.5629346568278324 2.8617169878458584 -2.3155279778304219 -0.57320024205281472 -0.17310971940506228 -0.83192867182639818 6.2645954832326369 3.2322254264243186 -0.62999955554214671 24.847694287116429 -1.3999852487557662 1.2894375961166589 -1.3117690091890752 0.0091504556137294909 -0.97410823688961612 0.88739154290566669 3.2444253124247271 1.0617164203278051 -3.7503746244098197 0.25798483800363103 -2.8482012637574825
leaf_weight=6544 6296 6203 2420 4931 11130 10726 11590 8263 3630 7377 16662 5646 34876 19578 20844 8879 15838 23643 18780 13599 18042 14385 65496 12836 26868 15899 10098 10283 11257 22399
leaf_count=6544 6296 6203 2420 4931 11130 10726 11590 8263 3630 7377 16662 5646 34876 19578 20844 8879 15838 23643 18780 13599 18042 14385 65496 12836 26868 15899 10098 10283 11257 22399
internal_value=0.00105759 -0.00555001 0.0195799 0.0153362 -0.00193564 -0.00113699 0.0108815 -0.0147803 -0.0175972 0.0147533 0.00589837 -0.00449209 -0.0109679 -0.00150644 -0.0138464 0.0206031 0.0312235 -0.00983139 0.0398113 -0.00174757 0.00405351 -0.0122645 0.00247163 0.00195113 0.00547615 0.0260529 -0.00126111 -0.0299957 -0.0048438 -0.0164973
internal_weight=465018 342747 122271 101071 246301 240098 78937 96446 79804 60407 24039 145834 46006 99828 61258 36368 22134 29289 21200 18530 94264 57628 83538 70539 46446 24778 16642 18546 24093 36784
internal_count=465018 342747 122271 101071 246301 240098 78937 96446 79804 60407 24039 145834 46006 99828 61258 36368 22134 29289 21200 18530 94264 57628 83538 70539 46446 24778 16642 18546 24093 36784
cat_boundaries=0 4 8 13 14 18 22 26 31 35 39 43 47 51 55 60 64 68 70 74 78 82 86 90 94
cat_threshold=128 71303168 134277120 704 1207986624 340000800 1318184960 1083181776 2154891320 146434 805568930 2885943554 2 781454537 2453791776 87204224 202375168 100972836 276570628 3240246336 1413484586 33556612 59773440 2416181669 34668640 270044208 1208541504 1644503552 1153635336 1216424960 1 16640 71303200 1075200 704 1598996 472543514 805310474 34603188 8389132 150999040 1749024770 32772 8 340263177 135340032 2117632 6363240 1073778178 25427972 41943044 2223040512 408617092 2181038784 17928200 1380253740 2282787874 805307138 2214592768 2 3221307464 10502196 204603648 22700827 2835383616 12583076 2183827360 17310353 1595055428 9 2273510467 572293648 169082885 8602720 110362638 2838528522 2952790320 2485649704 1351680 2184359300 1209013250 60901664 2248327426 1077955036 2151383304 4194578 201375746 172572944 2869035012 68269328 478426180 2308178441 83887124 17846309
is_linear=0
shrinkage=0.1


Tree=18
num_leaves=31
num_cat=22
split_feature=0 0 0 4 9 9 9 1 8 9 8 9 8 8 9 8 8 0 3 9 8 9 9 8 8 8 4 9 8 9
split_gain=5009.65 1167.3 910.539 625.483 556.655 445.542 357.721 352.372 318.557 302.541 262.276 256.428 249.315 220.657 194.607 261.553 221.711 178.15 176.296 211.644 186.786 169.472 165.262 159.011 147.893 145.219 142.237 136.893 135.801 134.541
threshold=189.00000000000003 9.0000000000000018 627.00000000000011 195.00000000000003 0 1 2 -44.999999999999993 3 4 5 6 7 8 9 10 11 -50.999999999999993 6.5000000000000009 12 13 14 15 16 17 18 765.00000000000011 19 20 21
decision_type=2 2 2 2 9 9 9 8 9 9 9 9 9 9 9 9 9 2 2 9 9 9 9 9 9 9 2 9 9 9
left_child=1 4 3 24 -1 -3 25 13 -8 23 21 -10 22 -6 16 27 -14 26 19 28 -21 -9 -11 -7 29 -5 -15 -16 -12 -2
right_child=2 5 -4 6 7 9 8 10 11 12 18 -13 14 17 15 -17 -18 -19 -20 20 -22 -23 -24 -25 -26 -27 -28 -29 -30 -31
leaf_value=-9.3687256856909009 -0.033461024379096219 -11.503725635747152 34.9652336270996 1.6017697711458654 -0.93493450828948355 3.3277726820015534 4.4871908027348866 1.9248939124142046 -5.873211739675873 2.2557131249220208 -0.81253062478526139 1.3232435010755694 1.0289314583885982 -5.0584226400115497 -0.68990561900548641 -0.17474081774956185 -0.14769069701945625 -1.0763821254504895 -0.1895973681156809 -0.71419981143231348 -1.7126193548652375 -0.18422627068567415 0.35305430984444969 0.65871561711373805 3.767656993428989 5.9737799158013907 -3.4530998016902128 -2.744241711418824 0.4125053414342385 2.5220128415423773
leaf_weight=11872 2020 3502 14005 4253 13130 6668 12507 6509 3799 11478 8660 34844 23415 12073 9953 63342 37013 14251 23901 23448 20486 14724 23493 10683 12092 11410 6930 9639 10355 4563
leaf_count=11872 2020 3502 14005 4253 13130 6668 12507 6509 3799 11478 8660 34844 23415 12073 9953 63342 37013 14251 23901 23448 20486 14724 23493 10683 12092 11410 6930 9639 10355 4563
internal_value=0.000957812 -0.00445729 0.0208522 0.0169802 -0.0106412 0.000706877 0.0124579 -0.00903533 0.00840305 0.00134036 -0.00590703 0.00391043 0.000113545 -0.0163268 -0.00173325 -0.00487799 0.00258281 -0.020659 -0.00834216 -0.0111193 -0.0149326 0.00405545 0.00768274 0.0139422 0.0331593 0.0256779 -0.0270036 -0.014973 -0.00229961 0.0209844
internal_weight=465018 365525 99493 85488 166339 199186 66813 154467 51150 195684 108083 38643 178333 46384 143362 82934 60428 33254 86850 62949 43934 21233 34971 17351 18675 15663 19003 19592 19015 6583
internal_count=465018 365525 99493 85488 166339 199186 66813 154467 51150 195684 108083 38643 178333 46384 143362 82934 60428 33254 86850 62949 43934 21233 34971 17351 18675 15663 19003 19592 19015 6583
cat_boundaries=0 4 8 13 17 22 26 30 34 38 42 46 50 55 59 63 68 72 76 80 85 89 93
cat_threshold=1073758528 71565344 1212278793 704 0 71303168 59392 704 373556736 2869986826 805307024 2753954052 2 2298652930 315359364 35783552 16791051 809830972 1235970 805569315 2751463680 2 1174995976 671154182 136498112 88646155 8388736 1147404288 2315280384 8393408 3892483328 12583076 2183827360 17302027 3359637832 536921623 621207764 67108890 1126306049 3918013120 16908420 21889031 7145504 1141029955 1103114250 42207236 394790916 2451066880 1292972032 67281152 395315738 1075885569 2415919106 2685673742 2 2286084354 110411888 2718236676 1196304 3280928 19926033 587202848 3909365003 110236930 33554957 2199977984 1091632170 1 1107296264 2166390819 3758189009 19990809 8389132 153096192 1749024802 36868 405890049 1275666184 358748164 67141712 2147516482 33619984 1149239320 144720944 1 285253639 369496088 621350918 1182752 134250753 8388608 131140 4196400
is_linear=0
shrinkage=0.1


Tree=19
num_leaves=31
num_cat=23
split_feature=0 0 0 9 4 0 9 10 8 8 9 9 9 8 9 3 8 8 8 9 8 11 9 11 9 8 8 8 9 4
split_gain=4411.36 1285.28 728.829 645.344 542.475 423.821 330.177 308.424 292.938 287.126 280.14 254.635 249.409 240.693 229.457 213.755 204.328 191.312 174.619 171.142 166.403 159.389 150.235 147.064 141.548 140.875 137.084 132.536 148.051 127.928
threshold=231.00000000000003 57.000000000000007 651.00000000000011 0 195.00000000000003 -44.999999999999993 1 2 3 4 5 6 7 8 9 3.5000000000000004 10 11 12 13 14 15 16 17 18 19 20 21 22 75.000000000000014
decision_type=2 2 2 9 2 2 9 9 9 9 9 9 9 9 9 2 9 9 9 9 9 9 9 9 9 9 9 9 9 2
left_child=1 3 4 20 -2 8 -6 27 19 14 -3 18 16 22 -7 -10 -12 -9 24 -5 -1 25 -14 -20 -11 -13 -23 -8 -29 -15
right_child=2 10 -4 5 6 9 7 17 15 11 12 21 13 29 -16 -17 -18 -19 23 -21 -22 26 -24 -25 -26 -27 -28 28 -30 -31
leaf_value=-12.142197883305135 3.4320858582998657 -6.9324506638197008 35.068710264389644 5.3238295983884676 -0.51005017517314288 -1.8636430146949423 6.7046953942719316 -4.123345646027559 -2.6827773343713894 -2.7330580559040025 -0.25159317918734131 1.552848600145724 2.9025762785770652 2.5812403392782501 -0.40318251518550846 -1.907789821521191 2.4682652571757799 2.9428584967181908 -0.99785793816608681 -1.4109077190110582 -4.0354842407786844 0.2918652325502844 0.73053986697365758 0.25104941722839752 -0.94288740746052424 0.18457220174062083 -0.7522674634229688 5.4666976690083633 2.3536411951147898 -0.020837694342404234
leaf_weight=9090 14381 2560 12882 3038 10579 18251 8662 3561 21361 4832 5099 13801 7816 1576 28156 22100 14604 7188 10214 15059 7004 11610 23936 19235 11724 35522 14904 7405 14161 84707
leaf_count=9090 14381 2560 12882 3038 10579 18251 8662 3561 21361 4832 5099 13801 7816 1576 28156 22100 14604 7188 10214 15059 7004 11610 23936 19235 11724 35522 14904 7405 14161 84707
internal_value=0.000955877 -0.00344421 0.0225155 -0.00780172 0.0182652 -0.00644491 0.0134747 0.0175385 -0.0135449 -0.00384757 0.00419322 -0.00129748 0.00480297 0.00306366 -0.0105403 -0.0179948 0.0152158 0.0029789 -0.00716614 -0.00284697 -0.0271547 0.00226311 0.0105063 -0.00254421 -0.0153809 0.00562402 -0.00398884 0.0227131 0.0184928 0.000323896
internal_weight=465018 386199 78819 245901 65937 229807 51556 40977 61558 168249 140298 121842 137738 118035 46407 43461 19703 10749 46005 18097 16094 75837 31752 29449 16556 49323 26514 30228 21566 86283
internal_count=465018 386199 78819 245901 65937 229807 51556 40977 61558 168249 140298 121842 137738 118035 46407 43461 19703 10749 46005 18097 16094 75837 31752 29449 16556 49323 26514 30228 21566 86283
cat_boundaries=0 4 8 9 13 17 21 26 31 35 39 43 47 51 55 59 61 65 67 72 76 80 84 88
cat_threshold=1073758336 71565344 1212282880 2752 1207986640 71565345 1251076096 276826832 781455049 3226013768 549519411 70535616 4194847 276572677 3240246344 339742730 33622020 128 71303168 33611776 704 134783298 975241728 76678216 1208034325 1 1388642876 135321090 872416034 2214592772 2 2298709313 8405124 2318045056 17310217 2324172802 3489726869 34603104 834192432 4055040 1680085016 21532676 100663296 2449547296 1159783872 156237828 101759012 167772168 339755280 1610883088 94401536 2147518496 131136 536870912 2818867472 34604033 236986371 134286568 112722284 1597150533 9 68293634 1384120461 2164736 1896978474 2753044752 23 33024 572522496 68157440 65552 1 1241514248 12599427 2149837776 22028563 58855680 277086756 1075937344 17453602 71467330 37749893 170264800 19575817 369362476 2836399114 2418016276 2217099564
is_linear=0
shrinkage=0.1


Tree=20
num_leaves=31
num_cat=22
split_feature=0 0 0 4 9 0 8 9 8 11 9 8 8 9 8 8 1 8 8 9 8 9 8 9 4 3 8 9 8 9
split_gain=3820.82 921.487 861.116 527.71 510.742 368.94 322.976 293.321 267.675 255.731 248.874 298.339 250.786 232.144 193.36 184.425 175.668 174.477 166.942 158.268 167.486 157.449 154.436 134.321 131.292 158.69 188.17 143.089 139.396 175.991
threshold=183.00000000000003 681.00000000000011 -38.999999999999993 195.00000000000003 0 75.000000000000014 1 2 3 4 5 6 7 8 9 10 -74.999999999999986 11 12 13 14 15 16 17 45.000000000000007 2.5000000000000004 18 19 20 21
decision_type=2 2 2 2 9 2 9 9 9 9 9 9 9 9 9 9 8 9 9 9 9 9 9 9 2 2 9 9 9 9
left_child=2 3 6 14 22 10 -1 18 -9 -10 11 -6 -12 -8 21 -11 -15 23 -5 20 -19 -2 -4 -7 -14 26 27 -26 29 -27
right_child=1 -3 4 7 5 17 13 8 9 15 12 -13 24 16 -16 -17 -18 19 -20 -21 -22 -23 -24 -25 25 28 -28 -29 -30 -31
leaf_value=-4.1641221138089195 3.7698237571153754 35.761839237950674 -2.1168391206736543 -5.1086124311930678 -2.3683480024916639 2.9447830139893285 1.7501945777335153 5.4033400153950879 4.1724456381051258 2.9764198237021446 1.1919376816429299 -0.5013375507199761 1.0993662572030964 -4.4013586690365845 3.1845312776098811 0.066908023975457809 -1.158479539740245 0.022899822366011336 0.80130883831640753 -0.014348614497703239 1.601248491913313 0.50386723082914953 -13.005055638229974 0.92187624046973804 -0.38003398148445627 -1.736624313730645 -0.071088911916180567 -1.4983192472678413 0.35448625042358894 -0.11513234091733199
leaf_weight=12686 2195 11619 3405 3612 18402 5031 6230 11601 11859 10249 15914 40414 885 14664 12303 21098 42625 8852 13049 55195 10433 5440 4618 10455 9843 8474 19163 4688 48543 21473
leaf_count=12686 2195 11619 3405 3612 18402 5031 6230 11601 11859 10249 15914 40414 885 14664 12303 21098 42625 8852 13049 55195 10433 5440 4618 10455 9843 8474 19163 4688 48543 21473
internal_value=0.000939964 0.0179311 -0.00389579 0.0145592 -0.00137724 -0.000658267 -0.013341 0.010546 0.0140768 0.0104498 -0.00318079 -0.00857104 -0.000722132 -0.0104259 0.0289447 0.00571324 -0.0124199 0.0046073 -0.00107672 0.00259766 0.0103939 0.0163702 -0.0262355 0.0142617 -0.00237666 -0.00267953 -0.0084199 -0.0169968 -0.000215314 -0.00557966
internal_weight=465018 103025 361993 91406 285788 277765 76205 71468 54807 43206 187799 58816 128983 63519 19938 31347 57289 89966 16661 74480 19285 7635 8023 15486 113069 112184 33694 14531 78490 29947
internal_count=465018 103025 361993 91406 285788 277765 76205 71468 54807 43206 187799 58816 128983 63519 19938 31347 57289 89966 16661 74480 19285 7635 8023 15486 113069 112184 33694 14531 78490 29947
cat_boundaries=0 4 8 12 16 18 22 26 30 34 38 42 46 50 55 59 63 67 71 75 79 83 87
cat_threshold=128 71565312 134244352 704 286533125 201990472 541070376 94472324 1207986624 340000800 1255274496 142609104 16947522 12583045 2184055744 17457163 3725656256 12 3364380736 302055476 1183941696 1216457744 52299780 67253379 1087385610 69459972 1207959816 281018407 2355152 19038283 4266040 138432 806224128 2684387586 25166348 18878464 1816133666 67211396 1183580696 302777354 98359 10559056 165184 46661797 2688199617 19406849 3670025 33574659 27396102 176735268 12848172 2291310086 285474950 2214608899 2 20806146 86268440 4194306 75976720 2416181765 3758104576 0 524303 135274568 80216064 34078912 67117320 1444286508 33567240 536871264 2438203690 86245380 1294240656 419430407 33577504 302383105 151038984 0 556417032 5055489 1076919376 1044643848 35130388 288 3223454465 32 293339145
is_linear=0
shrinkage=0.1


Tree=21
num_leaves=31
num_cat=22
split_feature=0 0 0 9 4 3 8 9 0 9 10 9 9 1 9 8 8 9 9 9 9 9 11 8 8 9 9 8 0 8
split_gain=3409.46 893.395 727.141 582.484 470.473 292.533 271.888 267.463 261.132 276.243 248.891 236.404 216.596 207.821 190.512 189.552 187.577 180.043 178.686 171.776 171.451 164.232 171.84 259.257 203.528 164.195 150.603 148.455 146.097 144.051
threshold=231.00000000000003 45.000000000000007 705.00000000000011 0 195.00000000000003 6.5000000000000009 1 2 -56.999999999999993 3 4 5 6 1.0000000180025095e-35 7 8 9 10 11 12 13 14 15 16 17 18 19 20 333.00000000000006 21
decision_type=2 2 2 9 2 2 9 9 2 9 9 9 9 8 9 9 9 9 9 9 9 9 9 9 9 9 9 9 2 9
left_child=1 3 4 29 -2 6 14 -6 13 -10 18 -3 -13 -8 -5 17 26 -14 -9 -18 -7 27 23 -23 -24 -12 -11 -17 -20 -1
right_child=2 11 -4 5 7 20 8 10 9 16 25 12 15 -15 -16 21 19 -19 28 -21 -22 22 24 -25 -26 -27 -28 -29 -30 -31
leaf_value=-16.002090822196131 2.8834742894766352 -14.851198148554454 35.185655314155611 -2.2719583037349769 -2.336575702130621 -1.412486305516911 -2.8059643025043304 1.404918990566091 -0.92738206629024589 -0.79863803703553948 -3.4619471135225215 3.306222005058153 -2.1750262835367251 -0.12853053751106458 -0.78251668896022242 0.87944767473456131 2.4964353685338603 -0.014044404646386966 2.2134452089830319 0.15554114940362107 0.86393418002588551 0.08962303690696416 -0.32721496104692849 1.856732693439723 0.96883211924844659 2.5668652793741447 0.087898659798212375 -0.57030069264538452 5.6498268932245885 -4.6286932386919988
leaf_weight=5451 14813 1565 10827 13364 5252 21098 22467 10870 34258 14322 4314 5954 6614 8690 17592 11903 4536 15173 12409 26833 36927 10869 27873 16626 33089 5493 16932 28124 14841 5939
leaf_count=5451 14813 1565 10827 13364 5252 21098 22467 10870 34258 14322 4314 5954 6614 8690 17592 11903 4536 15173 12409 26833 36927 10869 27873 16626 33089 5493 16932 28124 14841 5939
internal_value=0.000917599 -0.00295068 0.0198715 -0.00694828 0.0160387 -0.00579024 -0.00800848 0.0116484 -0.00597354 -0.00341295 0.0139944 0.00283605 0.00322431 -0.0139375 -0.016418 0.00248235 0.000537257 -0.00614075 0.0176501 0.00599924 0.000286945 0.00394493 0.00634983 0.0129122 0.00338844 -0.000219008 -0.00494498 -0.00136998 0.0219773 -0.0289825
internal_weight=465018 386199 78819 228409 67992 217019 158994 53179 128038 96881 47927 157790 156225 31157 30956 150271 62623 21787 38120 31369 58025 128484 88457 27495 60962 9807 31254 40027 27250 11390
internal_count=465018 386199 78819 228409 67992 217019 158994 53179 128038 96881 47927 157790 156225 31157 30956 150271 62623 21787 38120 31369 58025 128484 88457 27495 60962 9807 31254 40027 27250 11390
cat_boundaries=0 4 8 12 17 18 22 27 31 35 39 43 47 51 55 60 61 65 69 73 77 81 85
cat_threshold=16512 71565344 134342657 704 12331525 1092761672 272634890 44105828 1073752512 71565312 177334272 8389312 3358105920 33620240 1154614344 201417749 1 781586121 0 67108864 24576 704 272891960 5122 805306624 2147483904 2 143261696 1493172437 19009632 1507383328 5005344 1141283913 293605402 181141508 2487422978 2517942544 252706816 68701328 244318976 275775493 2318499904 1548784648 134828048 1073957093 1090523170 2014325779 13631520 1180161 2684354848 2701138176 159917090 1377861889 2191527960 1359489052 134799554 40173840 1087409153 8465457 1 1200619716 327286785 8336 1074300928 69355584 3960473088 2301690640 138436609 70362272 2618458124 276865920 2149580868 1360959512 50462752 1638015496 2097156 554700840 3775006529 8454164 170262532 17908368 1049601 169869329 134219896 60293484
is_linear=0
shrinkage=0.1


Tree=22
num_leaves=31
num_cat=21
split_feature=0 0 0 9 4 0 9 8 8 9 9 8 8 4 8 9 8 3 8 9 9 11 0 8 6 9 9 9 11 9
split_gain=2956.76 894.917 595.408 565.967 484.67 349.761 314.461 309.193 255.637 254.19 237.581 315.834 223.345 207.476 207.399 195.673 177.277 173.459 202.047 257.473 170.879 169.336 167.251 145.653 143.142 140.412 132.548 124.01 122.888 303.833
threshold=279.00000000000006 81.000000000000014 747.00000000000011 0 735.00000000000011 -62.999999999999993 1 2 3 4 5 6 7 705.00000000000011 8 9 10 6.5000000000000009 11 12 13 14 435.00000000000006 15 449.50000000000006 16 17 18 19 20
decision_type=2 2 2 9 2 2 9 9 9 9 9 9 9 2 9 9 9 2 9 9 9 9 2 9 2 9 9 9 9 9
left_child=1 3 4 -1 6 7 16 26 -7 12 11 -10 -3 -9 27 -6 -2 18 19 -12 -20 -13 -8 -23 -19 -16 -5 -11 29 -27
right_child=2 9 -4 5 15 8 22 13 10 14 17 21 -14 -15 25 -17 -18 24 20 -21 -22 23 -24 -25 -26 28 -28 -29 -30 -31
leaf_value=-16.043086130771446 -1.5569685493941223 2.759035461525261 37.067089782740048 1.8314290806894122 6.2848442039021286 3.9330979280063882 2.311178613199627 -4.029778532015114 -3.3546991320715307 0.11711277562601766 -0.0097615005462259319 -2.0602671230401137 0.94342036511567506 -2.0055021930262034 -17.064617844832998 -0.17804865437915396 2.6175329859701666 -2.4123922247480163 0.70164908463758457 -1.0598559691805796 -0.19884026828995049 1.6555474047599206 6.1418506293990278 -0.57303472646155207 1.0948857718058513 -0.28340772903529582 -1.6179810247510726 -1.3660389646056998 0.29633921523381729 1.7051274542789088
leaf_weight=5444 2717 6894 9513 5569 4319 5293 15053 15830 15473 10220 19260 9835 12774 12904 819 15344 4515 3328 16002 27157 66067 6021 9761 18582 37164 11393 12621 9102 56137 19907
leaf_count=5444 2717 6894 9513 5569 4319 5293 15053 15830 15473 10220 19260 9835 12774 12904 819 15344 4515 3328 16002 27157 66067 6021 9761 18582 37164 11393 12621 9102 56137 19907
internal_value=0.000863407 -0.00224148 0.021342 -0.00543482 0.0171121 -0.00479278 0.0246957 -0.0126438 -0.00314967 0.00469877 -0.00367498 -0.00973638 0.0151489 -0.0190996 0.00278656 0.00475258 0.00631041 -0.00188416 -0.00368289 -0.00895492 -0.000699935 -0.00440084 0.0300395 3.45346e-05 0.00382298 0.00484105 -0.00243407 -0.00659528 0.00522888 0.0102491
internal_weight=465018 403796 61222 276550 51709 271106 32046 46924 224182 127246 218889 49911 19668 28734 107578 19663 7232 168978 128486 46417 82069 34438 24814 24603 40492 88256 18190 19322 87437 31300
internal_count=465018 403796 61222 276550 51709 271106 32046 46924 224182 127246 218889 49911 19668 28734 107578 19663 7232 168978 128486 46417 82069 34438 24814 24603 40492 88256 18190 19322 87437 31300
cat_boundaries=0 4 8 12 16 21 25 29 33 37 42 46 50 55 59 61 65 69 73 77 79 83
cat_threshold=0 71303168 26624 704 2282250688 37748884 1272139776 1342185040 1279873096 551555123 70535488 4194331 1073742088 8454176 2116544 20971531 306450492 2282935810 822083888 2751463686 2 1216897024 304349216 1322356768 1350675504 138283012 2214752515 1086337032 111386628 142606664 18522499 2751473873 20449537 4481064 441611 897597442 180619396 2360832 580425224 838860952 2485264640 3 1048580 1092653074 1656752152 170524788 8135173 3307616600 272633866 1065248 342133804 143163650 268435462 393219 2 541198904 538590735 822345874 2701132032 2121793552 2 4096 6291472 33621024 1573680 0 67108864 16384 640 16779558 1629619264 1610743812 1746264328 2282481729 17049728 1151336646 8800304 1202783425 14 134774849 6301985 79761410 1210785872
is_linear=0
shrinkage=0.1


Tree=23
num_leaves=31
num_cat=21
split_feature=0 0 0 9 4 9 9 9 2 0 8 0 9 8 4 8 6 8 9 11 9 10 8 9 8 8 8 9 9 8
split_gain=2632.41 772.892 595.414 462.17 456.311 304.486 249.081 235.122 233.157 227.615 194.794 181.286 181.028 168.89 160.603 155.722 151.537 145.121 165.829 144.303 142.966 131.775 131.449 129.117 124.925 121.974 120.534 119.422 118.261 117.975
threshold=279.00000000000006 27.000000000000004 789.00000000000011 0 735.00000000000011 1 2 3 -38.999999999999993 -74.999999999999986 4 435.00000000000006 5 6 45.000000000000007 7 751.50000000000011 8 9 10 11 12 13 14 15 16 17 18 19 20
decision_type=2 2 2 9 2 9 9 9 8 2 9 2 9 9 2 9 2 9 9 9 9 9 9 9 9 9 9 9 9 9
left_child=1 3 4 19 5 15 -3 24 9 -5 20 25 -6 28 -15 -2 -16 -18 21 -1 -10 26 -11 -12 -8 -7 -19 -24 -9 -25
right_child=2 6 -4 8 12 11 7 13 10 22 23 -13 -14 14 16 -17 17 18 -20 -21 -22 -23 27 29 -26 -27 -28 -29 -30 -31
leaf_value=4.3959741876523095 3.4256236316735342 -12.476769010914673 40.091024835771236 -4.5641710442919639 5.5780720357712319 0.90341601329634502 5.8869259219336136 -3.648577186854125 -0.47550096668258385 0.11429846598784366 -1.4685740163145264 5.7329080539048904 -0.31137015670919088 2.0951304687892276 -0.14510621912021265 -0.59445114419409895 1.4454215011417106 1.5321993916993435 -0.048568003601076271 -8.32711764370646 0.93744596328700713 1.0002702645354138 0.18211947707443735 0.099083168163334179 1.0680091813079871 2.8306312193699146 -3.0335156382334034 -1.3721208018163928 -0.027885917573274813 -0.53463441467067907
leaf_weight=790 2455 2142 8312 16228 4851 5764 3260 5052 10351 12709 23592 10454 15242 1071 65822 4752 23747 3762 58645 10736 19338 27406 5099 35640 5000 9392 2814 16559 5626 48407
leaf_count=790 2455 2142 8312 16228 4851 5764 3260 5052 10351 12709 23592 10454 15242 1071 65822 4752 23747 3762 58645 10736 19338 27406 5099 35640 5000 9392 2814 16559 5626 48407
internal_value=0.000851365 -0.00207828 0.0201741 -0.00650668 0.0162654 0.023532 0.00224398 0.00260391 -0.00531333 -0.0111167 -0.00317561 0.0286378 0.00439705 0.00189967 0.00261217 0.00534155 0.00238534 0.00455428 0.00276509 -0.0259362 0.00399508 0.00832255 -0.0065077 -0.00515332 0.0191173 0.0216614 -0.0043881 -0.0112424 -0.01032 -0.00331739
internal_weight=465018 403796 61222 199449 52910 32817 204347 202205 187923 50595 137328 25610 20093 193945 183267 7207 182196 116374 92627 11526 29689 33982 34367 107639 8260 15156 6576 21658 10678 84047
internal_count=465018 403796 61222 199449 52910 32817 204347 202205 187923 50595 137328 25610 20093 193945 183267 7207 182196 116374 92627 11526 29689 33982 34367 107639 8260 15156 6576 21658 10678 84047
cat_boundaries=0 4 8 12 17 21 26 30 34 38 42 44 49 51 55 60 64 68 72 76 80 84
cat_threshold=1073758400 71565344 1208084481 704 134767040 37814420 1272139776 1342185040 128 67108864 57344 704 272891960 1070082 805306656 2147483908 2 1141080138 142672903 2278352 21021195 2360836 580425224 838860952 2489458952 3 4481056 1074168905 276840457 46399492 2147492618 2183348292 2149781504 17891840 201563456 8454308 2687470464 17825803 1077019140 964864576 220201090 890114056 2214691328 25 118104072 2449514502 12194906 1212284944 1 1610756866 4 58901568 856705047 71174277 33040 2282238240 2451767568 125833776 1887545344 1 1077936136 2164424707 2149870033 18874633 549380 119822681 1363218434 68193808 301990404 2147500048 223350784 66064 28836904 2157020682 285213066 67388674 101843712 304087565 2339438592 275160088 2293256448 843055392 2852655136 68887904
is_linear=0
shrinkage=0.1


Tree=24
num_leaves=31
num_cat=23
split_feature=0 0 0 9 4 8 9 9 8 9 1 9 6 9 8 8 8 9 8 9 8 11 0 8 9 8 9 9 9 8
split_gain=2313.8 663.005 574.93 362.758 350.68 257.297 253.841 224.677 224.457 223.216 217.821 166.599 163.935 160.58 156.72 151.803 145.215 142.754 133.277 129.013 176.119 127.524 163.567 131.242 127.163 120.211 119.517 118.945 116.637 115.428
threshold=231.00000000000003 825.00000000000011 -1.0000000180025095e-35 0 195.00000000000003 1 2 3 4 5 45.000000000000007 6 765.50000000000011 7 8 9 10 11 12 13 14 15 -80.999999999999986 16 17 18 19 20 21 22
decision_type=2 2 2 9 2 9 9 9 9 9 10 9 2 9 9 9 9 9 9 9 9 9 2 9 9 9 9 9 9 9
left_child=2 4 3 18 11 17 -4 14 28 -7 13 -2 25 29 -8 -11 26 -6 -1 20 -18 27 -23 -24 -25 -9 -14 -15 -5 -10
right_child=1 -3 6 8 5 9 7 12 10 15 -12 -13 16 21 -16 -17 19 -19 -20 -21 -22 22 23 24 -26 -27 -28 -29 -30 -31
leaf_value=-0.60799734727692112 0.71339371050211187 41.02571990130771 -16.592723178317073 -3.0630371161392791 -5.733513880213744 5.2081269368591521 9.3853420039248885 0.52391897926482833 3.5152863706571278 0.22451731764032559 2.7732732995480172 2.9498856839042733 3.4651563783447785 -1.7263108622676442 0.80764669811096046 2.7581621336845275 0.42043626715352045 0.75979738751188397 -9.1831238584410677 0.22331628963629946 -1.6671450160066117 -2.810914289857303 -0.88566381875179612 0.32261601080456609 -0.58632261088353976 -0.4623757936564758 0.59674912290229398 1.4533974043717794 -0.87790604524363047 -0.085024408390258183
leaf_weight=2072 4284 7445 1839 7363 3960 9304 2313 13798 3754 13388 5746 11325 6311 3583 17089 21407 13410 7706 7441 80664 13898 19736 27708 16746 19622 74993 19374 6970 8427 13342
leaf_count=2072 4284 7445 1839 7363 3960 9304 2313 13798 3754 13388 5746 11325 6311 3583 17089 21407 13410 7706 7441 80664 13898 19736 27708 16746 19622 74993 19374 6970 8427 13342
internal_value=0.000830505 0.0164446 -0.00235617 -0.00740159 0.0134825 0.00977405 0.000594405 0.00087654 -0.00605043 0.013266 -0.00454158 0.0267314 -2.38247e-05 -0.00552077 0.0111941 0.00958052 0.00218881 -0.0034344 -0.0262575 0.000580652 -0.0053591 -0.00713589 -0.0084405 -0.00598976 -0.00203695 -0.00335451 0.00894532 0.00322352 -0.0172405 0.00339647
internal_weight=465018 78819 386199 142510 71374 55765 243689 241850 132997 44099 117207 15609 222448 111461 19402 34795 133657 11666 9513 107972 27308 94365 83812 64076 36368 88791 25685 10553 15790 17096
internal_count=465018 78819 386199 142510 71374 55765 243689 241850 132997 44099 117207 15609 222448 111461 19402 34795 133657 11666 9513 107972 27308 94365 83812 64076 36368 88791 25685 10553 15790 17096
cat_boundaries=0 4 8 12 17 21 26 31 35 39 43 47 51 55 60 64 66 70 74 78 83 87 91 95
cat_threshold=16704 71303200 1208084481 704 3744801 1143130952 97525804 176160772 0 67108864 24576 640 1883572796 1727498 805568802 2751463680 2 288369157 1275734592 272634889 44105892 307499528 3088221706 570425648 2485125412 1 201851648 17367056 134414400 4196400 1 6364728 171712 822476802 2688844042 1073741832 32803 27089 19922971 306200652 2298491923 671094801 69765488 2281741634 8454272 2336132000 16777739 387459208 3491823617 3391094816 278933720 201335104 13108224 2147745792 33792 201340098 38010885 1251182592 1217432641 1 76685312 2204649044 67174416 3185968 289585429 13 72089600 2439303576 3826262194 22608 2526445570 412090371 3146036 218715137 17668 13123676 2184383396 19006099 68170754 1247805985 3271624832 1091599400 1 102400130 427819280 2150630412 10033153 38432 1342964436 53612544 1088469024 3288858696 2436104321 2147600624 16392
is_linear=0
shrinkage=0.1


Tree=25
num_leaves=31
num_cat=21
split_feature=0 0 0 9 9 4 3 9 8 6 8 9 9 8 0 11 8 9 0 8 9 9 8 9 1 8 9 9 8 8
split_gain=2055.15 638.994 509.699 463.58 456.779 312.748 257.055 276.596 312.894 202.978 193.728 194.501 192.297 198.323 175.477 167.036 163.967 156.615 139.467 133.619 146.386 131.169 169.279 130.892 126.767 123.526 125.912 117.512 117.462 113.957
threshold=309.00000000000006 81.000000000000014 867.00000000000011 0 1 735.00000000000011 4.5000000000000009 2 3 449.50000000000006 4 5 6 7 441.00000000000006 8 9 10 -68.999999999999986 11 12 13 14 15 1.0000000180025095e-35 16 17 18 19 20
decision_type=2 2 2 9 9 2 2 9 9 2 9 9 9 9 2 9 9 9 2 9 9 9 9 9 8 9 9 9 9 9
left_child=1 3 4 -1 28 14 7 8 -5 -8 27 -12 13 -3 -6 21 23 -17 24 20 -19 22 -11 -14 -13 -20 -27 -9 -2 -7
right_child=2 12 -4 6 5 29 9 10 -10 15 11 18 16 -15 -16 17 -18 19 25 -21 -22 -23 -24 -25 -26 26 -28 -29 -30 -31
leaf_value=-19.17307636092935 -4.6778417892429962 -0.0096990266147315655 40.776084521180316 -0.67416197236382558 1.7989175393612955 -2.2865811324773406 -1.9968205463253719 -0.049594592216594527 -3.8081912762080607 2.7082599556002229 1.636975754379028 -2.5223561518225774 3.1198750904653565 2.4940761738985602 4.9308887620253419 0.70452406027687609 0.087278098598621068 -5.1597404005829981 0.64185134316667969 -0.28552759078190632 -1.3711215376273924 2.3008420373326066 -1.4886659673764555 0.60999587412800627 0.060055105237654519 0.12060517586313751 -0.35170748127581181 -1.0145652027747729 0.92863201225093239 3.9690615416130157
leaf_weight=3452 3451 6644 6667 14188 13206 4100 11476 7466 12260 6106 4515 9157 5922 11381 12316 23132 96646 3547 8846 49217 11687 16377 8539 15015 4352 24106 36685 21442 3810 9310
leaf_count=3452 3451 6644 6667 14188 13206 4100 11476 7466 12260 6106 4515 9157 5922 11381 12316 23132 96646 3547 8846 49217 11687 16377 8539 15015 4352 24106 36685 21442 3810 9310
internal_value=0.000774594 -0.00160618 0.0193379 -0.00436341 0.0156073 0.0198988 -0.00390212 -0.00682821 -0.0160594 -0.000685342 -0.00473198 -0.00239019 0.00401672 0.0136318 0.0264008 0.0005434 0.00254139 -0.0016902 -0.00348862 -0.00422348 -0.0124049 0.00684777 -3.07062e-05 0.0105624 -0.0127878 -0.00168517 -0.00329189 -0.01183 -0.00741989 0.00753915
internal_weight=465018 412158 52860 276550 46193 38932 273098 143017 26448 130081 116569 87661 135608 18025 25522 118605 117583 87583 83146 64451 15234 31022 14645 20937 13509 69637 60791 28908 7261 13410
internal_count=465018 412158 52860 276550 46193 38932 273098 143017 26448 130081 116569 87661 135608 18025 25522 118605 117583 87583 83146 64451 15234 31022 14645 20937 13509 69637 60791 28908 7261 13410
cat_boundaries=0 4 8 13 17 21 25 30 34 36 40 45 49 53 57 61 65 69 73 77 81 85
cat_threshold=0 67108864 24576 704 134244816 71581760 1272014880 276830912 2281771200 272892128 1219726464 1421903888 1 3221247744 1090523764 168263748 68288794 7864837 1294897232 276829202 110101552 12601392 133632 805306400 2684354816 272896060 2148589062 822083890 2483028230 2 37086722 1141116936 188846086 109088768 117610887 9 134452544 281542820 2184872900 16785419 1444184324 2164396800 825294880 2754478340 1 269092353 304136259 3577754729 3227652 0 197 167772160 1230077960 138969216 2433950596 2162163712 680203315 378028802 356536348 1292013568 68190736 76677120 306708489 3256944640 1632689256 134217984 545325061 40698688 6488578 302252043 3417351180 2164264961 17829890 352322568 131074 2415919108 2228233 7340033 69252371 58753029 178954580 6365728 3241331272 223358989 41947140
is_linear=0
shrinkage=0.1


Tree=26
num_leaves=31
num_cat=22
split_feature=0 0 0 9 4 9 2 0 9 8 9 11 8 8 9 8 8 9 0 8 9 10 9 9 8 8 1 11 9 9
split_gain=1796.84 547.211 497.113 410.009 401.111 282.455 203.354 213.274 185.815 163.505 161.873 212.577 173.634 168.478 161.841 158.255 156.4 143.896 143.877 143.227 141.763 134.171 250.341 219.091 154.405 128.433 129.336 121.508 186.268 157.487
threshold=309.00000000000006 57.000000000000007 879.00000000000011 0 735.00000000000011 1 -50.999999999999993 -92.999999999999986 2 3 4 5 6 7 8 9 10 11 471.00000000000006 12 13 14 15 16 17 18 105.00000000000001 19 20 21
decision_type=2 2 2 9 2 9 8 2 9 9 9 9 9 9 9 9 9 9 2 9 9 9 9 9 9 9 10 9 9 9
left_child=1 3 4 15 5 16 7 -5 -8 14 11 12 -10 -13 -3 -1 -2 -11 -7 -9 -6 22 -19 -23 -25 26 -12 28 -27 -29
right_child=2 9 -4 6 20 18 8 19 10 17 25 13 -14 -15 -16 -17 -18 21 -20 -21 -22 23 -24 24 -26 27 -28 29 -30 -31
leaf_value=-0.48471119671439455 -1.5196759822400523 4.7753758510428952 37.371097878640114 -5.7098788383149373 -3.7400023062932806 1.9680010243479389 8.475005292201601 -1.4958781243480668 -2.659304414291471 -10.582413865492789 0.21828563774719534 -2.4677071244859308 -0.86500776592069573 0.55536498275501889 0.84884431227804136 -11.478820531991241 2.1823732313179334 1.1740997853628201 5.127931565888125 -0.092820736146875304 2.5050817716698477 1.2427472031722886 0.15588619703783735 0.13471772588418532 -1.0433212941171217 -0.48834061655589561 6.2188291118809138 0.0067272311577578851 0.35728549719134045 -1.0060523821821796
leaf_weight=1889 3018 5089 6489 11958 4941 12729 1610 10054 11478 1492 37182 5263 16975 18090 13425 5830 4143 20648 8858 21294 12682 18565 55751 24906 26381 19470 2040 19945 36368 26455
leaf_count=1889 3018 5089 6489 11958 4941 12729 1610 10054 11478 1492 37182 5263 16975 18090 13425 5830 4143 20648 8858 21294 12682 18565 55751 24906 26381 19470 2040 19945 36368 26455
internal_value=0.000739326 -0.00148681 0.0180969 -0.0044829 0.0144692 0.0217511 -0.00374698 -0.0099455 -0.00236971 0.00294454 -0.00265217 -0.007434 -0.0132365 -0.000361683 0.0118009 -0.027151 0.00451123 0.0018338 0.0274552 -0.0056112 0.00259036 0.00214992 0.00504587 -0.00101772 -0.0043872 -0.000900544 0.0039636 -0.0027668 0.000376021 -0.00654816
internal_weight=465018 412158 52860 245901 46371 28748 238182 43306 194876 166257 193266 51806 28453 23353 18514 7719 7161 147743 21587 31348 17623 146251 76399 69852 51287 141460 39222 102238 55838 46400
internal_count=465018 412158 52860 245901 46371 28748 238182 43306 194876 166257 193266 51806 28453 23353 18514 7719 7161 147743 21587 31348 17623 146251 76399 69852 51287 141460 39222 102238 55838 46400
cat_boundaries=0 4 9 13 17 21 23 27 31 35 38 42 46 50 54 55 60 64 68 72 74 78 82
cat_threshold=128 71303168 134244352 704 2281726400 37748880 1272139904 402660944 1 536870928 0 536871168 2147483904 40256 8388646 2720968657 18874379 143155264 33882164 1152488472 142707733 1689780888 11 69107716 476192960 3410006018 67330112 302015244 3355577603 558707800 102400 349835274 33697800 2726297890 2969569706 134217792 13107200 33554432 100664324 18911570 1119881242 235536500 0 67108864 33579008 704 342360580 1279402240 1078005784 53574212 135817616 71581824 2291165216 1753221827 708578477 9700124 1236877314 940703748 272651304 2 157288997 409284 293601410 2818902022 3029467657 2684436624 407900196 1207888 1442971914 415236102 1075999488 16998955 1597151494 9 69501187 2433884928 20971648 539754504 1428460803 1073916544 2433482758 539754530
is_linear=0
shrinkage=0.1


Tree=27
num_leaves=31
num_cat=21
split_feature=0 0 9 4 9 9 8 0 8 9 9 0 8 8 8 9 10 4 8 9 3 4 8 9 9 9 8 9 9 0
split_gain=1612.28 622.241 400.701 353.817 230.261 226.772 269.944 222.489 217.141 186.136 169.727 166.627 215.702 183.907 166.463 160.139 156.155 138.777 137.377 132.9 119.567 120.225 152.806 256.041 122.786 116.24 111.641 109.863 93.2591 91.2518
threshold=435.00000000000006 81.000000000000014 0 735.00000000000011 1 2 3 1095.0000000000002 4 5 6 -92.999999999999986 7 8 9 10 11 75.000000000000014 12 13 6.5000000000000009 75.000000000000014 14 15 16 17 18 19 20 591.00000000000011
decision_type=2 2 9 2 9 9 9 2 9 9 9 2 9 9 9 9 9 2 9 9 2 2 9 9 9 9 9 9 9 2
left_child=1 2 -1 10 14 6 -4 19 15 -7 -2 13 -13 -11 -3 -6 -8 -10 27 -5 21 24 23 -23 -14 -20 -22 -19 -25 -12
right_child=3 4 5 7 8 9 16 -9 17 11 29 12 20 -15 -16 -17 -18 18 25 -21 26 22 -24 28 -26 -27 -28 -29 -30 -31
leaf_value=-16.088478016987686 1.3638507391643004 -0.071942708028365138 -3.7572707715491251 7.0387595324408387 3.2373909176481295 7.2929066932875131 0.18631095598616093 49.8316793220813 1.7870416911843365 -0.37324720467589384 2.9890048258565174 5.2369564737752796 0.0076401650976859921 -4.3663174238311191 1.9376185876897241 0.57870983056477887 -2.0467299007471076 -2.7928992823401688 0.7026561326079559 -0.71723809183496889 -1.1905512147024921 -3.3068122029587954 -0.11002252176205048 0.77629065216578619 2.4629766136296549 -0.17593262035388621 0.90824776643618577 -0.2661661684265752 -0.52006877120119965 9.75291918793239
leaf_weight=3487 2192 6953 13141 1889 9372 2426 19141 1492 2240 10789 7290 3892 2254 9493 19476 26593 18434 4156 24899 7927 10123 4087 101983 3170 1415 59028 39629 6104 33086 8857
leaf_count=3487 2192 6953 13141 1889 9372 2426 19141 1492 2240 10789 7290 3892 2254 9493 19476 26593 18434 4156 24899 7927 10123 4087 101983 3170 1415 59028 39629 6104 33086 8857
internal_value=0.000677393 -0.000859152 -0.0037241 0.0232418 0.00412949 -0.00329308 -0.00932658 0.00932968 0.00242746 -0.00191651 0.0318202 -0.00222092 -0.00134368 -0.0108569 0.0126499 0.00905768 -0.00500865 -4.61441e-05 -0.000631191 0.00386104 -0.0018076 -0.00325045 -0.0037112 -0.00892003 0.0146225 0.000704695 0.00242603 -0.0115482 -0.00624 0.0353562
internal_weight=465018 435371 276550 29647 158821 273063 50716 11308 132392 222347 18339 219921 199639 20282 26429 35965 37575 96427 94187 9816 195747 145995 142326 40343 3669 83927 49752 10260 36256 16147
internal_count=465018 435371 276550 29647 158821 273063 50716 11308 132392 222347 18339 219921 199639 20282 26429 35965 37575 96427 94187 9816 195747 145995 142326 40343 3669 83927 49752 10260 36256 16147
cat_boundaries=0 4 9 13 17 21 25 29 33 37 41 45 47 51 56 60 64 68 72 76 81 86
cat_threshold=128 67108864 24576 704 274989116 2282804746 805306546 2214854918 2 142630976 272891941 1252105752 1082174465 87556360 1140996099 29373576 78315588 2298643776 13107364 2183365568 17835531 536870936 16384 536870912 2147483904 134242368 4194304 1259552768 268442192 1073745928 8388640 2697664 4194371 3360243784 545280050 691915008 4194882 3499009 73669128 54628356 109089872 2257719298 281018373 2184256256 1880120360 4079501073 8 2097184 1745126665 281034754 180617220 16778240 536905220 838865168 2489458944 1 15474692 3647390784 1346375703 33571104 50860033 2048 16908384 269553712 285212932 1224736768 268435456 262186 1645352449 1937901632 251789312 960573448 29623296 3762922689 390348821 33626116 1157628161 572522496 2334269440 134222408 1 268435460 33554690 268435456 262144 2
is_linear=0
shrinkage=0.1


Tree=28
num_leaves=31
num_cat=22
split_feature=0 0 9 0 9 0 8 4 9 8 8 9 4 9 8 8 8 3 11 9 8 8 9 11 8 9 9 8 8 6
split_gain=1418.33 531.866 404.931 363.881 333.666 259.461 263.868 214.945 209.061 191.747 187.614 159.085 156.052 145.252 255.979 142.37 131.678 124.715 120.542 120.136 116.729 111.443 110.774 108.757 154.397 104.517 97.9025 97.4028 97.1472 90.4335
threshold=429.00000000000006 123.00000000000001 0 951.00000000000011 1 -38.999999999999993 2 735.00000000000011 3 4 5 6 45.000000000000007 7 8 9 10 1.5000000000000002 11 12 13 14 15 16 17 18 19 20 21 432.50000000000006
decision_type=2 2 9 2 9 2 9 2 9 9 9 9 2 9 9 9 9 2 9 9 9 9 9 9 9 9 9 9 9 2
left_child=1 2 -1 4 21 6 -4 28 16 -7 19 -8 -11 14 25 22 -3 26 -19 -10 -12 -2 -15 24 -16 -14 -13 -25 -6 -17
right_child=3 8 5 -5 7 9 11 -9 10 12 20 17 13 15 23 29 -18 18 -20 -21 -22 -23 -24 27 -26 -27 -28 -29 -30 -31
leaf_value=-15.831226544393974 -5.9208410724661924 2.3481059783006799 -3.2849430044321646 37.925261738986755 2.0514327032745201 6.5661740546162308 0.72039645038193501 2.4708801056182894 3.0161054688993474 1.0788606476871025 -0.73676480410235001 -0.47334283551227579 -0.74134956850016076 2.2005053677826369 4.2568731122214931 -0.93534228876828329 1.1409872733087525 0.75705209312210187 -1.1306227826580693 0.643392286616006 0.30301964004636095 1.0174262351138281 0.21574992174762572 -3.596871053045724 -1.8346593509245548 1.100457507121493 -2.2312023045652416 -1.7887758839712777 4.2865372726231277 -0.075145428386875324
leaf_weight=3206 1804 6842 9580 5429 4911 3107 11446 7126 7018 1273 14535 5177 12329 7059 2284 7946 12912 8377 34196 12851 61525 2556 30572 5177 4610 10800 6152 16480 8600 139138
leaf_count=3206 1804 6842 9580 5429 4911 3107 11446 7126 7018 1273 14535 5177 12329 7059 2284 7946 12912 8377 34196 12851 61525 2556 30572 5177 4610 10800 6152 16480 8600 139138
internal_value=0.000596106 -0.000865179 -0.00297216 0.0214685 0.016372 -0.00261234 -0.00775144 0.0216763 0.00494325 -0.00101319 0.00301285 -0.00547599 -0.00133626 -0.00152436 -0.0062101 -0.000213019 0.0143088 -0.00774967 -0.00526977 0.0116631 0.000751939 -0.0087643 0.00527483 -0.0125433 -0.00159328 0.00160984 -0.0170756 -0.0160267 0.0290985 -0.00161733
internal_weight=465018 434592 318909 30426 24997 315703 74928 20637 115683 240775 95929 65348 237668 236395 51680 184715 19754 53902 42573 19869 76060 4360 37631 28551 6894 23129 11329 21657 13511 147084
internal_count=465018 434592 318909 30426 24997 315703 74928 20637 115683 240775 95929 65348 237668 236395 51680 184715 19754 53902 42573 19869 76060 4360 37631 28551 6894 23129 11329 21657 13511 147084
cat_boundaries=0 4 8 12 16 20 24 28 32 36 40 44 46 51 55 59 63 65 69 73 77 81 85
cat_threshold=0 67108864 24576 640 134310352 71583744 1259423752 276830928 18099717 201990216 675288105 111739012 274989116 135450114 822084402 2751725830 1610612736 8388640 2101216 16777227 218269952 46661796 2184152000 16850955 7936058 1456320 805601312 2885714178 2282250368 1111752704 1317113888 1350610001 2457904643 39392284 17186822 1055280 159390024 262159 2718687249 73630784 1073741896 2148704387 2754095569 20474113 121813269 13 76681730 3540520973 42991616 1364349032 1 543425064 1610922251 562053139 180617220 7356416 69258003 1099202564 178954564 80777274 8917000 823132160 2823291176 2151758658 24 135397376 2216698112 65536 69378304 134750208 33554432 1283457024 1089 2483176448 2181137408 9962240 397320 17825792 2149580800 3221229568 44105732 43524614 52713744 1363152898 70288400
is_linear=0
shrinkage=0.1


Tree=29
num_leaves=31
num_cat=21
split_feature=0 9 0 0 4 1 8 8 8 9 9 6 6 3 9 8 9 8 8 9 9 9 9 9 9 4 8 9 9 8
split_gain=1262.37 487.808 446.566 327.787 273.648 232.876 247.723 201.352 194.55 186.124 165.313 154.58 149.773 193.824 188.814 152.555 141.348 134.653 134.034 130.429 121.259 118.556 105.21 104.497 104.002 96.618 98.7602 109.944 102.402 96.3149
threshold=453.00000000000006 0 129.00000000000003 987.00000000000011 735.00000000000011 -56.999999999999993 1 2 3 4 5 747.50000000000011 1146.5000000000002 6.5000000000000009 6 7 8 9 10 11 12 13 14 15 16 75.000000000000014 17 18 19 20
decision_type=2 9 2 2 2 8 9 9 9 9 9 2 2 2 9 9 9 9 9 9 9 9 9 9 9 2 9 9 9 9
left_child=1 -1 5 4 10 6 -3 19 24 18 29 23 13 15 -14 20 -8 -11 -9 -4 -13 -17 -6 -10 -7 -19 28 -28 -27 -2
right_child=3 2 7 -5 22 8 16 9 11 17 -12 12 14 -15 -16 21 -18 25 -20 -21 -22 -23 -24 -25 -26 26 27 -29 -30 -31
leaf_value=-14.147478002923302 3.8303758105893255 -4.4656883141197374 3.5910202179615229 37.266169998084187 -6.2711751100977864 7.7520941609297953 1.5205597858222102 0.039133567605712474 -1.6210542328620527 -3.9537972138838335 3.7386747320847462 -0.20226763770916714 -1.8362715478778868 2.1489378179645064 -0.033605215462893766 -0.89011559457726586 -0.86468468355279882 1.7198237104126037 2.0368526503039903 1.0686341713132621 1.037514962444773 -0.046244754354481193 2.8228646985973285 -0.28858798666985097 0.97166183904436709 1.2835066057736755 -1.0555592524435184 0.11054594544251586 0.017025106649208512 -0.76022856494371072
leaf_weight=3977 1348 8996 5269 4947 2064 3059 4134 5448 13002 3272 10243 8494 12997 29361 33215 11915 33191 1933 9968 16425 14813 43391 6560 96003 8035 15460 10214 25809 19185 2290
leaf_count=3977 1348 8996 5269 4947 2064 3059 4134 5448 13002 3272 10243 8494 12997 29361 33215 11915 33191 1933 9968 16425 14813 43391 6560 96003 8035 15460 10214 25809 19185 2290
internal_value=0.000595891 -0.00070915 -0.000388954 0.0213973 0.0162742 -0.00229409 -0.00885236 0.00501713 -0.00118654 0.00295786 0.0249658 -0.00173347 0.000304178 0.00234316 -0.00445988 -0.000246142 -0.00525646 0.000921814 0.0129716 0.0136749 0.00653815 -0.00310579 0.00228432 -0.00461584 0.0117795 0.00181722 0.00121413 -0.00245192 0.00502525 0.00657895
internal_weight=465018 437566 433589 27452 22505 320606 46321 112983 274285 91289 13881 263191 154186 107974 46212 78613 37325 75873 15416 21694 23307 55306 8624 109005 11094 72601 70668 36023 34645 3638
internal_count=465018 437566 433589 27452 22505 320606 46321 112983 274285 91289 13881 263191 154186 107974 46212 78613 37325 75873 15416 21694 23307 55306 8624 109005 11094 72601 70668 36023 34645 3638
cat_boundaries=0 4 8 12 16 20 25 29 33 37 41 45 49 53 58 62 66 70 74 78 82 86
cat_threshold=0 67108864 24576 640 16785921 134881600 14750476 60890213 201490752 281542823 2150534080 16785483 1611141120 64 2239425 16777355 6622260 2291191298 285212818 2214594820 2282250560 4194316 1270038720 1476434032 1 3422552608 38013144 25365256 1480689683 222334280 545328304 2801909760 5255680 1142980648 2148927496 537133058 2818572546 32 1610877448 25165840 46399492 20275731 69474840 104923136 67159092 349306888 304218633 2717909298 2970652970 135299169 2987008256 1076494336 13512777 103297029 1078072968 1209143304 1217469456 1 134244778 71581696 162613248 679477955 302018668 4460595 157292688 1073743980 32 2097155 570558496 3355445506 2467825675 36782096 570490920 1300112 596116355 2097424 134348864 14275696 370151946 1627394388 2316304448 540397624 2625774344 4 2326528 17994256
is_linear=0
shrinkage=0.1


Tree=30
num_leaves=31
num_cat=24
split_feature=0 9 0 0 4 9 8 8 11 6 11 8 9 9 9 10 9 8 9 9 0 9 8 9 8 8 8 9 9 8
split_gain=1124.28 439.149 394.324 310.353 238.411 183.77 283.112 171.336 152.037 149.656 145.384 148.647 139.717 129.925 127.233 139.487 209.329 157.695 143.681 124.97 122.924 114.659 113.752 109.192 106.804 106.342 101.35 99.5906 95.8201 137.716
threshold=471.00000000000006 0 57.000000000000007 1035.0000000000002 735.00000000000011 1 2 3 4 751.50000000000011 5 6 7 8 9 10 11 12 13 14 -74.999999999999986 15 16 17 18 19 20 21 22 23
decision_type=2 9 2 2 2 9 9 9 9 2 9 9 9 9 9 9 9 9 9 9 2 9 9 9 9 9 9 9 9 9
left_child=1 -1 5 4 13 6 -3 -4 -8 27 12 21 -7 -2 -11 16 26 23 24 -10 25 -12 -18 -17 -19 -13 -16 -9 29 -22
right_child=3 2 7 -5 -6 10 8 9 19 14 11 20 -14 -15 15 17 22 18 -20 -21 28 -23 -24 -25 -26 -27 -28 -29 -30 -31
leaf_value=-10.412062431676757 0.54817222391371845 -3.4794482164125728 4.7742857236215857 38.040838033574758 0.775550051590983 -5.1243317786019507 1.9255791638267477 0.97498335349605303 -6.1654810760838679 2.7908929997617493 1.973078474347695 -4.1125585382233059 -0.42658167897559096 3.6311482964317294 -0.14288244027840999 2.36949240433173 2.3415285716311134 -1.2572727626812032 0.52572623295690313 -0.77811469318178084 0.029394713649652005 0.20979545335991398 -0.24095296744936123 0.71193946681933085 0.26634996139075612 -0.81555596099020411 -3.3603546498910912 -0.30151934476484998 0.026684752924258249 -0.79892260110011692
leaf_weight=5257 2594 14229 5064 4361 7985 2832 6310 9151 2063 6916 6613 3565 6005 10294 3042 9800 7932 7955 36935 26503 20177 27634 15756 20244 10427 13222 5178 53457 94321 19196
leaf_count=5257 2594 14229 5064 4361 7985 2832 6310 9151 2063 6916 6613 3565 6005 10294 3042 9800 7932 7955 36935 26503 20177 27634 15756 20244 10427 13222 5178 53457 94321 19196
internal_value=0.000555462 -0.000622351 -0.00027443 0.0210827 0.0160135 -0.00295298 -0.00841596 0.00311352 -0.00356303 0.00262068 -0.00156658 -0.000966775 -0.0140895 0.0244258 0.00463059 0.00385193 -0.00178896 0.00596045 0.00279158 -0.00666643 -0.00232007 0.00497854 0.00298337 0.0117921 -0.00443127 -0.010386 -0.0155286 -0.00136564 -0.00130746 -0.00545032
internal_weight=465018 439784 434527 25234 20873 242670 49105 191857 34876 186793 193565 184728 8837 12888 124185 117269 31908 85361 55317 28566 150481 34247 23688 30044 18382 16787 8220 62608 133694 39373
internal_count=465018 439784 434527 25234 20873 242670 49105 191857 34876 186793 193565 184728 8837 12888 124185 117269 31908 85361 55317 28566 150481 34247 23688 30044 18382 16787 8220 62608 133694 39373
cat_boundaries=0 4 8 12 16 18 20 24 29 34 39 40 44 48 53 56 60 64 69 73 77 81 85 90 94
cat_threshold=128 67108864 57344 704 134766656 272892069 1323376152 1082173456 202508812 3322021891 1229010056 10682436 256 8388641 2149584832 150994955 2432907527 24 2687041570 16 1284636682 536870919 2779616 6488779 33554432 687964928 2147483652 2966530 1 2282250562 4194312 1261650048 268474480 1 6553628 1070082 352321682 2214592772 2 3498226278 25854210 587301640 2281766920 1084101672 2650965579 307232900 239828992 1057312 2290132288 36044825 47188232 1208010803 1 0 4456452 8388608 2147484464 41944082 805306368 2819096832 9563200 2485219346 1611038736 70320208 2441216769 197198356 144769024 1073804331 1 1048612 70009090 1082134530 67163220 268436481 203301184 37752837 93370400 9046602 1208569860 386011139 2311792 634138210 2148665420 282198544 2214625536 3221259553 35651672 1179712 403263521 1 2165100865 2391939400 234947584 1051936
is_linear=0
shrinkage=0.1


Tree=31
num_leaves=31
num_cat=21
split_feature=0 0 9 0 9 8 8 8 4 6 9 11 9 9 9 8 8 9 6 6 9 3 10 9 11 9 10 9 2 9
split_gain=1001.04 443.175 364.429 302.534 264.978 232.934 229.959 215.265 200.435 173.609 166.479 141.472 253.359 131.746 127.625 150.474 123.184 120.785 113.475 127.439 117.23 115.396 104.406 102.958 102.921 115.744 102.425 106.335 101.161 100.55
threshold=333.00000000000006 915.00000000000011 0 -32.999999999999993 1 2 3 4 45.000000000000007 765.50000000000011 5 6 7 8 9 10 11 12 1107.5000000000002 945.50000000000011 13 6.5000000000000009 14 15 16 17 18 19 93.000000000000014 20
decision_type=2 2 9 2 9 9 9 9 2 2 9 9 9 9 9 9 9 9 2 2 9 2 9 9 9 9 9 9 10 9
left_child=2 4 -1 7 22 -5 -6 29 -7 11 -11 12 -10 -8 15 -13 26 -9 19 -18 -20 -21 -2 -23 25 -19 -12 -28 -26 -4
right_child=1 -3 3 5 6 8 13 17 9 10 16 14 -14 -15 -16 -17 18 24 20 21 -22 23 -24 -25 28 -27 27 -29 -30 -31
leaf_value=-11.522072077120527 -1.9247558779429939 23.766265536808604 -5.7317632346975902 8.6423447607745469 2.8129628541482647 1.2608337542165486 -6.7993655886783761 0.52464582299961937 1.6083524727238285 1.5610054575664778 -0.078898251214704021 -2.9413408838490582 -0.38441899374195077 0.2580771478044625 -0.19233433823242338 -0.69085623345775959 0.088420998646540738 -1.2722200999816546 -1.0495138649895233 0.42759226127334315 0.10802236996489967 0.31941384532601175 2.8336338356224022 6.1323509988987972 -1.0666879853726727 0.76533028723161045 -2.805694851922067 -0.75362534246982171 2.7722091791457024 -1.7014229715374325
leaf_weight=3857 902 5983 3436 3650 7217 1811 1556 12464 10874 12585 18692 7463 17040 18328 76469 17770 51141 5928 14110 33975 43011 3376 13072 9426 44127 9035 2934 5352 2150 7284
leaf_count=3857 902 5983 3436 3650 7217 1811 1556 12464 10874 12585 18692 7463 17040 18328 76469 17770 51141 5928 14110 33975 43011 3376 13072 9426 44127 9035 2934 5352 2150 7284
internal_value=0.000499551 0.014327 -0.00105728 -0.000771891 0.0106233 0.000595883 0.00484859 -0.00611319 0.000314226 0.000128926 0.00201745 -0.00270646 0.00359905 -0.00070373 -0.00443704 -0.0106029 0.00124789 -0.00418509 0.00233313 0.0043996 -0.00120884 0.00817175 0.0218035 0.0162631 -0.00601143 0.00119882 -0.0049874 -0.0142358 -0.00834252 -0.0193476
internal_weight=465018 47058 417960 414103 41075 329679 27101 84424 326029 324218 194602 129616 27914 19884 101702 25233 182017 73704 155039 97918 57121 46777 13974 12802 61240 14963 26978 8286 46277 10720
internal_count=465018 47058 417960 414103 41075 329679 27101 84424 326029 324218 194602 129616 27914 19884 101702 25233 182017 73704 155039 97918 57121 46777 13974 12802 61240 14963 26978 8286 46277 10720
cat_boundaries=0 4 8 12 16 20 25 26 30 34 38 42 46 50 54 55 59 61 66 68 72 76
cat_threshold=0 67108864 24576 640 281413124 688949000 805306384 2217697540 0 8388608 2101184 16777227 2365759811 2160656388 35881920 17956875 288632325 201990208 406852649 44105924 275058716 1072170 889192578 2147483916 2 46543300 209765123 2451079692 948109312 140873730 128 71565312 167864576 276824768 135283212 306188294 2575372424 1476431997 1074234464 1409327232 1178611735 109396004 57426468 1227262529 297799692 176160772 3217466 145600 805601282 2818867458 159908002 37748880 1082297104 1220544531 3221229828 17852257 1345061184 142610696 1078835200 1430436117 29 209748160 2306869008 161481928 11208721 2 438052748 2 16810496 421625920 2283995136 4207648 134218272 1074004164 1241552896 1155569761
is_linear=0
shrinkage=0.1


Tree=32
num_leaves=31
num_cat=24
split_feature=0 0 9 0 0 8 8 4 9 8 8 9 6 9 11 8 9 9 8 8 8 9 11 9 8 9 9 9 8 8
split_gain=887.608 378.345 286.238 247.92 208.525 214.818 191.149 187.328 174.779 181.123 170.521 146.149 136.885 122.855 196.498 153.618 119.975 112.846 112.782 112.634 106.646 177.98 174.108 274.971 154.014 148.826 127.046 125.695 122.433 110.175
threshold=585.00000000000011 147.00000000000003 0 1107.0000000000002 -92.999999999999986 1 2 735.00000000000011 3 4 5 6 441.50000000000006 7 8 9 10 11 12 13 14 15 16 17 18 19 20 21 22 23
decision_type=2 2 9 2 2 9 9 2 9 9 9 9 2 9 9 9 9 9 9 9 9 9 9 9 9 9 9 9 9 9
left_child=1 2 -1 7 5 -4 -6 -2 9 -3 11 -10 16 14 19 -16 -8 -7 -12 -14 21 -15 25 29 26 28 -25 -26 -22 -24
right_child=3 8 4 -5 6 17 12 -9 10 -11 18 -13 13 20 15 -17 -18 -19 -20 -21 22 -23 23 24 27 -27 -28 -29 -30 -31
leaf_value=-10.582867853683576 3.4787050625315206 3.2704428912112635 -6.474134683681168 36.760982824216377 7.1401232590426815 -3.7994569762787465 -2.0881673333257349 0.31115509595504709 2.6577564749530609 0.96242315634015663 -3.8540637910153843 0.63206651188825169 -0.10360945108847447 -1.3058927178037878 1.335674495983534 -0.79230459847421053 -0.2937181629315308 -0.38044205255752356 0.14625946461341927 -2.4142233558884527 -0.65542568153186576 -0.039434874153340203 2.7323736298928183 1.9042223909674101 -0.10648497846047517 0.48455146163315349 -0.24152487515718379 -1.3523246916338167 0.40602009359187152 0.44751305976188083
leaf_weight=3350 7786 5239 5121 3805 3189 5454 6707 4682 5352 13515 2964 15061 4574 12066 11786 17132 13354 19765 68141 12383 11410 39471 2526 5023 8787 87727 25117 18934 9815 14782
leaf_count=3350 7786 5239 5121 3805 3189 5454 6707 4682 5352 13515 2964 15061 4574 12066 11786 17132 13354 19765 68141 12383 11410 39471 2526 5023 8787 87727 25117 18934 9815 14782
internal_value=0.000430521 -0.000401453 -0.00205881 0.0233731 -0.00176751 -0.0096737 -0.000980534 0.0165544 0.00468569 0.0134779 0.00288218 0.0109362 -0.00123838 -0.000669726 -0.00540373 -0.000390625 -0.00921938 -0.00587221 0.000568797 -0.0139477 0.000252049 -0.00376841 0.00137755 -0.00232445 -0.00563235 0.00393165 -0.00068325 -0.0110111 -0.00358135 0.0087308
internal_weight=465018 448745 338473 16273 335123 30340 304783 12468 110272 18754 91518 20413 301594 281533 45875 28918 20061 25219 71105 16957 235658 51537 184121 75169 57861 108952 30140 27721 21225 17308
internal_count=465018 448745 338473 16273 335123 30340 304783 12468 110272 18754 91518 20413 301594 281533 45875 28918 20061 25219 71105 16957 235658 51537 184121 75169 57861 108952 30140 27721 21225 17308
cat_boundaries=0 4 8 12 16 20 24 29 33 35 39 43 48 52 56 60 64 66 70 74 78 83 87 91 94
cat_threshold=0 67108864 24576 640 286402049 135921984 37753893 28521604 1073741824 8388640 2098112 11 307499060 135450122 805307184 3019899142 167774217 1704195 2754087377 20450563 2147652929 281608324 36668096 16790027 76152840 3523227653 2191523840 1091836968 1 1216897216 6619137 1254137609 1350666240 2084044808 2 437814337 91304976 587530261 68288560 134221828 1380233766 1211109568 1476427867 167919680 415859509 1075904592 6427720 1 65568 32769 545267712 176422916 2298487808 2299527188 1677721600 160 7610404 1093117000 289412122 33835044 2182386176 1342308568 2149646368 742921312 1605508548 1 73498904 1073753794 825425922 134742024 2206899009 336595076 201424896 1712960 34050 1073742466 68288528 134750224 0 4096 64 18 1 131588 2197848084 0 558235652 184681026 67633280 2049 75699712 134221824 34095105 1174863876
is_linear=0
shrinkage=0.1


Tree=33
num_leaves=31
num_cat=23
split_feature=0 0 0 9 8 6 9 9 8 11 9 8 1 9 9 8 9 4 8 9 11 8 9 11 9 8 8 4 9 8
split_gain=789.901 334.445 246.876 234.787 186.662 173.104 166.378 158.159 134.161 137.021 152.041 122.386 128.968 120.288 117.29 156.024 112.353 121.462 127.018 155.931 111.294 107.671 102.077 101.089 112.864 99.5799 96.2901 95.269 93.8131 91.0564
threshold=585.00000000000011 -8.9999999999999982 1107.0000000000002 0 1 765.50000000000011 2 3 4 5 6 7 39.000000000000007 8 9 10 11 195.00000000000003 12 13 14 15 16 17 18 19 20 735.00000000000011 21 22
decision_type=2 2 2 9 9 2 9 9 9 9 9 9 10 9 9 9 9 2 9 9 9 9 9 9 9 9 9 2 9 9
left_child=1 3 6 -1 -3 16 -2 25 13 10 -10 22 23 -9 15 -11 20 -18 19 -19 -6 -16 -5 28 29 -7 -17 -8 -13 -25
right_child=2 4 -4 11 5 7 27 8 9 14 -12 12 -14 -15 21 26 17 18 -20 -21 -22 -23 -24 24 -26 -27 -28 -29 -30 -31
leaf_value=-5.3328506945886156 -2.6719016287138402 11.038903982441798 33.084884541794736 -2.726944018518735 -1.6846799453024817 0.24843249605941722 3.4398281051722224 -1.8633872935505609 2.0946211176852048 1.4069766869242679 -1.3885332929062693 -1.1867808149225667 2.0988110250708845 -0.05850586106012088 1.0303849662575872 -1.4352687265352615 0.14451485124135127 -3.6607949158576609 -0.31625520781396621 -0.72737813056107259 1.0061564454526961 0.3276749883579555 -0.56750055017352852 0.53443877926841565 -0.65618695037524177 2.0563534631779108 -0.32040708934918599 2.4929966007958231 1.6563958260189668 -0.23460042911351522
leaf_weight=8154 2209 2988 3805 4517 2316 10607 6878 7106 2501 8322 10192 3471 5791 24006 34181 2267 22338 7305 57374 15211 13232 62873 9621 10089 60048 13556 21673 3381 8703 20303
leaf_count=8154 2209 2988 3805 4517 2316 10607 6878 7106 2501 8322 10192 3471 5791 24006 34181 2267 22338 7305 57374 15211 13232 62873 9621 10089 60048 13556 21673 3381 8703 20303
internal_value=0.000384286 -0.000400562 0.0220273 -0.00465925 0.00134948 0.00111309 0.015223 0.00292421 0.00186593 0.00316894 -0.0067425 -0.00356458 -0.00242264 -0.00408071 0.00414225 -0.00108143 -0.0019206 -0.00312506 -0.00494805 -0.0113114 0.00599691 0.0058786 -0.0123127 -0.00324225 -0.00439359 0.0105014 -0.00518163 0.0205716 0.00531024 0.000572331
internal_weight=465018 448745 16273 130697 318048 315060 12468 197284 173121 142009 12693 122543 108405 31112 129316 32262 117776 102228 79890 22516 15548 97054 14138 102614 90440 24163 23940 10259 12174 30392
internal_count=465018 448745 16273 130697 318048 315060 12468 197284 173121 142009 12693 122543 108405 31112 129316 32262 117776 102228 79890 22516 15548 97054 14138 102614 90440 24163 23940 10259 12174 30392
cat_boundaries=0 4 8 12 17 21 23 27 31 35 39 43 47 51 55 57 61 65 67 71 75 79 83 87
cat_threshold=16448 71565344 1208085504 704 0 8388640 2101184 11 143222978 67377152 1261520898 545266384 1348735004 1105450 822083730 2751594756 2 6574116 1093049931 297799686 176160772 541634566 19 33638464 10748096 1082261504 134250552 275778053 1141549632 809505805 44105892 34603905 807403536 2317418528 147887200 134783040 3227910272 1153587201 1342483088 3221226504 5308816 278544 17842208 1707346466 2149189836 814876929 2688549120 144506913 3225591808 1568727041 47775780 33570824 387973634 186646592 18135256 1141413912 5 2291138818 269025280 235651104 19117760 37664 268566724 2199916544 1625340960 21149973 5 68289578 2425520832 2684616705 2755428366 3499025 1862546184 402690052 209760256 1049088 0 1073807360 4096 110788770 427819344 2150629516 547166209 3254861896 826556803 34138352 1059848
is_linear=0
shrinkage=0.1


Tree=34
num_leaves=31
num_cat=23
split_feature=0 0 9 0 8 8 8 9 4 9 8 11 9 0 11 9 8 8 9 8 9 11 9 9 9 4 9 8 9 6
split_gain=723.767 381.392 246.987 188.182 212.516 202.154 176.74 223.391 142.958 122.594 157.215 115.579 111.719 104.342 102.842 166.815 150.326 102.218 120.754 101.279 99.3927 97.5804 139.848 116.602 81.2371 79.2678 78.533 78.4575 74.6174 73.29
threshold=843.00000000000011 183.00000000000003 0 -122.99999999999999 1 2 3 4 45.000000000000007 5 6 7 8 1215.0000000000002 9 10 11 12 13 14 15 16 17 18 19 735.00000000000011 20 21 22 507.50000000000006
decision_type=2 2 9 2 9 9 9 9 2 9 9 9 9 2 9 9 9 9 9 9 9 9 9 9 9 2 9 9 9 2
left_child=1 2 -1 4 -4 -5 11 -8 -7 10 28 -3 -11 25 16 27 -12 18 -14 26 -13 22 -19 -23 -21 -2 -9 -16 -10 -25
right_child=13 6 3 5 -6 8 7 19 9 12 14 20 17 -15 15 -17 -18 21 -20 24 -22 23 -24 29 -26 -27 -28 -29 -30 -31
leaf_value=-8.9912959988563568 5.6669893244670568 0.97309892480675453 -0.29833798707485409 7.0090760173530668 -5.5496205075722145 0.99069319736534289 2.4399003786720415 2.1394349840695499 -3.995488339034706 6.5627601944875442 -4.9550130544120226 -3.1428911950667584 -1.3663501866672623 43.174255904636311 0.18276896639669307 -0.62220581797707275 -0.026888287477767749 -2.5894303220153163 -0.093539419593751033 -0.79407827302093781 -0.2907511911067644 1.5327329706617379 0.02517139434994391 -0.29962676421086115 0.5042549481379609 1.9758620012285861 0.78106745447768167 3.4511307777861577 -1.3903813867277988 0.09098629536547094
leaf_weight=3541 2716 6013 12343 3008 9256 1826 12641 8429 3871 1505 4760 4268 14526 2834 3570 21338 6161 5985 27948 8868 8232 11255 9411 30664 32626 1561 14837 4926 9944 176155
leaf_count=3541 2716 6013 12343 3008 9256 1826 12641 8429 3871 1505 4760 4268 14526 2834 3570 21338 6161 5985 27948 8868 8232 11255 9411 30664 32626 1561 14837 4926 9944 176155
internal_value=0.00035547 -0.000136163 -0.00162172 -0.00136165 -0.0104102 -0.000781498 0.00547053 0.00756934 -0.00101436 -0.00116785 -0.00550018 -0.0033067 -0.000315542 0.0320138 -0.00237336 0.000666801 -0.0106715 -0.000464208 -0.00497599 0.00519376 -0.00878497 0.000356776 -0.0073348 0.000900112 0.00223111 0.0221534 0.0104743 0.0125088 -0.0147161 0.000360443
internal_weight=465018 457907 361993 358452 21599 336853 95914 77401 333845 332019 54570 18513 277449 7111 40755 29834 10921 275944 42474 64760 12500 233470 15396 218074 41494 4277 23266 8496 13815 206819
internal_count=465018 457907 361993 358452 21599 336853 95914 77401 333845 332019 54570 18513 277449 7111 40755 29834 10921 275944 42474 64760 12500 233470 15396 218074 41494 4277 23266 8496 13815 206819
cat_boundaries=0 4 8 12 16 20 24 28 30 34 36 40 44 48 52 56 60 62 66 70 74 79 82 86
cat_threshold=0 67108864 25600 640 1242120520 547389491 2167687506 4194315 0 8388640 2097984 4194315 539583024 1157929256 298852364 243269636 307499048 806393355 840958640 2483290372 1208508608 6553632 1319148296 1350609985 69208360 1174542338 163582088 179021892 2215874563 25 536870936 0 536870912 2147483904 1682440200 3 16384 0 144703488 34880 135299584 2629632 2181202948 83886864 23339040 3357641817 272896031 42205220 2274496771 536903812 2433810592 606736410 3372391680 2193686660 35848640 18022411 8519688 824443714 2317484160 18748488 2959712307 22 34767904 822708992 16777218 3100678 5245472 1580032 285540514 541069312 125378 107235376 30784 1212156592 75539970 3365928964 26218752 1209146539 1 152045120 4 2248671232 128 4194304 167772160 268470336
is_linear=0
shrinkage=0.1


Tree=35
num_leaves=31
num_cat=22
split_feature=0 0 9 8 0 8 3 9 8 9 4 11 9 9 11 9 6 3 8 9 9 8 8 9 8 4 10 9 8 9
split_gain=663.95 358.482 222.209 185.137 173.032 176.024 157.948 143.963 137.795 195.474 135.054 123.822 111.398 98.2361 96.0568 112.641 91.02 111.168 123.866 125.778 99.9133 193.168 131.288 101.071 88.5485 87.3669 86.6215 157.434 107.816 105.608
threshold=1011.0000000000001 231.00000000000003 0 1 -56.999999999999993 2 1.5000000000000002 3 4 5 45.000000000000007 6 7 8 9 10 423.50000000000006 6.5000000000000009 11 12 13 14 15 16 17 165.00000000000003 18 19 20 21
decision_type=2 2 9 9 2 9 2 9 9 9 2 9 9 9 9 9 2 2 9 9 9 9 9 9 9 2 9 9 9 9
left_child=1 2 -1 13 5 -4 -7 24 9 -6 -10 -8 -13 -3 15 -9 -12 20 -19 -20 21 -18 23 -22 -5 -25 29 -28 -29 -24
right_child=-2 3 4 7 8 6 11 14 10 -11 16 12 -14 -15 -16 -17 17 18 19 -21 22 -23 26 25 -26 -27 27 28 -30 -31
leaf_value=-8.4435794395312325 20.100290392020352 5.1108753998647281 0.029817866999890443 0.31249304246837828 5.0986636175074018 -2.385036370752367 1.6389615174431285 -5.2078947273394878 0.96923335015375756 0.041947103196888859 -0.84691725918537131 -4.0864498569294616 -0.88515847609390796 1.431345524196229 0.50711349712752851 -0.16467786489134256 0.18966616735083619 -0.97132500885373219 -0.35631807385306491 1.8057523103492856 -0.02295173530373432 -1.0141927418004071 -0.47367319600424906 4.250459541867798 2.3069891008509389 0.89607334732054233 -0.93575569879213105 0.70361466858685162 -0.24975440615853303 0.099909796048648053
leaf_weight=3569 4654 3575 23196 5063 4594 7369 3285 3329 1751 7488 12719 5696 13278 14561 25227 14533 19263 16276 18923 43208 19144 26231 15768 1028 7877 17313 23398 6939 21376 74387
leaf_count=3569 4654 3575 23196 5063 4594 7369 3285 3329 1751 7488 12719 5696 13278 14561 25227 14533 19263 16276 18923 43208 19144 26231 15768 1028 7877 17313 23398 6939 21376 74387
internal_value=0.000321708 -5.82148e-05 -0.00128108 0.00630958 -0.00104903 -0.00636264 -0.0114684 0.00346455 -0.000197995 0.0102795 -0.000596726 -0.00727122 -0.0103719 0.0150887 0.000685631 -0.0049239 -0.000750222 -0.000402633 0.00283967 0.00487359 -0.00153326 -0.00571818 -0.00047139 0.00479131 0.0127104 0.0100948 -0.00186216 -0.00512441 -0.000107679 9.42716e-06
internal_weight=465018 460364 386199 74165 382630 52824 29628 56029 329806 12082 317724 22259 18974 18136 43089 17862 315973 303254 78407 62131 224847 45494 179353 37485 12940 18341 141868 51713 28315 90155
internal_count=465018 460364 386199 74165 382630 52824 29628 56029 329806 12082 317724 22259 18974 18136 43089 17862 315973 303254 78407 62131 224847 45494 179353 37485 12940 18341 141868 51713 28315 90155
cat_boundaries=0 4 8 12 16 20 24 26 31 35 37 41 45 49 53 57 61 66 70 71 75 79 84
cat_threshold=128 67108864 17408 640 134387968 281542788 2720762816 17838091 3456716864 819986481 1144342848 4194330 6686252 3893532162 805306498 2751529223 1073743176 8388641 2191329 16777227 68681761 33689601 2718960416 2147494216 3240343812 21 100688640 539820100 1487935744 1080079456 1 345112576 2426406409 2721057456 3557855496 944287557 3 142641280 67117376 167798788 27133648 21241888 3221327064 390332428 48314372 2156971363 35684641 2155878664 1629298696 153628704 1078198304 1116833888 1484799061 2684500485 3255524372 67502092 3215876 198268928 99974 3793649684 6422656 1410402629 940802052 4194960 540721154 2 372072450 201398552 289419270 75515028 454953400 2449621254 159462401 136314880 559104040 2228224 7340032 16777218 22608 34635776 35660376 131200 67207168 1
is_linear=0
shrinkage=0.1


Tree=36
num_leaves=31
num_cat=24
split_feature=0 0 9 8 9 0 8 9 4 8 8 9 10 6 3 8 9 9 10 8 9 9 8 11 9 9 8 8 9 9
split_gain=601.04 311.193 199.77 190.239 174.37 194.813 169.194 168.175 152.987 172.95 128.841 158.498 116.084 104.674 123.299 111.111 127.456 105.533 104.141 100.125 173.282 123.431 117.389 96.2392 104.173 89.966 89.7541 89.4028 88.2238 88.0183
threshold=1077.0000000000002 279.00000000000006 0 1 2 -80.999999999999986 3 4 75.000000000000014 5 6 7 8 423.50000000000006 6.5000000000000009 9 10 11 12 13 14 15 16 17 18 19 20 21 22 23
decision_type=2 2 9 9 9 2 9 9 2 9 9 9 9 2 2 9 9 9 9 9 9 9 9 9 9 9 9 9 9 9
left_child=1 2 -1 29 -4 6 -6 -5 9 -7 11 -10 25 -12 17 -16 -17 27 -18 21 22 -19 -21 -8 -25 -9 -22 -15 -14 -3
right_child=-2 3 4 7 5 8 23 12 10 -11 13 -13 28 14 15 16 18 19 -20 20 26 -23 -24 24 -26 -27 -28 -29 -30 -31
leaf_value=-7.8478084550175993 21.956455883201762 4.979026594414103 6.0992269606596459 -1.4280625769601869 -4.9027450422760284 3.0219207909674966 0.92425726577502731 1.9501879694960509 2.8381343314945866 0.15949612558917858 -0.9173944150616582 0.24791356130175332 -2.9706207155991482 -1.6139720411617191 -1.672291339321162 2.6782838481260627 -0.47945136076798556 0.88786281620701912 1.189177720759935 -2.4668108023284741 0.44149895477580758 -0.027343181159606902 -0.35712417744850883 -3.9470915544029994 -0.81957127462656709 0.69026135281831102 -0.15192901044737894 -0.37958440433252572 0.97230992412641803 1.5504968624677531
leaf_weight=3572 4027 3099 2804 8142 4922 1955 6358 8085 7015 5129 13128 20180 3008 11387 8467 16945 30606 15716 27656 6088 15639 39297 8834 4764 18734 19058 114518 20082 3680 12123
leaf_count=3572 4027 3099 2804 8142 4922 1955 6358 8085 7015 5129 13128 20180 3008 11387 8467 16945 30606 15716 27656 6088 15639 39297 8834 4764 18734 19058 114518 20082 3680 12123
internal_value=0.000285365 -5.06517e-05 -0.00102849 0.00685287 -0.000818021 -0.000993634 -0.00814308 0.00337637 -0.000308017 0.0142434 -0.000597933 0.00601544 0.00648178 -0.0011458 -0.00078148 0.00250855 0.0037312 -0.00197032 0.00151016 -0.00112343 -0.00250088 0.00250895 -0.0127043 -0.00530369 -0.00825676 0.00938939 -0.00133021 -0.00735252 -0.00531502 0.0164259
internal_weight=465018 460991 403796 57195 400224 397420 34778 41973 362642 7084 355558 27195 33831 328363 315235 83674 75207 231561 58262 200092 145079 55013 14922 29856 23498 27143 130157 31469 6688 15222
internal_count=465018 460991 403796 57195 400224 397420 34778 41973 362642 7084 355558 27195 33831 328363 315235 83674 75207 231561 58262 200092 145079 55013 14922 29856 23498 27143 130157 31469 6688 15222
cat_boundaries=0 4 8 13 17 21 25 29 33 34 38 42 46 48 52 56 60 64 66 70 74 78 82 86 90
cat_threshold=0 67108864 16384 640 2298646785 12714116 2150337472 17838603 536870928 16384 536870912 2147483904 2 286270467 404357441 171971749 11706500 671099264 71581701 178350440 1484784336 2157445120 2164805632 1077936130 147472 1073812808 8454182 2879328 16777867 72888353 2197950593 2182152480 1610622984 773621450 4464672 1073775816 289669253 48312324 304415244 554243730 269615232 207787074 136851617 4595745 36935680 1887444033 1410534481 10 97536001 560785 2735997060 7517184 51380228 5120 150995008 1114128 2165312522 7690 1225261078 1114128 136314912 1346371584 1073741824 8388676 3225663889 29 268451916 135070486 1084424208 6460488 314834948 682661378 536870912 2215510284 136445952 1648627712 1073741824 96 49283072 1293981185 163578012 101630048 2224717824 698458944 2147614724 18783272 338821120 2418049549 3123707936 3557824776
is_linear=0
shrinkage=0.1


Tree=37
num_leaves=31
num_cat=25
split_feature=0 0 9 8 8 9 9 0 11 9 8 0 8 8 4 9 8 11 9 8 9 9 10 11 10 9 8 8 9 11
split_gain=534.167 290.907 197.784 188.724 172.744 186.477 164.13 140.994 117.347 124.307 115.475 100.906 213.654 124.074 95.7677 149.778 105.466 95.7547 92.2414 80.892 125.434 100.264 76.9406 71.5426 70.1387 169.499 102.967 101.312 95.4859 107.174
threshold=1155.0000000000002 75.000000000000014 0 1 2 3 4 531.00000000000011 5 6 7 -194.99999999999997 8 9 135.00000000000003 10 11 12 13 14 15 16 17 18 19 20 21 22 23 24
decision_type=2 2 9 9 9 9 9 2 9 9 9 2 9 9 2 9 9 9 9 9 9 9 9 9 9 9 9 9 9 9
left_child=1 2 3 -1 6 10 17 14 -5 -10 -6 13 -13 -4 15 -7 -17 -3 -9 21 -21 -16 -8 -12 25 27 -26 -14 29 -28
right_child=-2 4 11 8 5 7 22 18 9 -11 23 12 24 -15 19 16 -18 -19 -20 20 -22 -23 -24 -25 26 -27 28 -29 -30 -31
leaf_value=-2.9227707074012752 25.201882344667411 1.1889655440817664 -9.057503149336867 2.5997583642190278 4.4590056616878488 1.8341095547425548 -4.8645695013058159 -0.36664572628208136 -7.2275461022851148 -0.78686190792963306 -0.97641359649809945 4.4422118242325572 0.19243117516898495 -0.53395757440248415 -1.5254348049286799 -0.35176036613511319 0.46124021538455229 -2.2974832685592048 2.4645020166387326 1.4295719628889914 0.14200911343645545 -0.11480180128495476 0.17089833256279263 1.6575517499107872 -1.3123606114246309 0.5092293973105172 0.96385980228908896 -0.94712942207805018 -0.18058595014066228 -0.41288542041353332
leaf_weight=10844 3421 898 2837 3774 5607 3960 1005 2791 3326 19032 2145 4998 12599 6439 4340 4911 8169 8029 8308 11139 57786 37941 20930 14394 8878 36163 12908 12924 129555 4967
leaf_count=10844 3421 898 2837 3774 5607 3960 1005 2791 3326 19032 2145 4998 12599 6439 4340 4911 8169 8029 8308 11139 57786 37941 20930 14394 8878 36163 12908 12924 129555 4967
internal_value=0.000253539 -3.82368e-05 -0.00216012 -0.00895204 0.00293185 0.00424177 -0.00392265 0.00288651 -0.0043455 -0.00709943 0.012764 -0.00107845 -0.000653387 -0.011298 0.00195094 0.00893192 0.00375859 -0.0153463 0.0136994 0.000881247 0.0029934 -0.00256201 0.000731374 0.00854734 -0.00112246 0.00173269 -0.00224926 -0.00450593 -0.00161896 0.00523064
internal_weight=465018 461597 269244 36976 192353 161491 30862 139345 26132 22358 22146 232268 222992 9276 128246 17040 13080 8927 11099 111206 68925 42281 21935 16539 217994 61686 156308 25523 147430 17875
internal_count=465018 461597 269244 36976 192353 161491 30862 139345 26132 22358 22146 232268 222992 9276 128246 17040 13080 8927 11099 111206 68925 42281 21935 16539 217994 61686 156308 25523 147430 17875
cat_boundaries=0 4 8 12 16 21 23 27 31 35 39 43 47 48 52 56 61 65 66 68 70 75 79 83 88 90
cat_threshold=134226112 71565344 1252129816 1082170048 5253193 1073911810 159454345 45809764 2433056 1963240296 293617668 247726212 7602232 554702346 975176368 2485131524 1997539458 321916928 2384461825 13112424 1 2164472066 16 0 67371008 8413184 640 6 2160082945 2403291 20481803 1073807360 8388641 2100192 4194315 17891329 2400862277 52560001 86017872 2315386884 268476692 9633792 134250506 2541748738 2768896 1610612738 135168 3759144992 2290710978 71696384 1091786752 134283985 1682980869 2148668416 71612475 17877248 369240576 268648449 2164261120 553649184 3 268435456 2516713489 148484 1090527392 1212219392 2218854402 16 678214049 12 1113358336 312484822 2218786820 472645649 1 34104832 1111491648 272633868 58720772 470302730 3003142426 1275266048 68264528 542120472 304635462 285343746 2153775108 2 1629782351 9
is_linear=0
shrinkage=0.1


Tree=38
num_leaves=31
num_cat=26
split_feature=0 0 0 8 9 8 10 4 8 8 9 9 9 8 9 9 9 11 9 11 9 8 8 9 8 8 8 9 9 9
split_gain=467.342 249.139 187.854 199.718 177.9 177.37 139.823 136.794 162.408 136.441 125.964 123.647 105.458 98.8088 137.029 98.3877 97.1556 94.5859 224.549 203.833 191.561 145.733 144.594 175.833 137.01 134.156 99.1897 94.9394 87.716 76.3044
threshold=1227.0000000000002 315.00000000000006 -122.99999999999999 0 1 2 3 75.000000000000014 4 5 6 7 8 9 10 11 12 13 14 15 16 17 18 19 20 21 22 23 24 25
decision_type=2 2 2 9 9 9 9 2 9 9 9 9 9 9 9 9 9 9 9 9 9 9 9 9 9 9 9 9 9 9
left_child=1 2 5 -4 -3 -1 -6 8 -5 15 -7 -9 -13 14 -14 -8 -11 20 19 25 26 -21 23 -20 29 -19 -15 -26 -27 -22
right_child=-2 4 3 7 6 10 9 11 -10 16 -12 12 13 17 -16 -17 -18 18 22 21 24 -23 -24 -25 27 28 -28 -29 -30 -31
leaf_value=-7.0922644926402345 34.530967452183745 -1.7823608314823389 12.803828236156676 2.7392235994754461 -1.3009157319343445 -6.1272700150122263 2.027335155023414 1.8262059090114264 0.15482075903873077 2.8575530709202925 -0.19454625552936983 -5.570750538775707 -3.0172392427513497 -1.4698476693706084 -0.12416901669343333 -0.61833926542718132 1.220825864164766 -1.3478437219131791 2.0668289406149785 1.3313476859263547 1.6170646087946967 -0.38561456749102413 0.052180436743270955 0.31085155470952802 0.81958681238648845 -0.68603826120146649 -0.33267194524788696 -0.39049858996558273 0.064363947216984491 0.21027519521925342
leaf_weight=4701 2739 6737 1582 1940 4496 2956 3832 12645 5774 8472 14635 3304 6758 18711 10822 6981 18185 12621 11272 16401 6772 18311 85268 41402 5042 15045 24973 52047 15129 25465
leaf_count=4701 2739 6737 1582 1940 4496 2956 3832 12645 5774 8472 14635 3304 6758 18711 10822 6981 18185 12621 11272 16401 6772 18311 85268 41402 5042 15045 24973 52047 15129 25465
internal_value=0.00023526 -8.76094e-06 -0.000805414 -0.000296715 0.00675626 -0.00973443 0.00917667 -0.000441095 0.0127431 0.0111766 -0.00511051 -0.000707352 -0.00104033 -0.000879527 -0.00819215 0.00169546 0.0150204 -0.000510375 0.00078414 -0.00352245 -0.00260713 0.00217153 0.00320401 0.00732291 4.70135e-05 -0.0081404 -0.00803314 -0.00289585 -0.00451564 0.00525785
internal_weight=465018 462279 413576 391284 48703 22292 41966 389702 7714 37470 17591 381988 369343 366039 17580 10813 26657 348459 215449 77507 133010 34712 137942 52674 89326 42795 43684 57089 30174 32237
internal_count=465018 462279 413576 391284 48703 22292 41966 389702 7714 37470 17591 381988 369343 366039 17580 10813 26657 348459 215449 77507 133010 34712 137942 52674 89326 42795 43684 57089 30174 32237
cat_boundaries=0 4 9 13 15 19 23 28 33 37 41 45 49 53 55 60 61 65 69 73 77 81 85 89 93 97 101
cat_threshold=0 8388608 832 11 134310096 71581696 1272014856 1350568640 2 17966593 2300182532 38278305 27423840 3506974980 6 2425880578 2148028416 1077936130 151552 7676940 19700600 1430261770 33554436 402669632 679576324 1076445760 6297216 1 543164472 154690 822870178 2684354816 2 128 67108864 33603584 640 6291496 1208126978 289681433 44302340 386007045 35651588 2284984320 1094750280 340132133 1614530 2097172 621215752 374603789 957515272 807404320 2214986024 2825429563 19 134784000 7611312 12598024 1208756241 1 1141899456 2156676609 461963264 3355444544 30628868 3557426689 2167414932 69337218 17451344 469803264 67657936 606799904 72400528 269500932 524288 3358588928 1085484 25822211 338759720 2195458 1728368 8519685 2621448 35651584 547152 2332592131 2507677696 169936896 85101632 73728 262784 8519680 134217728 134217728 512 8390656 134744064 12352 2149843344 9437184 268468243
is_linear=0
shrinkage=0.1


Tree=39
num_leaves=31
num_cat=24
split_feature=0 0 9 8 8 0 9 9 9 4 11 9 11 9 8 9 1 8 9 8 8 8 10 9 11 8 9 4 8 11
split_gain=408.954 242.376 182.43 188.586 139.385 173.362 159.492 143.657 125.686 125.06 110.922 96.247 93.914 166.332 92.2341 99.3868 86.9868 86.582 85.2929 110.952 95.6419 80.0653 75.3016 92.3089 110.501 85.6295 71.7161 70.0163 104.302 71.0347
threshold=1287.0000000000002 39.000000000000007 0 1 2 471.00000000000006 3 4 5 45.000000000000007 6 7 8 9 10 11 -122.99999999999999 12 13 14 15 16 17 18 19 20 21 135.00000000000003 22 23
decision_type=2 2 9 9 9 2 9 9 9 2 9 9 9 9 9 9 8 9 9 9 9 9 9 9 9 9 9 2 9 9
left_child=1 2 3 11 6 7 -3 -6 -7 -9 -5 -1 13 21 15 -4 -16 -10 20 -20 -14 -11 25 24 -24 -18 -19 28 -25 -29
right_child=-2 4 14 10 5 8 -8 9 17 12 -12 -13 18 -15 16 -17 22 26 19 -21 -22 -23 23 27 -26 -27 -28 29 -30 -31
leaf_value=-1.6285008916169668 41.887685924855674 -1.8462934206685018 0.95795955479648931 -1.7402954313380115 2.2839789795839622 3.0448249962479736 0.10785450380856575 1.6563942410283248 2.4803583514627121 -3.5460856306485145 -0.08735141058103793 -4.2423402848317782 -0.69077922948296244 0.12350617654598645 -1.6196655931855197 -4.4267355638183407e-05 -0.32967926584963947 -3.0125084176793564 1.5241104074557541 0.23258747975827421 0.17390059667680405 -0.8013893522089639 -0.20978201631055324 1.3066756385633329 -1.8620882925998996 0.58074712169187459 0.73326265410264002 0.78943170112862493 0.053353644519878431 -0.26250947315624346
leaf_weight=4493 2313 7996 10566 10312 10302 6482 13380 813 4756 4722 22159 6040 16826 24472 7338 22630 10859 1964 13365 92279 33356 5694 12934 1849 8806 20099 6944 7779 7777 65713
leaf_count=4493 2313 7996 10566 10312 10302 6482 13380 813 4756 4722 22159 6040 16826 24472 7338 22630 10859 1964 13365 92279 33356 5694 12934 1849 8806 20099 6944 7779 7777 65713
internal_value=0.000187735 -2.19362e-05 -0.0024326 -0.00827173 0.00215101 0.00289366 -0.00555971 0.00201086 0.0117393 0.00139164 -0.00449647 -0.0198947 0.00122487 -0.00346438 -0.00100817 0.00374029 -0.00210947 0.006282 0.00227483 0.00388722 -0.0011197 -0.0140418 -0.00153664 -0.00281592 -0.00861609 0.00279644 0.000459744 -0.001298 0.00672138 -0.00234855
internal_weight=465018 462705 219354 43004 243351 221975 21376 201829 20146 191527 32471 10533 190714 34888 176350 33196 143154 13664 155826 105644 50182 10416 135816 104858 21740 30958 8908 83118 9626 73492
internal_count=465018 462705 219354 43004 243351 221975 21376 201829 20146 191527 32471 10533 190714 34888 176350 33196 143154 13664 155826 105644 50182 10416 135816 104858 21740 30958 8908 83118 9626 73492
cat_boundaries=0 4 8 12 16 21 25 27 31 33 38 42 47 51 56 60 64 68 70 75 77 81 85 89 91
cat_threshold=134750400 340000896 1319233544 1082178256 139470857 3221260291 1225340361 35717220 19226656 1678019144 293605380 180617220 1444053120 305140244 2585788416 80000104 1081081912 136202 1040196256 2483028292 2 302384644 689018374 838861600 2483946752 613975040 3 524352 272891904 1082212360 8396864 2689116695 27 268600962 662799104 2100484 4070528 1 1297227848 536871427 16902624 4399179 2147538738 1216355600 554696834 2835939584 2 2281865987 2161180804 170492032 1050121 16965696 1076103584 1099059267 1209533067 1 1344 167772160 3760947952 18907851 1049161 152056832 3897147538 19931344 68321280 54010242 102793216 84064576 543996341 4 2172671264 2164391984 17826320 2952856833 1 2371718800 16 2147582980 3580040 2689598467 8412464 134310080 71565312 152127488 134218449 256 285233152 1612840960 18432 1365279109 9
is_linear=0
shrinkage=0.1


Tree=40
num_leaves=31
num_cat=22
split_feature=0 2 6 8 8 9 0 9 0 9 9 4 8 8 9 8 9 9 9 3 6 9 9 11 9 8 9 9 11 9
split_gain=359.645 216.442 188.282 178.369 159.439 221.006 109.37 160.202 107.609 101.562 97.5543 101.031 98.0593 96.6775 101.093 96.6651 88.0978 86.6733 84.7899 80.2821 107.847 145.023 118.318 77.1496 73.4198 68.3019 68.0682 64.9749 64.842 83.7643
threshold=1329.0000000000002 -38.999999999999993 760.50000000000011 0 1 2 405.00000000000006 3 -128.99999999999997 4 5 135.00000000000003 6 7 8 9 10 11 12 4.5000000000000009 1162.5000000000002 13 14 15 16 17 18 19 20 21
decision_type=2 8 2 9 9 9 2 9 2 9 9 2 9 9 9 9 9 9 9 2 2 9 9 9 9 9 9 9 9 9
left_child=1 3 10 9 5 -4 19 -8 26 -1 12 27 -3 14 -13 -9 25 -7 -15 24 22 -22 -21 -19 -6 -10 -5 -12 29 -20
right_child=-2 2 4 8 6 17 7 15 16 -11 11 13 -14 18 -16 -17 -18 23 28 20 21 -23 -24 -25 -26 -27 -28 -29 -30 -31
leaf_value=-4.5798736972955441 43.689102114479788 4.5515612832329113 -0.126597639803536 0.01456950496496745 0.28084526146552452 8.4074346333623513 -3.183975477191868 2.3242467228968509 -2.2762257278347278 -1.4533046954947604 2.1500419428985809 0.66320330107769954 0.0066180650192347208 -1.9937694140610576 -0.46725329273901295 0.42369341998403343 0.05182330950184344 2.1803891163205136 -4.4896838003284714 -1.2294948934790426 -2.4224188189593461 0.4916499727008754 1.1711712774712613 0.61966759833286611 -0.16638072935341947 -0.29182452195813868 -7.1137772653374647 0.13360278498445874 -0.14208031505013069 -0.67607504550324116
leaf_weight=4276 2081 3727 17958 1699 16217 2967 2932 9657 3437 6796 1009 14130 6506 10939 13852 8518 39645 18023 1788 8289 8311 13126 52694 9315 79926 6484 3712 12758 52382 31864
leaf_count=4276 2081 3727 17958 1699 16217 2967 2932 9657 3437 6796 1009 14130 6506 10939 13852 8518 39645 18023 1788 8289 8311 13126 52694 9315 79926 6484 3712 12758 52382 31864
internal_value=0.000159779 -2.66775e-05 0.000855405 -0.00532711 0.00254363 0.00770099 0.00129657 0.00810395 -0.00299253 -0.0169013 -0.00195462 -0.00264971 0.00746363 -0.00354568 0.00163261 0.0116002 -0.00153129 0.0129095 -0.00503954 0.000491983 0.00278209 -0.00331903 0.00492678 0.0111379 -0.00147125 -0.00995368 -0.0163833 0.0054805 -0.00398401 -0.00740895
internal_weight=465018 462937 396888 66049 247933 48263 199670 21107 54977 11072 148955 138722 10233 124955 27982 18175 49566 30305 96973 178563 82420 21437 60983 27338 96143 9921 5411 13767 86034 33652
internal_count=465018 462937 396888 66049 247933 48263 199670 21107 54977 11072 148955 138722 10233 124955 27982 18175 49566 30305 96973 178563 82420 21437 60983 27338 96143 9921 5411 13767 86034 33652
cat_boundaries=0 4 8 12 17 21 25 29 33 38 42 46 51 55 59 63 65 70 74 78 82 84 88
cat_threshold=6292001 1074397184 1356928968 127991887 1279267136 8455168 3223710657 24117291 169871510 2516582656 1082703961 18612947 167782792 71585800 1243695106 947919554 2 20992 8260 3399534656 1079033552 536873506 655432 838992672 2420115712 1145050112 2167422981 16933365 18874683 578830340 705577060 36209156 2344602 2509275136 823198084 2292252672 1085084682 1 2197980170 2152857740 705298434 9139536 581636 339813649 1289929984 27263681 12296 134353952 536871296 2483030272 1 76 1449394211 136384640 1073747592 2290090498 2215125189 276974342 406881946 88089697 2217148417 2290096680 1887448704 1867785225 4 1371815957 707591 956334226 1627389954 2 445646080 167772420 303104 1055280 2161124106 2147886081 813830240 3105654784 2181038080 268443652 9437184 134250528 3791686202 1 278528 65536 0 65536
is_linear=0
shrinkage=0.1


Tree=41
num_leaves=31
num_cat=23
split_feature=0 0 8 9 4 6 6 10 9 8 8 11 6 9 9 8 9 11 9 8 9 9 9 1 9 9 10 9 8 9
split_gain=322.725 206.299 169.184 140.001 131.53 124.195 119.381 156.659 151.7 139.179 116.937 110.012 102.222 99.6597 87.9363 85.7011 105.266 91.342 140.146 82.3463 79.5807 78.2036 77.1908 75.5355 70.4379 70.3493 69.0773 67.2233 66.7441 64.4607
threshold=1395.0000000000002 -20.999999999999996 0 1 45.000000000000007 765.50000000000011 1142.5000000000002 2 3 4 5 6 980.50000000000011 7 8 9 10 11 12 13 14 15 16 81.000000000000014 17 18 19 20 21 22
decision_type=2 2 9 9 2 2 2 9 9 9 9 9 2 9 9 9 9 9 9 9 9 9 9 10 9 9 9 9 9 9
left_child=1 3 14 11 -4 15 9 10 28 12 -8 -1 21 -11 -3 16 -6 18 -17 29 -12 -7 -10 26 -19 -14 -21 -20 -9 -5
right_child=-2 2 4 19 5 6 7 8 22 13 20 -13 25 -15 -16 17 -18 24 27 23 -22 -23 -24 -25 -26 -27 -28 -29 -30 -31
leaf_value=2.3306649769711685 59.120191903031809 14.68791287649006 0.95397736356402685 -1.9302928955582772 -2.5110586743440235 1.809175979535806 -2.0442013913011148 0.13566901259874964 2.5806889878727506 -0.7147793059423464 -1.3789909409966232 -3.7727600950878557 0.30965061439779973 0.25170943098643728 2.4527077852773567 2.7599111307035602 -0.28433277964250919 -1.2718406758912864 -0.51089570483936553 1.1256234341426989 0.53054820357272658 0.10157586725678557 0.25275059321917581 3.8585847836794955 -0.092593046575728671 2.1791275591430153 -0.24318326451054306 0.25660984348867971 -1.9368465788260067 -0.45064970339737526
leaf_weight=1485 1679 1525 1984 3417 6764 4948 9192 3325 2893 13604 3456 9019 4590 91090 1937 3731 19947 13376 12243 6686 5555 20325 37041 1961 38444 19049 72356 34789 6043 12564
leaf_count=1485 1679 1525 1984 3417 6764 4948 9192 3325 2893 13604 3456 9019 4590 91090 1937 3731 19947 13376 12243 6686 5555 20325 37041 1961 38444 19049 72356 34789 6043 12564
internal_value=0.000102577 -5.60065e-05 0.00110369 -0.00389532 0.000887205 0.000741856 0.00218148 -0.00132361 0.00160407 0.00372186 -0.00924889 -0.0148564 0.00812518 0.00166374 0.0230703 -0.00172011 -0.00676434 -0.000405973 0.00260867 -0.00270635 -0.00114732 0.00370554 0.00429101 -0.0014115 -0.00335906 0.0128538 -0.00189266 0.00112665 -0.00984218 -0.00926459
internal_weight=465018 463339 355851 107488 352389 350405 221111 67505 49302 153606 18203 10504 48912 104694 3462 129294 26711 102583 50763 96984 9011 25273 39934 81003 51820 23639 79042 47032 9368 15981
internal_count=465018 463339 355851 107488 352389 350405 221111 67505 49302 153606 18203 10504 48912 104694 3462 129294 26711 102583 50763 96984 9011 25273 39934 81003 51820 23639 79042 47032 9368 15981
cat_boundaries=0 4 8 9 13 17 21 23 27 31 35 40 41 45 49 53 58 62 66 70 72 76 80 85
cat_threshold=0 8388608 2101184 11 16793664 71565344 1218570241 8422080 3422683392 150995074 37748869 1199622928 1476395666 3724578048 2147550336 3911180288 20447264 2281701636 3241170192 2839838724 68157696 2147596546 24 33635520 1141182473 46207016 276831976 1572864 1075838977 2717911808 2415927680 222887969 2013367296 1568673800 47972388 1426063368 905969667 178258114 22393036 1 1217803716 16992 655360 815923200 2147483904 271581701 1160421640 944772105 111149220 201998338 2324168912 1073872960 22200337 2110752 1073757744 83954050 69349160 1 1075861572 136210 541065344 2684388608 135287335 352333824 3516924032 134287377 9961730 376440832 3362838858 1085505 19413265 12 2416091136 276045939 2147504656 1476920966 411567874 1349156884 122683408 1117088 1074037536 822215040 50335744 1631598880 1
is_linear=0
shrinkage=0.1


Tree=42
num_leaves=31
num_cat=24
split_feature=0 0 8 4 9 9 6 9 8 8 8 8 9 9 6 10 6 8 9 10 9 9 8 8 11 11 9 9 9 8
split_gain=293.981 181.195 163.999 137.904 171.634 125.071 119.67 139.752 126.917 116.192 115.875 111.822 98.3823 96.9255 91.3394 131.882 130.834 122.905 106.768 102.941 90.0713 89.7359 101.631 84.5343 82.9332 81.2504 78.2663 74.6893 74.227 73.7474
threshold=1455.0000000000002 -50.999999999999993 0 75.000000000000014 1 2 638.50000000000011 3 4 5 6 7 8 9 1159.5000000000002 10 945.50000000000011 11 12 13 14 15 16 17 18 19 20 21 22 23
decision_type=2 2 9 2 9 9 2 9 9 9 9 9 9 9 2 9 2 9 9 9 9 9 9 9 9 9 9 9 9 9
left_child=1 5 13 4 -4 9 10 8 -8 -1 -5 12 -9 -3 16 29 19 27 -17 -13 25 22 -21 -7 -19 -12 -27 -18 -26 -16
right_child=-2 2 3 6 -6 23 7 11 -10 -11 20 14 -14 -15 15 18 17 24 -20 21 -22 -23 -24 -25 28 26 -28 -29 -30 -31
leaf_value=-0.37584475997256067 70.008172712728637 1.7170072289106799 2.6747253650152434 0.17787912168370335 0.19401454643462054 -1.3524367958499803 -0.16925959919190206 -1.9119722232270875 1.121663438236064 -3.5512780603576584 -3.9727100074927968 1.5353810618707229 -0.21058457138291795 11.885229798102003 0.37272477003680393 -1.0790239954589123 -0.093188243427673012 -0.84581945596219799 0.2581079347359565 -0.35587511402058358 -0.27023192508974475 -0.27718746298991487 0.58580898894852429 -0.077760246866378682 2.1273118780188653 3.5957154011739627 -1.1101377886075441 1.5531698457892604 0.13510514747168756 -1.5350949599939578
leaf_weight=5670 1479 1739 2000 32410 5814 8299 10127 6271 25043 8120 4388 5893 26787 1704 2582 7676 5443 7645 30974 9572 55211 55474 24413 38237 6443 612 7065 29497 26681 11749
leaf_count=5670 1479 1739 2000 32410 5814 8299 10127 6271 25043 8120 4388 5893 26787 1704 2582 7676 5443 7645 30974 9572 55211 55474 24413 38237 6443 612 7065 29497 26681 11749
internal_value=7.82765e-05 -6.37487e-05 0.000700994 0.000513532 0.0136678 -0.00517521 0.000251304 0.00127177 0.00718306 -0.0135362 -0.00274061 0.000462837 -0.00496553 0.0224008 0.00126399 -0.00236406 0.00238774 0.00549142 0.000675116 -7.65584e-05 -0.00510656 -0.000920431 0.00312546 -0.00269411 0.00175948 -0.0129317 -0.00670613 0.00984263 0.00392648 -0.0105537
internal_weight=465018 463539 403213 399770 7814 60326 391956 292270 35170 13790 99686 257100 33058 3443 224042 52981 171061 75709 38650 95352 67276 89459 33985 46536 40769 12065 7677 34940 33124 14331
internal_count=465018 463539 403213 399770 7814 60326 391956 292270 35170 13790 99686 257100 33058 3443 224042 52981 171061 75709 38650 95352 67276 89459 33985 46536 40769 12065 7677 34940 33124 14331
cat_boundaries=0 4 8 13 18 22 26 30 34 38 42 43 47 51 53 57 61 65 69 71 73 76 80 84 88
cat_threshold=0 8388608 2099136 11 134217985 2416517120 131136 17843200 16793664 1006698788 1222764545 14725824 1 1344536636 187942 826278034 2751463692 2 152397328 1315182592 239210496 206209088 3490398272 2443198492 3358720002 148756 33832964 51138631 37906466 19056528 577323040 1225181763 297803782 180355076 16779905 65536 2318598144 142643280 1153 2181038082 134316040 1610617344 3422683396 2290525440 2417038336 3422781449 1703968 134218880 4202689 8473344 1476395664 2822768644 4 1343242252 340269222 190844960 38125 1086016 990380224 136512032 23780419 84156480 73988 2147745801 68260256 140805 1092501504 708842507 12243076 138982020 10 33561624 1 16384 0 134217728 1573122 106954752 1207992392 3150912 180355586 51388481 3222276416 1070161 75638784 268501120 69632 215040
is_linear=0
shrinkage=0.1


Tree=43
num_leaves=31
num_cat=23
split_feature=0 9 0 8 9 0 8 8 9 4 9 8 3 4 8 9 6 8 11 9 11 9 8 8 8 8 8 9 8 9
split_gain=267.792 175.832 177.783 138.283 134.211 113.366 164.622 137.069 109.483 79.9658 69.2543 72.131 67.8814 136.835 258.745 245.622 109.737 122.266 97.1387 223.774 171.82 160.804 150.291 141.228 107.693 104.058 96.7186 109.899 93.9391 93.23
threshold=1521.0000000000002 0 333.00000000000006 1 2 -152.99999999999997 3 4 5 45.000000000000007 6 7 1.5000000000000002 165.00000000000003 8 9 428.50000000000006 10 11 12 13 14 15 16 17 18 19 20 21 22
decision_type=2 9 2 9 9 2 9 9 9 2 9 9 2 2 9 9 2 9 9 9 9 9 9 9 9 9 9 9 9 9
left_child=1 -1 5 -4 -5 7 8 -3 -7 -8 -6 -12 13 15 -15 -11 17 -14 19 20 25 23 -21 -20 -22 -18 27 -17 -23 -30
right_child=-2 2 3 4 10 6 9 -9 -10 12 11 -13 16 14 -16 26 18 -19 21 22 24 28 -24 -25 -26 -27 -28 -29 29 -31
leaf_value=-4.8639449207175067 75.25603639590291 -8.311131202448923 2.2041873621952619 -1.3295829790106724 1.9885449918517795 6.4580296012694962 0.66931929970793647 -0.82129924023797196 1.0901315846103774 0.99231202186496237 1.0891210193675478 -0.22675067645990341 0.81730400869073605 -1.4219455816055686 -0.15410116379653688 -1.6655116751860746 -0.4149349985896848 -1.6561496688079922 -0.47726259425185735 1.6292018990199599 -0.21442116121578891 -1.4010978147267967 0.31530861484182093 0.9945285548076761 -1.7201173136310872 3.233855947485452 0.057338069509207661 -0.19257450071759835 1.5423100006115458 -0.37008872613763366
leaf_weight=5689 1322 3035 11211 6963 4759 2500 2188 13062 3472 6875 10939 11308 3675 9473 30207 1642 7022 9508 17251 29022 16687 23812 73025 26887 13789 7738 33538 22041 5474 50904
leaf_count=5689 1322 3035 11211 6963 4759 2500 2188 13062 3472 6875 10939 11308 3675 9473 30207 1642 7022 9508 17251 29022 16687 23812 73025 26887 13789 7738 33538 22041 5474 50904
internal_value=6.42986e-05 -6.38349e-05 0.000153379 0.0061089 0.00292681 -0.000498393 -0.000164596 -0.00872523 0.0162989 -0.000416615 0.0061186 0.00377185 -0.000523973 -0.00271354 -0.00732863 0.000143535 0.000273882 -0.00863612 0.000706341 0.00244377 -0.00341025 -0.00135196 0.00503885 0.00349506 -0.00769862 0.00544347 -0.00200328 -0.00689444 -0.00401995 -0.00179471
internal_weight=465018 463696 458007 45180 33969 412827 396730 16097 5972 390758 27006 22247 388570 103776 39680 64096 284794 13183 271611 147283 45236 124328 102047 44138 30476 14760 57221 23683 80190 56378
internal_count=465018 463696 458007 45180 33969 412827 396730 16097 5972 390758 27006 22247 388570 103776 39680 64096 284794 13183 271611 147283 45236 124328 102047 44138 30476 14760 57221 23683 80190 56378
cat_boundaries=0 4 8 13 17 21 25 29 33 37 42 46 48 52 53 58 62 66 70 74 78 82 86 90
cat_threshold=128 67108864 50176 8389312 3439494400 12648580 2687208384 17833995 167782656 6569985 196159776 1476429840 3 0 8388640 2100160 138412043 2165310465 2300182596 105549985 19080768 1572896 35651585 2718436096 2147483904 4456448 135431682 805306368 2751594752 34099779 3659023360 1241776128 2872912 2485288972 2166382848 1707081778 2570512 2181038146 268968464 150142976 32768 1 385876553 170410052 2198045728 18941680 1192402372 9 1207992576 1109402289 149044000 1210847235 1090656704 205553920 555753410 27459714 1477214214 1 402662728 280018 3238682648 20001296 2281758720 1158882780 1124077568 70295552 289456200 638067091 1107845120 101724160 2568095492 104997120 2818768904 19991136 50757634 2602696704 3355447296 20992 83886592 2147483648 0 8208 135283202 3595321408 390201352 87199040 1024 33554432 0 16777232
is_linear=0
shrinkage=0.1


Tree=44
num_leaves=31
num_cat=21
split_feature=0 2 9 9 9 8 9 10 9 0 9 8 8 8 9 9 8 4 8 9 10 0 2 10 8 4 11 9 0 0
split_gain=240.657 145.091 138.349 120.706 100.226 99.1968 97.2673 97.8384 211.506 91.9447 106.333 107.841 78.481 64.948 129.903 86.2893 68.5724 63.1193 62.6196 67.1376 63.466 60.685 58.9153 56.8196 52.721 52.3842 49.7368 48.5306 48.4906 47.2554
threshold=843.00000000000011 -62.999999999999993 0 1 2 3 4 5 6 129.00000000000003 7 8 9 10 11 12 13 45.000000000000007 14 15 16 1608.0000000000002 141.00000000000003 17 18 735.00000000000011 19 20 1749.0000000000002 -230.99999999999997
decision_type=2 8 9 9 9 9 9 9 9 2 9 9 9 9 9 9 9 2 9 9 9 2 8 9 9 2 9 9 2 2
left_child=1 2 24 -3 28 -4 -5 8 -8 13 11 -11 -12 14 23 16 26 -14 19 20 -19 25 -20 -9 -1 -6 -15 -7 -2 -29
right_child=4 3 5 6 21 27 7 9 -10 10 12 -13 17 15 -16 -17 -18 18 22 -21 -22 -23 -24 -25 -26 -27 -28 29 -30 -31
leaf_value=-4.3401749773548195 -3.0622111474277234 5.9159047418389665 -1.5084407577508103 -7.8619680079562109 3.7616305993461028 1.2151471791316775 -3.8457075311338031 -1.3436968367057114 0.8100049569057195 2.9181232469979679 -1.2826336755865371 0.45962620288910899 1.6499841002268085 -0.054383949581934848 0.63936294735212462 -0.029776297180317712 -0.31401802411760527 0.38908579766416268 0.57567705936613722 0.25525080198034544 2.2310888826985775 75.881751801865491 -0.064388700922167183 -0.095709272002586776 -1.397974293084814 1.3946966292195953 -2.0872779821606553 -9.9169801673762663 76.924716457755821 -0.028940443064173139
leaf_weight=3355 1270 2116 7908 1803 3274 2841 5909 3841 6264 5038 4688 12090 488 2771 33310 192047 20673 3381 15452 14462 6107 901 62000 14862 6363 1486 8540 795 180 20803
leaf_count=3355 1270 2116 7908 1803 3274 2841 5909 3841 6264 5038 4688 12090 488 2771 33310 192047 20673 3381 15452 14462 6107 901 62000 14862 6363 1486 8540 795 180 20803
internal_value=3.3332e-05 -0.00025016 -0.0058469 0.000315985 0.0182886 -0.00269957 0.000193843 0.000295558 -0.00853238 0.000564589 0.0028301 0.0101412 0.00165403 -0.000450653 0.00273245 -0.00118974 -0.005998 0.00223651 0.00206406 0.00653172 0.0130659 0.0242726 0.000681625 -0.00393577 -0.0163035 0.0198109 -0.012256 0.000451961 -0.00520548 -0.00116623
internal_weight=465018 457907 42065 415842 7111 32347 413726 411923 12173 399750 123706 17128 106578 276044 52013 224031 31984 101890 101402 23950 9488 5661 77452 18703 9718 4760 11311 24439 1450 21598
internal_count=465018 457907 42065 415842 7111 32347 413726 411923 12173 399750 123706 17128 106578 276044 52013 224031 31984 101890 101402 23950 9488 5661 77452 18703 9718 4760 11311 24439 1450 21598
cat_boundaries=0 5 9 14 18 22 24 28 32 36 40 44 48 52 56 60 65 66 68 72 74 78
cat_threshold=54276 272629889 1256245760 1163966144 1 16 0 536870912 2147483904 136341512 2113 1261520914 1744831184 1 272630307 139071748 1214780680 50343495 128 67108864 0 128 3238068228 2 370312453 807437057 2283802656 1075777576 376700964 168962 35652400 872683532 1074267394 3223322882 2686815068 18351367 555811872 537135627 805333021 46399620 1422984256 8913924 1091027776 18908842 105390088 2986475796 1084380266 5283862 151269440 4194336 193575600 1887510024 2623488 1349556227 2348812420 42598480 470976528 1086325796 187368128 135856203 2156036618 2309570577 2295335040 138437666 1 302136064 607649938 4 50332161 67272964 14783169 59873359 21412111 4 2090 2684635148 553910282 2818572288
is_linear=0
shrinkage=0.1


Tree=45
num_leaves=31
num_cat=25
split_feature=0 0 8 9 8 0 4 11 8 10 9 9 7 9 8 8 0 9 8 9 9 8 9 9 11 8 8 9 9 8
split_gain=213.383 149.579 128.483 120.743 102.415 105.121 129.597 101.969 91.5161 84.1435 76.0024 72.9096 71.9536 70.478 80.9561 80.4773 115.457 64.8656 98.397 53.4643 51.0194 50.4631 78.3451 55.959 72.1879 65.6401 50.0904 54.2859 51.0394 49.5807
threshold=1749.0000000000002 1.0000000180025095e-35 0 1 2 585.00000000000011 735.00000000000011 3 4 5 6 7 8 9 10 11 -218.99999999999997 12 13 14 15 16 17 18 19 20 21 22 23 24
decision_type=2 2 9 9 9 2 2 9 9 9 9 9 1 9 9 9 2 9 9 9 9 9 9 9 9 9 9 9 9 9
left_child=1 3 11 7 -4 9 19 -1 -9 10 -6 -3 17 14 -5 -15 -17 18 -11 -7 -8 22 -19 24 -23 -26 27 -18 29 -28
right_child=-2 2 4 13 5 6 20 8 -10 12 -12 -13 -14 15 -16 16 26 21 -20 -21 -22 23 -24 -25 25 -27 28 -29 -30 -31
leaf_value=0.91695644692742284 73.093576621678949 12.812250354282618 -3.3404332534077512 2.7095529511918288 -5.7752361318615844 3.0923762641601629 -6.8545629266196784 -4.3986528130986278 -1.6217336694879396 -0.044278984925135489 0.14397589785859063 2.3479114022330294 -0.067063911375736043 0.11876559800377021 0.043698936022931255 -6.5098483466482966 -1.1191691979972853 -0.097068526283892009 2.1825079437400685 1.1981619146844593 1.1056773110695814 1.1097388447081984 1.5334341598408932 0.15260197771466652 -0.05241190804813485 -1.7118997819985962 2.2046111842157692 -0.28447949870192846 -0.43681401876064796 -0.017559456807151718
leaf_weight=2856 946 1329 3534 2774 1607 3368 1621 4080 7624 7647 1465 1696 134962 30904 30825 3171 6558 7744 10689 6030 3736 4723 10934 94463 6510 7471 2185 9647 35384 18535
leaf_count=2856 946 1329 3534 2774 1607 3368 1621 4080 7624 7647 1465 1696 134962 30904 30825 3171 6558 7744 10689 6030 3736 4723 10934 94463 6510 7471 2185 9647 35384 18535
internal_value=1.78488e-05 -7.88671e-05 0.00118971 -0.00261966 0.000986904 0.00118457 0.00941715 -0.0112835 -0.0154174 0.000763146 -0.0156716 0.0216639 0.000940723 -0.00171759 0.00227469 -0.00297855 -0.00473838 0.00244655 0.0080181 0.0164929 -0.00299608 0.00167115 0.00648545 0.000876061 -0.00411991 -0.00772997 -0.00391998 -0.00881591 -0.00250383 0.00143753
internal_weight=465018 464072 309529 154543 306504 302970 14755 14560 11704 288215 3072 3025 285143 139983 33599 106384 75480 150181 18336 9398 5357 131845 18678 113167 18704 13981 72309 16205 56104 20720
internal_count=465018 464072 309529 154543 306504 302970 14755 14560 11704 288215 3072 3025 285143 139983 33599 106384 75480 150181 18336 9398 5357 131845 18678 113167 18704 13981 72309 16205 56104 20720
cat_boundaries=0 4 8 12 14 18 19 23 27 28 33 37 41 45 49 53 57 61 66 70 71 75 79 84 88 91
cat_threshold=0 8388608 2101184 11 1073758528 71303200 1283582080 35520 65568 0 276824064 38010884 2152052999 25 34635785 102768644 572078080 101187956 1090584576 100827140 33536 1076887552 18743304 1048576 1075838977 2717911808 2415927680 108 809699898 3222312962 805568514 2821062918 2 3540516864 18612225 223428 73 34063432 545325238 3759507456 4735562 1076626184 662534 989897394 2168455492 159385154 539100256 205557762 9978624 302384133 1226875410 805306386 872809738 445212802 67110912 1228032016 1753744056 167800578 4196408 1794048 3179008 134227970 2251334257 1153568833 1085079552 1 201354464 71565457 88328 1484789896 3817804162 1363148868 3274703488 671088696 25175456 271067653 3289678080 356529212 44042372 2191265792 271124420 2183270400 1418789920 1 26476677 42469197 2182218528 72876073 0 20987904 2097984
is_linear=0
shrinkage=0.1


Tree=46
num_leaves=31
num_cat=23
split_feature=0 0 8 2 4 9 9 6 6 6 8 10 9 9 8 8 8 9 8 9 9 10 7 9 9 8 8 8 9 9
split_gain=200.534 133.553 148.652 126.546 99.102 91.1521 80.9932 77.0463 105.183 140.48 161.561 122.74 118.258 116.09 110.923 99.9725 88.5729 92.4141 88.293 87.0676 87.0601 82.7483 80.9609 72.5194 70.2302 68.1573 67.2992 66.7747 66.4006 66.0694
threshold=1173.0000000000002 -104.99999999999999 0 -92.999999999999986 45.000000000000007 1 2 638.50000000000011 1113.5000000000002 953.50000000000011 3 4 5 6 7 8 9 10 11 12 13 14 15 16 17 18 19 20 21 22
decision_type=2 2 9 8 2 9 9 2 2 2 9 9 9 9 9 9 9 9 9 9 9 9 1 9 9 9 9 9 9 9
left_child=1 3 -3 29 -4 -6 -5 16 9 12 19 15 14 -13 -9 -10 28 26 -14 -11 -12 24 -21 -23 -20 -15 -18 -8 -7 -1
right_child=-2 2 4 6 5 7 27 8 11 10 20 13 18 25 -16 -17 17 -19 21 22 -22 23 -24 -25 -26 -27 -28 -29 -30 -31
leaf_value=0.31072326001505535 7.928131952073568 10.70488111374045 0.75095076086183932 -2.5111272564325762 -5.7546541990333395 0.77041704292822311 3.1174221496789785 3.2398331648067416 -1.8126605869560219 0.39290365943935801 1.3270992351364699 1.3597063130487115 -0.5015311683295679 0.36171844527392527 0.24280721501347813 -0.1984420223576745 -0.11753254700022016 -0.15317922367470999 1.9935830884598489 3.8006257883890102 -0.009797460332969533 0.21134759735311112 0.97303628875182369 -0.24140316650036936 0.033139851402980904 -0.26457113105523716 -1.6138815882989395 -0.39505842497851629 -0.068181916983765592 -5.2079789119191773
leaf_weight=1507 3262 1660 2348 3335 3073 9058 2803 6087 10174 10461 12210 8584 23863 18209 17451 14071 5398 68175 4412 11413 38999 35592 6786 47522 4100 45308 11691 12762 18036 6668
leaf_count=1507 3262 1660 2348 3335 3073 9058 2803 6087 10174 10461 12210 8584 23863 18209 17451 14071 5398 68175 4412 11413 38999 35592 6786 47522 4100 45308 11691 12762 18036 6668
internal_value=3.22568e-05 -0.000142283 0.000282161 -0.0069566 0.000167309 5.56106e-05 -0.00246032 0.000179135 0.000980517 0.00219237 0.00553469 -0.00177278 0.000272249 0.000297458 0.00673093 -0.0079262 -0.00206928 -0.00365176 -0.0010446 0.0115452 0.00216814 0.000366668 0.0157257 -0.000595496 0.00975123 -0.00117824 -0.0102257 0.000574639 0.00291101 -0.0173517
internal_weight=465018 461756 434681 27075 433021 430673 18900 427600 315242 218896 79869 96346 139027 72101 23538 24245 112358 85264 115489 28660 51209 91626 18199 83114 8512 63517 17089 15565 27094 8175
internal_count=465018 461756 434681 27075 433021 430673 18900 427600 315242 218896 79869 96346 139027 72101 23538 24245 112358 85264 115489 28660 51209 91626 18199 83114 8512 63517 17089 15565 27094 8175
cat_boundaries=0 4 8 13 17 18 22 26 30 34 38 42 46 50 55 57 58 63 67 71 75 79 84 88
cat_threshold=0 8388608 832 11 128 67108864 33603584 8388736 486539328 939557636 1076457488 2150634184 1 2353569024 70674 3961620611 20054048 3422683136 538182184 268967638 889389074 2147518731 1081112660 2150241330 541065376 2684359976 2483557636 23124512 2150482084 19923984 2281702150 3241166100 2906914820 512 1108623364 34361415 40520866 21103760 1360052237 272636083 2300579970 102505 810370084 405068612 289407002 35651604 10618179 2415921168 1218450506 1628737625 142934050 13363 553650386 219283999 2 675283200 4 114 6312000 713203713 3362791460 606752864 1 2173174023 1090584576 2156920832 4269072 146851656 67125532 2351431856 67733088 2311200777 2283833096 68190208 1048896 3222798408 102785283 2281832466 67143706 352494084 151199944 537067873 2701955136 1 3225461064 2147885074 536875052 2837200937
is_linear=0
shrinkage=0.1


Tree=47
num_leaves=31
num_cat=27
split_feature=0 0 8 4 9 8 11 9 8 9 9 9 9 8 8 9 9 8 11 9 11 8 9 10 9 11 11 8 8 9
split_gain=195.805 116.003 107.782 96.8776 261.51 143.606 125.493 142.989 100.576 104.053 94.6138 89.3656 85.2634 177.74 121.76 143.613 110.596 88.6484 76.9653 125.318 74.8482 74.2117 73.7693 70.9065 63.2019 58.5635 58.1429 110.133 72.482 91.4796
threshold=1749.0000000000002 -38.999999999999993 0 135.00000000000003 1 2 3 4 5 6 7 8 9 10 11 12 13 14 15 16 17 18 19 20 21 22 23 24 25 26
decision_type=2 2 9 2 9 9 9 9 9 9 9 9 9 9 9 9 9 9 9 9 9 9 9 9 9 9 9 9 9 9
left_child=1 10 22 4 -4 23 11 -8 9 -5 -1 -7 13 25 15 -14 17 -16 -17 -20 -15 24 -3 -6 -12 -10 28 -28 29 -18
right_child=-2 2 3 8 5 6 7 -9 12 -11 21 -13 14 20 16 18 26 -19 19 -21 -22 -23 -24 -25 -26 -27 27 -29 -30 -31
leaf_value=-5.0144517796712265 64.991405764303707 9.2301817397527568 2.9711716891495739 -4.50303182799518 -0.0015572232056229041 -1.1597282385064973 1.1777309311142106 0.224961322921992 4.266750734894889 -0.69925767107165671 -2.3746656974532896 0.0010318710891652927 -1.0277716689239325 1.7887854761428856 1.3804009492931613 0.22245973374580644 1.8425646295549059 0.35233692277546141 -1.679596230196243 0.52811025360414465 -0.049242112869006864 -0.17042964155342955 1.4669372083779806 -0.84349506625851234 -0.50924494212329285 -1.0628645661373939 -0.81504408227670033 0.18704717862897013 0.054731183716799595 0.25866719732029325
leaf_weight=2324 946 1595 2724 2280 5175 1147 3902 17016 478 6010 3977 6546 15269 3811 13719 38905 11141 17093 10856 7218 73541 62965 2329 4166 6939 26587 15275 35582 44497 21005
leaf_count=2324 946 1595 2724 2280 5175 1147 3902 17016 478 6010 3977 6546 15269 3811 13719 38905 11141 17093 10856 7218 73541 62965 2329 4166 6939 26587 15275 35582 44497 21005
internal_value=5.59118e-06 -8.70555e-05 0.000613741 0.000444976 0.00505949 0.00290554 0.00642011 0.0104358 -0.000101816 -0.0109759 -0.00365396 -0.00449825 0.000167618 -0.00220297 0.00124127 -0.00216031 0.00279367 0.00816949 0.000148274 -0.0052422 0.000237843 -0.00302676 0.0170819 -0.00785477 -0.0106352 -0.00917636 0.001494 -0.00112745 0.0032334 0.00685098
internal_weight=465018 464072 387867 383943 40676 37952 28611 20918 343267 8290 76205 7693 334977 104417 230560 72248 158312 30812 56979 18074 77352 73881 3924 9341 10916 27065 127500 50857 76643 32146
internal_count=465018 464072 387867 383943 40676 37952 28611 20918 343267 8290 76205 7693 334977 104417 230560 72248 158312 30812 56979 18074 77352 73881 3924 9341 10916 27065 127500 50857 76643 32146
cat_boundaries=0 4 9 13 15 19 23 27 31 33 37 41 45 49 53 57 59 63 65 69 73 75 80 81 83 87 91 95
cat_threshold=0 8388608 2101184 11 2181038082 268444432 9633792 134250496 1 327188994 438452224 1073778688 67141632 336069062 3 8388612 153092096 0 8240 65569 1073741824 281018368 172228612 8 304742400 170000384 8256 0 67108864 1073801216 704 0 18874368 2148049028 115613745 8410376 412127379 7734280 2214641921 3808710687 86007872 2755420692 857026048 201326628 9963776 39852032 268534016 67648 554568224 1625292824 285430798 572522625 621021028 306184456 6864899 1074102281 18948720 2400687304 10 478281986 2835485184 2150629508 82944 3240169554 4 2107909 1095667976 171971640 78184644 1048576 1075838977 2717911840 2147492224 5551243 14 168034817 1628832656 2333282304 1086357544 1 2164326656 1194728928 9 134217730 2353545486 50495488 69304912 1216382208 2282357076 2701877266 83972240 234900001 524544 1343358980 2151704576
is_linear=0
shrinkage=0.1


Tree=48
num_leaves=31
num_cat=26
split_feature=0 0 9 8 8 0 8 8 11 9 9 9 11 8 8 8 9 6 9 10 9 8 8 8 8 10 8 9 9 9
split_gain=190.52 107.405 91.0827 116.301 87.1862 84.973 115.789 101.89 70.6819 66.114 65.1514 63.8452 153.804 79.8288 76.6194 57.8669 67.7469 58.0164 92.5279 66.85 174.071 85.1677 79.1648 62.1425 57.6963 57.6401 109.539 85.9704 85.7476 63.7688
threshold=1854.0000000000002 153.00000000000003 0 1 2 -164.99999999999997 3 4 5 6 7 8 9 10 11 12 13 1146.5000000000002 14 15 16 17 18 19 20 21 22 23 24 25
decision_type=2 2 9 9 9 2 9 9 9 9 9 9 9 9 9 9 9 2 9 9 9 9 9 9 9 9 9 9 9 9
left_child=1 5 3 -3 10 6 -1 -7 -5 -8 -4 12 14 -14 -9 16 -13 19 23 20 22 -22 -17 -19 -10 26 29 -27 -28 -6
right_child=-2 2 4 8 25 7 9 11 24 -11 -12 15 13 -15 -16 17 -18 18 -20 -21 21 -23 -24 -25 -26 27 28 -29 -30 -31
leaf_value=-6.5644220616614977 63.787968722284319 4.5621544493427875 -2.6016680428741759 1.3494172277334089 -0.021326920662937711 9.8347538587415233 -5.0079737102841868 -8.7379819623304282 0.87060955890573555 -0.010731990166394034 -0.14866141005516056 7.5073936610027276 -1.5791368891181343 0.76629818020525142 -1.9243306309860053 -3.0200716932164493 0.7530429269457275 -3.0468276529648701 -0.064956236800321504 -0.047207542955501405 -0.069879250006623303 1.3454567512809492 -0.26096398603892695 -0.49657479669031446 -0.38168127891126463 -0.62892907917017105 -0.82410079223897414 0.3782799302071112 0.4802742085031696 1.4375490014279393
leaf_weight=3927 865 4580 4396 3849 3586 996 1594 1988 9106 9662 9095 810 4200 9591 6136 2786 5930 5131 38636 207758 8265 19358 6530 9449 8761 16956 8516 25587 14911 12063
leaf_count=3927 865 4580 4396 3849 3586 996 1594 1988 9106 9662 9095 810 4200 9591 6136 2786 5930 5131 38636 207758 8265 19358 6530 9449 8761 16956 8516 25587 14911 12063
internal_value=-9.03191e-06 -9.64122e-05 0.00245952 0.00766745 0.00101871 -0.00100176 -0.00831522 -0.000662771 0.00460738 -0.0031422 -0.00642545 -0.000760615 -0.00597263 0.000460112 -0.0168798 -0.000385508 0.00877037 -0.000592938 -0.00358539 5.78266e-05 0.0039771 0.0079633 -0.0078383 -0.0103701 0.00195503 0.00224981 0.00502226 -0.000297276 0.000693348 0.0114982
internal_weight=465018 464153 121406 26296 95110 342747 15183 327564 21716 11256 13491 326568 21915 13791 8124 304653 6740 297913 53216 244697 36939 27623 9316 14580 17867 81619 39076 42543 23427 15649
internal_count=465018 464153 121406 26296 95110 342747 15183 327564 21716 11256 13491 326568 21915 13791 8124 304653 6740 297913 53216 244697 36939 27623 9316 14580 17867 81619 39076 42543 23427 15649
cat_boundaries=0 4 8 12 16 20 21 26 30 34 36 40 44 48 52 56 58 63 67 71 75 79 81 85 89 94 98
cat_threshold=274075684 688032770 813695920 3019905284 1074269195 1107836931 1613236689 19990027 539041826 1141250595 276834325 195332100 2165310465 2333736964 105517289 18876001 0 0 832 10 303042688 134234184 671154241 1077756504 6296208 1 101190281 304096001 169893888 1082425448 12416 71303168 178322976 1342210688 68029453 3 2049 1107429396 161486848 153616448 69207040 1075841024 2164264968 41943316 1610678272 8388641 2115744 20971521 32 0 536870912 2304 2298478624 33564865 1090715922 146874387 157821345 5 1113096192 950176660 2168455174 539758656 1 2298643456 1275470850 3892711424 1049620 114459682 1144037762 134488065 41974052 2249458948 3279044672 2705428497 82480 473993280 136724 2298646528 42641572 676627609 4 2583725056 200294404 2382594560 1647386 2173206786 112271392 2281701444 26240048 2306925696 786457 245768 1207976595 3 49152 5570816 1077938240 1639105
is_linear=0
shrinkage=0.1


Tree=49
num_leaves=31
num_cat=21
split_feature=0 2 0 9 4 8 6 6 3 6 8 9 7 8 8 8 10 9 8 10 9 4 9 9 8 9 11 9 9 8
split_gain=176.808 100.365 106.364 97.037 87.6737 124.301 83.0655 88.8003 118.44 129.516 162.004 113.39 102.933 87.3469 87.1201 83.4729 82.8719 109.817 81.7098 76.2838 86.2466 70.2074 68.6711 62.2892 68.1211 80.0537 75.142 91.2652 69.4687 64.7658
threshold=1854.0000000000002 -68.999999999999986 -140.99999999999997 0 75.000000000000014 1 751.50000000000011 1113.5000000000002 1.5000000000000002 945.50000000000011 2 3 4 5 6 7 8 9 10 11 12 585.00000000000011 13 14 15 16 17 18 19 20
decision_type=2 8 2 9 2 9 2 2 2 2 9 9 1 9 9 9 9 9 9 9 9 2 9 9 9 9 9 9 9 9
left_child=1 2 21 -3 5 -5 23 8 14 16 -11 -9 15 -13 -8 -12 -10 -18 -4 20 -15 -1 -17 -6 25 -25 27 -26 -28 -29
right_child=-2 3 18 4 6 -7 7 11 9 10 12 13 -14 19 -16 22 17 -19 -20 -21 -22 -23 -24 24 26 -27 28 29 -30 -31
leaf_value=-6.4887567450662491 57.409171850055877 6.9917557300277569 -1.0192114664923224 2.3066800745059042 -0.79936964292143531 0.10675493983267899 0.46019032788790071 -1.1798651198736223 2.3350068491891718 -0.45187954693696497 3.6813493400366468 1.2621199022543423 0.56748376451993543 -1.4369734810229895 -0.19055631420395258 3.53629673594549 -1.0368373563420872 0.25158537008995979 0.067798434079383449 0.077262328828546611 -0.00099052090627416156 -2.2729397047784086 0.44472176943114339 -1.2385002499554369 0.18304621332963508 -0.1584616038781741 2.2261237766466198 -1.797477283404004 0.096647360625541454 -0.37960385220867465
leaf_weight=3130 865 1457 9387 1933 22041 5679 8998 15480 4026 11298 17075 8791 18938 8210 33575 4755 12082 46993 21875 52902 9094 3630 9841 8780 12517 21984 2911 5751 70928 10092
leaf_count=3130 865 1457 9387 1933 22041 5679 8998 15480 4026 11298 17075 8791 18938 8210 33575 4755 12082 46993 21875 52902 9094 3630 9841 8780 12517 21984 2911 5751 70928 10092
internal_value=-2.43001e-05 -0.000108477 -0.0050313 0.000330767 0.000242062 0.0108776 4.79545e-05 0.00113334 0.0025155 0.00406694 0.00731662 -0.00131831 0.00973251 0.000215804 -0.00204003 0.0132209 0.00087875 -6.85453e-05 -0.00257181 -0.000961319 -0.00672288 -0.0164053 0.00765439 -0.00178705 -0.000970498 -0.00509521 0.000271503 -0.00410293 0.00195196 -0.00914338
internal_weight=465018 464153 38022 426131 424674 7612 417062 262058 167581 125008 61907 94477 50609 78997 42573 31671 63101 59075 31262 70206 17304 6760 14596 155004 132963 30764 102199 28360 73839 15843
internal_count=465018 464153 38022 426131 424674 7612 417062 262058 167581 125008 61907 94477 50609 78997 42573 31671 63101 59075 31262 70206 17304 6760 14596 155004 132963 30764 102199 28360 73839 15843
cat_boundaries=0 4 8 12 16 17 21 25 29 31 35 39 40 44 48 52 56 61 63 68 71 75
cat_threshold=0 0 536870912 256 2149056512 17305600 1078001666 159744 1076912672 34515273 38539572 75498564 134742144 100663512 1174661394 659 114 79721800 8454667 539499440 16843787 1213276481 268501186 539996480 61865986 2374664448 2425361440 3759243786 1724426 675807248 4 528493863 2250637312 3164160 142680714 2487779872 1078075652 1220874256 60832836 3288989760 2239906052 2306940928 2291138656 1095885928 405012484 822256160 18874576 2570102835 2113609 1145320483 153890962 67110569 156835872 2994799880 1498679361 34865157 1048868 840565248 8390656 20033616 1 2785051186 7 2491558150 573573324 1179712 30572562 1 544 524288 276955392 33282 24903680 102760450 152848
is_linear=0
shrinkage=0.1


Tree=50
num_leaves=31
num_cat=23
split_feature=0 9 0 8 9 9 0 8 8 9 11 4 8 9 7 6 3 8 5 8 9 10 9 9 8 9 11 9 8 9
split_gain=170.194 96.3371 100.48 101.24 83.3211 80.4356 74.4393 108.326 89.3259 97.5869 71.4354 61.4548 118.46 58.453 55.0449 53.8512 71.7569 68.4944 56.34 52.8837 49.3751 48.3621 111.773 59.1308 48.7468 47.7886 45.508 150.568 80.3135 73.3723
threshold=2010.0000000000002 0 501.00000000000006 1 2 3 -110.99999999999999 4 5 6 7 75.000000000000014 8 9 10 1174.5000000000002 6.5000000000000009 11 15.500000000000002 12 13 14 15 16 17 18 19 20 21 22
decision_type=2 9 2 9 9 9 2 9 9 9 9 2 9 9 1 2 2 9 2 9 9 9 9 9 9 9 9 9 9 9
left_child=1 -1 4 -4 -3 -5 7 -6 9 -8 -9 12 -10 -12 15 16 21 -17 -18 -7 -21 22 24 -23 -13 -19 27 -16 -29 -28
right_child=-2 2 3 5 6 19 8 10 11 -11 13 14 -14 -15 26 17 18 25 -20 20 -22 23 -24 -25 -26 -27 29 28 -30 -31
leaf_value=-4.1938131277016621 57.81620634852964 10.544784988754373 -1.367308025274599 3.0559091505275435 -3.9709629693308219 1.7290929267115076 4.0377524610575737 2.4435527582020002 2.2777373939709391 0.65812496145731036 -2.6748777386937364 -1.8784540783723855 0.066828733006306248 -0.31984881664547554 0.70278902758638262 0.57285502424431023 0.68701863798798724 -1.1922844956348 3.7364802919852993 -3.1209357020202533 0.59165285316496463 0.55451450847125727 0.1862752998964794 0.011851545684781684 -0.40365714738310321 -0.16843418713443159 -0.3849148634067987 -2.4705835304462691 -0.45535637145939067 0.02300564749072578
leaf_weight=4522 714 1013 3721 4498 3672 6093 2047 2089 1686 6129 4238 5000 6529 14070 10285 4824 23800 6944 10061 1834 5251 17285 18483 48442 6674 13313 49837 8602 20479 152883
leaf_count=4522 714 1013 3721 4498 3672 6093 2047 2089 1686 6129 4238 5000 6529 14070 10285 4824 23800 6944 10061 1834 5251 17285 18483 48442 6674 13313 49837 8602 20479 152883
internal_value=-4.58047e-05 -0.000120826 2.21839e-05 0.00671356 -0.000304413 0.00986656 -0.000371072 -0.00577714 -5.62541e-05 0.0102859 -0.00292302 -0.000265219 0.0082958 -0.00492412 -0.000442415 0.00103012 0.00185017 -0.00321159 0.00580757 0.00591447 3.52361e-05 0.00045263 -0.0028624 0.00197377 -0.0105187 -0.0057606 -0.00138416 -0.00449512 -0.00817263 -0.000779855
internal_weight=465018 464304 459782 21397 438385 17676 437372 24069 413303 8176 20397 405127 8215 18308 396912 154826 129745 25081 33861 13178 7085 95884 30157 65727 11674 20257 242086 39366 29081 202720
internal_count=465018 464304 459782 21397 438385 17676 437372 24069 413303 8176 20397 405127 8215 18308 396912 154826 129745 25081 33861 13178 7085 95884 30157 65727 11674 20257 242086 39366 29081 202720
cat_boundaries=0 4 8 11 15 19 23 27 29 33 38 39 43 47 51 53 57 61 65 69 71 75 79 83
cat_threshold=128 67108864 49152 8389248 4029476 1073778480 29360172 102760452 16 16384 536870912 341050372 940742151 838861088 2483421480 361801219 2283405312 171970793 10638336 1073741824 8388640 2163680 16777227 1048608 2097153 34605568 2147486016 4208913 28 2149056512 544768 1077936130 147456 402653768 948011782 1086005264 6329416 1 104 3764297 335556362 268437532 76121152 2298642433 2295922820 3458435072 1114649 2281792065 4474880 1211179012 1207996483 1678350928 10 2416969996 2309038226 2283999232 1201272 2231895072 1260460162 151322774 1073422 2218856544 2234523649 1279266832 109052004 135300640 268476608 2323785776 138641427 2689082034 22 2147512576 2369732 1099104578 1476427804 2149998592 1132014976 1241776140 67217728 3238014977 1113860096 1301485890 1091608640
is_linear=0
shrinkage=0.1


Tree=51
num_leaves=31
num_cat=24
split_feature=0 0 8 8 9 0 4 8 8 9 4 4 10 9 9 8 9 11 8 9 11 10 9 10 9 8 9 11 11 9
split_gain=167.373 85.9157 124.248 98.663 75.1344 83.5183 88.3459 71.2029 58.5524 76.542 56.7519 56.0993 59.0335 239.513 88.2598 84.5677 53.2792 50.5477 48.9839 76.7114 103.58 74.905 69.2626 69.7971 85.7647 67.6175 57.7067 57.5653 50.635 161.144
threshold=2010.0000000000002 -170.99999999999997 0 1 2 531.00000000000011 735.00000000000011 3 4 5 1485.0000000000002 45.000000000000007 6 7 8 9 10 11 12 13 14 15 16 17 18 19 20 21 22 23
decision_type=2 2 9 9 9 2 2 9 9 9 2 2 9 9 9 9 9 9 9 9 9 9 9 9 9 9 9 9 9 9
left_child=1 3 -3 -1 7 8 -7 -4 9 -6 -5 -10 13 15 -15 -13 17 -14 19 21 25 -18 -22 24 -24 -21 27 -25 29 -20
right_child=-2 2 4 10 5 6 -8 -9 11 -11 -12 12 16 14 -16 -17 18 -19 28 20 22 -23 23 26 -26 -27 -28 -29 -30 -31
leaf_value=-0.046807022557447377 52.03458571367667 6.7704815573148469 -3.383884766150409 -4.8620078840556404 6.1359689190410567 1.3314929795175261 -0.67195877668967796 0.048382844251558768 0.56936904460829474 0.65675128599754951 0.25307388949989545 -1.1313909444020915 1.1549356131404516 2.4431893953784272 -0.046889093317696508 -2.1833578663620252 0.09709799196390706 -0.18844680844538717 -0.24165694363036216 -1.3498268496336097 1.6939748042516614 -1.6189172336200952 -1.213026590123323 1.1221187157096877 -0.11440098057906739 -0.2535605517352309 0.037637173266276851 0.25759328618387656 -0.047589000066381448 0.51799124260376572
leaf_weight=8006 714 2463 5883 5060 1184 11632 6729 5273 2355 15182 1406 7845 12200 3050 18921 5482 5770 7150 35900 3991 6409 11976 5015 2398 14301 8389 24365 3510 173460 48999
leaf_count=8006 714 2463 5883 5060 1184 11632 6729 5273 2355 15182 1406 7845 12200 3050 18921 5482 5770 7150 35900 3991 6409 11976 5015 2398 14301 8389 24365 3510 173460 48999
internal_value=-5.99977e-05 -0.000134395 0.000109596 -0.00771835 -1.39703e-05 0.000193364 0.00679429 -0.00811392 -9.6685e-05 0.00576453 -0.0168931 -0.000335744 -0.000426552 -0.00433046 0.00208589 -0.0149022 -4.76854e-05 0.00505682 -0.00033455 -0.00239975 -0.000878809 -0.00825636 0.00095165 -0.000313514 -0.0050088 -0.00915254 0.00268302 0.0115411 0.000353951 0.00235487
internal_weight=465018 464304 449832 14472 447369 436213 18361 11156 417852 16366 6466 401486 399131 35298 21971 13327 363833 19350 344483 86124 68378 17746 55998 49589 19316 12380 30273 5908 258359 84899
internal_count=465018 464304 449832 14472 447369 436213 18361 11156 417852 16366 6466 401486 399131 35298 21971 13327 363833 19350 344483 86124 68378 17746 55998 49589 19316 12380 30273 5908 258359 84899
cat_boundaries=0 4 8 12 16 20 23 25 29 34 38 43 45 49 53 55 56 60 62 66 70 72 73 74 78
cat_threshold=0 8388608 832 11 1212285768 547393698 1225902354 67143690 128 67108896 167835648 8389312 2098185 33554448 144704660 179306564 1610619968 65571 2902148 20971584 1056800 33554432 536870912 3498147926 10 386040580 539067140 2426470400 1081488424 2147483648 526336 1090519106 18432 1 6455305 1174964804 2734817281 2168352 18946648 21574 268763304 2151682308 2 1082427201 3 24379424 3778341888 272634920 44630292 2790391808 1346502657 1093664768 1897409536 218112512 2 272648 276825350 2147483648 8519680 134283296 201337377 4 0 153092096 2147483648 16384 1048576 16777216 0 272 0 150995072 1048576 1191317028 1208647682 52439824 88080386 136939537
is_linear=0
shrinkage=0.1


Tree=52
num_leaves=31
num_cat=25
split_feature=0 0 9 8 9 10 11 8 10 9 9 11 8 8 9 8 9 8 8 0 9 9 11 9 3 9 8 8 8 4
split_gain=162.563 85.0854 85.1372 77.2856 115.5 75.2144 65.6725 70.5977 59.5682 79.129 75.2754 65.2412 81.8175 64.7966 66.5275 61.8009 59.0111 54.5506 50.4253 51.2927 75.1504 47.4805 58.3965 71.6076 49.4885 87.5026 128.816 84.9996 61.8144 82.3318
threshold=2010.0000000000002 9.0000000000000018 0 1 2 3 4 5 6 7 8 9 10 11 12 13 14 15 16 759.00000000000011 17 18 19 20 4.5000000000000009 21 22 23 24 75.000000000000014
decision_type=2 2 9 9 9 9 9 9 9 9 9 9 9 9 9 9 9 9 9 2 9 9 9 9 2 9 9 9 9 2
left_child=1 2 6 4 -3 16 -1 -8 9 17 11 12 -10 14 -12 -13 -5 -4 -7 21 -21 -20 23 -23 28 26 -26 -27 29 -24
right_child=-2 3 8 5 -6 18 7 -9 10 -11 13 15 -14 -15 -16 -17 -18 -19 19 20 -22 22 24 -25 25 27 -28 -29 -30 -31
leaf_value=0.84689451579305342 46.831127142309008 7.3132885058753621 0.24275239096936191 -4.597252684586695 0.85761668456962381 -2.2417464374042599 -4.4179418826331016 -1.482625909480072 -2.3028856565534048 0.4853683694318135 0.19432735348959795 0.41826507346223529 -0.59339158524978619 0.050911442351199911 -0.84809447076626165 -0.56518681873771681 -0.10186287410032265 -1.0014857333513196 1.5373909975084104 -2.2362568342407942 2.0790118147504133 -3.8310517073511621 1.2742479171056935 -0.23525789408803491 -1.7579986131730991 -0.27633824666009588 0.57152714570371532 1.0826645067421641 -0.11396380769955457 0.094310658883118501
leaf_weight=2355 714 1614 4937 1927 9658 3350 3589 4874 6188 21123 4437 9726 8266 67047 7899 21451 1977 4447 8783 1627 5924 2399 2170 8643 14677 20677 22336 57105 89175 45923
leaf_count=2355 714 1614 4937 1927 9658 3350 3589 4874 6188 21123 4437 9726 8266 67047 7899 21451 1977 4447 8783 1627 5924 2399 2170 8643 14677 20677 22336 57105 89175 45923
internal_value=-5.99977e-05 -0.000133318 -0.00194512 0.000878123 0.00899663 0.000558592 -0.010519 -0.0146288 -0.00134796 0.0026133 -0.00231476 -0.00555093 -0.0111034 -0.00045407 -0.00711162 -0.002974 -0.013209 -0.00502448 0.000749119 0.000895512 0.00902529 0.000669761 0.00042814 -0.00668657 0.000740063 0.00227231 -0.00173001 0.00417652 -0.000541277 0.00234809
internal_weight=465018 464304 166339 297965 11272 286693 10818 8463 155521 30507 125014 45631 14454 79383 12336 31177 3904 9384 282789 279439 7551 271888 263105 11042 252063 114795 37013 77782 137268 48093
internal_count=465018 464304 166339 297965 11272 286693 10818 8463 155521 30507 125014 45631 14454 79383 12336 31177 3904 9384 282789 279439 7551 271888 263105 11042 252063 114795 37013 77782 137268 48093
cat_boundaries=0 4 8 12 14 16 20 22 26 30 32 36 40 44 48 52 56 60 65 70 72 77 81 85 89 93
cat_threshold=128 71303200 209774728 8424128 1073743104 12648481 2691024 2097163 1056768 0 2718957824 2304 1090584596 2 541112579 8 1051649 2099216 170407936 37224820 556611889 13 1145602116 312486798 1094254659 134221848 2307932448 151191568 3259174912 1145140275 572531738 12 143163398 2522931209 1078002832 69207809 2374156 1107960068 358748188 34608772 102967296 276857346 269484098 2285109252 109347840 2351719464 35946528 70779976 68321540 1881178384 2284847104 1970249 2483569486 2752790800 203571200 72401488 65584 0 276824064 172228612 212363264 2113 1261650178 1753225872 1 1077936152 138242 184549538 536871744 2 4726788 19 132352 906011328 2149730560 1051648 1 486597761 69468197 1082149120 152057003 139591689 1108872966 3242213391 17979456 7223304 4043365570 18132993 8462336 411066368 2148029524 1812373544 9572560
is_linear=0
shrinkage=0.1


Tree=53
num_leaves=31
num_cat=21
split_feature=0 9 0 8 6 9 8 9 8 2 0 8 8 9 8 9 4 9 11 8 8 3 9 8 8 6 8 11 9 4
split_gain=157.874 74.7397 68.6467 82.2905 64.5862 64.8875 64.7619 60.8785 56.1548 53.2301 78.6386 61.718 51.8296 49.4073 47.1535 44.7927 43.7492 127.309 80.5763 81.0164 66.0724 61.9138 200.294 94.66 82.7001 70.8215 112.971 78.5153 87.5111 62.8318
threshold=2010.0000000000002 0 231.00000000000003 1 702.50000000000011 2 3 4 5 -92.999999999999986 -200.99999999999997 6 7 8 9 10 135.00000000000003 11 12 13 14 1.5000000000000002 15 16 17 449.50000000000006 18 19 20 165.00000000000003
decision_type=2 9 2 9 2 9 9 9 9 8 2 9 9 9 9 9 2 9 9 9 9 2 9 9 9 2 9 9 9 2
left_child=1 -1 9 -4 12 8 -7 -8 -6 10 -3 -12 -5 14 -11 -13 17 -15 20 -20 -19 22 24 29 -18 26 -23 -28 -29 -24
right_child=-2 2 3 4 5 6 7 -9 -10 13 11 15 -14 16 -16 -17 21 18 19 -21 -22 25 23 -25 -26 -27 27 28 -30 -31
leaf_value=-4.7956408506153423 42.148014428078113 -6.2180472495563173 7.3811755478781613 0.65164962314904074 -0.19075615761212816 0.76863164711274412 -0.95474703566280261 0.18462558079812652 1.8064875415926622 -0.029022974682575864 -1.3897074862621421 0.92961925440225501 -0.7803751320069523 1.5227523646042358 3.2326363237538338 -0.31584766925268187 -2.6914413897467462 -1.3900058762780079 0.54358019618044862 0.006982612146262124 -0.20912220349490981 -2.6390746314545344 0.40735655810374055 -0.2030965982193422 -0.63666081549531273 0.03493971995890064 1.0005443790731818 -2.5048424667608211 -0.11934999073637585 -0.0030947940863505609
leaf_weight=2790 714 3318 1669 3697 2678 20766 8125 21258 9259 5035 4918 5148 10281 3373 5016 12395 1827 1337 5872 21674 3519 4426 8042 24502 11443 235574 5589 2393 6338 12042
leaf_count=2790 714 3318 1669 3697 2678 20766 8125 21258 9259 5035 4918 5148 10281 3373 5016 12395 1827 1337 5872 21674 3519 4426 8042 24502 11443 235574 5589 2393 6338 12042
internal_value=-6.77393e-05 -0.000139994 -4.1168e-05 0.00266875 0.00218471 0.00356763 0.00198868 -0.00103256 0.0101908 -0.00059005 -0.00497886 -0.00285606 -0.00395622 -0.000274021 0.00663453 -7.69099e-05 -0.00047376 0.00283857 0.000910157 0.00300479 -0.0109536 -0.000853365 -0.003806 -0.000594224 -0.0145858 -0.000181661 -0.0060973 -0.00177251 -0.00769363 0.00449388
internal_weight=465018 464304 461514 77733 76064 62086 50149 29383 11937 383781 25779 22461 13978 358002 10051 17543 347951 35775 32402 27546 4856 312176 57856 44586 13270 254320 18746 14320 8731 20084
internal_count=465018 464304 461514 77733 76064 62086 50149 29383 11937 383781 25779 22461 13978 358002 10051 17543 347951 35775 32402 27546 4856 312176 57856 44586 13270 254320 18746 14320 8731 20084
cat_boundaries=0 4 8 12 16 20 24 28 32 37 41 45 50 52 56 59 63 67 71 75 77 81
cat_threshold=0 67108864 16384 128 256 8388608 2100160 16777227 273024044 135435810 813695616 603980039 2332205059 39387160 2316009472 1730128 605661315 1342456064 2315462912 8950384 1400832 103032840 54530052 67158096 272794150 335688964 1086427152 44120132 13690880 3523772743 2202599472 8422848 536939032 7170 570426370 2415919424 2 304159048 1073873956 50894397 50397184 2332067329 2693005504 805634148 2823143441 2147483654 268444432 9437184 134250504 1 16777670 1 2148007941 25169920 73433088 1069056 268435457 50356224 671121408 2183561412 417857536 1082327428 1610907674 1511539202 274823170 606200065 67149842 1212673 1050626 1077936144 256 3364363296 3490778641 202645527 9961476 134360386 4 135278592 277618724 3366977664 134334482
is_linear=0
shrinkage=0.1


Tree=54
num_leaves=31
num_cat=24
split_feature=0 0 8 9 8 4 9 8 11 9 9 8 9 9 11 8 10 9 6 6 3 9 8 9 9 8 10 11 9 9
split_gain=146.721 70.9766 68.0684 67.1348 66.559 60.6174 199.022 103.708 86.2725 101.748 64.3378 64.2937 68.4036 61.9054 95.1041 107.944 67.3762 95.4665 55.0583 133.663 110.077 106.214 68.2048 76.1968 75.3174 57.9612 51.915 49.1075 91.1199 66.9229
threshold=2169.0000000000005 -32.999999999999993 0 1 2 135.00000000000003 3 4 5 6 7 8 9 10 11 12 13 14 941.50000000000011 1107.5000000000002 4.5000000000000009 15 16 17 18 19 20 21 22 23
decision_type=2 2 9 9 9 2 9 9 9 9 9 9 9 9 9 9 9 9 2 2 2 9 9 9 9 9 9 9 9 9
left_child=1 3 -3 4 -1 6 -4 26 10 -10 -9 12 -7 14 -13 -16 17 -15 27 20 -20 -22 24 -24 -21 -23 -8 28 -18 -29
right_child=-2 2 5 -5 -6 11 7 8 9 -11 -12 13 -14 16 15 -17 18 -19 19 22 21 25 23 -25 -26 -27 -28 29 -30 -31
leaf_value=-0.098346728514097495 43.172857767379973 9.4109976489037344 2.5355620323014394 -0.10079227389909705 -1.8455929280552839 -4.0058871266842475 0.011048287783804157 -0.82055077810566601 1.0780745039543558 0.22065178633660631 0.049568041876705139 2.1056457565840292 -0.4434080170460355 0.97027593590754924 -1.3265681813820647 0.7000092805032182 -5.6669874590169815 -3.7373642574477262 0.029938527335521759 -1.5525401995134034 -0.46078663289895733 5.0240118613962981 0.72889905344589045 -0.16325236790599931 -0.17946146450913292 1.6418669787506603 -0.52956417516877818 -0.34977124478598259 -0.23164639868051978 0.072998817841096297
leaf_weight=8021 639 1221 2527 65240 12528 1961 6310 1461 3094 16273 5137 8777 3854 3142 6508 14859 1817 5211 28342 8096 6618 8601 13453 27335 20870 15592 5151 71713 4475 86192
leaf_count=8021 639 1221 2527 65240 12528 1961 6310 1461 3094 16273 5137 8777 3854 3142 6508 14859 1817 5211 28342 8096 6618 8601 13453 27335 20870 15592 5151 71713 4475 86192
internal_value=-7.5696e-05 -0.000141587 0.000446921 -0.0027387 -0.00772168 0.000370317 0.00405351 0.00221445 0.00571126 0.00907519 -0.00416162 -6.57942e-05 -0.0104807 0.000117155 0.00443722 0.00083501 -0.00031496 -0.00916537 -6.2433e-05 0.0014844 0.00498115 0.0091185 -0.00148092 0.00115447 -0.0051905 0.0121865 -0.00570569 -0.00127682 -0.00993335 -0.000931197
internal_weight=465018 464379 378590 85789 20549 377369 39953 37426 25965 19367 6598 337416 5815 331601 30144 21367 301457 8353 293104 128907 59153 30811 69754 40788 28966 24193 11461 164197 6292 157905
internal_count=465018 464379 378590 85789 20549 377369 39953 37426 25965 19367 6598 337416 5815 331601 30144 21367 301457 8353 293104 128907 59153 30811 69754 40788 28966 24193 11461 164197 6292 157905
cat_boundaries=0 4 8 12 17 21 23 27 31 35 39 44 46 50 52 57 61 65 69 73 77 79 81 86 90
cat_threshold=0 8388608 1856 11 1208221760 490799392 1216473089 8437441 1107918914 815792180 1627849990 12732048 2147483648 268444432 9633792 134250496 1 293634562 438976512 3221262336 67150464 335544774 3 9437188 18874368 0 8240 268435716 18874368 0 1 65584 0 281018368 172228612 8 304742400 2315386880 64 1074790968 17980482 990251171 2147483972 2 1074825316 11 2248148035 39453704 587825156 8389664 3238068228 2 153121792 1073750032 1073815616 134227987 1 20999233 1411645572 2155877896 1619115144 3222667525 2167570515 3759159306 17957136 2325829 1478819856 2159018056 554701857 8454338 369631381 8442200 290468003 2391278854 319815680 1610713090 2752864 139732123 10 2689105952 1 165120 872448768 2097152 3086338 1 2583977985 149168161 1073745996 419455667
is_linear=0
shrinkage=0.1


Tree=55
num_leaves=31
num_cat=25
split_feature=0 9 0 11 9 9 4 9 8 9 8 9 9 8 9 8 2 11 9 11 10 0 8 8 10 8 9 8 8 9
split_gain=141.98 68.1861 70.1564 78.888 93.7193 78.324 63.7117 178.666 83.7233 71.5782 63.8042 165.476 85.8305 89.8745 59.8112 59.2287 51.2573 47.2755 53.3887 46.5457 43.1873 41.3866 61.9451 41.0205 40.4205 83.2381 54.6721 111.611 104.977 68.4869
threshold=2169.0000000000005 0 -68.999999999999986 1 2 3 135.00000000000003 4 5 6 7 8 9 10 11 12 21.000000000000004 13 14 15 16 -356.99999999999994 17 18 19 20 21 22 23 24
decision_type=2 9 2 9 9 9 2 9 9 9 9 9 9 9 9 9 8 9 9 9 9 2 9 9 9 9 9 9 9 9
left_child=1 -1 3 4 -3 -5 7 -4 17 -10 11 23 13 19 -13 -6 -11 -9 -19 -12 -15 -17 -23 -8 25 -14 27 -26 29 -28
right_child=-2 2 6 5 15 -7 10 8 9 16 12 14 24 20 -16 21 -18 18 -20 -21 -22 22 -24 -25 26 -27 28 -29 -30 -31
leaf_value=9.6910054240168719 38.85557199064197 -2.3311816022471761 2.0867451249830538 2.4268442309525726 -1.7350631330701576 -0.3146614639478344 -3.304558730138087 -0.076419594763816434 -0.94163166463554837 0.21164513660386533 -0.87874425631127906 0.39393315350326363 1.8720440022434275 2.4222176862769444 -0.38936292649541004 -2.615721514565879 -0.10032695784683909 0.20811570443847105 0.9540865435360445 0.22975560770895884 0.52042506987714787 4.456818589133916 -0.11299850099027164 -1.88547870514524 0.16797179762050407 -0.61021116395233577 0.90868233855186986 -0.83532915843557376 -0.08435782254935803 0.090752608483368399
leaf_weight=956 639 8444 3103 3045 5585 6097 3451 2914 2251 8469 4497 20155 9155 7413 35456 2197 16905 5908 4027 12826 12113 1603 16469 5238 31141 6068 21087 42115 137782 27909
leaf_count=956 639 8444 3103 3045 5585 6097 3451 2914 2251 8469 4497 20155 9155 7413 35456 2197 16905 5908 4027 12826 12113 1603 16469 5238 31141 6068 21087 42115 137782 27909
internal_value=-7.80615e-05 -0.000142879 -0.000198195 -0.00402394 -0.00622304 0.00422858 0.000197508 0.00381738 0.00204031 -0.00106206 -0.000221569 -0.00308972 0.000369414 0.00490111 -0.00108322 -0.00323229 0.000456981 0.00870596 0.011991 -0.000343276 0.0095516 -0.000717491 0.00085768 -0.0159156 -0.000237406 0.00476925 -0.000530679 -0.00284579 0.000377433 0.00435253
internal_weight=465018 464379 463423 43440 34298 9142 419983 43577 40474 27625 376406 64300 312106 36849 55611 25854 25374 12849 9935 17323 19526 20269 18072 8689 275257 15223 260034 73256 186778 48996
internal_count=465018 464379 463423 43440 34298 9142 419983 43577 40474 27625 376406 64300 312106 36849 55611 25854 25374 12849 9935 17323 19526 20269 18072 8689 275257 15223 260034 73256 186778 48996
cat_boundaries=0 3 5 10 14 19 23 27 31 35 39 43 48 52 54 58 60 62 66 70 72 76 80 84 88 92
cat_threshold=0 0 536870912 716973802 2 16968 1812299814 1082222593 6338248 1 302147096 1076692998 2416117760 1480753690 2147483648 268444432 9633792 134217736 1 67764229 8392964 610402304 1071872 9961472 2684354560 2097152 1072 3473457 1610656321 482344997 182190340 310378496 2518683648 33755136 1099083912 1625557528 268637254 318767777 2168455524 1225266756 2484207636 538619906 82432 2214790243 8916482 1091567670 470877445 2 268584192 152862729 184554696 11707588 71307972 3 32768 1208516608 0 1605664 419476490 4 72385233 8 589888 8388608 16896 10 1048608 8192 4194308 1048580 6856739 4 1082654786 2457354268 35791872 70224 2298487012 1150033968 1079038984 671178883 2353181772 2307851280 1073973568 2097288 318768704 283115648 2687306626 16926251 34635777 553648905 67648 1075092488
is_linear=0
shrinkage=0.1


Tree=56
num_leaves=31
num_cat=25
split_feature=0 9 0 8 6 11 9 9 8 8 8 9 8 8 3 11 8 9 9 10 8 8 8 0 11 11 9 8 9 9
split_gain=135.432 61.945 58.4103 86.6477 57.3948 56.5365 131.917 100.272 89.0887 65.4183 63.8506 58.4969 52.5064 50.6846 46.0164 73.6675 77.7038 69.3749 56.4985 91.465 90.6706 86.9175 46.0778 46.9792 42.2834 40.8778 93.389 42.8193 79.3297 77.4058
threshold=2169.0000000000005 0 153.00000000000003 1 634.50000000000011 2 3 4 5 6 7 8 9 10 7.5000000000000009 11 12 13 14 15 16 17 18 -374.99999999999994 19 20 21 22 23 24
decision_type=2 9 2 9 2 9 9 9 9 9 9 9 9 9 2 9 9 9 9 9 9 9 9 2 9 9 9 9 9 9
left_child=1 -1 14 -4 12 7 13 10 -8 -9 -6 -10 -5 -7 18 -16 -17 -18 19 20 24 -21 23 -20 -3 26 -24 28 -27 -29
right_child=-2 2 3 4 5 6 8 9 11 -11 -12 -13 -14 -15 15 16 17 -19 22 21 -22 -23 25 -25 -26 27 -28 29 -30 -31
leaf_value=-4.0192859227347073 34.970014791577753 -1.6623570011038979 7.3428887447584659 0.56937736619098023 3.2429847312718496 2.9675511529656635 0.5507478557360429 0.58712002362577498 -1.5450294033967908 -0.29053950173203874 0.53794143611025902 -0.22941361342445249 -0.63921178505234977 0.84956131999722695 3.0032576431760121 -1.1602271079525732 -0.46447237695896071 0.98800939703035928 -3.5693393822639288 -0.32397249470538442 -0.47852000889930013 -2.7352079470399753 -2.1603030721003491 2.463605851377034 1.4617051078376289 -0.51480171308702793 0.1010588449538842 0.37611156503875132 0.02232377842704928 -0.047900850902613007
leaf_weight=3146 639 1070 1737 4901 4427 3435 10765 17194 8887 14208 11895 21442 14324 7692 10373 14371 18780 30852 255 7997 13568 7770 4515 1989 6782 23732 5820 25940 30183 136329
leaf_count=3146 639 1070 1737 4901 4427 3435 10765 17194 8887 14208 11895 21442 14324 7692 10373 14371 18780 30852 255 7997 13568 7770 4515 1989 6782 23732 5820 25940 30183 136329
internal_value=-7.46208e-05 -0.000137926 -4.23855e-05 0.00184563 0.00152123 0.00248387 0.000209646 0.0049713 -0.00240609 0.00166497 0.0113275 -0.0051798 -0.00348244 0.00986352 -0.00071314 0.00148569 0.000217924 0.00209299 -0.00132807 -0.0049426 -0.000685954 -0.0107213 -0.000740253 0.0134871 0.0078606 -0.000881786 -0.00702272 -0.000587898 -0.00302921 0.000223381
internal_weight=465018 464379 461233 120907 119170 99945 52221 47724 41094 31402 16322 30329 19225 11127 340326 74376 64003 49632 265950 37187 21420 15767 228763 2244 7852 226519 10335 216184 53915 162269
internal_count=465018 464379 461233 120907 119170 99945 52221 47724 41094 31402 16322 30329 19225 11127 340326 74376 64003 49632 265950 37187 21420 15767 228763 2244 7852 226519 10335 216184 53915 162269
cat_boundaries=0 4 8 10 14 18 22 26 30 34 38 42 44 48 52 56 58 62 66 70 72 74 78 82 87 92
cat_threshold=0 67108864 16384 8388736 0 8388608 2100160 16777227 3476095048 12 4472880 171655 1367343778 939657478 336987181 2040832018 2820669460 268440577 110010377 4259860 50528304 737904 2281866498 3375366528 3087007752 10024224 164110658 440434689 3892346880 68322464 109063432 17105152 2318416196 1074796032 2488289280 57458775 2252931088 33872 1073878024 2217247746 1158479891 77597204 16947462 9 8669729 3242936536 352600192 52441092 286278434 44605761 42113060 3508027392 1314944 1077936320 1252244752 1140889157 2719526656 9 135266816 2229264 35913732 1050392 67371009 2702197856 2283051296 17892672 1024 65537 16576 3 71342105 13 1344340002 10 37880832 2299235072 17825798 554649600 23200290 1375915840 408948746 34620564 234890252 807479301 2416967846 957440002 1 545263154 2687121412 553910402 2835415040 1
is_linear=0
shrinkage=0.1


Tree=57
num_leaves=31
num_cat=23
split_feature=0 0 8 8 4 9 4 9 8 0 4 8 10 9 10 9 8 8 9 9 11 9 9 8 9 11 9 8 8 4
split_gain=122.884 58.8772 124.045 78.7204 64.7626 52.622 48.9336 47.4284 62.339 48.5663 72.6994 46.0891 97.351 59.5127 49.1616 163.285 68.1147 66.9186 56.286 48.9751 45.8126 191.43 95.4309 47.8786 47.7938 92.6285 63.2202 44.6216 43.8791 43.4171
threshold=2169.0000000000005 -200.99999999999997 0 1 45.000000000000007 2 1485.0000000000002 3 4 597.00000000000011 735.00000000000011 5 6 7 8 9 10 11 12 13 14 15 16 17 18 19 20 21 22 75.000000000000014
decision_type=2 2 9 9 2 9 2 9 9 2 2 9 9 9 9 9 9 9 9 9 9 9 9 9 9 9 9 9 9 2
left_child=1 3 -3 -1 -4 -6 -5 8 -7 11 -11 12 19 -14 15 16 -13 -17 -16 -9 21 -20 -23 -24 25 -22 -27 -28 -26 -30
right_child=-2 2 4 6 5 7 -8 9 -10 10 -12 14 13 -15 18 17 -18 -19 20 -21 24 22 23 -25 28 26 27 -29 29 -31
leaf_value=-0.089340108154929432 31.473013312419972 11.78997008579451 0.60361675557585392 -5.6960925335480939 4.1037247044032057 -1.1509321279654956 0.56435558250070383 -0.68942679081733349 0.10534374419927116 1.2472255392186185 -1.1553982060678436 -2.657722678540285 3.3861264853266402 0.72153674943009427 0.35903585402087157 -0.45112312043657055 -1.2691647753613655 0.64390213627307347 1.4369614726823388 0.44386686146138282 -3.9691790631001624 -3.5438701595060631 0.21950633605610081 -1.0101346880448017 0.45519077833927002 2.8583667992905646 2.5485957028836776 -1.334937190949224 1.1654135908057117 -0.023895512663740348
leaf_weight=7145 639 1006 2503 3573 1425 12543 1006 9644 11283 8938 4963 2534 3812 14081 29072 14292 12161 15170 4027 9460 2595 3368 4271 8053 18731 1813 1279 6621 1484 247526
leaf_count=7145 639 1006 2503 3573 1425 12543 1006 9644 11283 8938 4963 2534 3812 14081 29072 14292 12161 15170 4027 9460 2595 3368 4271 8053 18731 1813 1279 6621 1484 247526
internal_value=-8.23624e-05 -0.000142664 3.85503e-05 -0.0071392 -3.99638e-05 -0.000129357 -0.0173567 -0.000190628 -0.00453096 5.34318e-05 0.00586648 -0.000143661 0.00322236 0.00852092 -0.000477605 -0.00361016 -0.0122169 0.000685396 -5.68648e-05 -0.00174218 -0.000464344 -0.0051219 -0.0101134 -0.006024 -0.000136221 -0.00622666 -0.001733 -0.00560051 0.000143977 -0.000207212
internal_weight=465018 464379 452655 11724 451649 449146 4579 447721 23826 423895 13901 409994 36997 17893 372997 44157 14695 29462 328840 19104 299768 19719 15692 12324 280049 12308 9713 7900 267741 249010
internal_count=465018 464379 452655 11724 451649 449146 4579 447721 23826 423895 13901 409994 36997 17893 372997 44157 14695 29462 328840 19104 299768 19719 15692 12324 280049 12308 9713 7900 267741 249010
cat_boundaries=0 4 8 12 16 20 24 26 31 33 37 41 45 50 55 57 61 65 69 73 74 77 81 85
cat_threshold=0 0 768 10 138953288 10518754 17910032 67141642 16 0 536870912 256 16777344 67371040 234945033 1350566593 2131276 234881042 2694866068 195043524 1074273352 142671922 539585716 165675584 2449675788 6 1056768 2198339728 131136 2823817234 1 3225649222 10 278561028 572753728 2416115712 2155222056 67182596 1057024 4493312 67149840 2604663297 1162491268 188780546 33565700 279251722 34626634 268829840 4198436 2 346035458 841613329 2149712928 2689140770 1 2956984439 19 4218881 268435584 8388672 17858584 0 25264656 2097152 537019392 83886852 83918080 2164555840 1081504 4202528 268566656 1082130434 536905728 67109896 0 0 8388608 2147483648 274726912 0 16 328204289 34340932 100700160 1024
is_linear=0
shrinkage=0.1


Tree=58
num_leaves=31
num_cat=27
split_feature=0 0 9 8 8 9 10 9 8 9 8 8 9 11 11 9 8 9 11 11 9 8 9 9 9 11 11 10 9 0
split_gain=103.513 58.0053 66.0558 65.5332 54.2441 72.6356 49.0874 146.488 107.445 75.495 130.965 60.6903 96.4157 71.0986 57.5874 153.382 73.2332 66.7585 56.029 51.0475 48.5513 48.3172 47.0227 45.0718 44.4672 41.6554 40.4031 40.2864 48.4015 46.627
threshold=2247.0000000000005 -8.9999999999999982 0 1 2 3 4 5 6 7 8 9 10 11 12 13 14 15 16 17 18 19 20 21 22 23 24 25 26 -254.99999999999997
decision_type=2 2 9 9 9 9 9 9 9 9 9 9 9 9 9 9 9 9 9 9 9 9 9 9 9 9 9 9 9 2
left_child=1 2 3 -1 5 -3 7 21 24 10 20 12 18 23 17 -16 -17 -13 -11 -10 -8 -6 -21 -14 -9 -12 -5 29 -29 -4
right_child=-2 4 27 26 6 -7 9 8 19 11 25 14 13 -15 15 16 -18 -19 -20 22 -22 -23 -24 -25 -26 -27 -28 28 -30 -31
leaf_value=0.13917234100442832 34.101302513270596 4.9500616500393626 -4.0963104666102694 -1.553943406071882 -0.097286108622595971 0.63939405652652825 1.9371734469365471 1.2834040851199462 3.1478808264215674 -0.79728866026738021 0.51869998371359427 0.42245341955237736 3.1124808055630342 0.055683521955852203 -2.3772505515072937 4.3391890660955541 -0.12528707884414986 0.039049340092356034 0.31452971050924144 -3.9602859527210938 0.18715138841933268 1.0008823198971981 -1.2623779820933061 1.0405323280715082 -0.24845371121900969 -0.65262100533905876 -0.09416154789531106 1.0685025138366393 0.023545656581696453 -0.12209342144782598
leaf_weight=7618 571 2075 2701 12697 12826 10565 2870 2589 669 5854 2283 26539 2671 7827 6783 2113 15715 126413 13626 4368 12802 11023 14046 16312 8478 25303 3503 5503 27394 71281
leaf_count=7618 571 2075 2701 12697 12826 10565 2870 2589 669 5854 2283 26539 2671 7827 6783 2113 15715 126413 13626 4368 12802 11023 14046 16312 8478 25303 3503 5503 27394 71281
internal_value=-8.19323e-05 -0.000134246 -0.00192009 -0.00668122 0.000565094 0.00698814 0.000312033 -0.00243756 -0.00706897 0.000867959 -0.002956 0.00160701 0.00483153 0.0087211 0.000766164 -0.00372243 0.00114923 0.00148861 -0.000523345 -0.0116142 0.00434256 0.003418 -0.0126031 0.0120281 0.00077187 -0.00710248 -0.0102776 -0.000858367 0.00205275 -0.00215294
internal_weight=465018 464447 130697 23818 333750 12640 321110 53999 30150 267111 43258 223853 46290 26810 177563 24611 17828 152952 19480 19083 15672 23849 18414 18983 11067 27586 16200 106879 32897 73982
internal_count=465018 464447 130697 23818 333750 12640 321110 53999 30150 267111 43258 223853 46290 26810 177563 24611 17828 152952 19480 19083 15672 23849 18414 18983 11067 27586 16200 106879 32897 73982
cat_boundaries=0 4 8 12 16 18 23 27 31 35 39 44 46 48 52 56 61 63 64 68 72 76 80 84 85 87 89 93
cat_threshold=1074282880 88145952 1254221960 2155977440 1157636424 1621646408 1093009956 21005826 536872192 8388641 3739600 2097195 1140850688 1073741824 571474176 268445952 3506647380 6 2315788833 17304724 1099169955 406865939 1 3501726215 2450001984 537001987 17192528 604122273 3288612869 41961480 1485839041 210266180 184566912 83886120 76651776 315621451 138937374 3271983149 16592 303628372 414318608 3245375810 1046 2 42346440 15 1329496728 28 268435788 16876306 136314884 3032064 32768 86012160 2 68157440 1638748 296812562 2165309574 1028 2 542480524 8 553652224 2048 0 33554432 1048577 2662990338 1902788740 54689792 395520 163846 2516615232 2281701376 20710464 8 50864136 128 16785664 8552708 8192 134217796 18777152 2282301699 1848116938 10 2656207470 2 301989912 1209008146 805438464 1078461443
is_linear=0
shrinkage=0.1


Tree=59
num_leaves=31
num_cat=23
split_feature=1 6 9 10 4 11 9 10 9 3 8 9 9 8 9 0 4 9 8 8 9 9 8 2 9 8 9 9 11 8
split_gain=90.275 50.9298 83.184 71.348 48.5464 48.2526 47.2105 46.6422 86.2045 49.2811 79.7408 73.6479 55.6052 53.7318 108.72 55.1343 70.9412 134.726 70.4398 66.8624 61.2306 61.1841 137.874 60.9527 55.2235 55.0959 111.516 54.617 65.2319 66.2913
threshold=1215.0000000000002 423.50000000000006 0 1 435.00000000000006 2 3 4 5 6.5000000000000009 6 7 8 9 10 -68.999999999999986 135.00000000000003 11 12 13 14 15 16 1.0000000180025095e-35 17 18 19 20 21 22
decision_type=10 2 9 9 2 9 9 9 9 2 9 9 9 9 9 2 2 9 9 9 9 9 9 8 9 9 9 9 9 9
left_child=1 2 -1 4 -4 -2 -3 8 -8 13 12 -12 -11 14 -9 18 17 -17 -15 -19 -21 22 -18 -22 -20 26 -23 28 29 -27
right_child=5 6 3 -5 -6 -7 7 9 -10 10 11 -13 -14 15 -16 16 21 19 24 20 23 25 -24 -25 -26 27 -28 -29 -30 -31
leaf_value=-1.519224387288074 7.7501656472408742 -2.4167534858675626 0.18080965207809216 0.7656215519050531 -1.41623242933795 0.10702983176956878 -6.016221478538859 1.9022154065247507 -0.015736474679015799 2.4191613009931618 -0.33056936353768196 1.1128909563013687 -1.1723202104096839 -0.045676379020319763 0.023459260692114726 2.1297664459937535 0.046142884169884726 0.39199821362705839 -0.32970539421618811 -0.8274249540788845 0.28024299573105244 0.85006426955048375 -0.84823925516516718 -0.060490092574794832 -2.1513538970441455 -0.55417888620267775 -0.068347535218212838 -0.024026457532272616 -0.84662840666380001 1.9976003564469709
leaf_weight=5771 1599 4649 2588 4365 4607 958 1834 7855 3657 3163 21626 69054 16761 11044 27458 1618 29159 8610 3829 2005 7243 19433 26108 21014 5475 5627 36014 93473 14864 3557
leaf_count=5771 1599 4649 2588 4365 4607 958 1834 7855 3657 3163 21626 69054 16761 11044 27458 1618 29159 8610 3829 2005 7243 19433 26108 21014 5475 5627 36014 93473 14864 3557
internal_value=-0.000102792 -0.000206396 -0.00552478 -0.000622299 -0.00673838 0.0186351 6.7396e-07 0.000106586 -0.00904381 0.000222299 0.00204513 0.00330356 -0.00368215 -0.000399216 0.00328256 -0.000849064 -0.000469067 0.00338849 -0.0058679 0.00220668 -6.60677e-06 -0.00115342 -0.0040496 0.00119397 -0.0122718 -0.000227775 0.0023703 -0.00145366 -0.00570288 0.000924516
internal_weight=465018 462461 17331 11560 7195 2557 445130 440481 5491 434990 110604 90680 19924 324386 35313 289073 268725 40490 20348 38872 30262 228235 55267 28257 9304 172968 55447 117521 24048 9184
internal_count=465018 462461 17331 11560 7195 2557 445130 440481 5491 434990 110604 90680 19924 324386 35313 289073 268725 40490 20348 38872 30262 228235 55267 28257 9304 172968 55447 117521 24048 9184
cat_boundaries=0 4 6 8 12 14 18 22 26 30 34 38 43 47 51 55 59 63 67 71 75 79 81 84
cat_threshold=134218280 440416774 422641664 1476962515 2719318600 4 67372554 1 128 67108864 581632 8389248 1073741829 2 1212676 270532624 2281705472 3221688395 23331880 3221262048 325320837 42020869 545801570 35686657 2155879450 3776716808 2155907081 50356224 65552 4260868 1614814216 536872115 19229316 16785419 671089696 132098 2701131904 2165311760 0 268444176 8454144 134217728 1 176800004 383830080 2752676096 71354384 655621 8392708 608305152 1067024 9961474 2147483648 2097152 1040 541636644 13263904 1108476160 1091598417 2483340100 61091904 201490434 142741508 5399884 273252372 2424308992 2969895962 187834944 143179776 2719483136 36950624 2181055562 3240427807 142675970 806094116 3254779912 2359323 142671936 536937480 2434503554 22 268435716 55836676 134381568
is_linear=0
shrinkage=0.1


Tree=60
num_leaves=31
num_cat=27
split_feature=0 0 9 8 9 8 7 10 9 9 8 8 9 8 7 8 9 8 10 9 9 8 8 9 3 9 8 9 11 8
split_gain=86.4186 51.5378 67.2718 65.773 62.0202 61.8449 50.8058 52.848 93.1516 64.457 50.6465 49.5973 59.4892 48.2058 47.6982 44.8716 71.9306 42.57 41.0673 73.4729 50.3291 45.4092 41.3221 40.6436 38.92 37.3955 40.0599 37.2265 45.3607 36.2704
threshold=2247.0000000000005 45.000000000000007 0 1 2 3 4 5 6 7 8 9 10 11 12 13 14 15 16 17 18 19 20 21 1.5000000000000002 22 23 24 25 26
decision_type=2 2 9 9 9 9 1 9 9 9 9 9 9 9 1 9 9 9 9 9 9 9 9 9 2 9 9 9 9 9
left_child=1 2 3 4 -1 -3 11 9 -9 17 -10 12 -7 -11 -5 16 -4 -8 19 22 21 -20 -13 29 -22 26 -26 28 -16 -12
right_child=-2 5 15 14 -6 6 7 8 10 13 23 18 -14 -15 27 -17 -18 -19 20 -21 24 -23 -24 -25 25 -27 -28 -29 -30 -31
leaf_value=-0.1441252406195902 30.649590130215486 10.952304618482621 -1.3165330014696586 -1.3442764816978396 -1.7003856198724407 2.3981390034534287 0.32188517376415576 0.73264163114555458 0.045285409704177937 -0.02893572999063565 -2.7275561454684167 -2.538367564097022 0.36638533820803904 0.60897307501005571 -7.107446764257924 0.033523484904616652 -0.10228517319006301 -0.53875444268754402 1.0483884785868398 0.094711313720245022 -0.0082392875853543046 -0.47874044897182061 -0.2714717768075417 -0.41697239118706764 0.56349780641716618 0.49993890645372407 2.2801069791614341 0.12365971828834504 -0.74467085049434534 -0.83474948571879326
leaf_weight=5422 571 768 6669 5505 8663 7431 5509 11575 11925 14726 3982 4098 19903 21057 626 141514 30408 12160 2641 23105 16033 11855 3366 20093 5265 28109 5427 25271 4331 7010
leaf_count=5422 571 768 6669 5505 8663 7431 5509 11575 11925 14726 3982 4098 19903 21057 626 141514 30408 12160 2641 23105 16033 11855 3366 20093 5265 28109 5427 25271 4331 7010
internal_value=-8.77385e-05 -0.000135538 -0.00120639 -0.00445533 -0.0102412 0.000900702 0.000807548 -0.000787157 -0.00297555 0.00144776 -0.00511855 0.00216161 0.00593549 0.00388763 -0.00217245 -0.00029983 -0.00339607 -0.00349284 0.00112853 -0.00192452 0.00247476 -0.00276437 -0.0105432 -0.00724393 0.00386004 0.00557331 0.0106055 -0.000611813 -0.00852627 -0.0121342
internal_weight=465018 464447 228409 49818 14085 236038 235270 108037 54585 53452 43010 127233 27334 35783 35733 178591 37077 17669 99899 30569 69330 14496 7464 31085 54834 38801 10692 30228 4957 10992
internal_count=465018 464447 228409 49818 14085 236038 235270 108037 54585 53452 43010 127233 27334 35783 35733 178591 37077 17669 99899 30569 69330 14496 7464 31085 54834 38801 10692 30228 4957 10992
cat_boundaries=0 4 8 12 16 17 19 23 28 32 36 41 45 46 50 55 59 61 66 70 74 78 82 86 90 94 96 100
cat_threshold=1213726849 71311520 181463048 2155911889 134614016 2315419649 1481118985 44124644 4718592 4202496 9486344 513 0 8388608 832 11 108 683412633 8 1247833120 394449 75505824 3095464210 51027968 3257156101 1117831168 204228739 1 1351254284 2516598848 2720555009 19029088 176183298 541409309 1093634184 3670544 2148672000 295712768 2735743146 2214777184 1 2282700804 2453938184 3024621578 19554624 4 2101764 1213221696 474218649 61867284 16781344 3793752064 2298016 1360142592 1 2299134212 437813250 1277265920 1187872 1489047316 14 8424642 564183952 33556741 11406464 1 17852168 67376230 2559770624 1212821570 2760964 2416967680 67108864 197696 2150801696 320342658 176160772 67157312 881885198 1603272970 2281701376 1092367400 314834946 2168589064 1094713410 554731521 337354760 3241152512 201330692 67110144 4718720 71303200 41959432 640 68157440 2 67200032 1093742468 295044 9469956
is_linear=0
shrinkage=0.1


Tree=61
num_leaves=31
num_cat=26
split_feature=0 0 8 8 4 9 9 8 9 9 8 10 9 9 8 8 8 9 11 8 9 9 11 6 9 9 8 11 11 9
split_gain=69.8987 47.5412 79.3438 78.0496 59.9887 49.3343 46.0658 40.3088 63.9787 42.3885 46.2008 38.1841 192.61 126.001 94.994 88.486 80.9807 80.5625 69.1848 63.3215 58.2268 57.2108 55.5372 52.9097 53.7069 48.4881 47.5494 54.5814 42.0694 41.234
threshold=2385.0000000000005 -140.99999999999997 0 1 45.000000000000007 2 3 4 5 6 7 8 9 10 11 12 13 14 15 16 17 18 19 1170.5000000000002 20 21 22 23 24 25
decision_type=2 2 9 9 2 9 9 9 9 9 9 9 9 9 9 9 9 9 9 9 9 9 9 2 9 9 9 9 9 9
left_child=1 2 -1 -3 -5 -4 -6 8 -8 10 -9 12 15 14 21 -11 22 -15 -17 -19 28 -13 -14 25 -25 -24 27 -22 29 -18
right_child=-2 3 5 4 6 -7 7 9 -10 11 -12 13 16 17 -16 18 20 19 -20 -21 26 -23 23 24 -26 -27 -28 -29 -30 -31
leaf_value=-3.9180389060065952 90.619647390968524 11.081900920548771 -2.3007548030292564 0.58959884588050426 10.525957979280701 0.18331582320899856 -3.950921638078718 1.975882923845643 -0.25076187987881443 0.0080334397293796659 0.14633770729569592 0.4272936964706503 -0.62603686369253353 -2.8632035781786054 0.10534673655672258 -0.34694211793868651 -2.1133466064156039 1.1068300796944741 -1.7323976907648113 -0.10651251319973909 -1.9900750082871754 1.4486979919205258 2.0379840805887741 0.51338283821375019 -1.6614324260290858 0.55126869172730919 -0.02426234346269962 -0.36806169605262373 0.462698150877074 0.17252365237660003
leaf_weight=3190 406 735 3394 2452 468 12144 1333 7659 19560 14430 16979 16685 4244 3646 66609 14914 1508 11185 20699 123711 4887 9570 8005 2580 2749 22826 31986 16098 17407 2959
leaf_count=3190 406 735 3394 2452 468 12144 1333 7659 19560 14430 16979 16685 4244 3646 66609 14914 1508 11185 20699 123711 4887 9570 8005 2580 2749 22826 31986 16098 17407 2959
internal_value=-9.52651e-05 -0.000131508 -0.00506728 7.58045e-05 2.16776e-05 -0.0021096 -6.4717e-05 -9.825e-05 -0.00438454 0.000114395 0.00413827 -0.000135616 -0.00129642 0.000693556 0.00354351 -0.00647614 0.000953071 -0.00121687 -0.00915279 -0.00081983 -0.00099459 0.00863697 0.0045603 0.0058308 -0.00336836 0.00742272 -0.00278685 -0.00648488 0.00334491 -0.00530489
internal_weight=465018 464612 18728 445884 445149 15538 442697 442229 20893 421336 24638 396698 165292 231406 92864 50043 115249 138542 35613 134896 74845 26255 40404 36160 5329 30831 52971 20985 21874 4467
internal_count=465018 464612 18728 445884 445149 15538 442697 442229 20893 421336 24638 396698 165292 231406 92864 50043 115249 138542 35613 134896 74845 26255 40404 36160 5329 30831 52971 20985 21874 4467
cat_boundaries=0 4 8 13 16 20 24 29 33 35 39 43 47 51 55 58 60 64 68 72 74 79 83 87 89 91 95
cat_threshold=17835009 2299134212 1312854185 28517408 0 0 768 10 1308622912 402719559 1075396632 6428323 1 0 0 536870912 19202096 1073744385 281022465 176422916 0 33562624 169873408 8192 543169080 21582 319750306 2214601024 2 1346371585 2670592 3238390944 24117265 3565358852 6 2147485124 226689025 55308 563170444 2492728582 2575499265 1048588 554912812 201327944 107233410 53149872 16790096 1610780417 134873108 554174562 4290464 2148665088 146362368 2148139010 150832 0 262144 1082130432 2638461960 4 310903296 269500468 69404672 273 134217728 1076111888 144703488 136318977 2483290118 268500993 4 16991240 2218886161 20 370712577 2986377472 2283798592 2887680 1 1056769 2098064 142606336 274759683 1308647432 2231509250 1075947668 69304833 269135424 2 541230085 9 0 16 2097152 4097
is_linear=0
shrinkage=0.1


Tree=62
num_leaves=31
num_cat=21
split_feature=0 0 8 8 4 10 4 9 8 9 6 11 8 8 6 3 11 8 7 9 4 11 9 8 9 4 9 8 9 11
split_gain=59.5974 43.2756 127.574 54.9667 42.7334 51.9225 38.7977 39.1185 43.8374 62.5952 43.5539 102.57 118.629 87.5287 76.1112 109.296 92.1338 80.7639 71.5264 62.1446 59.5725 57.648 97.3786 58.809 53.8716 49.8465 84.4607 102.715 76.3042 72.57
threshold=1257.0000000000002 -320.99999999999994 0 1 735.00000000000011 2 45.000000000000007 3 4 5 1162.5000000000002 6 7 8 945.50000000000011 4.5000000000000009 9 10 11 12 225.00000000000003 13 14 15 16 435.00000000000006 17 18 19 20
decision_type=2 2 9 9 2 9 2 9 9 9 2 9 9 9 2 2 9 9 1 9 2 9 9 9 9 2 9 9 9 9
left_child=1 3 -3 -1 -2 -6 -4 -8 9 -9 14 12 20 -13 21 -16 -17 -18 -19 -15 -12 22 -10 -24 -14 28 27 -27 -23 -28
right_child=4 2 6 -5 5 -7 7 8 10 -11 11 13 24 19 15 16 17 18 -20 -21 -22 25 23 -25 -26 26 29 -29 -30 -31
leaf_value=-0.33924361802679215 4.5947348069252598 9.1161647981831013 0.46559839961859384 -7.3586335088797146 14.452141593069951 -8.2965456098706465 1.2034986974850881 -1.6058109721298135 -0.88236359665600905 -0.027736777602613928 -0.094258252625616032 -0.34181687414975281 -1.2836569593972635 1.8023565493596339 -0.028925905491601612 -4.2770021990025979 -0.082105805251865865 4.484483052069459 1.3255513043190155 0.20863310927405984 -2.5373075902810749 0.25052720142258983 0.59529667449134827 3.9295931446491212 0.06717723167543603 -2.5179947350186986 -11.577404018455551 -0.33269622007153787 -0.047572753628500136 -0.10731828539005478
leaf_weight=3930 1526 1231 2547 1833 603 396 9742 8510 4603 12311 3569 13820 4039 4452 56314 1725 11268 10969 25136 17254 11337 26396 5378 3662 18775 10174 660 14564 63648 114646
leaf_count=3930 1526 1231 2547 1833 603 396 9742 8510 4603 12311 3569 13820 4039 4452 56314 1725 11268 10969 25136 17254 11337 26396 5378 3662 18775 10174 660 14564 63648 114646
internal_value=-9.37598e-05 -0.000177408 -6.87496e-05 -0.00878883 0.0152277 -0.000850851 -0.000155979 -0.000225189 -0.000363025 -0.00484134 -0.000142164 -0.00235917 -0.00598993 0.00149707 0.000322934 0.00256802 0.00601654 0.00684317 0.00914994 0.00545681 -0.0129257 -0.000648051 0.00566542 0.0116906 -0.00145461 -0.00102261 -0.00220288 -0.00750364 0.000812936 -0.0010649
internal_weight=465018 462493 456730 5763 2525 999 455499 452952 443210 20821 422389 73246 37720 35526 349143 105412 49098 47373 36105 21706 14906 243731 13643 9040 22814 230088 140044 24738 90044 115306
internal_count=465018 462493 456730 5763 2525 999 455499 452952 443210 20821 422389 73246 37720 35526 349143 105412 49098 47373 36105 21706 14906 243731 13643 9040 22814 230088 140044 24738 90044 115306
cat_boundaries=0 4 8 10 15 19 23 25 29 33 35 39 40 44 46 50 54 58 62 66 70 71
cat_threshold=0 0 512 10 134217792 8404992 1050880 32834 2215674688 2 536936504 7170 603980322 536871172 2 1096876080 1073778177 281310213 176422917 374341892 301998084 439554056 8433704 926538 10 2283013381 2165325874 2837973064 19924336 1703941 984100992 34668610 674224 561156 10 1075784 608838090 2184708432 67210304 34 49314881 1450008 6291648 2433749073 8401156 8 2269118533 25305552 2149580804 16798723 167904004 2281832452 2818736160 1118976 204997632 34603136 2230336 403753489 1077963264 67895349 1216348180 2169537216 135292736 305139718 1243808136 70257488 71852034 50593948 1218576388 2301833793 2147483648
is_linear=0
shrinkage=0.1


Tree=63
num_leaves=31
num_cat=24
split_feature=0 0 4 9 2 8 3 9 8 8 8 9 9 8 9 9 8 0 9 9 9 11 9 8 8 9 11 9 11 9
split_gain=55.0025 44.7026 58.2157 121.26 55.8837 70.7559 49.918 89.6368 53.6764 47.8988 46.3086 118.475 71.496 57.4298 45.0217 42.154 41.9872 40.4275 78.8129 45.9066 39.118 38.0151 37.984 109.899 61.3364 65.7747 52.2327 44.9886 70.8084 65.3364
threshold=2481.0000000000005 -50.999999999999993 135.00000000000003 0 21.000000000000004 1 2.5000000000000004 2 3 4 5 6 7 8 9 10 11 123.00000000000001 12 13 14 15 16 17 18 19 20 21 22 23
decision_type=2 2 2 9 8 9 2 9 9 9 9 9 9 9 9 9 9 2 9 9 9 9 9 9 9 9 9 9 9 9
left_child=1 6 3 -3 5 -5 7 -1 15 -6 11 -4 13 -12 -10 -8 -9 18 -11 -19 -13 -22 23 -14 25 26 -24 -26 29 -29
right_child=-2 2 10 4 9 -7 8 16 14 17 12 20 22 -15 -16 -17 -18 19 -20 -21 21 -23 24 -25 27 -27 -28 28 -30 -31
leaf_value=-1.9567628077545027 92.670867932315886 1.5599082573868515 -1.0562952742658993 -0.35753413102191162 0.54054863721744517 0.33576883866967699 -2.2319253989186989 0.18538189840160746 1.5530635766562 -0.69734380929935225 2.380212760934167 0.32215521969101246 -0.76689703869503778 0.27920334159856569 -0.087917790182246949 -0.41293221254588675 -0.61488623996411629 -0.25962558165585109 -0.011493759518849345 0.25060270719896355 0.022534847012850891 -0.71198620272180912 -1.019998468981379 0.01802406911539265 -0.28859582073442491 0.018492967943143413 0.85456169415303407 1.1515253531398608 -0.20352165721370349 0.1747936963784015
leaf_weight=3968 321 3111 16932 1455 2864 10922 3270 6458 5995 3540 5931 22357 20907 18061 27298 5831 7506 3756 7492 9012 26455 15581 1972 72787 32986 27813 24416 6069 39592 30360
leaf_count=3968 321 3111 16932 1455 2864 10922 3270 6458 5995 3540 5931 22357 20907 18061 27298 5831 7506 3756 7492 9012 26455 15581 1972 72787 32986 27813 24416 6069 39592 30360
internal_value=-0.000102577 -0.000131161 0.000247669 0.00376495 0.00224706 0.00780076 -0.00267049 -0.00709346 -0.000799641 -0.000330033 -0.000161643 -0.00226286 0.000446772 0.00566619 0.00106147 -0.0076007 -0.0033133 -0.00180176 -0.0062364 0.00202851 -0.00030511 -0.00210246 -4.087e-05 -0.00164561 0.000880418 0.00362934 0.00720509 -0.000486621 0.000851626 0.00403277
internal_weight=465018 464697 404371 42152 39041 12377 60326 17932 42394 26664 362219 81325 280894 23992 33293 9101 13964 23800 11032 12768 64393 42036 256902 93694 163208 54201 26388 109007 76021 36429
internal_count=465018 464697 404371 42152 39041 12377 60326 17932 42394 26664 362219 81325 280894 23992 33293 9101 13964 23800 11032 12768 64393 42036 256902 93694 163208 54201 26388 109007 76021 36429
cat_boundaries=0 5 8 12 16 20 24 28 32 36 40 45 49 53 57 62 64 69 73 77 81 83 87 89 93
cat_threshold=2147483648 268444432 9633792 136347656 1 41943040 2583691264 1077936128 1480884544 159645698 1224826948 1074973904 8392195 306840001 574623881 94995585 2181562372 8392960 610402304 1064960 3998257 1074801216 482344965 182192388 1375731720 2518798594 176554048 26665160 6293528 33772614 856033952 2172649796 641728520 2654243 3223391176 16777227 323223643 1447958 687866880 1758497026 33718272 153289092 167823424 3236012864 1 1249923650 952238275 6359425 16876547 278003712 3372253188 2097152 263172 92799492 1076363264 270532672 17310772 2214790752 553651776 1075314690 939526167 3 2636063809 20 2282333380 612638768 1086732 402686099 1 0 67782019 2737051728 83972160 1090520384 143147398 2687412818 16863304 68161568 3221750537 3298820162 1616194592 3225532437 26 369102880 2621961 10485826 1616193536 1161171172 3 1065217 0 1073741824 5160
is_linear=0
shrinkage=0.1


Tree=64
num_leaves=31
num_cat=25
split_feature=0 0 9 8 11 8 2 8 8 9 4 9 9 9 9 11 11 9 9 8 8 9 8 9 9 8 9 11 1 8
split_gain=51.7622 42.2199 55.4095 79.897 50.7629 49.8342 46.0108 91.2405 62.2975 89.6713 55.2179 52.4329 51.5916 50.3378 48.9795 51.4867 48.3999 85.5361 54.8069 52.847 43.0277 42.4907 42.1281 39.2107 39.0074 42.7608 35.8592 46.0168 34.8151 32.9522
threshold=3030.0000000000005 45.000000000000007 0 1 2 3 63.000000000000007 4 5 6 75.000000000000014 7 8 9 10 11 12 13 14 15 16 17 18 19 20 21 22 23 1734.0000000000002 24
decision_type=2 2 9 9 9 9 8 9 9 9 2 9 9 9 9 9 9 9 9 9 9 9 9 9 9 9 9 9 8 9
left_child=1 2 3 4 -1 21 7 13 9 -8 28 20 -9 -7 15 -12 18 -18 -13 -20 -10 -3 23 -4 -6 -26 -5 -28 -11 -19
right_child=-2 5 22 26 24 6 8 12 11 10 14 16 -14 -15 -16 -17 17 29 19 -21 -22 -23 -24 -25 25 -27 27 -29 -30 -31
leaf_value=0.51112894860721103 157.37418456078274 9.239657389412546 -0.44530991115669805 0.59267767476428657 -0.2772974210771299 -0.31230024830316677 -0.53432373639188602 0.86163656549210121 1.6191990547595425 2.5718234480776534 -1.0866578476267363 -0.032783768519450973 -0.16503788263889219 0.82699486211320838 0.25411466682777756 1.9657661244761813 1.2487573835747456 -0.28736731135015248 -1.0646500426840551 -0.34806428732452449 0.060011071481758195 1.2653473205988008 0.04415874183616815 -0.020313285277499205 -1.3990120873277705 -2.438152852139623 0.55470049498643803 -0.67138580902648504 -0.033006060781426073 0.067254172640924995
leaf_weight=2367 218 952 23422 7058 3860 2675 9569 7083 5584 614 1659 21472 26656 15220 23769 10271 4764 23659 12438 17377 19030 2189 129739 28289 5425 4481 5856 17912 262 31148
leaf_count=2367 218 952 23422 7058 3860 2675 9569 7083 5584 614 1659 21472 26656 15220 23769 10271 4764 23659 12438 17377 19030 2189 129739 28289 5425 4481 5856 17912 262 31148
internal_value=-9.26846e-05 -0.000115534 -0.00108511 -0.00414635 -0.00984637 0.000821309 0.000652491 0.00328659 -9.63571e-05 0.00307666 0.00533142 -0.00117728 0.00022371 0.00905613 0.00472422 0.00994975 -0.0021043 -0.000165321 -0.00435601 -0.00712992 0.00299708 0.0133132 -0.000292626 -0.00270586 -0.0121733 -0.0155002 -0.00116098 -0.0030196 0.030137 -0.00128336
internal_weight=465018 464800 228409 46959 16133 236391 233250 51634 181616 46144 36575 135472 33739 17895 35699 11930 110858 59571 51287 29815 24614 3141 181450 51711 13766 9906 30826 23768 876 54807
internal_count=465018 464800 228409 46959 16133 236391 233250 51634 181616 46144 36575 135472 33739 17895 35699 11930 110858 59571 51287 29815 24614 3141 181450 51711 13766 9906 30826 23768 876 54807
cat_boundaries=0 4 8 10 14 18 22 26 31 36 40 44 46 48 52 57 61 65 69 73 77 81 85 89 90 94
cat_threshold=3222798464 71311392 181467176 2155912145 176557056 2149638149 1916801033 44583012 4233986 8 0 8388609 2101184 11 302524229 622358800 18350090 69310528 1749031176 138477574 1242546192 20465248 50659782 637552672 1141002329 1096286404 2425060 541211720 16810114 1766889732 2 2164870402 587825619 2228226 2099718 3 273703937 3178499 138412034 209748995 2219975688 285348870 142606374 2762098465 2957541650 22 3972016084 3 301989896 16777362 3232890880 40 2190504449 168624132 2517631304 17435 1 2150196325 1158687360 541073452 4200852 268993600 3288351744 67117057 8425492 1572864 3256877057 570426112 8448 2149585670 1213745152 1547960472 45110292 151031841 3643936789 19070978 1561419776 524288 8192 4210688 2147483712 143000576 0 33554440 11012128 0 0 134219776 8390928 1627396866 34701394 2248302864 2147487744 142719120
is_linear=0
shrinkage=0.1


Tree=65
num_leaves=31
num_cat=24
split_feature=0 0 8 8 4 9 9 9 7 6 8 11 9 9 8 11 11 0 4 8 10 9 8 9 8 9 11 8 9 11
split_gain=51.765 41.4475 79.8208 71.522 44.311 75.6438 40.7449 38.7313 32.6427 48.6995 62.3086 44.6136 61.7708 47.5876 49.2455 48.8951 40.5576 38.2963 39.4594 34.4942 34.4885 96.3692 81.0224 65.2651 64.3229 55.6286 43.167 36.0507 39.8295 44.3244
threshold=3030.0000000000005 -188.99999999999997 0 1 75.000000000000014 2 3 4 5 1195.5000000000002 6 7 8 9 10 11 12 1143.0000000000002 735.00000000000011 13 14 15 16 17 18 19 20 21 22 23
decision_type=2 2 9 9 2 9 9 9 1 2 9 9 9 9 9 9 9 2 2 9 9 9 9 9 9 9 9 9 9 9
left_child=1 3 -3 -1 5 -4 -5 -6 9 11 -11 12 -9 15 -15 -13 -12 20 -19 -17 21 24 25 26 -10 -23 -22 -25 -29 -30
right_child=-2 2 4 6 7 -7 -8 8 17 10 16 13 -14 14 -16 19 -18 18 -20 -21 23 22 -24 27 -26 -27 -28 28 29 -31
leaf_value=-7.1669999250837044 141.63676610470444 12.415885771879324 0.027057457594774806 0.54817762584925167 6.6948178663794922 0.98291789004589669 -1.7459221337636022 0.4386787891898607 0.16249633089009308 0.62919727272225145 -1.2211208543846199 0.29390268219996474 -0.92014564761093642 1.0842589866367334 0.16090341447521703 -2.8390734819989625 -0.1676565094355027 3.5646257568508872 -1.8866773166341773 -0.4096365934457496 -2.5634578736933191 3.9155508916467663 0.043127958624944542 -0.47995099768034494 -0.91875751629763658 0.67600120397726871 -0.50131240230202323 -0.19017246160668755 -0.27287607705811878 0.15589288116326827
leaf_weight=1509 218 618 6157 5419 673 2902 5864 5239 8249 4819 7438 6547 8458 15854 107256 2530 12622 1243 623 2940 3892 2872 48859 17455 13827 13446 13518 67667 20219 56085
leaf_count=1509 218 618 6157 5419 673 2902 5864 5239 8249 4819 7438 6547 8458 15854 107256 2530 12622 1243 623 2940 3892 2872 48859 17455 13827 13446 13518 67667 20219 56085
internal_value=-9.39749e-05 -0.000116824 4.20347e-05 -0.00573014 -7.53212e-06 0.00691577 -0.00297972 -0.000149323 -0.000186113 0.000881627 -0.00321355 0.00156628 -0.00387029 0.00211748 0.00270387 -0.00388709 -0.00566517 -0.000878286 0.0133976 -0.0108577 -0.000978432 0.000651479 0.00258564 -0.00177359 -0.0050575 0.00868447 -0.00758898 -0.00114596 -0.00062543 0.00094085
internal_weight=465018 464800 452008 12792 451390 9059 11283 442331 441658 173703 24879 148824 13697 135127 123110 12017 20060 267955 1866 5470 266089 87253 65177 178836 22076 16318 17410 161426 143971 76304
internal_count=465018 464800 452008 12792 451390 9059 11283 442331 441658 173703 24879 148824 13697 135127 123110 12017 20060 267955 1866 5470 266089 87253 65177 178836 22076 16318 17410 161426 143971 76304
cat_boundaries=0 4 8 12 16 19 20 24 26 30 34 38 39 41 45 47 51 55 59 63 67 69 73 77 79
cat_threshold=0 0 512 10 2165309441 2316959749 33685673 16844032 293601284 1224802304 268435456 8235 2168988737 1084620800 3097497636 2013339680 16 0 537395200 104 4808776 339848970 304087220 76055553 671645746 26 68698368 2587099346 2291335236 135430657 2119752 2151940337 207785993 1350598848 1176509703 8651316 86196708 16843328 3310617408 36578114 2 604083716 67265028 2218823732 77660692 682396401 9 553943113 1193347602 155267072 1277191173 537404488 1172456722 85985680 83918933 67634436 2216038464 11705480 536971496 478691339 270561290 1160349824 70385761 2113536 393280 131584 549488898 1141385224 10 278945834 8667474 297896081 52690965 3627180034 308355105 67125568 2170422786 88222225 6
is_linear=0
shrinkage=0.1


Tree=66
num_leaves=31
num_cat=26
split_feature=0 0 9 8 11 2 8 11 9 8 9 9 8 8 8 8 9 8 10 11 9 8 8 8 9 8 9 0 10 9
split_gain=50.8301 37.5044 59.2537 73.0834 67.8491 57.6549 64.9062 60.4022 56.8591 54.8575 47.8797 44.1416 55.7523 38.7338 37.2616 36.0933 34.8267 33.4587 32.0834 36.107 45.8325 45.2164 41.1967 33.0293 31.4193 31.0089 37.8015 29.5495 29.2955 28.8163
threshold=3030.0000000000005 99.000000000000014 0 1 2 111.00000000000001 3 4 5 6 7 8 9 10 11 12 13 14 15 16 17 18 19 20 21 22 23 471.00000000000006 24 25
decision_type=2 2 9 9 9 8 9 9 9 9 9 9 9 9 9 9 9 9 9 9 9 9 9 9 9 9 9 2 9 9
left_child=1 11 3 4 -3 9 7 10 27 -4 -7 12 29 -6 16 -5 -8 -10 -14 21 22 -20 -21 -22 -16 26 -13 -9 -25 -1
right_child=-2 2 5 15 13 6 14 8 17 -11 -12 25 18 -15 24 -17 -18 -19 19 20 23 -23 -24 28 -26 -27 -28 -29 -30 -31
leaf_value=-3.6425109748817217 127.473089494234 -0.047841579399968741 0.95936463041663844 -0.71961939596524482 5.0129591046492692 1.7962104671727674 -1.3232317111183314 0.25310855100459689 0.046884269716764494 0.13145100811705959 0.40752632325497873 -0.0086111048473412662 2.8981814253204998 2.1997172628263573 -0.38629232837168104 0.48370251370688211 -0.32139775888338706 -1.4424172174823129 -0.63343355462794459 -7.8337371599533103 -0.71552485979706404 0.96681807563281164 -1.2126048803425022 0.15501687515463516 -0.012203361525180867 -0.047525993584898979 0.50498946806529799 2.7239686956031508 -0.54510617494220881 -0.93379425520930259
leaf_weight=1172 218 2148 8307 4186 1451 4299 3250 6544 4035 21861 6773 20337 1270 3048 21797 19366 6235 4539 3342 1120 15941 5830 2786 17450 49489 202959 13970 1287 5811 4197
leaf_count=1172 218 2148 8307 4186 1451 4299 3250 6544 4035 21861 6773 20337 1270 3048 21797 19366 6235 4539 3342 1120 15941 5830 2786 17450 49489 202959 13970 1287 5811 4197
internal_value=-0.000110748 -0.000133391 0.00105714 0.00506968 0.0143233 0.000181324 -0.00089609 0.00330156 -0.000551325 0.00404733 0.00900559 -0.000811148 -0.0032607 0.0213018 -0.00232419 0.0024531 -0.00820958 -0.00617428 -0.00228529 -0.00266781 -0.00388005 0.00302766 -0.0141982 -0.00284862 -0.00154006 -0.000202718 0.00257744 0.00560515 -0.00044476 -0.0129671
internal_weight=465018 464800 168615 30199 6647 138416 108248 27477 16405 30168 11072 296185 58919 4499 80771 23552 9485 8574 53550 52280 43108 9172 3906 39202 71286 237266 34307 7831 23261 5369
internal_count=465018 464800 168615 30199 6647 138416 108248 27477 16405 30168 11072 296185 58919 4499 80771 23552 9485 8574 53550 52280 43108 9172 3906 39202 71286 237266 34307 7831 23261 5369
cat_boundaries=0 4 8 10 14 16 21 25 29 33 37 41 45 49 53 57 58 59 63 67 71 75 80 84 89 91 95
cat_threshold=5509172 2688726019 578814882 2952827138 1074266184 2206728199 1630047168 18875419 2233118737 13 2286059840 12910592 2318078352 3679339 1460741136 24 503359488 524420 271581200 139657273 3 59253507 70307984 3243771924 67211584 377619528 428081152 2150629376 84689960 135528580 1415577600 45806120 2415957385 1077936136 1073776641 29364249 50987052 0 0 1075841984 26 11608097 8226 1337389 62916740 51453984 134301696 445710354 1069056 285737096 1375731968 135348224 9175232 138575872 8388608 135168 2622506 1074278400 1128274311 0 67108864 8388608 32896 83886594 152715268 2315748416 3146368 1048576 2097152 0 336 2155873538 2456818688 2787794976 14689281 2911374594 101007408 139528192 91700 1 1075380225 537499665 2770133025 21102731 3534226691 2684518417 2214658449 538003488 1 184978762 8 0 272629760 2232320 4096
is_linear=0
shrinkage=0.1


Tree=67
num_leaves=31
num_cat=23
split_feature=0 6 8 4 9 9 9 10 4 6 5 8 9 8 9 8 11 9 9 6 8 9 11 11 9 9 9 8 8 9
split_gain=50.8224 36.245 71.6387 66.7953 62.1707 51.431 43.9776 39.8671 38.6775 34.7275 88.2114 106.387 79.4388 75.016 60.4367 57.0896 54.356 61.2085 58.1351 50.6078 48.6275 47.0576 45.6373 45.5456 181.363 75.2066 61.2002 66.9321 52.3538 52.3146
threshold=3030.0000000000005 423.50000000000006 0 465.00000000000006 1 2 3 4 45.000000000000007 1113.5000000000002 15.500000000000002 5 6 7 8 9 10 11 12 1335.5000000000002 13 14 15 16 17 18 19 20 21 22
decision_type=2 2 9 2 9 9 9 9 2 2 2 9 9 9 9 9 9 9 9 2 9 9 9 9 9 9 9 9 9 9
left_child=1 2 6 5 -5 -4 -1 -6 -3 10 23 14 13 -11 -12 -14 17 -13 -18 22 -19 -21 -17 24 -10 -26 27 -25 -28 -30
right_child=-2 8 3 4 7 -7 -8 -9 9 12 11 16 15 -15 -16 19 18 20 -20 21 -22 -23 -24 26 25 -27 28 -29 29 -31
leaf_value=-1.0756182484246175 114.7257805448106 0.44598147905070962 0.53857851841443372 -2.7178464491055507 -3.1836828191278395 -0.51807171990856637 0.88546667789733891 -0.17373651735981285 -2.4940472342231477 -2.4801226102042708 5.4532985065083555 -0.36458012149378605 0.89370854514879738 -0.27041572656999052 0.86574995942849575 2.635481316127767 0.69256313595060637 1.9362850507665685 -0.40033739285764658 -0.26287070114296851 0.26953511131344782 0.79291499567277701 -0.20759184236800934 2.5535165047025834 1.8307734307153838 -0.25552856398508794 -0.61361402849964297 0.13128674917983982 -2.7687529725367002 0.0056795523324479902
leaf_weight=1136 218 2505 2422 3520 936 2455 3007 3871 5638 6680 4139 7622 8923 18732 19414 2191 8217 6352 21758 3422 16295 6759 57945 5956 3039 11327 19739 14082 1866 194852
leaf_count=1136 218 2505 2422 3520 936 2455 3007 3871 5638 6680 4139 7622 8923 18732 19414 2191 8217 6352 21758 3422 16295 6759 57945 5956 3039 11327 19739 14082 1866 194852
internal_value=-0.000107093 -0.000129733 -0.00461463 -0.00821099 -0.0136604 0.00107648 0.00685047 -0.00621756 4.41387e-05 -2.5621e-05 0.000464302 0.00328114 -0.0016187 -0.00648257 0.00897806 -5.80442e-05 0.00105221 0.00404075 -0.00196598 -0.00101455 0.00664916 0.00550535 -0.00211853 -0.000455947 -0.00503647 0.000932109 -6.82861e-05 0.00521748 -0.000557822 -6.50645e-05
internal_weight=465018 464800 17347 13204 8327 4877 4143 4807 447453 444948 340296 83797 104652 25412 23553 79240 60244 30269 29975 70317 22647 10181 60136 256499 20004 14366 236495 20038 216457 196718
internal_count=465018 464800 17347 13204 8327 4877 4143 4807 447453 444948 340296 83797 104652 25412 23553 79240 60244 30269 29975 70317 22647 10181 60136 256499 20004 14366 236495 20038 216457 196718
cat_boundaries=0 4 8 12 16 17 21 25 29 33 37 39 43 47 51 56 58 60 65 69 73 77 81 85
cat_threshold=385876557 134742348 2686615584 18977451 2282766368 413249542 2292187204 419480659 2156848130 2191524380 131140 2368966672 138412608 33555350 269566208 1208385731 2685468672 2286427456 8393778 3774974666 9437226 151519360 100665552 1174661394 134849171 386139908 37896242 2697431106 18956800 2215383040 2294519299 571506832 67248164 278951688 12648971 592848 4260875 3776317514 4 2241357058 3301771268 50332038 67144832 2290696486 77071395 286261414 60930 377487366 2302279681 69206016 2097936 302138118 537182733 412090368 6424616 1 2147518496 3 2722660386 7 34768417 621380352 170918144 3038214 1 24576 2361538 545457216 16777361 554 526340 824180994 4260098 3227523332 2299840513 450564 20971867 1096818792 411045378 423658121 48234533 0 1441888 128 640
is_linear=0
shrinkage=0.1


Tree=68
num_leaves=31
num_cat=23
split_feature=0 0 8 8 4 9 0 3 8 11 3 8 9 10 8 9 8 9 9 8 8 11 9 11 8 11 4 9 8 11
split_gain=49.8386 37.9907 103.699 50.1109 30.9227 75.1512 55.0311 53.8542 46.168 64.272 39.4146 152.373 106.919 53.4163 139.257 88.1361 76.8201 81.3546 62.9967 53.1313 52.4719 49.6138 48.7137 44.0141 49.0099 43.2768 42.8893 63.5777 61.923 48.4187
threshold=3030.0000000000005 -296.99999999999994 0 1 135.00000000000003 2 -80.999999999999986 2.5000000000000004 3 4 1.5000000000000002 5 6 7 8 9 10 11 12 13 14 15 16 17 18 19 225.00000000000003 20 21 22
decision_type=2 2 9 9 2 9 2 2 9 9 2 9 9 9 9 9 9 9 9 9 9 9 9 9 9 9 2 9 9 9
left_child=1 3 -3 -1 5 -4 -7 8 -8 -10 11 -6 -13 14 -12 25 17 -15 21 23 -17 -18 -22 -14 -25 -16 28 -28 -21 -29
right_child=-2 2 4 -5 10 6 7 -9 9 -11 13 12 19 16 15 20 18 -19 -20 26 22 -23 -24 24 -26 -27 27 29 -30 -31
leaf_value=-5.7015130962251916 103.25320249032953 8.5604556649630439 0.9391155432843562 -0.41075328081765083 -2.105390652661828 -1.5150941128882984 -0.040811215602465728 2.4143641881959383 -0.33682366955026866 0.33553281367647547 0.43323822970540038 -0.42336817368021401 -0.06560728237883616 2.0447414623995677 -0.7274014570529741 0.03803314993609952 -0.65326143252455449 0.21384557114431663 0.13968752395940384 2.2743398069448051 -2.3644469748535109 0.056139886879127944 -0.47916058640309989 2.9666874106277703 0.34700658047949845 -2.6707318517173095 -2.5127970956332408 1.9014235078287081 -0.0050544471992239439 -0.37231764875808154
leaf_weight=1842 218 1082 4039 4797 1765 1830 23411 375 3432 13645 34330 20021 6118 17634 8030 36792 27394 33816 114688 1009 5262 23255 23248 1303 8793 8212 1362 551 26197 10567
leaf_count=1842 218 1082 4039 4797 1765 1830 23411 375 3432 13645 34330 20021 6118 17634 8030 36792 27394 33816 114688 1009 5262 23255 23248 1303 8793 8212 1362 551 26197 10567
internal_value=-9.63404e-05 -0.000118761 -9.93101e-06 -0.00762916 -8.3463e-05 0.00235385 0.00111819 0.00187823 0.00152885 0.00548077 -0.000361036 -0.0023891 -0.00171142 0.000112577 -0.00162059 -0.00386983 0.00103899 0.00441314 -1.11886e-05 0.000534788 -0.0022293 -0.00294814 -0.00544881 0.00535626 0.00941025 -0.0104603 -0.00143591 -0.00629006 0.000790267 -0.00377426
internal_weight=465018 464800 458161 6639 457079 46732 42693 40863 40488 17077 410347 77686 75921 332661 115874 81544 216787 51450 165337 55900 65302 50649 28510 16214 10096 16242 39686 12480 27206 11118
internal_count=465018 464800 458161 6639 457079 46732 42693 40863 40488 17077 410347 77686 75921 332661 115874 81544 216787 51450 165337 55900 65302 50649 28510 16214 10096 16242 39686 12480 27206 11118
cat_boundaries=0 4 8 13 17 19 23 27 29 33 37 41 45 49 53 57 59 63 65 68 69 74 78 80
cat_threshold=0 0 512 10 17891329 168296448 35652288 1049 2181038592 268444432 8585216 136314888 1 327188483 2586992640 1207996418 172688 621293956 1 33025 1048576 138412048 262400 2720497732 969408512 1133085828 1073774642 3569554502 2 2170722564 142639264 2685012306 8551552 343932964 2214728640 151744 559178920 76021832 1390953814 56737792 1638992 162011680 3271758864 2147614848 675406874 1207965701 1445372466 3363831808 144749571 1213213184 1885425731 2461955 8454161 143655937 2165841425 1107592356 153158497 3021014022 1 2147648512 33589265 1224769538 196674 1145481234 9 1074798592 2179073 256 692225304 345505792 2147491856 268435472 136314880 1 33571840 262168 0 1048576 539230208 20
is_linear=0
shrinkage=0.1


Tree=69
num_leaves=31
num_cat=22
split_feature=0 0 8 4 9 9 4 9 9 8 10 9 8 8 4 9 11 8 9 9 0 9 9 8 8 2 8 9 9 0
split_gain=45.1593 36.2901 56.7624 62.4355 51.0182 46.4388 42.1104 136.328 36.7696 34.7612 30.706 29.8137 29.7866 29.7023 32.442 30.0645 29.4917 29.3927 65.9534 31.7076 27.1594 64.053 53.1152 43.9282 40.212 38.5943 82.4609 59.4734 49.5618 41.902
threshold=3030.0000000000005 -74.999999999999986 0 315.00000000000006 1 2 105.00000000000001 3 4 5 6 7 8 9 45.000000000000007 10 11 12 13 14 333.00000000000006 15 16 17 18 207.00000000000003 19 20 21 171.00000000000003
decision_type=2 2 9 2 9 9 2 9 9 9 9 9 9 9 2 9 9 9 9 9 2 9 9 9 9 10 9 9 9 2
left_child=1 2 8 5 -5 -4 7 12 -1 -8 -6 -11 -3 -9 -15 -16 -12 18 -13 -19 25 -22 23 -23 -24 29 28 -28 -27 -21
right_child=-2 6 3 4 10 -7 9 13 -10 11 16 17 -14 14 15 -17 -18 19 -20 20 21 22 24 -25 -26 26 27 -29 -30 -31
leaf_value=1.4852416493353864 92.927882241296587 0.4740453864193313 -2.4948959644177933 -1.8434725570554633 2.193772075176931 -0.59845533720342314 7.3949085425550898 2.6790409582582768 -0.12893494000067615 8.7107837516212552 2.0576480536980903 -1.7550794404701451 1.3149704332164349 0.33204030292519349 -0.68266719277687438 -0.034727371759720425 -0.48932043904882505 0.85887931270745677 -0.10721901009758597 -0.026573662252538811 -6.8430279871113555 1.6220675234959687 0.79341297800648936 0.35589477713189127 -0.28091700249066776 -0.31314017547512379 1.296257856910205 -0.36429793284106754 -1.03556971816069 0.36402358318741368
leaf_weight=3454 218 1783 2333 4567 1657 3532 513 211 13466 373 1262 4440 3453 1981 1914 8161 9689 10916 24312 271135 564 4939 8484 7601 16560 4758 5205 13056 7265 27216
leaf_count=3454 218 1783 2333 4567 1657 3532 513 211 13466 373 1262 4440 3453 1981 1914 8161 9689 10916 24312 271135 564 4939 8484 7601 16560 4758 5205 13056 7265 27216
internal_value=-9.05341e-05 -0.000111876 -0.00299299 -0.00622126 -0.00318195 -0.0151321 0.000159119 0.00496201 0.00140579 -4.72582e-05 0.000103027 -8.03768e-05 0.0184522 -0.000810459 -0.00147522 -0.00377667 -0.00182009 -0.000106652 -0.00318823 0.000128009 -3.0126e-05 0.00249554 0.00300048 0.00831076 0.000339267 -0.000323307 -0.00372474 0.00051174 -0.0101513 2.1954e-05
internal_weight=465018 464800 39960 23040 17175 5865 424840 17503 16920 407337 12608 406824 5236 12267 12056 10075 10951 406451 28752 377699 366783 38148 37584 12540 25044 328635 30284 18261 12023 298351
internal_count=465018 464800 39960 23040 17175 5865 424840 17503 16920 407337 12608 406824 5236 12267 12056 10075 10951 406451 28752 377699 366783 38148 37584 12540 25044 328635 30284 18261 12023 298351
cat_boundaries=0 4 9 14 18 22 26 28 31 34 38 42 44 48 52 56 60 64 68 72 76 81 86
cat_threshold=3393798208 612390066 2167669568 4196378 1064964 538968980 1311860864 3227554752 1 234913860 696262656 2290155520 1042000 1 2281865216 271065344 1179712 20628482 2214592519 671482908 687867008 1776140290 0 0 768 10 3238070545 12 0 0 536870912 163840 0 473956354 2181595392 0 0 1081344 344457220 16777216 270532608 8200 3227627776 19 1077215281 1610615297 415236097 172228612 738197512 371335170 35852288 8425600 543234136 152578 318832801 2147483968 0 71303168 18432 8389248 378930212 1496351244 2149712144 606273576 2307031298 272630144 3793977536 3717440 2349523968 46203908 3112960 18425521 377652742 353396104 100761600 2209793 68698112 2976120836 1216348166 889379840 1 2298503169 8724680 1223690304 89200658 1
is_linear=0
shrinkage=0.1


Tree=70
num_leaves=31
num_cat=25
split_feature=0 9 8 9 10 8 9 2 8 9 0 8 8 9 9 11 8 6 9 10 7 3 8 8 8 9 11 9 9 8
split_gain=34.8969 61.3757 60.9278 43.8121 42.1451 37.8194 36.1221 34.4756 149.506 60.2262 51.1383 63.3763 36.7779 34.4137 34.0673 86.2066 56.4062 33.4095 47.8304 48.4312 37.5679 39.6534 33.1803 32.3581 31.5407 31.0727 29.6354 58.4879 29.8473 39.1268
threshold=231.00000000000003 0 1 2 3 4 5 177.00000000000003 6 7 153.00000000000003 8 9 10 11 12 13 1136.5000000000002 14 15 16 7.5000000000000009 17 18 19 20 21 22 23 24
decision_type=2 9 9 9 9 9 9 10 9 9 2 9 9 9 9 9 9 2 9 9 1 2 9 9 9 9 9 9 9 9
left_child=7 -2 -3 24 6 13 -5 10 9 -9 14 -12 -10 -6 15 -1 -17 20 19 23 21 -16 -20 -19 -4 -13 27 -7 29 -28
right_child=1 2 3 4 5 26 -8 8 12 -11 11 25 -14 -15 17 16 -18 18 22 -21 -22 -23 -24 -25 -26 -27 28 -29 -30 -31
leaf_value=-5.9610407147553124 -11.330155482186633 7.8008062437372878 -0.71270555622982101 0.53735833889529094 -1.0963657200957642 -0.93907928751466729 -1.608797785618171 2.1829834108613113 -1.2151945622478779 -0.022443362333888928 0.94735237398830563 -0.47839575910205884 -0.58349404080425415 -0.015905023594775969 0.05608703134805211 0.21776746169005215 -0.47669561456566428 -0.32859685076876066 -0.26942121245051903 -0.10022041115456944 -0.043809749742659325 1.3704840039113038 0.19192433217498747 -2.0214392195392379 1.2982917121859145 0.32374882143076888 -0.93080160792916622 0.34746185211194103 0.65662853420728029 0.29830385933867093
leaf_weight=1556 659 1024 1601 1648 3107 4335 4594 3559 6288 5542 7753 4569 10841 8906 66249 19213 29189 5812 11779 11658 145138 19074 18148 5817 6843 14014 2375 9864 25288 8575
leaf_count=1556 659 1024 1601 1648 3107 4335 4594 3559 6288 5542 7753 4569 10841 8906 66249 19213 29189 5812 11779 11658 145138 19074 18148 5817 6843 14014 2375 9864 25288 8575
internal_value=-8.10721e-05 0.00183649 0.00209415 0.00177067 0.000934471 0.0017179 -0.00689379 -0.000472425 -0.00397255 0.00638239 -0.00021738 0.00402491 -0.00947255 -0.0033228 -0.000552254 -0.00295989 -0.00221226 -0.000128135 -0.00238659 -0.00578401 0.000393342 0.00205841 0.000258877 -0.0103488 0.00856399 0.000852471 0.0029189 -0.000953621 0.00443611 7.29927e-05
internal_weight=465018 78819 78160 77136 68692 62450 6242 386199 26230 9101 359969 26336 17129 12013 333633 49958 48402 283675 53214 23287 230461 85323 29927 11629 8444 18583 50437 14199 36238 10950
internal_count=465018 78819 78160 77136 68692 62450 6242 386199 26230 9101 359969 26336 17129 12013 333633 49958 48402 283675 53214 23287 230461 85323 29927 11629 8444 18583 50437 14199 36238 10950
cat_boundaries=0 4 8 12 14 18 23 27 31 35 39 43 47 48 52 56 57 58 62 66 70 75 77 81 86 90
cat_threshold=0 67108864 24576 8389248 0 8388608 2100160 11 272896036 1213450 813695648 2684354818 1397297412 6 72157260 1143089763 343932989 41945092 16803329 3271624708 2097152 1348486177 1 1212686336 44040263 1076237140 26739322 655424 3275759635 1786857986 1359137984 67240201 230492289 2172717065 33601792 344195087 3557827968 541065217 67222528 8916625 2298810625 3389063168 1146028032 5243076 1147142144 178969144 268474825 67108872 2668101702 552337473 1125680 1115410 2299138592 310388929 2231435522 31023122 3960636224 104 2453700932 25717408 69437442 1061297 278266379 660544 1414139906 3888384 34684928 50596872 33816582 33591360 2165056780 35653136 2281722496 1094199461 1 273430807 3 2794062083 857800704 2150631748 1360092160 153150272 2185250821 1094785090 407404624 1 34306 49284 1094815746 86065280
is_linear=0
shrinkage=0.1


Tree=71
num_leaves=31
num_cat=24
split_feature=1 0 8 8 9 4 10 9 8 8 9 6 5 8 3 9 10 8 7 7 11 9 8 8 11 9 9 9 8 8
split_gain=34.6347 33.0018 86.2781 55.6869 30.4111 30.2625 25.7465 24.8706 32.4266 26.9568 47.694 26.3141 76.125 73.5269 80.2541 63.3124 46.9643 52.5002 45.9721 40.0006 36.5522 35.0645 34.8827 34.5752 34.3924 134.3 58.5927 42.3912 64.0858 40.8338
threshold=3282.0000000000005 -254.99999999999997 0 1 2 45.000000000000007 3 4 5 6 7 1107.5000000000002 16.500000000000004 8 6.5000000000000009 9 10 11 12 13 14 15 16 17 18 19 20 21 22 23
decision_type=10 2 9 9 9 2 9 9 9 9 9 2 2 9 2 9 9 9 1 1 9 9 9 9 9 9 9 9 9 9
left_child=1 3 -3 -1 -5 6 -4 8 -7 10 -9 12 24 -14 18 23 17 -17 21 20 -16 -15 -18 -13 25 29 -27 28 -26 -11
right_child=-2 2 5 4 -6 7 -8 9 -10 11 -12 15 13 14 19 16 22 -19 -20 -21 -22 -23 -24 -25 27 26 -28 -29 -30 -31
leaf_value=-9.4512964910413952 101.39902774204775 9.0307902753485809 0.065187314365359059 -3.2295781132579102 0.15347423259374635 -0.52437253385617166 1.0648167122313001 -2.3028157029703435 2.9171354385257686 2.6282671251359546 -0.14241022110773544 -2.2373476084767803 -0.38715964165890571 1.2727966854598587 0.011705046231908512 -0.25474350986030103 0.16691114610449206 0.67948870212317003 -0.12843568114823256 2.3919668455693968 10.677460720912428 0.26743093423765746 -0.23871506018870364 -0.26457610173761203 1.3417746615830835 -3.1489166836334324 -0.57199136159344544 -0.030357033347395659 0.034598799299019593 0.053337478143474476
leaf_weight=1224 138 836 1478 1888 5334 2533 1058 2588 3636 2794 10192 6621 8741 6206 686 6829 16517 13006 10333 4805 3595 11444 53052 5950 10865 3180 9624 232537 22772 4556
leaf_count=1224 138 836 1478 1888 5334 2533 1058 2588 3636 2794 10192 6621 8741 6206 686 6829 16517 13006 10333 4805 3595 11444 53052 5950 10865 3180 9624 232537 22772 4556
internal_value=-9.0104e-05 -0.000104973 9.63995e-06 -0.00629884 -0.00293142 -4.9604e-05 0.0108438 -0.000110581 0.00619032 -0.000197694 -0.00472244 -6.43827e-05 0.000367016 0.00415193 0.00609644 -0.00146948 -0.000534592 0.00375661 0.00344674 0.0142637 0.0212887 0.00654587 -0.00175843 -0.00811144 -0.000238538 -0.00422039 -0.0104027 6.31142e-05 0.00338069 0.00654891
internal_weight=465018 464880 456434 8446 7222 455598 2536 453062 6169 446893 12780 434113 332138 45810 37069 101975 89404 19835 27983 9086 4281 17650 69569 12571 286328 20154 12804 266174 33637 7350
internal_count=465018 464880 456434 8446 7222 455598 2536 453062 6169 446893 12780 434113 332138 45810 37069 101975 89404 19835 27983 9086 4281 17650 69569 12571 286328 20154 12804 266174 33637 7350
cat_boundaries=0 4 8 13 15 19 23 27 31 35 39 41 45 46 47 49 54 58 62 64 68 72 76 80 84
cat_threshold=0 0 512 10 2165374977 186122240 36307072 16778256 2147500544 276824196 302074640 2151718016 1 2315290256 4 24 5122 536871552 2147483904 2168900 2048 557077 2097152 20971568 1073776128 281018384 33816580 67108864 301998080 170987520 45120 1076983809 168585225 37493028 33984 151519232 100681856 1107544338 1342177411 310673638 14 1073906181 846074080 2148561154 9061424 114 98 134751296 2 2651079686 1713406880 2418016256 269165090 1 42562049 248185092 2147586048 75605536 2182088452 168972337 2753921226 16974400 2684911650 7 807432320 2183407824 1099104322 152076857 1081408 562135552 2097152 539366402 1049123 1574924 2535958834 541138950 3223586116 2301902856 69657700 2163024 134243073 69366032 69632 67150096
is_linear=0
shrinkage=0.1


Tree=72
num_leaves=31
num_cat=22
split_feature=0 6 9 10 8 8 8 4 9 9 10 9 8 9 0 8 2 8 8 9 9 0 9 4 6 9 11 8 11 9
split_gain=34.4064 30.746 64.6864 51.832 44.9966 41.4751 31.9235 30.9924 30.5195 29.52 27.4662 69.7533 37.5468 25.0482 26.1159 46.2217 35.3778 48.1305 41.5714 45.3766 35.9539 38.4173 42.5133 33.7868 31.0023 44.9351 69.569 46.1765 48.0317 71.584
threshold=3303.0000000000005 417.50000000000006 0 1 2 3 4 1005.0000000000001 5 6 7 8 9 10 183.00000000000003 11 207.00000000000003 12 13 14 15 279.00000000000006 16 3105.0000000000005 1084.5000000000002 17 18 19 20 21
decision_type=2 2 9 9 9 9 9 2 9 9 9 9 9 9 2 9 8 9 9 9 9 2 9 2 2 9 9 9 9 9
left_child=1 2 5 6 -5 -1 -4 9 -8 -6 11 -3 -13 -12 23 -16 17 -17 19 -18 -20 22 -22 24 25 26 -15 -28 -29 -30
right_child=-2 10 3 4 7 -7 8 -9 -10 -11 13 12 -14 14 15 16 18 -19 20 -21 21 -23 -24 -25 -26 -27 27 28 29 -31
leaf_value=0.01903338520672726 93.05912496784299 -5.5183835351246904 3.1687114333710413 0.3831381236375504 -0.71668536062142429 -2.0895163658898475 0.91065321369224361 -2.8750770656006313 -0.80013437885408156 0.36555036771189992 -2.4499023246187366 1.3095390669857694 -1.6260509849212115 1.3106652443722 5.1403234818411425 -0.077170650790647249 -0.53699035703373854 0.7679930700954174 -0.71407952369800975 0.77394245027051911 -0.75923827920272524 0.15216904738558698 0.15952638501936889 2.2356934729792286 -0.15768816775260888 0.045463245577336414 0.065395976782152948 -2.3764127688909138 2.0464612869016805 -0.79239427742674395
leaf_weight=1418 141 1701 955 2420 2120 3320 1040 1601 935 1489 2086 2123 1832 3651 1526 10520 4942 15558 8440 17764 5885 29951 4864 7704 82573 223305 8362 4344 1031 11417
leaf_count=1418 141 1701 955 2420 2120 3320 1040 1601 935 1489 2086 2123 1832 3651 1526 10520 4942 15558 8440 17764 5885 29951 4864 7704 82573 223305 8362 4344 1031 11417
internal_value=-9.97811e-05 -0.000114762 -0.00452347 -0.000160833 -0.00450262 -0.0142165 0.0111224 -0.0097318 0.00380353 -0.00461347 3.52552e-05 -0.00688316 0.000416141 0.000123555 0.000175287 0.00160181 0.00133151 0.00448654 0.00018651 0.00372425 -0.00144863 -0.000216163 -0.00534468 -0.000239057 -0.000389772 0.000161041 -0.00355544 -0.00542839 -0.00845137 -0.00528175
internal_weight=465018 464877 15298 10560 7630 4738 2930 5210 1975 3609 449579 5656 3955 443923 441837 99450 97924 26078 71846 22706 49140 40700 10749 342387 334683 252110 28805 25154 16792 12448
internal_count=465018 464877 15298 10560 7630 4738 2930 5210 1975 3609 449579 5656 3955 443923 441837 99450 97924 26078 71846 22706 49140 40700 10749 342387 334683 252110 28805 25154 16792 12448
cat_boundaries=0 4 6 10 14 18 22 26 28 32 36 40 44 48 52 57 61 66 70 72 76 78 81
cat_threshold=134234664 306196614 2310078466 1476962386 425733169 8 302324228 12614 2690842768 76132864 523247629 2290651136 3255468064 17830186 1049161 136724508 572526752 50398833 378012931 2281766912 1644302336 16936 378011910 2306933504 4672 414761 1073741829 2 1212676 270532608 2281701376 3221688323 16966657 1208552449 1091305733 17980416 128 67108864 557056 128 2048 8388608 2624448 11 2288255076 3221236292 1217560597 26219120 3376447832 2152202246 3389231121 26738800 10043667 37837280 1090535490 1075580996 2 138938890 277020707 168896772 2961238592 2510586112 3927474960 272760960 70124560 1 1349808192 4592673 14684824 2759857408 3238146304 2 402993985 537284645 3826255888 11600576 100698121 5 16384 0 8388608
is_linear=0
shrinkage=0.1


Tree=73
num_leaves=31
num_cat=19
split_feature=0 0 8 9 8 4 9 3 2 8 9 0 11 6 8 9 11 4 9 11 9 3 9 8 8 6 10 10 6 8
split_gain=34.3845 29.0296 59.9524 43.2062 36.9788 37.3516 73.7241 49.3265 45.1247 45.0779 41.1156 50.7505 29.2839 29.0423 69.9241 90.4538 59.7067 53.1061 49.5768 44.0884 86.0926 43.1671 90.4805 52.3209 50.9953 46.9579 93.9679 83.0322 80.4245 83.9674
threshold=3303.0000000000005 -122.99999999999999 0 1 2 135.00000000000003 3 2.5000000000000004 21.000000000000004 4 5 123.00000000000001 6 638.50000000000011 7 8 9 435.00000000000006 10 11 12 1.5000000000000002 13 14 15 1133.5000000000002 16 17 941.50000000000011 18
decision_type=2 2 9 9 9 2 9 2 8 9 9 2 9 2 9 9 9 2 9 9 9 2 9 9 9 2 9 9 2 9
left_child=1 2 -1 -4 -3 6 -6 8 9 -8 -10 -12 -5 14 17 16 -16 -7 -15 20 -20 22 24 -24 -21 27 -27 -23 -29 -30
right_child=-2 4 3 12 5 13 7 -9 10 -11 11 -13 -14 18 15 -17 -18 -19 19 21 -22 25 23 -25 -26 26 -28 28 29 -31
leaf_value=-2.8136800840081628 83.753212471058674 8.6143740860551699 -1.603016874592919 2.0482180205928802 0.76977282519643797 0.50737795906857763 -0.10546334352595857 2.2802763938957242 0.080924258926097545 0.29206320477923814 -0.4032992686473435 0.0053658296764297125 -0.06916848364590393 1.179901219942844 -2.9303625212573041 -0.14009143785078779 -0.51519679565988941 -0.057235247430129733 -3.242613603304267 -1.757748893694997 0.11204550390188857 1.6304163687791857 0.45991822244599451 -0.068108259389146761 -0.35938875511349977 -1.0749496619819674 0.10332265693447057 -0.1008941953202946 -0.4428074709313502 0.8964680634976121
leaf_weight=3428 141 452 3593 1378 4260 9600 4107 386 13738 10627 5453 7015 13893 10216 5299 61061 8649 20201 3861 1105 6195 13020 8132 26881 13733 16294 45179 87073 11664 48384
leaf_count=3428 141 452 3593 1378 4260 9600 4107 386 13738 10627 5453 7015 13893 10216 5299 61061 8649 20201 3861 1105 6195 13020 8132 26881 13733 16294 45179 87073 11664 48384
internal_value=-8.40828e-05 -9.90585e-05 -0.00362013 -0.00140405 7.829e-05 4.87399e-05 0.00275962 0.00146603 0.00113092 0.00555857 -0.00135847 -0.0055137 0.000919442 -0.000262894 -0.00169068 -0.00331849 -0.0105817 0.00240683 0.000250054 1.5984e-06 -0.00649712 0.000242564 -0.0024162 0.000358336 -0.00895744 0.000840651 -0.00150879 0.00174253 0.0010647 0.00388023
internal_weight=465018 464877 22292 18864 442585 442133 45586 41326 40940 14734 26206 12468 15271 396547 104810 75009 13948 29801 291737 281521 10056 271465 49851 35013 14838 221614 61473 160141 147121 60048
internal_count=465018 464877 22292 18864 442585 442133 45586 41326 40940 14734 26206 12468 15271 396547 104810 75009 13948 29801 291737 281521 10056 271465 49851 35013 14838 221614 61473 160141 147121 60048
cat_boundaries=0 4 9 13 18 22 26 28 32 36 38 42 44 48 52 56 60 61 63 67
cat_threshold=17966085 2300182532 239079593 11752704 469779008 671187712 1075396616 2103008 1 0 0 512 10 2181300226 268444432 8585216 136314888 1 192937984 2583699460 1207992320 16 152076805 8978432 1048580 1228850 2185306377 8 34889728 185520197 44041570 21120080 1075068940 337648807 421527682 67203117 33561864 1 1612972056 7202 822345858 260 8925221 26 109220864 100836288 2184331520 542905472 2215287044 433061904 1115881477 553959448 1477517314 81928 2150215938 41943552 164096 3145728 4194304 1048832 3422683392 2823291008 4 36790784 67283817 40636468 75595777
is_linear=0
shrinkage=0.1


Tree=74
num_leaves=31
num_cat=21
split_feature=0 0 8 1 6 9 6 9 10 8 5 8 3 7 8 9 9 11 9 8 8 9 0 2 9 10 8 7 8 9
split_gain=34.3854 28.784 73.6857 38.7143 25.307 63.7273 30.1203 70.5253 54.429 63.967 51.2169 66.7232 62.2494 51.2502 51.7043 49.5518 38.9178 36.9675 34.0307 32.6775 31.7994 31.5705 30.8821 29.039 46.7637 36.8894 48.4858 45.9315 35.473 53.9047
threshold=3303.0000000000005 -320.99999999999994 0 -122.99999999999999 1335.5000000000002 1 1110.5000000000002 2 3 4 16.500000000000004 5 4.5000000000000009 6 7 8 9 10 11 12 13 14 927.00000000000011 177.00000000000003 15 16 17 18 19 20
decision_type=2 2 9 8 2 9 2 9 9 9 2 9 2 1 9 9 9 9 9 9 9 9 2 10 9 9 9 1 9 9
left_child=1 3 -3 -1 6 -6 10 17 9 16 23 18 22 14 -14 -11 -9 -8 -12 -10 -17 -16 -13 -4 -25 26 -26 -27 29 -29
right_child=-2 2 4 -5 5 -7 7 8 19 15 11 12 13 -15 21 20 -18 -19 -20 -21 -22 -23 -24 24 25 27 -28 28 -30 -31
leaf_value=-5.3396880402101097 75.377891223952801 5.5618194204735687 0.0090627751456025859 -0.178182370373694 -0.49689684638908349 0.60345000092013612 3.6615738589741174 0.71600114598869669 0.42680504458264173 -0.38591609465584314 -2.1175534866597121 0.037893040371952583 0.44822239549573056 0.86977022018389227 2.0567347397948694 -1.5927134197722523 -0.48078882595026756 0.40602230099764935 -0.11192059563793039 -0.16402285235364059 -4.0417009420073162 7.3691114846025698 3.7828394762832889 1.0990869974547024 -3.1948552805372561 0.72006344489666396 -0.23099282432397708 -1.22897334769838 -0.43556424451937237 1.1305163515220962
leaf_weight=1926 141 1253 256281 3837 4196 10632 1369 2816 7440 5108 2048 22374 2482 10461 2004 5229 3573 9601 5352 52278 3205 4588 593 4279 2970 4583 3124 1160 26201 3914
leaf_count=1926 141 1253 256281 3837 4196 10632 1369 2816 7440 5108 2048 22374 2482 10461 2004 5229 3573 9601 5352 52278 3205 4588 593 4279 2970 4583 3124 1160 26201 3914
internal_value=-8.47279e-05 -9.97038e-05 -1.1544e-05 -0.00712303 -7.80788e-05 0.0039857 -0.000214092 -0.00184012 -0.00287538 -0.00739933 0.000204021 0.00317222 0.0046975 0.00884822 0.0143439 -0.0112898 0.000851696 0.00567395 -0.00558704 -0.00136452 -0.0159995 0.0189791 0.00116907 -0.000285609 -0.00259242 -0.00360803 -0.0107962 -0.00238374 -0.0037542 0.00389457
internal_weight=465018 464877 459114 5763 457861 14828 443033 90619 79649 19931 352414 49902 42502 19535 9074 13542 6389 10970 7400 59718 8434 6592 22967 302512 46231 41952 6094 35858 31275 5074
internal_count=465018 464877 459114 5763 457861 14828 443033 90619 79649 19931 352414 49902 42502 19535 9074 13542 6389 10970 7400 59718 8434 6592 22967 302512 46231 41952 6094 35858 31275 5074
cat_boundaries=0 4 9 14 15 19 23 24 28 33 37 39 43 47 51 55 59 61 65 66 70 74
cat_threshold=0 0 512 10 419955206 806666373 402866192 6522914 1 1114667092 398378 675545728 2692747552 1 3355608448 94974473 478872320 1078464514 68240928 1076977673 1208748809 49812788 33555520 98 16782848 100688096 2177 86096053 2499871112 808511749 26214400 1078714376 2 428343840 3103818516 2441084928 137249299 2165506080 3 335566400 1739328 1377956096 3500148864 1590856 4490527 73927088 92340737 2282753026 2154845189 235309132 2228688 8389380 2216167485 1371668682 22840328 4460648 138264 1652556562 2952792329 1359552964 2 2315256835 523264404 100794369 100763924 4 33562884 176685136 1176633344 17301616 1024 67633444 18500 1213203088
is_linear=0
shrinkage=0.1


Tree=75
num_leaves=31
num_cat=24
split_feature=0 0 8 8 9 4 9 4 8 8 1 11 0 9 8 8 9 9 11 8 10 7 9 8 10 10 9 8 8 11
split_gain=31.4941 25.6545 56.0275 38.8028 32.9361 32.6553 85.729 31.5588 28.4563 27.3477 33.1386 30.0253 26.457 23.8487 23.2449 23.0519 66.747 25.28 49.4369 36.8686 37.8162 28.7422 33.7326 38.5384 37.2604 28.1144 59.34 47.9632 43.0258 40.9576
threshold=3303.0000000000005 -170.99999999999997 0 1 2 105.00000000000001 3 315.00000000000006 4 5 -20.999999999999996 6 -32.999999999999993 7 8 9 10 11 12 13 14 15 16 17 18 19 20 21 22 23
decision_type=2 2 9 9 9 2 9 2 9 9 8 9 2 9 9 9 9 9 9 9 9 1 9 9 9 9 9 9 9 9
left_child=1 2 7 -3 -4 6 8 -1 -5 11 -11 -8 -10 -7 -14 16 -15 18 -17 -20 -21 22 24 -24 -19 26 28 -27 29 -23
right_child=-2 3 4 5 -6 13 9 -9 12 10 -12 -13 14 15 -16 17 -18 21 19 20 -22 25 23 -25 -26 27 -28 -29 -30 -31
leaf_value=-6.1550462498145038 67.84010210155752 7.4846192897137946 -2.1997369222426499 1.5534229611274697 0.22396373750406903 4.8786013192615005 -0.71332746332814034 -3.0847458077010743 -0.064868327121128999 0.28959681241547519 -0.035918558597986559 0.19328365842340178 0.36427418526560873 -1.8494571771008645 1.1950201179839126 -2.5612380768901915 -0.044379459062191984 3.3138327588295482 1.7296861022586782 -1.1912467339506037 0.14117902678484812 2.690555661822994 -0.523558884908914 0.067389083561910465 0.23239339255320679 0.50089610066078627 -0.01906809134593317 -0.04613511419861141 -0.22313097176749466 -1.0121798180803754
leaf_weight=857 141 581 2328 819 9556 643 1860 1731 1345 2063 7533 1006 1837 6436 2291 2192 24190 2302 9905 985 32082 483 14346 56199 37403 16235 90806 84549 37112 15202
leaf_count=857 141 581 2328 819 9556 643 1860 1731 1345 2063 7533 1006 1837 6436 2291 2192 24190 2302 9905 985 32082 483 14346 56199 37403 16235 90806 84549 37112 15202
internal_value=-9.09642e-05 -0.000105297 -0.00424959 2.78638e-05 -0.00133681 -5.77991e-06 0.00407913 -0.017552 0.013583 -0.000729634 0.00183219 -0.00928373 0.0109338 -0.000183497 0.0149225 -0.000212459 -0.00285612 -9.87967e-06 0.00221809 0.00296636 0.00136197 -0.000293672 0.00104662 -0.00026575 0.00337782 -0.000898333 -0.00179684 0.000381967 -0.00446248 -0.00885314
internal_weight=465018 464877 14472 450405 11884 449824 18754 2588 6292 12462 9596 2866 5473 431070 4128 430427 30626 399801 45164 42972 33067 354637 110250 70545 39705 244387 143603 100784 52797 15685
internal_count=465018 464877 14472 450405 11884 449824 18754 2588 6292 12462 9596 2866 5473 431070 4128 430427 30626 399801 45164 42972 33067 354637 110250 70545 39705 244387 143603 100784 52797 15685
cat_boundaries=0 4 8 13 18 22 25 26 29 32 36 40 44 46 50 51 52 56 60 61 63 68 72 76 77
cat_threshold=2165310465 2333737221 33689769 18876224 0 0 512 10 143671872 151060482 1655384 2149585554 1 2281865216 271065344 1245252 19579906 1 2148532736 2147495940 196640 67248128 344064002 320864256 2684387328 138553284 16 0 537395200 32769 1048576 339738626 3481648 1073744385 415236109 168034308 483426312 371372547 2149716032 2158006408 548737576 153223 285672096 2694840576 2432774144 20 1442841612 17355874 2200036738 8389648 134291458 96 3640656135 1400899608 67109894 134310506 507532352 16826434 553687472 28311872 21499907 3556968204 2 2281719044 1289824256 1088524 346286 2 109592577 274743312 69797904 16809985 109576705 383865856 2183626752 669776 2147490048
is_linear=0
shrinkage=0.1


Tree=76
num_leaves=31
num_cat=24
split_feature=0 10 2 0 9 4 9 8 7 4 9 6 8 9 9 11 8 8 9 8 11 11 9 8 9 11 9 9 8 8
split_gain=28.0692 34.2939 24.6335 52.0101 35.4665 27.4439 25.3136 23.3748 22.4195 27.2265 61.8157 43.6359 50.4334 50.1053 37.1561 56.7771 53.5804 45.4491 48.4555 36.6616 28.2857 27.2579 81.6617 38.7888 45.8454 26.6387 47.7004 36.6544 35.6086 30.6905
threshold=1347.0000000000002 0 -122.99999999999999 -230.99999999999997 1 585.00000000000011 2 3 4 165.00000000000003 5 630.50000000000011 6 7 8 9 10 11 12 13 14 15 16 17 18 19 20 21 22 23
decision_type=2 9 8 2 9 2 9 9 1 2 9 2 9 9 9 9 9 9 9 9 9 9 9 9 9 9 9 9 9 9
left_child=2 -2 3 5 -5 -1 -4 -6 25 10 -10 12 -11 19 15 -13 -17 18 -16 -14 -20 23 -23 -19 -25 26 -8 -27 -29 -28
right_child=1 -3 6 4 7 -7 8 -9 9 11 -12 14 13 -15 17 16 -18 21 20 -21 -22 22 -24 24 -26 27 29 28 -30 -31
leaf_value=-8.8697883013535375 8.34476652517119 -0.010414974728610105 5.8467651628399384 -1.7659829447380333 1.7792145272670141 -2.3933345623087461 -0.75351690597351506 -0.071833134750869485 0.7394429062866763 0.19407561407988136 0.018516072342640657 -1.7890805290878236 -2.7291380857928313 -0.35531167713730127 -1.0601334130992617 2.2159407263003645 0.35688686546519649 0.55729755015643867 2.9384026226293183 -1.0951974081167184 -0.15895461494618621 -1.0354469141564764 0.1829234834276946 -0.59467393439832905 0.075386516304070658 -0.32438297439290836 0.59289494453824787 0.82972597617467159 0.11519687212701549 -0.096598811253456957
leaf_weight=1013 871 1088 688 3179 1115 1274 8641 12913 3076 14420 43643 2341 2582 37736 10438 4320 10485 23480 633 5176 9662 11758 17439 11528 59972 13126 7690 14413 104946 25372
leaf_count=1013 871 1088 688 3179 1115 1274 8641 12913 3076 14420 43643 2341 2582 37736 10438 4320 10485 23480 633 5176 9662 11758 17439 11528 59972 13126 7690 14413 104946 25372
internal_value=-7.65562e-05 0.0118683 -0.00012709 -0.00360624 -0.00172314 -0.0177744 2.58136e-05 0.000441658 -4.17714e-06 -0.00057704 0.00161712 -0.00103888 -0.00334479 -0.00497758 -0.000186355 0.00421427 0.00650354 -0.000707287 -0.00504025 -0.012294 -0.00016982 1.65074e-05 -0.00265519 0.000837983 -0.000320235 0.000879459 -0.00132453 0.00157327 0.00212492 0.000405177
internal_weight=465018 1959 463059 19494 17207 2287 443565 14028 442877 268689 46719 221970 59914 45494 162056 17146 14805 144910 20733 7758 10295 124177 29197 94980 71500 174188 41703 132485 119359 33062
internal_count=465018 1959 463059 19494 17207 2287 443565 14028 442877 268689 46719 221970 59914 45494 162056 17146 14805 144910 20733 7758 10295 124177 29197 94980 71500 174188 41703 132485 119359 33062
cat_boundaries=0 1 6 9 13 14 19 23 27 32 34 38 42 46 50 52 54 58 62 66 68 72 76 80 84
cat_threshold=2215936064 303091716 536977796 143803584 3836112 1 0 0 536870912 268460033 2300067843 570458244 67240192 104 109051968 268435984 418512896 32768 1 47472704 772198469 36325120 132114 1081360460 336140466 151064706 67170433 1080378332 136423 16560 603981892 2 1094721544 2 373334272 1141436416 1091112976 71303700 276045833 1611581445 297795696 79692828 385876993 1268843016 1253769220 2127008 337710885 1048576 2772766865 46137389 3221297154 16 2922516093 1 2224693282 2534738176 1124106318 17892480 3918008608 407962640 2349081224 50336291 83895297 1073741832 1150294529 406889104 976134194 26 4327137 67373060 1392525634 558996616 18764 2147484338 136450065 2155872420 44047622 612696086 2231571200 14745642 2446853632 243966984 16843272 76237856
is_linear=0
shrinkage=0.1


Tree=77
num_leaves=31
num_cat=24
split_feature=0 0 10 9 9 8 8 6 9 9 7 9 8 5 8 9 10 9 4 9 9 11 8 8 8 10 0 8 9 11
split_gain=26.934 23.5105 42.1319 67.4676 38.2861 46.849 41.3718 35.7373 51.001 25.8618 25.0634 41.1808 39.1959 31.5475 75.311 37.9307 28.5478 40.7349 27.8436 26.4768 26.3907 74.8693 50.5687 42.7129 32.5793 31.0522 25.8041 41.4822 30.5417 25.6228
threshold=3303.0000000000005 -32.999999999999993 0 1 2 3 4 1330.5000000000002 5 6 7 8 9 19.500000000000004 10 11 12 13 435.00000000000006 14 15 16 17 18 19 20 609.00000000000011 21 22 23
decision_type=2 2 9 9 9 9 9 2 9 9 1 9 9 2 9 9 9 9 2 9 9 9 9 9 9 9 2 9 9 9
left_child=1 2 3 -1 5 -4 -6 10 -9 -8 11 12 -3 16 18 -16 17 -12 -15 -20 21 23 -23 -18 -22 -24 -26 -28 -29 -14
right_child=-2 7 4 -5 6 -7 9 8 -10 -11 13 -13 29 14 15 -17 20 -19 19 -21 24 22 25 -25 26 -27 27 28 -30 -31
leaf_value=3.2487065688021945 60.221615238884674 0.020180819159705266 -2.1334786808755726 -0.53648166115973628 -0.4870896232075097 -0.39100734668074894 -0.19327496814321315 1.186640507218552 0.071215444836677216 0.17160502162925298 -4.8107282496864574 -0.019728681891993463 -1.4839871811852374 -0.14981609748733718 -0.57983775176314389 0.38195130255162868 2.5304273622085134 -0.076852670612670967 -0.56334556880726283 -2.5821292870898418 0.79456382517488189 -0.67840506460406302 0.033489477541296164 -3.1132479374244983 0.06740347822493091 1.1466638448041333 -0.48002574850302154 2.8205003073408932 0.86957874860752904 -0.48631670429802087
leaf_weight=1286 141 8112 3745 1065 13276 11720 23088 4212 8848 31609 1250 93496 4708 5365 3394 11153 475 2912 2572 4207 13995 7264 10468 3563 170384 5474 2350 1992 4514 8380
leaf_count=1286 141 8112 3745 1065 13276 11720 23088 4212 8848 31609 1250 93496 4708 5365 3394 11153 475 2912 2572 4207 13995 7264 10468 3563 170384 5474 2350 1992 4514 8380
internal_value=-8.23624e-05 -9.56167e-05 -0.00159053 0.0115841 -0.0019629 -0.00645234 -0.000940676 0.000242688 0.00538285 0.000275102 5.92851e-05 -0.00116559 -0.0051438 0.000618281 -0.00263197 0.0022223 0.00100449 -0.0071908 -0.00844167 -0.0127084 0.00115947 -0.00175387 0.000435045 -0.0143034 0.00157029 0.00358576 0.00120725 0.00647019 0.010574 -0.00852802
internal_weight=465018 464877 85789 2351 83438 15465 67973 379088 13060 54697 366028 114696 21200 251332 26691 14547 224641 4162 12144 6779 220479 27244 23206 4038 193235 15942 179240 8856 6506 13088
internal_count=465018 464877 85789 2351 83438 15465 67973 379088 13060 54697 366028 114696 21200 251332 26691 14547 224641 4162 12144 6779 220479 27244 23206 4038 193235 15942 179240 8856 6506 13088
cat_boundaries=0 2 6 10 14 18 22 27 28 32 36 40 44 46 50 55 60 62 66 70 74 76 80 84 85
cat_threshold=19476497 1 429048320 2315329536 2156004424 155811890 1073742144 222371872 1296230409 2222989024 9702924 3243278337 575672577 2621812 2367492 2255401036 205525018 111166592 68427777 3487703060 3223322636 603997185 512786560 277349762 2191000132 2777097 3 17 824324257 1151354884 1092621826 2168497344 3238170625 69551104 3559137408 83917456 3729129732 2167427124 1620115464 35275008 2483553568 2323644881 20756 1476919483 1350631428 2 1212672 1344307472 2281701378 987139 2516877582 541098243 271581184 204342312 3 12609730 2254831664 2296418696 545263744 2 67145740 1 306251040 1342212881 151011417 10003556 269494272 0 16842752 9502720 1644172545 817922073 18435928 1067 175279306 8 3213312 1191193444 48500740 119701572 352715780 1762165252 268435456 67239944 17603666
is_linear=0
shrinkage=0.1


Tree=78
num_leaves=31
num_cat=19
split_feature=0 8 1 4 8 6 9 10 8 8 9 9 8 4 8 4 0 0 9 11 8 8 8 9 8 4 8 11 3 6
split_gain=23.1531 53.5533 44.463 23.6016 21.0561 20.6772 52.2723 53.445 44.0056 41.769 34.3931 28.742 28.3315 20.8377 21.5509 19.8509 19.0696 18.2643 18.1729 40.1111 52.251 36.566 32.0882 51.5424 24.5831 24.7639 20.26 20.2418 19.6939 51.8732
threshold=-356.99999999999994 0 -122.99999999999999 45.000000000000007 1 423.50000000000006 2 3 4 5 6 7 8 1005.0000000000001 9 1125.0000000000002 3303.0000000000005 357.00000000000006 10 11 12 13 14 15 16 165.00000000000003 17 18 6.5000000000000009 1159.5000000000002
decision_type=2 9 8 2 9 2 9 9 9 9 9 9 9 2 9 2 2 2 9 9 9 9 9 9 9 2 9 9 2 2
left_child=2 -2 15 4 -3 6 9 8 -8 -5 -10 -9 -13 14 -12 -1 18 -6 19 21 -21 -7 23 26 25 -22 -20 -28 -24 -30
right_child=1 3 -4 5 17 16 7 11 10 -11 13 12 -14 -15 -16 -17 -18 -19 22 20 24 -23 28 -25 -26 -27 27 -29 29 -31
leaf_value=-9.4761947042748229 3.7036134243139203 1.3481089950875083 -0.027771933484669734 0.0203517990056735 0.063233096811433145 -0.13252341993095912 0.25198468781696981 1.4386455064094461 -1.9413017558404499 -2.0676867072309069 0.98046651306043919 1.0694924806096189 -0.40300420841992662 -2.6707487221278106 -0.23654607593544733 -2.4772518593933897 54.19945371499621 1.281598860347134 7.1143726849890756 -2.4610927830096951 1.2124968031310575 2.7826586098879864 -0.031427028641950731 0.1097105943448284 -0.26934792633389865 0.16298257444150865 11.839769936873854 1.7482947176569414 0.49504134093139246 -0.68141585298139828
leaf_weight=800 1637 462 3140 1492 1893 1429 2750 1860 2382 2652 525 1158 1667 929 1646 664 139 215 1454 4384 919 1260 275315 29353 23550 8859 214 5224 71442 15604
leaf_count=800 1637 462 3140 1492 1893 1429 2750 1860 2382 2652 525 1158 1667 929 1646 664 139 215 1454 4384 919 1260 275315 29353 23550 8859 214 5224 71442 15604
internal_value=-6.79544e-05 2.60635e-06 -0.00712424 -6.20113e-05 0.00949416 -0.000115847 -0.00353145 -0.000390655 -0.00524145 -0.0132884 -0.0104151 0.00812567 0.00174603 -0.00344051 0.00191156 -0.0215164 1.68509e-05 0.00514636 5.1252e-06 -0.00201554 -0.00285775 0.00976288 0.000209977 0.00304648 -0.00150579 0.0027074 0.0108229 0.00798458 -7.38194e-05 0.00123728
internal_weight=465018 460414 4604 458777 2570 456207 17061 12917 8232 4144 5482 4685 2825 3100 2171 1464 439146 2108 439007 40401 37712 2689 398606 36245 33328 9778 6892 5438 362361 87046
internal_count=465018 460414 4604 458777 2570 456207 17061 12917 8232 4144 5482 4685 2825 3100 2171 1464 439146 2108 439007 40401 37712 2689 398606 36245 33328 9778 6892 5438 362361 87046
cat_boundaries=0 4 8 12 14 18 22 26 30 34 38 42 44 48 52 56 61 65 68 69
cat_threshold=0 0 512 10 5 2147483648 1073745920 12544 134217760 39858182 2301690114 402688082 2987754056 4 306461252 69230922 2690859136 6860800 523370509 2164806656 3255730208 17826096 2521841671 2307096576 1082265632 463913 2424996098 2818638345 12718112 2147485480 51382093 134746128 2183366658 33769121 3145728 2165379072 67108864 147712 1359479936 67371041 239664393 8401549 3238070292 16 153093128 1140850688 10485780 75636740 504889344 12582912 1308721152 128 545786888 814317619 623928660 29360192 671230008 156674 1610613440 137363474 1 1913913345 8656384 1108904064 1048608 8912896 268533761 8192 2056
is_linear=0
shrinkage=0.1


Tree=79
num_leaves=31
num_cat=19
split_feature=0 8 4 9 9 4 9 2 9 8 0 9 8 8 8 9 8 0 4 1 9 1 8 11 3 8 9 8 4 9
split_gain=20.5247 45.9248 63.915 38.1011 37.2357 31.4993 56.1262 38.4929 38.076 34.602 33.9164 55.2638 27.9697 27.1762 25.1267 40.0222 24.874 24.2801 26.3169 27.5405 23.131 22.2024 23.2121 20.9147 20.7355 96.2485 66.1466 39.9358 38.2801 119.399
threshold=-104.99999999999999 0 585.00000000000011 1 2 135.00000000000003 3 21.000000000000004 4 5 123.00000000000001 6 7 8 9 10 11 39.000000000000007 75.000000000000014 -20.999999999999996 12 237.00000000000003 13 14 1.5000000000000002 15 16 17 435.00000000000006 18
decision_type=2 9 2 9 9 2 9 8 9 9 2 9 9 9 9 9 9 2 2 10 9 8 9 9 2 9 9 9 2 9
left_child=1 20 4 -4 -3 6 21 8 16 -9 11 -11 17 -12 15 -7 -8 18 19 -10 -1 22 -2 -15 25 -16 -27 -28 29 -26
right_child=5 2 3 -5 -6 14 7 9 12 10 13 -13 -14 23 24 -17 -18 -19 -20 -21 -22 -23 -24 -25 28 26 27 -29 -30 -31
leaf_value=1.7689918551166031 0.19316865956283405 -0.47346386211653879 2.1846531074411941 -0.75881782668347886 -2.3621789548971215 3.5902449929787341 0.984950375783336 0.3382018917208342 0.54611375410845542 -0.55577421752157796 -0.26553901233886279 -0.013320271080116087 0.13971249327906338 0.32591467274720715 -1.6218511770623416 0.42436684945895281 0.27194082370098588 0.33151283955744404 -1.5133046759454118 -0.52471217157070849 -0.043208499718679509 1.5186053143128078 1.6305570131386391 0.0089609886862788823 1.091138893458347 -0.34791253306447989 -0.20260371516623155 0.081944812346850429 -0.059861296476193718 0.038119698500937466
leaf_weight=2591 1821 2599 2116 7249 3618 1147 598 3677 211 4216 2435 6510 5362 3810 1504 4897 6973 495 813 169 8902 1064 667 6354 8291 17898 12236 41433 257712 47650
leaf_count=2591 1821 2599 2116 7249 3618 1147 598 3677 211 4216 2435 6510 5362 3810 1504 4897 6973 495 813 169 8902 1064 667 6354 8291 17898 12236 41433 257712 47650
internal_value=-5.93525e-05 -0.0027313 -0.00626603 -0.00105179 -0.0141306 0.000105836 0.00260653 0.00157447 0.00570754 -0.000662914 -0.00208485 -0.00621853 0.000410765 0.00143265 -0.000181787 0.00621077 0.0106252 -0.0107774 -0.0185666 0.00315789 0.00206468 0.0146547 0.00952572 0.00370552 -0.000281847 -0.00179894 -0.00127066 0.000485292 7.15759e-05 0.00244275
internal_weight=465018 27075 15582 9365 6217 437943 45175 41623 14621 27002 23325 10726 7050 12599 392768 6044 7571 1688 1193 380 11493 3552 2488 10164 386724 73071 71567 53669 313653 55941
internal_count=465018 27075 15582 9365 6217 437943 45175 41623 14621 27002 23325 10726 7050 12599 392768 6044 7571 1688 1193 380 11493 3552 2488 10164 386724 73071 71567 53669 313653 55941
cat_boundaries=0 4 8 12 17 21 25 29 33 37 41 45 49 53 57 59 63 67 71 75
cat_threshold=1246314560 545280434 2704425490 71305234 2554503752 143395910 545264644 687947794 118505473 622736 2685535076 2568491274 2147484160 268444432 8585216 136314888 1 302153732 143163396 268435460 18374693 2181562884 33558788 543227904 1589264 310509568 3909124100 2097152 279588 41943040 438304768 1744830464 16 293601280 268582912 1073741826 131712 0 8388641 69440 11 1056 0 705692160 1073742208 16777729 147456 134348800 16912 134358275 159778820 153092224 3898460176 260 0 1480589314 67108880 17834059 16 33025 1048576 138412032 262400 2720372812 432537616 42041476 1627422770 69468256 1107428624 1090666500 22528 24582 1644200580 142737408 2299955719
is_linear=0
shrinkage=0.1


Tree=80
num_leaves=31
num_cat=24
split_feature=0 8 8 9 4 9 0 8 8 10 4 10 9 8 4 9 8 11 8 9 6 11 11 11 8 9 9 9 8 11
split_gain=20.8838 52.5805 41.7484 23.293 23.2376 61.374 26.1646 36.5095 25.4295 22.4035 21.8738 19.0856 93.9134 51.2539 40.7068 24.7933 38.5596 31.9683 62.664 27.2746 26.2745 29.979 24.9251 24.5939 24.459 74.4747 35.8585 29.2963 42.9723 29.0476
threshold=-254.99999999999997 0 1 2 105.00000000000001 3 -32.999999999999993 4 5 6 645.00000000000011 7 8 9 705.00000000000011 10 11 12 13 14 609.50000000000011 15 16 17 18 19 20 21 22 23
decision_type=2 9 9 9 2 9 2 9 9 9 2 9 9 9 2 9 9 9 9 9 2 9 9 9 9 9 9 9 9 9
left_child=2 -2 10 -4 5 6 9 -8 -7 -3 -1 12 -6 -14 -15 16 -13 18 19 -17 21 -18 -22 -19 25 -25 -27 28 -26 -30
right_child=1 4 3 -5 11 8 7 -9 -10 -11 -12 15 13 14 -16 17 20 23 -20 -21 22 -23 -24 24 27 26 -28 -29 29 -31
leaf_value=-8.675425307909828 6.0256326117531271 -0.63777717413834911 -3.4204658969812729 -0.062915062606785463 -2.3859306110404037 -0.39080485659519759 0.49857987148552496 1.6560782295272702 0.052564154364756636 0.76532697411382034 -2.5525929676630486 -0.30737649587690452 -0.66284243089997341 0.74431386216060036 -0.33222863604406805 -0.37927829102668476 -1.5409988809387105 2.105121227251499 -1.3830400140019012 1.4578874276398084 1.731858683359758 0.40316636973404774 0.50617143949759158 -1.500726359178566 -0.39986376631992687 0.60621095946940418 -0.20160813019654036 0.053340024430727342 4.4373292439730561 0.032999526106083012
leaf_weight=704 836 904 581 6733 5705 3032 3524 1354 9601 641 428 8881 11980 8172 8048 2222 1656 1160 6080 2364 5087 3385 10200 8197 40425 6496 23566 242883 990 39183
leaf_count=704 836 904 581 6733 5705 3032 3524 1354 9601 641 428 8881 11980 8172 8048 2222 1656 1160 6080 2364 5087 3385 10200 8197 40425 6496 23566 242883 990 39183
internal_value=-5.74171e-05 3.37296e-05 -0.00498461 -0.00219825 -1.2507e-05 0.00340575 0.0113555 0.0149651 -0.000644625 3.23625e-05 -0.0227671 -0.000161674 -0.00243992 -7.08968e-05 0.00359211 3.0165e-05 0.00283548 -0.000189252 -0.00558262 0.00324195 0.0052365 -0.00102162 0.00730359 -3.05861e-05 -7.74015e-05 -0.00246806 -0.000162942 0.000205415 -0.00144651 0.000869771
internal_weight=465018 456572 8446 7314 455736 19056 6423 4878 12633 1545 1132 436680 33905 28200 16220 402775 29209 373566 10666 4586 20328 5041 15287 362900 361740 38259 30062 323481 80598 40173
internal_count=465018 456572 8446 7314 455736 19056 6423 4878 12633 1545 1132 436680 33905 28200 16220 402775 29209 373566 10666 4586 20328 5041 15287 362900 361740 38259 30062 323481 80598 40173
cat_boundaries=0 4 8 13 18 22 26 27 29 33 37 42 46 48 52 56 58 60 61 65 69 73 77 81 83
cat_threshold=0 0 512 10 2165309441 186138625 36306944 16778240 2147483648 8388608 16896 2147489920 1 2281734146 271065344 1245252 20628482 1 135397377 286261248 474021890 16384 343932934 287309824 2684387328 512 3692700160 3489861636 2 2148696069 1948287040 134352896 3223786528 503324674 1128269204 218204308 69436000 538968092 33561802 805700256 2684355872 2 2162788 177347072 206180355 37815296 536870967 10 16779021 300433416 33619968 8389008 4719649 405471232 2147483648 71808 134223886 1 606240837 7 17309696 543232560 1082314345 1354760204 176422932 67633153 2147483649 2310082624 9441300 2156331362 65552 8 84019208 134946944 6561840 13163545 285270211 2551316744 2150633730 2852802832 18535680 2416019456 16
is_linear=0
shrinkage=0.1


Tree=81
num_leaves=31
num_cat=23
split_feature=0 0 8 8 4 4 10 10 0 9 8 8 9 10 8 6 9 9 8 8 10 2 8 9 9 8 9 9 11 8
split_gain=19.2578 18.9706 43.8769 38.0372 21.0667 19.5729 22.0659 18.2929 16.8513 36.7159 38.9938 34.27 38.1172 34.4936 32.9408 32.8815 40.8282 30.2888 29.6736 28.6781 27.6213 24.9852 82.4749 71.9434 65.6591 39.7343 53.629 43.7953 64.9857 46.0622
threshold=1563.0000000000002 -356.99999999999994 0 1 675.00000000000011 45.000000000000007 2 3 -26.999999999999996 4 5 6 7 8 9 1330.5000000000002 10 11 12 13 14 39.000000000000007 15 16 17 18 19 20 21 22
decision_type=2 2 9 9 2 2 9 9 2 9 9 9 9 9 9 2 9 9 9 9 9 8 9 9 9 9 9 9 9 9
left_child=1 3 -3 4 -1 6 -4 -2 9 10 -7 12 -11 14 -13 21 20 18 -15 -18 -17 22 23 -10 -24 26 -23 28 -27 -30
right_child=7 2 5 -5 -6 8 -8 -9 15 11 -12 13 -14 17 -16 16 19 -19 -20 -21 -22 25 24 -25 -26 27 -28 -29 29 -31
leaf_value=-14.751788150357559 13.254957343468915 2.9964225534296491 1.3700117958273925 -0.35305731665006451 -3.4116684388260525 0.51926833358308677 0.14596563966223641 0.28511594915321442 -2.138592755938054 -1.5089162567567507 -0.050290834225231784 -0.26902601649006297 -0.33887273617322156 -1.6767576886425091 1.1381563051765036 3.2511771027069529 -0.57013190733552865 -0.090625972904449278 -0.43671379411009781 0.32964203073540121 0.57907240146717243 0.8565470061842746 -0.23087039618794025 -0.21321606109181579 0.23692176428289075 -2.0825257350941562 -0.32744867260039145 -0.038501718050889977 1.9876081173540883 0.29498371154946029
leaf_weight=321 504 1631 362 3799 484 6426 2194 717 2752 2636 11352 3814 9401 3257 4828 1178 2624 39981 8285 5199 3473 7165 20515 18416 75575 1521 44014 163638 6463 12493
leaf_count=321 504 1631 362 3799 484 6426 2194 717 2752 2636 11352 3814 9401 3257 4828 1178 2624 39981 8285 5199 3473 7165 20515 18416 75575 1521 44014 163638 6463 12493
internal_value=-5.24711e-05 -8.549e-05 -2.14507e-05 -0.00647263 -0.0260736 -7.99874e-05 0.00864632 0.0124898 -0.000129009 -0.00135475 0.00271531 -0.00235695 -0.00722587 -0.0013818 0.0044614 0.000173138 0.00521886 -0.00236256 -0.00687327 0.000797906 0.012626 -5.38928e-06 0.00118713 -0.00446218 0.00243184 -0.000599675 -0.00306413 8.55397e-05 0.00444428 0.00604239
internal_weight=465018 463797 459193 4604 805 457562 2556 1221 455006 89980 17778 72202 12037 60165 8642 365026 12474 51523 11542 7823 4651 352552 117258 21168 96090 235294 51179 184115 20477 18956
internal_count=465018 463797 459193 4604 805 457562 2556 1221 455006 89980 17778 72202 12037 60165 8642 365026 12474 51523 11542 7823 4651 352552 117258 21168 96090 235294 51179 184115 20477 18956
cat_boundaries=0 4 8 10 11 15 19 23 27 29 33 37 41 45 49 50 54 58 62 66 71 75 77 81
cat_threshold=0 0 512 10 17891329 168296480 35651648 1032 22685960 2 2215641152 6496955 3221264460 539231792 671350790 3439928586 2601796884 66880 16785488 18885638 3456401667 139481112 44075204 1258553600 75497984 453048320 294682984 1665743121 8 2429026560 291510280 3221294211 85137200 2215911425 3487703060 3231776780 603997193 1048576 222503936 1221607424 4064 311427648 22175808 33687553 66049 2282020865 2304377028 67272706 144187956 67273986 155207712 1744834056 1491468673 60555284 83890177 4195328 148897928 1695547648 4400353 73408529 2219840800 406882453 1429406757 620814848 2425356324 38086660 1082130466 9512072 29360514 1765804034 3 70275096 1078336642 772939809 2155907424 4208648 4 138453002 1088946177 2165209 85983248
is_linear=0
shrinkage=0.1


Tree=82
num_leaves=31
num_cat=27
split_feature=0 9 8 8 9 6 9 10 8 9 9 9 8 8 8 9 11 8 9 8 9 9 8 8 4 10 9 9 8 8
split_gain=18.4823 38.4413 39.7126 39.3287 37.1893 30.5889 39.0803 27.6077 86.8816 69.2989 44.7204 42.7084 74.2283 42.6945 36.6899 31.8553 28.4088 54.2016 29.6351 29.1031 37.3355 28.662 46.7581 27.8238 27.84 27.2182 49.4611 35.8804 27.4147 27.4045
threshold=-1.0000000180025095e-35 0 1 2 3 1330.5000000000002 4 5 6 7 8 9 10 11 12 13 14 15 16 17 18 19 20 21 105.00000000000001 22 23 24 25 26
decision_type=2 9 9 9 9 2 9 9 9 9 9 9 9 9 9 9 9 9 9 9 9 9 9 9 2 9 9 9 9 9
left_child=1 3 4 -1 -3 7 -7 11 10 14 -9 12 -2 -11 -10 -15 17 -13 -18 20 -20 23 -23 -21 -25 26 28 -27 -4 -28
right_child=5 2 25 -5 -6 6 -8 8 9 13 -12 16 -14 15 -16 -17 18 -19 19 21 -22 22 -24 24 -26 27 29 -29 -30 -31
leaf_value=-0.54952289475018967 -0.073501581497122714 -1.159303451689184 -0.53566054126434892 0.23062282086067329 -0.25950976204284898 1.1429423013473865 0.044879299552088983 -2.6015719485831004 2.2432070586431054 0.14999171756404053 -0.55329237400756026 -2.2036689258843127 0.80029585202457842 -1.4692659288346079 0.32932327455289684 -0.25442455256536789 -0.41892296023777931 0.099407169613067489 2.1706983629413346 -0.016885050412990665 0.13870760577928715 0.28732631130522551 -0.17114222242961896 1.3132959136603404 0.22630877813150968 -0.28418021280741357 -0.25091241667893843 0.42018614644928204 -2.1024370174858689 0.057318337325107077
leaf_weight=5631 17545 4993 6213 23571 13582 4356 6476 4339 3629 15677 5759 3487 20147 8716 10633 13408 10052 4845 6027 43700 16714 18729 69152 701 38416 10319 21013 18862 3900 34426
leaf_count=5631 17545 4993 6213 23571 13582 4356 6476 4339 3629 15677 5759 3487 20147 8716 10633 13408 10052 4845 6027 43700 16714 18729 69152 701 38416 10319 21013 18862 3900 34426
internal_value=-5.78472e-05 -0.00100625 -0.00183995 0.00222854 -0.00606672 0.000361231 0.0055853 0.000179674 -0.00170578 -5.85716e-05 -0.0101899 0.000649434 0.00375046 -0.0022996 0.00587864 -0.00512786 9.74825e-05 -0.00562215 0.000331939 0.000607137 0.00396686 0.000159336 -0.00109852 0.00149408 0.00343113 -0.00101063 -0.00214148 0.00152958 -0.00856959 -0.000967556
internal_weight=465018 142510 113308 29202 18575 322508 10832 311676 62161 52063 10098 249515 37692 37801 14262 22124 211823 8332 203491 193439 22741 170698 87881 82817 39117 94733 65552 29181 10113 55439
internal_count=465018 142510 113308 29202 18575 322508 10832 311676 62161 52063 10098 249515 37692 37801 14262 22124 211823 8332 203491 193439 22741 170698 87881 82817 39117 94733 65552 29181 10113 55439
cat_boundaries=0 4 8 12 16 20 22 26 30 34 38 42 46 50 54 56 60 64 68 73 78 82 86 88 92 96 100 104
cat_threshold=809700890 3222313030 805569554 939786246 271071232 3272638721 340791453 44042468 4457024 8914594 73662464 100680708 1075056640 50791680 185727008 75532576 2215665921 1575165956 3231776772 536955905 784074473 9 223568928 67117440 2164359344 79996965 3242894432 657408 1233125922 672557315 164108 840972290 3372220422 1232351256 37225224 268440770 939681924 2151713640 2173043271 33561174 239112193 42009157 8919558 2995261473 645533696 149072 1075843844 3231259650 1581059 16994368 8388611 511706882 2097220 17339400 805310599 26 2324692992 1125123090 1822621698 18017824 557850784 1073741824 8426504 8396929 2159019272 167773208 86999812 8422123 201394246 102367233 51380288 1477705744 2 8437776 767779612 2182086754 622859264 1 134242308 285475072 1 104333584 503603220 2502209792 276824081 102236432 513410254 3 18374816 71761920 1086472200 2151747264 69239108 350233096 1278738561 3240136817 151044099 482893860 1073742944 84968456 134217733 70139904 1107853378 1232913
is_linear=0
shrinkage=0.1


Tree=83
num_leaves=31
num_cat=27
split_feature=4 8 0 9 11 9 8 9 11 8 9 10 9 8 8 9 11 11 9 8 8 9 8 6 8 9 9 8 9 8
split_gain=21.6438 49.9809 47.5104 29.152 18.5206 85.6502 55.8652 31.7838 73.3511 64.258 52.1102 33.3791 94.0403 54.5943 54.3307 31.3489 40.8195 31.5655 69.4769 62.3133 49.9539 47.3984 47.4995 31.2443 29.6373 46.7573 31.2966 56.1319 28.8502 28.0951
threshold=105.00000000000001 0 -170.99999999999997 1 2 3 4 5 6 7 8 9 10 11 12 13 14 15 16 17 18 19 20 372.50000000000006 21 22 23 24 25 26
decision_type=2 9 2 9 9 9 9 9 9 9 9 9 9 9 9 9 9 9 9 9 9 9 9 2 9 9 9 9 9 9
left_child=1 -1 -3 -4 5 -2 23 8 -6 10 -10 12 14 28 -9 16 -13 18 20 -20 -17 22 -19 -7 25 -23 27 -26 -14 -18
right_child=4 2 3 -5 7 6 -8 11 9 -11 -12 15 13 -15 -16 17 29 21 19 -21 -22 24 -24 -25 26 -27 -28 -29 -30 -31
leaf_value=0.98129001335360477 -3.3532956353166088 -4.8735359576670252 0.3224698729744489 -0.013292180627310836 1.380940596404522 -9.6903964781636187 -0.40569487580762087 -2.3269144797789005 -1.3473569153620795 0.39315195256041929 -0.076556555463307072 1.3373087481165298 3.0317255337659881 -0.31133493305543641 -0.87285495709359973 1.062046302430484 -4.0700758741555036 -0.012195520551740825 -0.46290464191463238 0.12061086471465376 0.14851800019894199 0.73371055397235629 -0.73073307395618636 1.4187712979557099 -1.4495192806497457 0.029777314017206891 0.0068763531256365697 -0.094261263966646427 0.72192877182335757 -0.95267461236835516
leaf_weight=2254 3139 405 4743 12101 2812 183 11036 4624 3044 35992 8780 1776 2429 15182 16818 15025 1694 19788 20516 46608 30335 10932 20632 5167 4654 28780 108081 16140 7139 4209
leaf_count=2254 3139 405 4743 12101 2812 183 11036 4624 3044 35992 8780 1776 2429 15182 16818 15025 1694 19788 20516 46608 30335 10932 20632 5167 4654 28780 108081 16140 7139 4209
internal_value=-4.83852e-05 0.00321233 0.00137609 0.00219069 -0.000191127 -0.00320195 -0.000298853 -5.30516e-05 0.00229867 0.00137373 -0.00501944 -0.000370299 -0.00288732 0.0013126 -0.00773354 -1.7012e-05 -0.00632722 0.000133903 0.00148452 -0.000558584 0.00450738 -0.000593014 -0.00366807 0.00807836 0.000144427 0.0025326 -0.000591613 -0.00414343 0.00722489 -0.0103247
internal_weight=465018 19503 17249 16844 445515 19525 16386 425990 50628 47816 11824 375362 46192 24750 21442 329170 7679 321491 112484 67124 45360 209007 40420 5350 168587 39712 128875 20794 9568 5903
internal_count=465018 19503 17249 16844 445515 19525 16386 425990 50628 47816 11824 375362 46192 24750 21442 329170 7679 321491 112484 67124 45360 209007 40420 5350 168587 39712 128875 20794 9568 5903
cat_boundaries=0 4 9 11 15 19 24 26 30 33 35 39 43 47 51 52 53 58 62 66 70 74 78 82 86 90 94 98
cat_threshold=2316829440 8400900 2293792 68308992 2281865219 2105600 131072 25600 1 271065122 2 33555456 83961856 1124090178 3216 1606912 44716033 2717948490 160016 551552538 50945026 855900578 541066496 2 1048577 4 2148073520 295305280 14680080 142869504 1024 16777216 32 3493923140 2 386957572 947945856 2283864068 1093070888 34767620 2215838736 2690678966 16995073 2366776576 2249195648 1074036740 67215620 128 0 8946688 8390784 4325640 1191380672 2534433060 8782208 3224567876 1075073064 1 2286035752 8519808 2842306568 26367744 1207969536 70017408 1143283714 70330264 2148540705 335937664 1074987008 1069098 2147935493 1090521552 138448904 68325696 2466252033 49938448 2690777132 75629538 67648 1084227584 2147483648 403538448 302055492 8388608 2147485704 589840 143131138 2147500034 1074036800 16777216 139264 8704 1082261568 1050624 2097152 2097152 4 272
is_linear=0
shrinkage=0.1


Tree=84
num_leaves=31
num_cat=25
split_feature=4 8 0 9 8 2 8 0 8 9 9 8 9 2 9 9 8 8 11 9 9 11 11 8 8 11 9 8 9 8
split_gain=21.0129 19.4682 18.138 49.5037 50.7234 40.618 94.675 49.7384 63.6541 47.8052 34.86 33.084 42.9068 29.3333 44.7432 28.7739 31.2182 27.5267 25.6949 27.1133 24.6388 60.9862 37.3519 30.6803 26.6795 23.5312 83.517 88.6246 49.3769 76.2278
threshold=45.000000000000007 0 231.00000000000003 1 2 159.00000000000003 3 159.00000000000003 4 5 6 7 8 273.00000000000006 9 10 11 12 13 14 15 16 17 18 19 20 21 22 23 24
decision_type=2 9 2 9 9 10 9 2 9 9 9 9 9 8 9 9 9 9 9 9 9 9 9 9 9 9 9 9 9 9
left_child=1 -1 5 -4 -5 7 9 20 -9 -7 -8 12 -6 15 17 -13 -17 -15 19 -16 21 23 -23 -2 -24 28 27 -27 29 -22
right_child=2 -3 3 4 11 6 10 8 -10 -11 -12 13 -14 14 18 16 -18 -19 -20 -21 25 22 24 -25 -26 26 -28 -29 -30 -31
leaf_value=0.1367199354421203 -0.57390359571723337 1.1665628617764059 -4.4330790863849341 5.0913711600691558 1.5685414970934488 -0.52843999408840714 -1.0528582441923107 1.3244907786802571 0.10949922181310967 1.1158868578169121 -0.39950103020890693 1.1589357755774088 0.19920362047307663 1.5202215726004171 -0.37443651824809199 0.60041943654738938 -0.30990474403621421 0.016916019341283572 -0.13574247732428263 -2.2856267314340042 0.98580187704711908 0.69517216311796448 -0.97905724296369456 -6.9981846219171491 -0.049321801885778886 -1.1286634772091788 0.2434422681676722 -0.042626060957095292 -0.1154182396897367 0.016248628211067925
leaf_weight=2155 531 435 1506 1328 5670 3446 6893 5211 13545 6909 17433 4434 13877 3987 5267 5697 7304 8057 17680 3548 8667 3899 8960 1013 9975 5837 63875 26523 155718 45638
leaf_count=2155 531 435 1506 1328 5670 3446 6893 5211 13545 6909 17433 4434 13877 3987 5267 5697 7304 8057 17680 3548 8667 3899 8960 1013 9975 5837 63875 26523 155718 45638
internal_value=-6.32234e-05 0.00891892 -0.000113531 0.00127305 0.0016257 -0.000396409 -0.00366051 -7.24115e-05 0.00493709 0.00434636 -0.00706772 0.00128358 0.00482436 4.64418e-05 -0.00149329 0.00344996 0.00107217 0.00355898 -0.00378985 -0.0081983 -0.000356585 -0.00341561 -0.00210996 -0.0225869 -0.00394563 -0.000112973 0.00118188 -0.00295644 -0.000706318 0.0018899
internal_weight=465018 2590 462428 78355 76849 384073 34681 349392 18756 10355 24326 75521 19547 55974 38539 17435 13001 12044 26495 8815 330636 24378 22834 1544 18935 306258 96235 32360 210023 54305
internal_count=465018 2590 462428 78355 76849 384073 34681 349392 18756 10355 24326 75521 19547 55974 38539 17435 13001 12044 26495 8815 330636 24378 22834 1544 18935 306258 96235 32360 210023 54305
cat_boundaries=0 3 7 11 15 19 23 27 31 35 40 45 49 53 55 60 64 66 67 71 75 77 81 85 90 94
cat_threshold=83886080 2300592128 201326592 2048 67108896 126976 8389312 0 8388609 2100160 16777227 1214783488 176160783 1210192660 26739322 1073971465 79288724 2172717064 33599744 454037507 67638720 268589152 677191698 320602368 3625222674 2554331392 69233842 1216386368 37748882 2739634177 3671792 382865932 2432827908 11665924 605077802 2560112 672316936 293732488 2233597952 2 811374 21315778 1085276290 677390338 1 305136135 2417529088 268435466 67363072 2416050184 1074924612 1208221712 8597504 810037014 3 365978113 1107886484 1073741826 675398714 1 5243072 1145044992 42477105 2147488193 67108864 2 1749035266 134217729 41943040 2097152 1049728 1048616 35684370 2695364753 34079785 3661440554 2 67802148 420642961 2150795272 940156928 446824962 1091734528 2707423300 213248 67671328 17957841 3026583554 677414912 1 1210648128 2435973123 535284 16909340
is_linear=0
shrinkage=0.1


Tree=85
num_leaves=31
num_cat=21
split_feature=4 8 3 8 9 9 4 0 9 2 0 9 6 10 8 9 8 10 9 6 9 4 8 9 11 8 11 11 9 9
split_gain=19.4607 82.0372 49.9554 123.643 55.3008 50.4883 45.7844 35.2998 43.0756 42.993 41.3311 46.0248 34.6148 65.5725 46.5505 46.3518 34.561 33.9156 42.8564 41.4526 31.4791 28.4139 66.8512 60.7855 28.5613 46.7484 28.2376 27.625 51.7194 31.4278
threshold=165.00000000000003 0 1.5000000000000002 1 2 3 135.00000000000003 -80.999999999999986 4 39.000000000000007 123.00000000000001 5 423.50000000000006 6 7 8 9 10 11 519.50000000000011 12 225.00000000000003 13 14 15 16 17 18 19 20
decision_type=2 9 2 9 9 9 2 2 9 10 2 9 2 9 9 9 9 9 9 2 9 2 9 9 9 9 9 9 9 9
left_child=1 6 3 5 -5 -2 -1 -3 -9 16 11 -11 13 15 -15 -4 -10 18 -14 -20 -16 23 26 -6 -24 -26 -23 28 -19 -29
right_child=2 7 12 4 21 -7 -8 8 9 10 -12 -13 17 14 20 -17 -18 27 19 -21 -22 22 24 -25 25 -27 -28 29 -30 -31
leaf_value=0.20889114665395711 -2.3480674277878606 -0.69885804709854549 -0.19172555275380249 -0.41519564495130795 1.2144485085207404 -0.90386494896669456 1.5178045235689261 0.36513877238933978 0.20480176827549906 0.26704862539896085 0.025236313406952607 -0.34493726027745208 1.1956351713580049 -1.0031657269735426 1.6414953360093243 -2.4395444779664879 0.0043375539208497576 -3.1132630684079645 2.2725176144753405 -4.6921704866957503 0.010501672560765486 -2.454524309302013 -0.29551252953125451 0.027752317979285124 1.5301944468777577 0.032857674878562192 -0.35553576288935179 0.50177295746633488 0.21264456610701218 0.019901915947949791
leaf_weight=1316 1263 4178 1755 12011 2850 5105 1484 6826 14612 2082 19593 10298 1249 3067 1901 2602 18619 3225 390 2562 3665 1259 4693 9914 2617 5261 4064 37781 4761 274015
leaf_count=1316 1263 4178 1755 12011 2850 5105 1484 6826 14612 2082 19593 10298 1249 3067 1901 2602 18619 3225 390 2562 3665 1259 4693 9914 2617 5261 4064 37781 4761 274015
internal_value=-6.04278e-05 0.00136948 -0.0003531 -0.00333524 -0.00139296 -0.0163217 0.0181495 0.000750479 0.00126892 0.000476891 -0.00214087 -0.00666397 8.0867e-05 -0.00498075 7.52054e-05 -0.0149645 0.0029957 0.000283811 -0.00863215 -0.0151924 0.00552367 0.000860832 -0.00171007 0.00446568 0.00226929 0.00594574 -0.0110913 0.000401198 -0.0054027 0.000550021
internal_weight=465018 79008 386010 49037 42669 6368 2800 76208 72030 65204 31973 12380 336973 12990 8633 4357 33231 323983 4201 2952 5566 30658 17894 12764 12571 7878 5323 319782 7986 311796
internal_count=465018 79008 386010 49037 42669 6368 2800 76208 72030 65204 31973 12380 336973 12990 8633 4357 33231 323983 4201 2952 5566 30658 17894 12764 12571 7878 5323 319782 7986 311796
cat_boundaries=0 4 8 12 16 21 25 27 31 35 39 41 46 50 54 58 60 64 66 68 72 76
cat_threshold=270008328 4104 229408 65536 2418147692 18898944 1824620594 422160 2451832908 814256384 408978816 1678017682 134512644 159908624 1048580 156368912 101711872 8720 276955136 8192 1 2173174017 589824 0 163857 2987982920 4 2290189602 2505089168 205525121 93358084 1093321729 1082131713 67379910 3239971136 393985 2149073024 603979778 1207056 1073741829 2 520110084 536881664 1074864706 2107432 1 2442838018 3139436609 3758100480 2957051432 713573376 1174410256 655368 514 201344000 262668 65536 134742081 790270104 8 1077936640 198661 2097152 67174400 3490322442 4 271065120 18 41977344 638102208 51529986 1051792 547684936 537402818 855835042 809533444
is_linear=0
shrinkage=0.1


Tree=86
num_leaves=31
num_cat=24
split_feature=0 4 0 9 8 2 8 9 9 8 9 9 11 0 8 9 9 11 8 9 11 10 8 8 9 9 9 9 9 2
split_gain=18.2948 17.4131 17.1005 40.5064 65.3737 34.5412 77.1407 53.04 45.2254 41.0408 52.7566 45.1671 39.8609 37.0101 33.1518 35.3555 34.9604 33.0052 30.9744 48.2363 30.5444 30.4893 51.4765 45.2139 73.9628 43.0788 40.8727 37.6401 29.0243 29.4108
threshold=4215.0000000000009 1.0000000180025095e-35 9.0000000000000018 0 1 57.000000000000007 2 3 4 5 6 7 8 147.00000000000003 9 10 11 12 13 14 15 16 17 18 19 20 21 22 23 153.00000000000003
decision_type=2 2 2 9 9 8 9 9 9 9 9 9 9 2 9 9 9 9 9 9 9 9 9 9 9 9 9 9 9 8
left_child=1 -1 3 4 -3 6 7 -4 -8 10 -7 12 -11 -12 16 -16 -10 -15 19 -5 -6 22 25 24 -23 -13 -25 -24 -19 -30
right_child=-2 2 5 18 20 9 8 -9 14 11 13 21 -14 17 15 -17 -18 28 -20 -21 -22 23 27 26 -26 -27 -28 -29 29 -31
leaf_value=2.5697178376352867 100.58615043121245 -0.95358636510088535 -0.02078625257857887 -0.65711181759488524 -0.47467549607402698 0.27725423694750478 0.45677895458704576 0.67242299774372327 -0.85874325455248346 1.3152669460869306 -0.60013154992306283 0.21616505367922942 -0.092997458733703561 0.25191536681500681 0.26400732796791221 -0.16011301962338537 -0.15118775310342586 -1.6272052370357359 0.04694493811336109 -0.019391377793565215 0.17231435533018688 -1.8566091528805089 -0.43035318886459212 0.37116204814257259 -0.14491815234789129 1.9945240164647089 -0.13234310869373189 0.075916897307576336 0.65793498324909772 -0.43264882629571277
leaf_weight=81 73 11712 8232 7894 7746 12676 8364 19113 4927 11099 13457 17675 6662 6742 18499 20905 10135 2194 105423 17864 15678 7847 10552 15154 21460 6415 35657 26824 1959 11999
leaf_count=81 73 11712 8232 7894 7746 12676 8364 19113 4927 11099 13457 17675 6662 6742 18499 20905 10135 2194 105423 17864 15678 7847 10552 15154 21460 6415 35657 26824 1959 11999
internal_value=-5.74171e-05 -6.52765e-05 -7.33548e-05 -0.000885959 -0.00390087 0.000379337 0.00201442 0.00644672 8.43412e-05 -0.000328259 -0.00285805 0.000450253 0.0052023 -0.00479497 -0.000967398 0.000558177 -0.00495621 -0.00234996 -7.81304e-05 -0.00318612 -0.000849193 -0.000146193 0.00152905 -0.00143146 -0.00455879 0.00513278 0.000372877 -0.000794415 -0.00480139 -0.00311426
internal_weight=465018 464945 464864 166317 35136 298547 90175 27345 62830 208372 49027 159345 17761 36351 54466 39404 15062 22894 131181 25758 23424 141584 61466 80118 29307 24090 50811 37376 16152 13958
internal_count=465018 464945 464864 166317 35136 298547 90175 27345 62830 208372 49027 159345 17761 36351 54466 39404 15062 22894 131181 25758 23424 141584 61466 80118 29307 24090 50811 37376 16152 13958
cat_boundaries=0 4 8 12 16 21 25 30 34 36 40 44 48 50 54 59 61 63 67 71 75 79 83 88 92
cat_threshold=524448 88220672 244902080 2239797712 183503872 2164303873 1376260109 45222244 1377314371 71594129 84410394 69277760 13788161 2226290759 5243156 143036419 34162946 1851858 872693760 2225211944 1 87237745 1677730496 2425356294 37828612 3222298657 159984648 1099106498 1628440576 3 7344184 1080169474 704651936 2560788800 1610876248 11 157335584 1073745420 2024179841 25952772 3359674376 184685605 154271844 805683218 78786564 1346372612 157291720 1897169152 318906760 4 1344287238 1077035265 491003928 41948309 2281738240 1879841297 18944036 268641312 1 70811651 14 687636665 12 2282225664 324141068 1310949376 9437760 2290108428 326632451 187009080 17858624 2441118720 260079873 55304 1628440224 444629250 2432704768 1086324804 85737502 2206311617 855910400 2172731656 4724227 135004417 2451309080 3230793728 1140937760 1 67109376 33685762 436207616 12615818
is_linear=0
shrinkage=0.1


Tree=87
num_leaves=31
num_cat=21
split_feature=4 0 8 1 0 9 8 8 7 6 9 11 9 9 11 3 10 9 8 8 6 8 8 10 7 10 8 4 6 8
split_gain=18.6138 18.0914 17.5338 16.323 37.6191 32.9913 28.0755 19.8834 15.6738 25.9127 43.417 28.3711 26.5282 26.5258 30.4757 27.0901 26.3527 38.1973 24.7037 24.6652 23.6134 38.8686 30.2218 23.0674 22.3544 22.6741 20.4447 20.4201 36.9464 43.3116
threshold=45.000000000000007 4215.0000000000009 0 -230.99999999999997 -434.99999999999994 1 2 3 4 1195.5000000000002 5 6 7 8 9 1.5000000000000002 10 11 12 13 972.50000000000011 14 15 16 17 18 19 195.00000000000003 706.50000000000011 20
decision_type=2 2 9 8 2 9 9 9 1 2 9 9 9 9 9 2 9 9 9 9 2 9 9 9 1 9 9 2 2 9
left_child=2 3 -1 4 -2 -6 -5 -7 9 13 -11 12 -12 14 -8 -15 17 18 -17 -19 22 23 -18 -22 26 -26 -13 -10 29 -29
right_child=1 -3 -4 6 5 7 8 -9 27 10 11 24 -14 15 -16 16 20 19 -20 -21 21 -23 -24 -25 25 -27 -28 28 -30 -31
leaf_value=0.15015527470895088 -11.163782719449404 90.349328165459255 1.1169419942762298 7.2777625988744266 0.13888819246346326 -0.057319974208397718 2.8889789386377402 -2.0280885776163777 0.041973568519755845 1.1472363821431075 -2.4076364237406795 0.49660179305575841 -0.42711115681112721 -0.031547211726516269 -0.39740815692202425 -3.3566977908174382 0.41627101184599341 0.2674898178368747 0.031944304677222139 1.0883896262842165 1.6108255392150697 1.1803036652157801 -0.27785647657487333 -1.1839306924331197 3.228163481681003 -0.34772685267379871 -0.20364027568672347 0.23840124831470888 -0.0036133659272508112 -0.42034698998570408
leaf_weight=2213 423 72 377 323 4162 1734 711 2736 56154 2244 2488 3642 3590 36351 13750 929 15515 10768 8253 22724 987 13839 25659 3287 463 10463 2518 14810 142941 60892
leaf_count=2213 423 72 377 323 4162 1734 711 2736 56154 2244 2488 3642 3590 36351 13750 929 15515 10768 8253 22724 987 13839 25659 3287 463 10463 2518 14810 142941 60892
internal_value=-7.54809e-05 -0.00012283 0.00837838 -0.000130635 -0.00433462 -0.00290778 -4.66577e-05 -0.00886161 -6.7993e-05 0.000662491 -0.00229455 -0.0035816 -0.00944481 0.00115433 -0.00291963 0.00158037 0.00241612 0.00431075 -0.00140339 0.00587726 0.00105149 0.00406062 -0.000272016 -0.00427171 -0.00149158 -0.00420629 0.00332253 -0.000541653 -0.000978536 -0.00276479
internal_weight=465018 462428 2590 462356 9055 8632 453301 4470 452978 178181 25408 23164 6078 152773 14461 138312 101961 42674 9182 33492 59287 18113 41174 4274 17086 10926 6160 274797 218643 75702
internal_count=465018 462428 2590 462356 9055 8632 453301 4470 452978 178181 25408 23164 6078 152773 14461 138312 101961 42674 9182 33492 59287 18113 41174 4274 17086 10926 6160 274797 218643 75702
cat_boundaries=0 4 8 12 16 17 22 24 28 33 34 36 41 45 49 53 57 59 60 62 66 70
cat_threshold=83886080 2283814912 201326592 16 29377633 262210 536873232 3758103552 0 0 0 2 1074791432 1090568193 170000384 65730 104 73480265 7472130 541102720 2759860480 3 270705474 6 144311456 2306932928 16722 1494290051 316742092 72614016 6329369 2692747392 2 3238002690 2336826635 4 1141392912 2684519221 75514112 1147701344 1 172032 2687104 35651744 30976 3355575328 1633691656 2318680704 84043908 1140226 369156353 106957073 102794324 2215657478 127934464 593723776 118016336 536871424 10 64 33024 10 143818752 115634433 2317355008 68875344 542138624 168214645 78120304 34456
is_linear=0
shrinkage=0.1


Tree=88
num_leaves=31
num_cat=22
split_feature=0 4 0 8 8 9 4 4 8 9 3 9 8 9 11 2 0 8 8 10 8 8 9 9 9 8 9 9 9 9
split_gain=18.3038 17.4223 16.847 40.1286 34.47 22.8097 18.5616 18.2656 74.49 59.2795 46.2504 100.123 49.2024 33.8695 29.3083 27.7333 32.2945 29.4712 26.6 25.9955 107.444 82.3382 76.5097 69.9003 68.4092 54.6702 41.1647 37.3603 33.4307 31.5801
threshold=4215.0000000000009 1.0000000180025095e-35 -278.99999999999994 0 1 2 645.00000000000011 195.00000000000003 3 4 1.5000000000000002 5 6 7 8 1.0000000180025095e-35 333.00000000000006 9 10 11 12 13 14 15 16 17 18 19 20 21
decision_type=2 2 2 9 9 9 2 2 9 9 2 9 9 9 9 8 2 9 9 9 9 9 9 9 9 9 9 9 9 9
left_child=1 -1 4 -4 6 -6 -3 8 9 -5 11 -9 14 -10 -13 -15 17 -17 -18 20 23 24 -22 -12 -21 29 -23 -27 -26 -24
right_child=-2 2 3 7 5 -7 -8 10 13 -11 19 12 -14 15 -16 16 18 -19 -20 21 22 26 25 -25 28 27 -28 -29 -30 -31
leaf_value=2.2977305264008634 81.492602571545291 -8.2011907676446327 3.0214634410247641 2.6905100528038539 -2.4316085224663526 0.10993059419159934 -2.2214132080265325 -2.6549967402692634 -0.09432633408448475 0.21635907288278924 -2.6337776950810055 1.0076471766846737 -0.3627546638986246 0.1685234217834676 -0.020811631855514181 -0.25296908742118945 1.3271503596776484 0.011199831300594099 0.14125959961354512 -0.99292957928836367 -0.8354228475914186 0.98462527290097113 1.361357650256364 -0.56619916110766444 1.1298593074367276 -0.78485088617816035 0.17964312420607184 0.053189327823414706 -0.11595046256355208 0.27239226432106423
leaf_weight=81 73 562 1511 1587 1126 5176 470 1357 28362 16234 5735 2641 19959 13476 10497 6540 1246 23069 3911 11557 17564 24810 9988 19649 2628 13436 82541 50721 50504 38007
leaf_count=81 73 562 1511 1587 1126 5176 470 1357 28362 16234 5735 2641 19959 13476 10497 6540 1246 23069 3911 11557 17564 24810 9988 19649 2628 13436 82541 50721 50504 38007
internal_value=-6.96747e-05 -7.75361e-05 -8.56164e-05 -9.39829e-06 -0.00484047 -0.00204373 -0.0216891 -6.34828e-05 0.00117501 0.00699624 -0.000386898 -0.00387183 -0.00277434 -0.000180124 0.00197749 0.00143206 -6.04038e-05 -0.00133237 0.00724258 -1.98692e-05 -0.000958674 0.000826504 0.000205818 -0.00690714 -0.00199153 0.00116706 0.00252466 -0.000742594 -0.000474201 0.0037194
internal_weight=465018 464945 464864 457530 7334 6302 1032 456019 94425 17821 361594 34454 33097 76604 13138 48242 34766 29609 5157 327140 155100 172040 129716 25384 64689 112152 107351 64157 53132 47995
internal_count=465018 464945 464864 457530 7334 6302 1032 456019 94425 17821 361594 34454 33097 76604 13138 48242 34766 29609 5157 327140 155100 172040 129716 25384 64689 112152 107351 64157 53132 47995
cat_boundaries=0 4 8 13 17 21 25 29 33 35 39 43 45 49 53 57 61 66 70 74 78 82 86
cat_threshold=0 0 768 10 17891329 185090048 52559936 16778256 2281701376 0 33557008 3221264512 1 311951874 2223771672 2183856168 1048597 2340421632 16777220 138412032 1 269090884 16883728 269484096 19136816 1086351872 809959503 3436545 118522368 3113517634 153616388 8388676 71566356 2147813891 18 16941056 1188096 272629824 2048 201359616 131332 1614843968 128 3562214486 2 369648240 1141064002 493191168 101744644 3227658272 538753664 672137222 13004032 94372770 67567680 268570696 806364329 2147714052 33560896 151126146 559350800 16777216 572621332 2283798528 144839689 1 2147619084 152078004 3758752850 9063936 148929056 3255178304 16908480 684794896 269615104 134217857 2149598208 16908304 536887298 786432 2 1048608 2181104708 570441858 1629503488 16795666
is_linear=0
shrinkage=0.1


Tree=89
num_leaves=31
num_cat=24
split_feature=0 4 0 2 8 9 8 9 9 10 8 8 8 9 4 9 9 8 11 9 8 4 8 11 8 9 7 9 8 8
split_gain=18.3011 16.5044 16.2385 49.8693 42.4494 42.5353 41.5026 45.6586 42.3039 41.8442 51.3421 35.9735 34.6272 37.0116 36.1476 30.6756 30.2635 70.4615 44.8097 29.9648 29.9544 27.1725 40.445 30.8589 27.6198 25.8549 24.8307 136.716 47.9845 35.5484
threshold=4215.0000000000009 1.0000000180025095e-35 75.000000000000014 87.000000000000014 0 1 2 3 4 5 6 7 8 9 75.000000000000014 10 11 12 13 14 15 1635.0000000000002 16 17 18 19 20 21 22 23
decision_type=2 2 2 8 9 9 9 9 9 9 9 9 9 9 2 9 9 9 9 9 9 2 9 9 9 9 1 9 9 9
left_child=1 -1 16 4 -4 -6 8 11 -5 10 15 -8 13 -11 -14 -9 17 18 -3 -16 -19 24 -23 -24 -18 -12 27 28 -26 -28
right_child=-2 2 3 6 5 -7 7 9 -10 12 25 -13 14 -15 19 -17 21 20 -20 -21 -22 22 23 -25 26 -27 29 -29 -30 -31
leaf_value=2.0679574737607775 73.343342314390753 -1.4387814425571641 -0.13421415986094445 0.21834922289539804 1.2380799019439643 0.26584857511681753 2.4207314406421236 -2.4206461900459662 -0.45954709611744421 -0.58630395910072797 1.0074336573061544 0.42023749202547833 1.7325627645634427 0.97062435524064483 -0.20758260048560828 -0.55135486593380845 -0.80228644764032875 0.43592196201824862 -0.32787035715013141 0.14417292316747493 -0.14456736148835356 -0.67337933493805124 0.57044475365441394 4.0361348533515224 -1.2093300653419874 -0.15197441448793542 -0.17991426899915655 0.17025222468935297 -0.26947712441768218 0.076760600260473849
leaf_weight=81 73 7407 12382 7323 7660 21704 2360 3888 16515 2418 3625 14627 408 9850 23415 10266 3011 6847 5824 33734 33246 6447 9264 5261 9305 25478 35381 22942 10897 113379
leaf_count=81 73 7407 12382 7323 7660 21704 2360 3888 16515 2418 3625 14627 408 9850 23415 10266 3011 6847 5824 33734 33246 6447 9264 5261 9305 25478 35381 22942 10897 113379
internal_value=-6.60189e-05 -7.38797e-05 -8.17443e-05 0.000611542 0.003677 0.00574658 -0.000219938 0.000483168 -0.00405485 -0.000243165 -0.00268681 0.00531564 0.00127085 0.0060922 0.000242326 -0.00762496 -0.0005856 -0.00271872 -0.00904388 3.06217e-05 -0.000629629 -5.85928e-05 0.00336163 0.00628483 -0.000426596 -0.000283379 -0.000277207 -0.00238912 -0.00838611 0.000335417
internal_weight=465018 464945 464864 195653 41746 29364 153907 130069 23838 113082 43257 16987 69825 12268 57557 14154 269211 53324 13231 57149 40093 215887 20972 14525 194915 29103 191904 43144 20202 148760
internal_count=465018 464945 464864 195653 41746 29364 153907 130069 23838 113082 43257 16987 69825 12268 57557 14154 269211 53324 13231 57149 40093 215887 20972 14525 194915 29103 191904 43144 20202 148760
cat_boundaries=0 4 8 12 16 21 23 27 31 35 40 44 48 52 54 59 63 67 69 73 78 79 83 87 91
cat_threshold=140918816 1078070848 478584961 26624036 2282225922 1614822596 1797505152 403841040 26289713 738271776 277897252 54597764 7340088 1348605058 578823072 2953613632 2148561443 2147585024 1099038954 1360010240 3 3540201286 10 2219475016 1125679235 169936904 41280 302514178 1354761218 2362312 2105355 2282242048 306315268 237207552 3670080 33849344 8192 64 17825792 1 268600384 629252608 16832520 154273416 5251232 1700791425 43033120 2425396489 49285120 24674567 1652560013 34078832 1275462682 7 2231902465 34873680 1215430720 205602871 1 1141773312 1073807520 17048626 17828352 1074184704 1154024480 1277192480 95511040 2016945729 6 6292552 1073745408 272892180 33554436 16794817 553943300 2147565632 1051137 1 12 2290106639 2593398800 2147745796 1744913042 2483716356 2760011916 3422683138 67266576 167831554 270696641 152804544 19399744
is_linear=0
shrinkage=0.1


Tree=90
num_leaves=31
num_cat=22
split_feature=0 4 0 11 0 10 9 8 9 9 11 9 8 9 8 8 8 6 9 6 2 8 9 9 0 8 9 8 11 9
split_gain=18.3112 16.9288 17.41 16.3321 14.935 26.9016 52.1385 26.3002 32.0182 28.4542 24.3734 71.7106 35.8114 27.9502 35.5563 22.0075 19.6777 19.5762 19.7842 18.251 17.5541 50.6977 54.9522 44.4273 38.8652 33.0711 32.4025 32.2516 30.6224 28.6327
threshold=4215.0000000000009 45.000000000000007 327.00000000000006 0 -32.999999999999993 1 2 3 4 5 6 7 8 9 10 11 12 1146.5000000000002 13 372.50000000000006 63.000000000000007 14 15 16 63.000000000000007 17 18 19 20 21
decision_type=2 2 2 9 2 9 9 9 9 9 9 9 9 9 9 9 9 2 9 2 8 9 9 9 2 9 9 9 9 9
left_child=1 2 3 -1 5 6 -3 8 -7 -9 11 15 -13 14 19 -11 -15 -18 -19 -12 21 22 -6 -23 29 26 28 -26 -22 -25
right_child=-2 4 -4 -5 20 7 -8 9 -10 10 13 12 -14 16 -16 -17 17 18 -20 -21 25 23 -24 24 27 -27 -28 -29 -30 -31
leaf_value=0.0088410679932354515 66.009008082951638 2.6997443090932718 1.2367297981064411 0.95379984012643892 -1.931079737729033 0.5612356463901671 -0.5905694497966032 -1.6799185482330992 -0.10210484096458679 -4.4272609832508314 -10.195180115070542 0.28511326780307517 2.6945546165165362 -0.35219412967685071 -0.28689588468191829 -0.40532643075695562 0.16245474581435604 0.36709470614395817 -0.89522086247731503 -1.221942257088561 -0.87273541791281561 0.39158982613449994 -0.12903261702781618 0.10101607471685835 0.83839170149132514 0.014859212074918561 -0.35814643466827367 0.1290390549242936 0.43872489236120205 -0.120159425954086
leaf_weight=1796 73 1316 284 509 2655 6493 1017 3059 17459 530 164 2281 2169 12302 11281 2247 16229 1044 2927 4773 2237 20109 26886 41490 8740 175488 32465 13254 8938 44803
leaf_count=1796 73 1316 284 509 2655 6493 1017 3059 17459 530 164 2281 2169 12302 11281 2247 16229 1044 2927 4773 2237 20109 26886 41490 8740 175488 32465 13254 8938 44803
internal_value=-7.97819e-05 -8.76448e-05 0.00797605 0.00509761 -0.000132798 -0.00132781 0.00924029 -0.00162593 0.00116852 -0.00276027 -0.00224547 0.0031712 0.0110314 -0.00304946 -0.00643949 -0.00941873 -0.00135642 0.000564077 -0.00572904 -0.0135132 0.000137509 0.000941198 -0.00279348 0.00180054 0.000998643 -0.000441751 -0.00290493 0.0047513 0.00173894 4.22978e-05
internal_weight=465018 464945 2589 2305 462356 85291 2333 82958 23952 59006 55947 7227 4450 48720 16218 2777 32502 20200 3971 4937 377065 157937 29541 128396 108287 219128 43640 21994 11175 86293
internal_count=465018 464945 2589 2305 462356 85291 2333 82958 23952 59006 55947 7227 4450 48720 16218 2777 32502 20200 3971 4937 377065 157937 29541 128396 108287 219128 43640 21994 11175 86293
cat_boundaries=0 2 4 8 12 17 21 23 28 32 37 41 45 49 53 57 61 66 70 75 79 80 84
cat_threshold=171968145 4 19476497 1 412271104 2315329540 2156003400 156074034 3427389512 813763618 2684355297 20979722 2148697095 144838800 2686451936 939559944 1 1107296544 71434240 234940417 2692745412 3244407172 17 167937 3146287072 20054016 4018208 1 327156226 1109712904 84378624 8389136 269673476 134547728 4040229184 1140897280 1 58728962 19972436 16781592 67116320 131072 3239600128 4194304 71680 401669 2399801352 206114842 78153088 9175042 2684911620 2232864 273678624 2285979680 1476398152 1487339905 52166676 83890176 1024 2313158792 1091567872 8456194 265090 2030422154 1084252736 3 1094263861 1678270994 2425356290 37824516 3493871649 1259662 8456322 1900156928 3 34079299 101871890 2216165390 67156288 138457112 1509983048 462028804 69206084 2165245100
is_linear=0
shrinkage=0.1


Tree=91
num_leaves=31
num_cat=19
split_feature=4 8 9 0 11 8 0 10 0 8 2 9 1 0 9 0 9 10 8 9 6 9 11 6 8 3 7 9 11 8
split_gain=18.1475 46.8533 31.6494 25.8379 19.6868 19.4119 16.3193 15.1341 14.735 29.5101 24.6625 14.2695 13.0623 15.0141 21.5867 22.5285 16.9856 12.9848 12.935 12.7561 12.1673 50.8567 43.273 38.0807 53.5719 53.0647 42.4193 53.5977 34.8573 36.6769
threshold=105.00000000000001 0 1 -176.99999999999997 2 3 -74.999999999999986 4 -356.99999999999994 5 -104.99999999999999 6 -38.999999999999993 39.000000000000007 7 213.00000000000003 8 9 10 11 1107.5000000000002 12 13 1029.5000000000002 14 2.5000000000000004 15 16 17 18
decision_type=2 9 9 2 9 9 2 9 2 9 8 9 8 2 9 2 9 9 9 9 2 9 9 2 9 2 1 9 9 9
left_child=1 -1 6 -4 12 -6 7 -3 10 -10 -2 -12 -5 16 15 -15 -14 -8 -17 -7 23 -22 -23 -11 -25 -26 27 -27 -24 -30
right_child=8 2 3 4 5 19 17 -9 9 20 11 -13 13 14 -16 18 -18 -19 -20 -21 21 22 28 24 25 26 -28 -29 29 -31
leaf_value=1.4396395318765265 -5.7434886171029067 0.7945306366396675 -4.5293291888434934 0.46124750991727059 -0.69601868165937608 2.2319885911443325 1.2346920038381399 -0.82101620524520724 2.3626697340830165 -0.023141134416004787 -2.4856032037328561 0.13483514040137301 -0.91534568309557829 1.0253035894103284 0.022811439299755421 -0.55708139122439204 0.038354098066639614 0.28106155358275448 0.78225359483342916 -0.049000236181377943 -1.1942612827162924 3.2658781429618444 -2.369984590037217 -0.46566335988225949 -0.099499420536297747 0.14136530456774496 0.47514972376881492 3.40661791758059 0.32135208103800555 -0.10989515282261664
leaf_weight=653 842 472 274 684 1488 307 1209 594 1637 295562 733 2754 463 575 2059 168 1007 4318 129 5103 9210 1732 1507 7584 8802 3333 13206 8172 16796 73645
leaf_count=653 842 472 274 684 1488 307 1209 594 1637 295562 733 2754 463 575 2059 168 1007 4318 129 5103 9210 1732 1507 7584 8802 3333 13206 8172 16796 73645
internal_value=-8.10721e-05 0.00290468 0.00198303 -0.00102307 -0.000329634 -0.00380718 0.00756474 -0.00375235 -0.000211777 -0.00015481 -0.00601756 -0.00230857 0.00438665 0.00239718 0.00653361 0.0196145 -0.00585034 0.00976117 -0.00252525 -0.00101476 -0.000204864 -0.00115657 -0.00045896 8.59921e-05 0.00293817 0.00465501 0.00703128 0.0114677 -0.000754692 -0.000502482
internal_weight=465018 19503 18850 12257 11983 6898 6593 1066 445515 441186 4329 3487 5085 4401 2931 872 1470 5527 297 5410 439549 102890 93680 336659 41097 33513 24711 11505 91948 90441
internal_count=465018 19503 18850 12257 11983 6898 6593 1066 445515 441186 4329 3487 5085 4401 2931 872 1470 5527 297 5410 439549 102890 93680 336659 41097 33513 24711 11505 91948 90441
cat_boundaries=0 4 9 11 15 17 21 25 29 33 35 38 40 44 46 50 51 55 57 61
cat_threshold=2181038848 12292 2293792 68304896 2315943938 271065344 131072 549890 1 609760266 18 67239938 287440896 536903680 8192 263490 8 0 0 512 10 1049088 131 301992448 1073751168 0 25231360 0 16777232 25165824 25165824 0 16 1631599360 8 0 0 1073741824 0 134217728 134217736 100665472 33605904 131 16779296 3 1093754881 788744 49026484 33557712 98 1091328 860356 12798304 827361088 536879104 8 84500552 209781511 4721073 71403009
is_linear=0
shrinkage=0.1


Tree=92
num_leaves=31
num_cat=22
split_feature=4 0 9 2 8 4 0 9 2 2 8 8 9 8 8 8 9 9 9 9 9 2 8 9 9 8 9 8 8 9
split_gain=16.5145 14.8855 43.5865 32.6291 55.7601 32.5102 30.1863 55.8196 37.9863 37.7898 42.5437 32.1525 35.3724 30.2913 29.7845 29.1058 29.0024 28.8024 26.1851 24.5108 24.1383 24.0686 109.469 67.1578 51.42 32.4547 60.2481 29.5802 29.3777 26.0403
threshold=1.0000000180025095e-35 123.00000000000001 0 141.00000000000003 1 375.00000000000006 279.00000000000006 2 285.00000000000006 207.00000000000003 3 4 5 6 7 8 9 10 11 12 13 63.000000000000007 14 15 16 17 18 19 20 21
decision_type=2 2 9 8 9 2 2 9 8 10 9 9 9 9 9 9 9 9 9 9 9 10 9 9 9 9 9 9 9 9
left_child=-1 21 5 4 -4 -3 9 -8 15 14 19 17 -13 -14 18 -9 -6 -10 -5 -11 -16 25 24 28 -23 26 27 -2 -24 -27
right_child=1 2 3 6 16 -7 7 8 11 10 -12 12 13 -15 20 -17 -18 -19 -20 -21 -22 22 23 -25 -26 29 -28 -29 -30 -31
leaf_value=1.7943607352411093 -3.8746450451290784 1.8409581891558007 -0.21884076833764754 -0.11862180786405646 1.1247495449420826 0.88698167623206725 -8.7553043522868457 -0.024468033543524826 -0.096882489636652747 -0.48948460753873635 -0.22671239053056524 0.3007057636825039 -2.0516220243329033 -0.18411879878474338 -0.6064766184835122 1.2500758213719565 0.32344055808769384 1.2442054637142463 0.80444847608269687 -1.0035870067437942 -0.015936437666996994 -0.3282332592937387 -0.42582153809318868 -0.22828539708985432 0.85762787788970918 -0.16714844933687978 -0.027661139132526637 -0.63439864822062553 -0.77423076155743054 0.059123076679237843
leaf_weight=81 1163 1391 11478 3671 6790 6362 710 2890 3855 3091 13469 12669 2753 20082 4715 5379 14440 5614 5128 4275 17305 6587 5138 27167 12809 35734 29021 9141 8649 183461
leaf_count=81 1163 1391 11478 3671 6790 6362 710 2890 3855 3091 13469 12669 2753 20082 4715 5379 14440 5614 5128 4275 17305 6587 5138 27167 12809 35734 29021 9141 8649 183461
internal_value=-8.77385e-05 -9.56044e-05 0.000740414 0.000331107 0.00309099 0.00803169 -0.000523644 0.00113063 0.00150417 -0.00225152 -0.00554116 0.000359104 -0.00102213 -0.00337273 -2.75804e-05 0.0077337 0.00612524 0.00553328 0.00488705 -0.0116459 -0.00199274 -0.000478565 -0.00227672 -0.00520701 0.00391116 -5.87962e-05 -0.0027037 -0.00926895 -0.01089 0.000415821
internal_weight=465018 464937 146067 138314 32708 7753 105606 53952 53242 51654 20835 44973 35504 22835 30819 8269 21230 9469 8799 7366 22020 318870 60350 40954 19396 258520 39325 10304 13787 219195
internal_count=465018 464937 146067 138314 32708 7753 105606 53952 53242 51654 20835 44973 35504 22835 30819 8269 21230 9469 8799 7366 22020 318870 60350 40954 19396 258520 39325 10304 13787 219195
cat_boundaries=0 4 8 12 16 20 25 29 33 37 41 46 51 56 60 64 68 72 76 81 85 89 93
cat_threshold=1048608 2151677954 545260064 2415923456 2289057892 1778395141 402849793 62259232 0 67125248 26624 8389312 340164615 403842432 641761281 16891136 155239752 281018500 2154005312 18358443 291902980 672184104 268435584 69935113 2 3213344 404081 8656896 134299652 134414656 1098991915 541822992 70295840 1852672 52729940 1411547151 3190788 2283798662 1627523269 3239266496 1884232 134791554 688732480 1124139074 135209984 2 268460296 235768512 1346506882 67847192 1 2281726466 279720004 1226833988 152111123 1 2433488198 1611924305 406929408 1614815876 2684362752 2323648513 1276453765 19939947 302384260 3649078016 270565712 68046889 231772164 697600 1249332 3898085410 16779264 1107397635 1489245081 50333293 205520896 1946167296 186880034 282890640 1 0 1073841153 276824080 33554444 143786560 290080788 289538050 8520720 1076638945 2235564032 110625280 2432737089
is_linear=0
shrinkage=0.1


Tree=93
num_leaves=31
num_cat=18
split_feature=4 8 8 9 6 11 4 10 0 4 0 9 8 9 0 10 8 6 9 9 0 0 6 9 6 8 9 9 8 8
split_gain=17.1716 38.7038 26.5827 23.134 18.4782 16.078 14.3577 13.9634 21.4903 17.8916 23.1406 28.4595 17.3053 16.8364 16.3036 13.5036 47.5042 28.4414 23.9141 18.0975 13.2945 13.0473 12.3215 44.7126 43.5931 64.5022 53.5745 46.4111 37.3961 36.2951
threshold=105.00000000000001 0 1 2 1212.5000000000002 3 1.0000000180025095e-35 4 -194.99999999999997 75.000000000000014 33.000000000000007 5 6 7 213.00000000000003 8 9 988.50000000000011 10 11 -68.999999999999986 501.00000000000006 1084.5000000000002 12 1029.5000000000002 13 14 15 16 17
decision_type=2 9 9 9 2 9 2 9 2 2 2 9 9 9 2 9 9 2 9 9 2 2 2 9 2 9 9 9 9 9
left_child=1 -1 5 4 -4 20 -5 8 -8 13 12 14 -11 -10 -12 16 19 18 -18 -2 -3 -7 24 29 -17 26 -26 -27 -25 -24
right_child=15 2 3 6 -6 21 7 -9 9 10 11 -13 -14 -15 -16 22 17 -19 -20 -21 -22 -23 23 28 25 27 -28 -29 -30 -31
leaf_value=1.3723360243683147 2.1258493131579108 -2.6012882134528059 0.95748511359622201 1.6149246617169979 -0.32227563096226963 -0.31629294743894559 -5.4922999358308946 0.15045642998112216 1.0813573274068511 -1.5851413035855388 0.70524654039742851 -0.47838366744584565 -0.33579320899533438 0.075093809385941776 -0.23188055057136694 -0.016276132246867459 -11.917042370339246 1.8853121423707337 -1.1949206990434129 -0.82179341205551426 0.28259911018168776 1.4058273223605113 -1.6150749821650519 1.0291161547679231 0.15867132536962175 -1.7858452417564195 3.1356451211316307 0.27159480751720583 -0.055440198039921999 -0.18606095974311093
leaf_weight=607 638 62 2696 81 398 2661 196 5655 309 407 536 1097 558 3147 267 297146 572 279 612 643 689 137 7565 7544 3648 2621 5376 18192 90144 10535
leaf_count=607 638 62 2696 81 398 2661 196 5655 309 407 536 1097 558 3147 267 297146 572 279 612 643 689 137 7565 7544 3648 2621 5376 18192 90144 10535
internal_value=-8.17173e-05 0.00282264 0.00201523 0.00381911 0.0115335 -0.00577409 0.00186333 0.00158561 -0.0015704 -0.00056162 -0.00640489 0 -0.0190155 0.00428241 0.0142066 -0.000208859 -0.00718954 -0.0194501 -0.0263514 0.00685515 0.00716163 -0.00925926 -0.000165432 -0.00105192 0.000148479 0.00379227 0.0108479 0.000727561 -0.000205736 -0.00561568
internal_weight=465018 19503 18896 15347 3094 3549 12253 12172 6517 6321 2865 1900 965 3456 803 445515 2744 1463 1184 1281 751 2798 442771 115788 326983 29837 9024 20813 97688 18100
internal_count=465018 19503 18896 15347 3094 3549 12253 12172 6517 6321 2865 1900 965 3456 803 445515 2744 1463 1184 1281 751 2798 442771 115788 326983 29837 9024 20813 97688 18100
cat_boundaries=0 4 8 12 14 16 20 24 27 29 33 38 42 46 50 54 59 63 67
cat_threshold=2181038848 12292 2293792 1212416 75497478 304218112 2952826880 2688 2148040704 402661632 131072 19415040 541101074 10 1246864195 4 134217728 16777216 0 1040 16777216 150994944 1207959552 8208 134217729 524288 4 65540 2 3309569 1141391233 51118342 18897920 135299073 807404032 2281701376 2560000 1 84049920 1075853824 74336 1225531408 209715840 102238336 1191442714 1342210179 415892554 1354765376 201556483 28524544 172132354 81088 8472898 420513112 15432 393296 4299040 4026534785 1 33559064 8586767 334808 23134731 2316305412 1107443763 2827321542 18874946
is_linear=0
shrinkage=0.1


Tree=94
num_leaves=31
num_cat=19
split_feature=0 9 4 10 4 0 8 8 4 11 4 8 9 11 8 9 4 8 0 8 10 0 8 3 8 9 8 4 8 9
split_gain=15.1722 31.869 21.3225 16.2491 13.9348 12.9955 27.7715 27.0566 14.1121 13.679 13.3785 37.8988 27.6442 27.582 23.4713 21.2485 20.2011 76.3633 21.4966 34.6982 32.8964 21.4093 20.2494 18.8538 78.3994 55.6412 45.8404 32.2945 71.4071 59.4435
threshold=1305.0000000000002 0 735.00000000000011 1 1.0000000180025095e-35 -320.99999999999994 2 3 675.00000000000011 4 135.00000000000003 5 6 7 8 9 105.00000000000001 10 33.000000000000007 11 12 213.00000000000003 13 1.5000000000000002 14 15 16 195.00000000000003 17 18
decision_type=2 9 2 9 2 2 9 9 2 9 2 9 9 9 9 9 2 9 2 9 9 2 9 2 9 9 9 2 9 9
left_child=4 -2 -3 -4 -1 6 8 -7 -6 -8 11 15 16 14 -14 -9 18 -18 20 21 -13 -20 -23 24 -12 26 -26 28 -27 -29
right_child=1 2 3 -5 5 7 9 10 -10 -11 23 12 13 -15 -16 -17 17 -19 19 -21 -22 22 -24 -25 25 27 -28 29 -30 -31
leaf_value=1.4534321955452982 -2.9761509138459363 3.763861836192973 -11.70579823845352 3.0759891956209118 -11.446207321514372 2.7642963469833948 1.8388626701186483 1.5946575238252081 -4.2885359519011521 -0.60509631103967088 -1.625772223201233 -1.1007789399349897 0.81846929680969827 -0.062705575061383856 0.11277767368471246 0.20667695735695377 -2.2562703218539233 -0.10704737179459888 0.73974366307668338 -0.12090256910394573 -0.017770007017926217 -0.49400607124803741 0.74126459146534673 0.0045063085010241368 -3.1945888814848988 0.76381541021992239 -0.28359041149883846 -2.4030727739132374 0.013433550407144069 -0.084199926529672814
leaf_weight=81 541 1043 100 526 339 1235 477 789 438 4508 1161 520 1664 10334 15357 6699 804 5160 992 1761 1759 262 341 331835 540 4717 16652 944 27852 25587
leaf_count=81 541 1043 100 526 339 1235 477 789 438 4508 1161 520 1664 10334 15357 6699 804 5160 992 1761 1759 262 341 331835 540 4717 16652 944 27852 25587
internal_value=-7.5911e-05 0.00819005 0.0149792 0.000479233 -0.000115383 -0.000122643 -0.00484207 -6.31339e-05 -0.0222999 -0.00207207 -0.000103348 0.0015051 0.000251514 0.00198611 0.00445952 0.00801547 -0.00383754 -0.00789738 0.000452529 0.00554231 -0.00704256 0.0161682 0.00140962 -0.000285862 -0.0016907 -0.00129617 -0.00630159 0.000160717 0.00227056 -0.00242923
internal_weight=465018 2210 1669 626 462808 462727 5762 456965 777 4985 455730 46442 38954 27355 17021 7488 11599 5964 5635 3356 2279 1595 603 409288 77453 76292 17192 59100 32569 26531
internal_count=465018 2210 1669 626 462808 462727 5762 456965 777 4985 455730 46442 38954 27355 17021 7488 11599 5964 5635 3356 2279 1595 603 409288 77453 76292 17192 59100 32569 26531
cat_boundaries=0 4 5 9 13 15 19 23 25 29 34 38 42 43 46 50 54 57 61 65
cat_threshold=2299054080 65537 1119045636 1480593104 1073877000 17891329 168296480 35651648 1040 0 0 512 10 4194561 8 2148532997 8392960 543293472 1622016 210239490 2147549188 271581248 17605652 6271496 3 0 50462724 0 143376 1179648 536903684 64 16785408 1 16777216 2113540 1073811456 8208 33554432 2113540 1208025088 135168 1276641536 0 0 1073741824 33025 1048576 134217728 262400 539328580 432541714 1132561540 1614839858 131072 2164260866 1077936128 177733634 2147500056 2148077568 1050625 268959744 106496 269484096 2097152
is_linear=0
shrinkage=0.1


Tree=95
num_leaves=31
num_cat=21
split_feature=0 4 10 8 9 11 9 10 9 8 0 9 9 8 2 8 9 0 0 8 9 2 2 8 0 8 9 9 9 8
split_gain=14.5227 13.5416 15.1016 11.4644 40.858 28.0278 24.9991 17.9738 53.4765 24.0111 18.2395 51.3849 40.5914 22.7359 22.133 40.2059 41.31 34.6825 33.5174 41.8998 29.9865 25.5506 24.6169 51.0082 33.543 32.4841 32.0207 30.0379 28.2886 55.2188
threshold=4215.0000000000009 45.000000000000007 0 1 2 3 4 5 6 7 441.00000000000006 8 9 10 225.00000000000003 11 12 237.00000000000003 189.00000000000003 13 14 381.00000000000006 123.00000000000001 15 99.000000000000014 16 17 18 19 20
decision_type=2 2 9 9 9 9 9 9 9 9 2 9 9 9 10 9 9 2 2 9 9 10 10 9 2 9 9 9 9 9
left_child=1 2 -1 4 -3 -6 -7 8 9 -5 14 -12 -13 -14 18 16 -16 -17 22 -20 -21 -19 24 27 28 -26 -25 -24 29 -9
right_child=-2 3 -4 7 5 6 -8 10 -10 -11 11 12 13 -15 15 17 -18 21 19 20 -22 -23 23 26 25 -27 -28 -29 -30 -31
leaf_value=1.3216125009999324 58.909728414474557 -0.85192321432185603 0.14890767983854758 -0.92486273494788473 0.72128898087427307 0.56882965781656203 -0.1296565680677155 -0.84038898372502624 1.7780862060378126 0.21234339325101362 -3.9144260166477696 1.8829151602118033 0.77664694953494973 -0.048413582979637229 1.4995595165841509 -1.2024207839117622 -0.10969895394912328 -0.068938712539898014 -0.17153889606536837 1.7044205196354363 0.31627271128964768 -0.87988734057794604 1.8873061606442556 -0.79603536637279582 0.65440298844268485 0.084748542979329503 -0.28493846277685581 -0.0029579509003916371 0.013675687600858312 -0.0063239368080346033
leaf_weight=244 73 11921 2345 1590 1583 8308 33926 16891 4473 1986 1464 2532 8323 11012 3322 5482 9629 14779 9893 4339 12450 4112 2334 5218 9939 22406 16027 8929 196239 33249
leaf_count=244 73 11921 2345 1590 1583 8308 33926 16891 4473 1986 1464 2532 8323 11012 3322 5482 9629 14779 9893 4339 12450 4112 2334 5218 9939 22406 16027 8929 196239 33249
internal_value=-7.87066e-05 -8.57091e-05 0.0071263 -0.000126093 -0.0014709 -5.81833e-05 -0.00054919 5.82842e-05 0.00473384 -0.00437814 -3.62538e-05 0.0026767 0.00389222 0.00232877 -0.000204937 -0.00251581 0.00198673 -0.00490711 5.03087e-05 0.00345177 0.00649146 -0.00287703 -0.000241299 -0.00284545 6.24273e-05 0.00309012 -0.00572806 0.0025947 -0.000335053 -0.00245464
internal_weight=465018 464945 2589 462356 55738 43817 42234 406618 8049 3576 398569 23331 21867 19335 375238 37324 12951 24373 337914 26682 16789 18891 311232 32508 278724 32345 21245 11263 246379 50140
internal_count=465018 464945 2589 462356 55738 43817 42234 406618 8049 3576 398569 23331 21867 19335 375238 37324 12951 24373 337914 26682 16789 18891 311232 32508 278724 32345 21245 11263 246379 50140
cat_boundaries=0 1 5 9 11 16 18 22 26 31 35 39 43 47 51 55 59 63 68 72 76 80
cat_threshold=2165844224 19079200 1241680448 411308037 180618244 3753902096 67215888 170395776 14983288 1076428800 16 536952896 2701674498 1083310146 134220800 3 19398705 9 96993349 2418024458 1211106304 24 248512512 268436482 3238035456 1048576 92352 71698432 16873472 8389312 2 269747204 3179010 2684355360 2147483904 2348844288 2161180802 3227746816 18359091 3355990016 12591365 1090651088 87163514 2194539584 2445443072 983629824 2499809088 3368570946 2152005640 1177690160 87065136 2351431686 1086456004 1804616176 675285056 1212678144 2428785667 1073947408 18350715 33604355 337117569 40994840 69839168 268961548 1477837445 943718736 2153799840 1 8916512 2319520985 768 2957167360 1056928 3309469697 2194809352 2702252481 2449997834 291504152 1715996232 18350459
is_linear=0
shrinkage=0.1


Tree=96
num_leaves=31
num_cat=25
split_feature=4 8 9 3 8 9 9 6 8 11 10 9 9 9 9 11 6 9 11 10 9 8 9 6 11 8 7 11 9 8
split_gain=13.3237 63.5754 51.1291 30.1604 97.6523 44.5789 39.9679 28.2129 81.397 55.2677 42.4065 38.6842 35.6832 34.3204 33.7314 28.0741 27.32 45.594 27.5467 26.6364 93.8298 37.3102 27.9234 37.1678 31.2451 27.1344 26.6104 43.125 26.6036 24.3186
threshold=165.00000000000003 0 1 1.5000000000000002 2 3 4 449.50000000000006 5 6 7 8 9 10 11 12 576.50000000000011 13 14 15 16 17 18 589.50000000000011 19 20 21 22 23 24
decision_type=2 9 9 2 9 9 9 2 9 9 9 9 9 9 9 9 2 9 9 9 9 9 9 2 9 9 1 9 9 9
left_child=1 2 15 4 5 -2 -6 8 13 14 11 -11 -12 -5 -10 -1 17 -3 28 20 25 -22 23 24 -21 -9 -25 -28 -18 -24
right_child=3 16 -4 7 6 -7 -8 19 9 10 12 -13 -14 -15 -16 -17 18 -19 -20 22 21 -23 29 26 -26 -27 27 -29 -30 -31
leaf_value=1.2807928689684065 -1.9879668207474595 -0.13034777028955916 1.0291081785598675 -3.3904811672187281 -0.3297748247737719 -0.72428039676388778 0.043761448032294231 -4.8488169767015528 -2.07331183574667 -0.36903902676945038 -0.95623989779248353 2.1521361017201648 0.26126346414713103 -1.1327694392868723 -0.24424616835094659 0.08725588842430626 -0.10824622626650444 0.25863691927576282 -0.087209567052595291 -7.1023547822703286 -1.16655445978885 0.67162851885348263 0.44021079838935723 4.2883749624149008 0.24446810842538938 -1.8029492769085664 -2.5206430337022412 3.4144984656216479 0.17871426212557545 0.00067467228099857843
leaf_weight=662 1389 3922 2615 1874 11272 4998 31378 2103 1149 1251 3987 2748 7049 2522 1695 6207 6356 8915 36612 491 4612 11640 31405 4026 948 4971 1527 3340 13719 249635
leaf_count=662 1389 3922 2615 1874 11272 4998 31378 2103 1149 1251 3987 2748 7049 2522 1695 6207 6356 8915 36612 491 4612 11640 31405 4026 948 4971 1527 3340 13719 249635
internal_value=-7.44057e-05 0.00110875 0.0087845 -0.000316572 -0.00263373 -0.0141551 -0.000904829 2.06248e-05 -0.00341863 -0.000416457 0.00200399 0.0108132 -0.001195 -0.0155924 -0.0131745 0.00423753 6.04021e-05 0.00422607 -0.000882918 0.000264063 -0.0029868 0.00119911 0.000524398 0.00562754 -0.00927728 -0.0125918 0.00804565 0.0030449 0.0020936 0.000336595
internal_weight=465018 79008 9484 386010 49037 6387 42650 336973 22275 17879 15035 3999 11036 4396 2844 6869 69524 12837 56687 314698 23326 16252 291372 10332 1439 7074 8893 4867 20075 281040
internal_count=465018 79008 9484 386010 49037 6387 42650 336973 22275 17879 15035 3999 11036 4396 2844 6869 69524 12837 56687 314698 23326 16252 291372 10332 1439 7074 8893 4867 20075 281040
cat_boundaries=0 4 8 12 16 20 24 26 28 32 36 41 45 47 51 53 55 59 63 67 69 73 74 75 79 83
cat_threshold=270008840 67637256 71536672 1114128 577 269025280 270729216 1042 2418147692 18898944 1824622642 422160 134512644 159908624 1048580 156369936 36438092 818450688 409502080 1678017682 3366459392 3490777617 68428053 26214404 1612185760 1 272804865 8 2151679521 1075847190 84240 1212154961 143663654 2600771588 2558525984 268554330 470941732 805318672 136319072 286265427 1 2284851204 134231088 3375366276 134744112 2298554624 16 227573763 1207959556 268435456 581650 711468315 3 1078136853 10 2157084672 69278016 1224872102 3491632160 306184193 385917316 69304464 119639845 538968136 23586 1895956642 4 2 1 100688900 17891457 557942961 75530293 28 402654528 33685504 3776970752 64 17204275 1686639872 268697626 68708752 2687523
is_linear=0
shrinkage=0.1


Tree=97
num_leaves=31
num_cat=22
split_feature=0 8 8 9 4 4 11 4 9 0 11 6 8 9 6 9 8 10 9 9 8 8 6 9 11 9 9 11 8 9
split_gain=13.5111 39.1563 25.2553 19.9387 16.134 15.1046 14.7589 14.0687 49.358 43.1416 40.6963 38.444 68.2132 40.3129 38.0221 72.3533 44.0703 43.6501 61.022 43.1261 61.9857 54.0626 49.9967 52.94 49.4358 43.393 36.5518 36.417 41.2157 35.5332
threshold=-230.99999999999997 0 1 2 1.0000000180025095e-35 705.00000000000011 3 465.00000000000006 4 1143.0000000000002 5 585.50000000000011 6 7 630.50000000000011 8 9 10 11 12 13 14 1107.5000000000002 15 16 17 18 19 20 21
decision_type=2 9 9 9 2 2 9 2 9 2 9 2 9 9 2 9 9 9 9 9 9 9 2 9 9 9 9 9 9 9
left_child=1 -1 -2 5 -4 -3 -5 8 10 11 -6 12 -10 -14 15 16 -9 18 -17 20 -16 29 23 -23 26 -26 -24 28 -25 -21
right_child=2 3 4 6 7 -7 -8 14 9 -11 -12 -13 13 -15 19 17 -18 -19 -20 21 -22 22 24 27 25 -27 -28 -29 -30 -31
leaf_value=-6.0382603328335396 4.8844787592572363 -2.166151172829438 1.3622285439693442 1.4547264828727919 0.16048702666168513 -0.78100608508702507 -0.074773866970419087 -2.7718695060976675 0.38850532391812043 1.9188409715480361 1.4641017693086891 -0.028183210501269998 -0.33426723649494722 0.11972583962936377 -1.5867032999801938 -0.59444634738561319 -0.65295219029472096 -0.28409032044506527 1.7601612324102804 -1.0327896528702887 -0.07858374635576465 1.4326195076728301 0.10660407245686604 -2.9956783755574601 1.4737284143044542 -0.16286564499246056 -3.0900787209599203 0.38840983665635354 0.036333536130206311 -0.029520327938131176
leaf_weight=977 570 911 76 1005 5850 1894 4884 4441 12922 1474 3582 142754 8057 15481 9006 4245 10979 42402 7113 12401 29037 23331 2260 2384 6002 24636 3914 48777 5582 28071
leaf_count=977 570 911 76 1005 5850 1894 4884 4441 12922 1474 3582 142754 8057 15481 9006 4245 10979 42402 7113 12401 29037 23331 2260 2384 6002 24636 3914 48777 5582 28071
internal_value=-7.03199e-05 -0.003769 8.23548e-06 -0.00161994 -1.83602e-05 -0.00854352 0.00168673 -2.60611e-05 0.000630128 0.000261763 0.00767846 0.000121642 0.00301975 -0.000186852 -0.000497579 -0.00251229 -0.00854828 -0.000779245 0.00472379 0.00021571 -0.0028053 0.00094619 0.00203685 0.00343932 -0.00101326 0.000632994 -0.00916882 0.00178933 -0.00447593 -0.00220345
internal_weight=465018 9671 455347 8694 454777 2805 5889 454701 190120 180688 9432 179214 36460 23538 264581 69180 15420 53760 11358 195401 38043 157358 116886 80074 36812 30638 6174 56743 7966 40472
internal_count=465018 9671 455347 8694 454777 2805 5889 454701 190120 180688 9432 179214 36460 23538 264581 69180 15420 53760 11358 195401 38043 157358 116886 80074 36812 30638 6174 56743 7966 40472
cat_boundaries=0 4 8 13 15 19 21 25 29 33 37 39 44 48 52 56 60 62 66 71 73 77 81
cat_threshold=2165310465 253362177 33554561 18876160 0 0 0 10 2148532776 143196160 2181122840 3221266048 1 2151940361 14 24592 4194432 1753350656 2147552004 1141049113 12 10240006 86274048 547374115 84591824 163577920 1208745988 276369680 1342370938 1077166092 872422583 153092242 86003717 2449608260 65544 1665243281 110362917 189442133 1 2152203008 8561408 3221299748 1346797672 1 276835458 1149501448 146979592 2576351880 338706944 1074010113 1746927940 148564 17981472 3303194828 314708096 234922112 570688296 671288050 855703570 180243 537469697 24 1111757157 2298994 2954887328 536911168 2248196352 134939908 1358954628 2916384 1 138975495 2 2281701377 169353472 1075937282 17845248 2252374016 174260752 52428804 284752
is_linear=0
shrinkage=0.1


Tree=98
num_leaves=31
num_cat=25
split_feature=0 9 8 10 11 4 9 11 9 8 11 11 8 8 9 2 8 0 8 9 9 8 10 9 9 4 8 9 11 8
split_gain=12.4782 31.2765 26.4323 26.1898 24.6754 20.7551 57.5411 44.0311 38.9326 82.5632 49.9582 41.2245 72.1568 44.4991 56.1113 35.4849 59.4566 39.4424 38.4139 39.3191 34.6433 35.754 32.0686 38.5891 30.8925 30.0509 41.0778 29.8942 46.7242 34.44
threshold=-56.999999999999993 0 1 2 3 465.00000000000006 4 5 6 7 8 9 10 11 12 21.000000000000004 13 927.00000000000011 14 15 16 17 18 19 20 345.00000000000006 21 22 23 24
decision_type=2 9 9 9 9 2 9 9 9 9 9 9 9 9 9 8 9 2 9 9 9 9 9 9 9 2 9 9 9 9
left_child=1 4 -3 -4 -1 6 7 -2 9 -7 -11 12 -10 14 -13 16 -8 18 19 -17 -15 -22 -12 -24 -14 -9 -27 28 29 -20
right_child=5 2 3 -5 -6 8 15 25 11 10 22 13 24 20 -16 17 -18 -19 27 -21 21 -23 23 -25 -26 26 -28 -29 -30 -31
leaf_value=-4.436774156314593 2.9768415456117854 -0.53775193554400491 1.1787135921844965 0.010947196444332974 -0.56167667799307996 -1.4710354577397731 -0.056988060959548649 0.80028085972739049 -1.0400406769143449 -0.91226286780310495 -3.2410273921181059 -1.2864990061637582 1.1844453206398289 -0.051122748748734639 0.21874337397083077 1.3454926218332313 0.21965996949518907 1.1785586616450701 -0.64970322913270528 0.046587211326884238 1.4028537503138523 0.28333224261163753 1.0077712552880989 -0.039698354325079781 -0.11580446912574871 -1.0878111756649134 1.4979954864393545 -0.15337551988754683 0.17022487271414449 -0.048041434963226951
leaf_weight=204 1453 9180 2741 31938 9837 13954 20991 2800 17941 10325 1258 10723 6486 36688 13984 2912 32372 2470 3638 25420 16019 50094 8877 21445 30075 1562 1040 49370 19000 10221
leaf_count=204 1453 9180 2741 31938 9837 13954 20991 2800 17941 10325 1258 10723 6486 36688 13984 2912 32372 2470 3638 25420 16019 50094 8877 21445 30075 1562 1040 49370 19000 10221
internal_value=-7.95668e-05 -0.0015102 -0.000356744 0.000906627 -0.00654164 0.000107998 0.000940554 0.0099126 -0.000498384 -0.00280746 -0.000588095 0.000210416 -0.00209128 0.00119434 -0.00261561 0.000570299 0.00269569 -0.000433067 -0.000712276 0.00246278 0.00211018 0.00347761 0.00138651 0.00203745 0.000458013 0.00572801 -0.00199846 -0.00180632 0.000530895 -0.00388276
internal_weight=465018 53900 43859 34679 10041 411118 173249 6855 237869 55859 41905 182010 54502 127508 24707 166394 53363 113031 110561 28332 102801 66113 31580 30322 36561 5402 2602 82229 32859 13859
internal_count=465018 53900 43859 34679 10041 411118 173249 6855 237869 55859 41905 182010 54502 127508 24707 166394 53363 113031 110561 28332 102801 66113 31580 30322 36561 5402 2602 82229 32859 13859
cat_boundaries=0 5 9 11 12 16 18 22 26 28 30 34 38 42 46 50 54 58 62 64 68 73 77 81 83 87
cat_threshold=35913792 88089088 1148839937 77733568 1 8193 3225028865 2387083310 79324544 319369232 12 34 4218960 4456576 1753235457 2147486528 2147557442 19 2420139159 1141145765 146805760 2173763721 338371588 3145729 3760462348 96863508 1248376856 2 2421760530 26 17981442 52117654 94502922 17459328 1744908832 2156031616 302583969 172228645 1144127528 2451767810 3224764612 1073911888 2340421636 171999516 1208096786 52469280 8929856 2357235804 1629554728 168854218 269485698 1361084420 2152861696 16916482 18448648 195045400 1157628274 403206688 2450031888 405274642 2164443992 19415320 3491825680 2 268452870 0 8388608 9437193 1048648 2164260866 1627422914 606078464 1 9216 65536 0 67108948 2818605056 1133060124 3211268 141660196 4093780932 27 335708160 18350080 268468224 196608
is_linear=0
shrinkage=0.1


Tree=99
num_leaves=31
num_cat=23
split_feature=4 0 9 8 8 9 6 10 8 9 2 8 9 9 8 9 9 0 9 2 8 8 8 11 9 2 8 9 9 11
split_gain=12.3076 12.0771 26.7471 35.1712 26.6721 32.5533 25.7057 34.0333 33.8276 30.0547 20.0622 50.4499 42.4702 38.0608 23.8622 43.6806 23.7044 23.4246 50.6245 40.7519 53.3563 33.3505 30.7167 28.7857 35.0458 28.0945 25.7712 25.1686 24.5336 22.7792
threshold=1.0000000180025095e-35 -8.9999999999999982 0 1 2 3 1330.5000000000002 4 5 6 39.000000000000007 7 8 9 10 11 12 147.00000000000003 13 159.00000000000003 14 15 16 17 18 105.00000000000001 19 20 21 22
decision_type=2 2 9 9 9 9 2 9 9 9 8 9 9 9 9 9 9 2 9 8 9 9 9 9 9 10 9 9 9 9
left_child=-1 2 3 -2 -4 -6 10 8 -8 -9 11 13 -13 -3 15 -12 -14 18 21 20 -19 -16 25 27 -25 -20 -26 -21 -24 -17
right_child=1 6 4 -5 5 -7 7 9 -10 -11 14 12 16 -15 17 29 -18 19 22 23 -22 -23 28 24 26 -27 -28 -29 -30 -31
leaf_value=1.0804568917134418 0.57226848774718631 -1.449892623168336 0.10005095674926778 -0.013180317191891789 -1.3525753421394258 -0.14009856341159763 3.2171236133204477 0.62906590374203408 0.39355475094033843 -0.47437127532579954 1.257610241759652 0.52459384925963948 0.23022478266750834 -0.11434533618446992 -0.57698404040496676 0.73583270841231896 -0.019266517539517736 1.1055710760718627 -0.098494476497344163 2.0059030730530765 0.061142945657854858 -0.18874261510301693 0.54615171157621067 -0.94675054195348207 0.40739058092770652 -0.84611531563743947 -0.22673226270263883 0.044455195002018402 0.005898692582790588 -0.093404018651341764
leaf_weight=81 6567 2044 27307 18441 5299 73064 1244 1868 4990 3175 8588 13229 24012 20837 13606 4448 33349 5961 15830 1592 12189 19567 8225 9426 6540 5192 22690 39323 32524 23810
leaf_count=81 6567 2044 27307 18441 5299 73064 1244 1868 4990 3175 8588 13229 24012 20837 13606 4448 33349 5961 15830 1592 12189 19567 8225 9426 6540 5192 22690 39323 32524 23810
internal_value=-8.79536e-05 -9.4744e-05 -0.00090987 0.00203054 -0.00160579 -0.00254361 0.000223928 0.00491709 0.00984946 -0.00119731 6.00653e-05 0.00129505 0.00261756 -0.00278494 -0.000442898 0.00188843 0.00143888 -0.000888802 -0.0020075 0.000198013 0.00447383 -0.00515776 -0.000314822 -0.000777293 -0.00273367 -0.0034186 -0.00102257 0.00107147 0.00128683 -1.06127e-05
internal_weight=465018 464937 130678 25008 105670 78363 334259 11277 6234 5043 322982 93471 70590 22881 229511 36846 57361 192665 94944 97721 18150 33173 61771 79571 38656 21022 29230 40915 40749 28258
internal_count=465018 464937 130678 25008 105670 78363 334259 11277 6234 5043 322982 93471 70590 22881 229511 36846 57361 192665 94944 97721 18150 33173 61771 79571 38656 21022 29230 40915 40749 28258
cat_boundaries=0 4 8 12 16 17 21 25 29 34 38 42 46 50 55 59 63 67 69 73 77 81 85 87
cat_threshold=557976606 2148538446 807670802 939786246 2458461451 2299674688 536936644 18884698 3309649984 545332388 2686887456 22085632 1074270464 71435264 184672256 75499584 134513930 139461126 33685510 107089928 68257280 2256724229 480248080 1076887556 2115593 2302691360 1476529152 1755746433 27001364 1073744130 17043204 2030291074 547373640 3 85331968 5120 136315016 1704067072 541065472 8650793 1076432888 137920747 2215249988 1075843074 986718240 335761249 2332852736 436945058 2097224 3309971616 387318788 2156954112 278923361 353325064 1 442403 75024530 2739146752 67121408 101220366 376563074 2433122304 16783632 1361546337 1163403590 54661121 73728 3541369224 28 134778120 371220482 2583709972 413205200 1216922698 2449547718 134250497 25174016 303039020 268435458 3366977536 4096 2183209 1080434130 152305664 9480772 3288408356 1
is_linear=0
shrinkage=0.1


end of trees

feature_importances:
target_location=1029
vantage_location=900
current_delay_sec=343
TrainDestination=209
horizon_sched_sec=167
TrainOrigin=110
vantage_minute_of_day=83
horizon_route_stops=65
prev2_delay_sec=42
prev_delay_sec=26
day_of_week=21
vantage_hour=5

parameters:
[boosting: gbdt]
[objective: quantile]
[metric: quantile]
[tree_learner: serial]
[device_type: cpu]
[data_sample_strategy: bagging]
[data: ]
[valid: ]
[num_iterations: 100]
[learning_rate: 0.1]
[num_leaves: 31]
[num_threads: 0]
[seed: 42]
[deterministic: 1]
[force_col_wise: 0]
[force_row_wise: 1]
[histogram_pool_size: -1]
[max_depth: -1]
[min_data_in_leaf: 20]
[min_sum_hessian_in_leaf: 0.001]
[bagging_fraction: 1]
[pos_bagging_fraction: 1]
[neg_bagging_fraction: 1]
[bagging_freq: 0]
[bagging_seed: 400]
[bagging_by_query: 0]
[feature_fraction: 1]
[feature_fraction_bynode: 1]
[feature_fraction_seed: 30056]
[extra_trees: 0]
[extra_seed: 12879]
[early_stopping_round: 0]
[early_stopping_min_delta: 0]
[first_metric_only: 0]
[max_delta_step: 0]
[lambda_l1: 0]
[lambda_l2: 0]
[linear_lambda: 0]
[min_gain_to_split: 0]
[drop_rate: 0.1]
[max_drop: 50]
[skip_drop: 0.5]
[xgboost_dart_mode: 0]
[uniform_drop: 0]
[drop_seed: 17869]
[top_rate: 0.2]
[other_rate: 0.1]
[min_data_per_group: 100]
[max_cat_threshold: 32]
[cat_l2: 10]
[cat_smooth: 10]
[max_cat_to_onehot: 4]
[top_k: 20]
[monotone_constraints: ]
[monotone_constraints_method: basic]
[monotone_penalty: 0]
[feature_contri: ]
[forcedsplits_filename: ]
[refit_decay_rate: 0.9]
[cegb_tradeoff: 1]
[cegb_penalty_split: 0]
[cegb_penalty_feature_lazy: ]
[cegb_penalty_feature_coupled: ]
[path_smooth: 0]
[interaction_constraints: ]
[verbosity: -1]
[saved_feature_importance_type: 0]
[use_quantized_grad: 0]
[num_grad_quant_bins: 4]
[quant_train_renew_leaf: 0]
[stochastic_rounding: 1]
[linear_tree: 0]
[max_bin: 255]
[max_bin_by_feature: ]
[min_data_in_bin: 3]
[bin_construct_sample_cnt: 200000]
[data_random_seed: 175]
[is_enable_sparse: 1]
[enable_bundle: 1]
[use_missing: 1]
[zero_as_missing: 0]
[feature_pre_filter: 1]
[pre_partition: 0]
[two_round: 0]
[header: 0]
[label_column: ]
[weight_column: ]
[group_column: ]
[ignore_column: ]
[categorical_feature: 7,8,9,10,11]
[forcedbins_filename: ]
[precise_float_parser: 0]
[parser_config_file: ]
[objective_seed: 16083]
[num_class: 1]
[is_unbalance: 0]
[scale_pos_weight: 1]
[sigmoid: 1]
[boost_from_average: 1]
[reg_sqrt: 0]
[alpha: 0.5]
[fair_c: 1]
[poisson_max_delta_step: 0.7]
[tweedie_variance_power: 1.5]
[lambdarank_truncation_level: 30]
[lambdarank_norm: 1]
[label_gain: ]
[lambdarank_position_bias_regularization: 0]
[eval_at: ]
[multi_error_top_k: 1]
[auc_mu_weights: ]
[num_machines: 1]
[local_listen_port: 12400]
[time_out: 120]
[machine_list_filename: ]
[machines: ]
[gpu_platform_id: -1]
[gpu_device_id: -1]
[gpu_device_id_list: ]
[gpu_use_dp: 0]
[num_gpu: 1]

end of parameters

pandas_categorical:null
