tree
version=v4
num_class=1
num_tree_per_iteration=1
label_index=0
max_feature_idx=11
objective=quantile
feature_names=current_delay_sec prev_delay_sec prev2_delay_sec horizon_route_stops horizon_sched_sec vantage_hour vantage_minute_of_day day_of_week vantage_location target_location TrainOrigin TrainDestination
feature_infos=[-15720:5994] [-15720:5976] [-15720:5994] [1:29] [0:10470] [0:23] [0:1437] -1:0:4:6:1:5:2:3 -1:94:116:27:52:104:63:31:53:56:113:110:17:65:44:15:108:109:39:45:91:107:40:58:46:111:122:100:106:89:36:57:20:102:90:95:28:25:2:93:26:105:8:34:55:85:112:81:9:80:79:49:0:86:51:18:115:1:23:76:19:59:24:60:14:13:101:10:120:117:54:103:75:32:47:71:38:96:98:119:64:33:121:83:6:99:97:88:68:72:3:42:22:43:62:82:50:35:67:70:37:66:21:41:16:69:12:11:73:5:30:84:61:118:48:78:77:87:92:74:123:114:29:4 -1:100:27:45:55:66:123:31:110:59:116:70:17:56:120:114:15:40:115:97:113:47:41:61:117:48:106:112:87:95:128:14:60:20:91:101:108:2:96:26:36:53:28:111:99:8:34:118:9:25:0:62:84:107:51:24:109:92:85:18:57:19:63:94:1:81:122:23:54:39:10:126:13:124:50:80:104:32:103:102:72:75:105:93:49:78:38:88:125:65:43:89:68:44:69:127:5:76:33:71:22:58:42:52:6:21:12:3:11:35:67:73:86:119:37:30:77:82:16:98:7:90:79:129:46:83:64:74:4:29 -1:3:20:26:9:10:18:8:17:27:6:1:15:31:29:22:34:19:25:30:35:13:11:28:7:33:24:12:16:4:0:2:23:5:21:32 -1:3:20:26:10:9:18:8:17:6:27:1:30:32:19:11:22:31:13:34:25:29:7:35:15:12:33:24:16:36:0:4:28:2:5:23:21
tree_sizes=3134 3205 3268 3298 3265 3261 3276 3340 3276 3316 3360 3372 3293 3282 3350 3361 3388 3245 3415 3275 3383 3414 3406 3502 3487 3417 3571 3534 3430 3357 3488 3352 3536 3458 3416 3472 3475 3427 3544 3545 3498 3391 3531 3433 3332 3579 3525 3494 3483 3415 3528 3447 3534 3391 3366 3522 3360 3439 3575 3614 3547 3489 3556 3360 3444 3406 3508 3548 3526 3466 3333 3350 3386 3513 3427 3557 3440 3402 3515 3378 3372 3316 3535 3338 3452 3163 3519 3424 3361 3307 3310 3506 3356 3226 3502 3338 3452 3465 3315 3208

Tree=0
num_leaves=31
num_cat=18
split_feature=0 0 0 9 9 9 0 10 9 4 0 3 0 9 6 11 9 8 3 8 8 8 0 8 7 8 10 0 8 9
split_gain=22106.2 794.739 761.408 370.664 270.147 194.35 139.356 106.569 103.72 102.56 94.3233 86.6215 83.9717 80.6146 72.175 79.2825 72.1118 68.3318 62.8116 54.9018 53.3902 49.6559 47.6838 45.3334 42.4209 41.6386 41.1378 36.8193 39.0247 35.9858
threshold=375.00000000000006 459.00000000000006 273.00000000000006 0 1 2 333.00000000000006 3 4 1785.0000000000002 633.00000000000011 6.5000000000000009 171.00000000000003 5 793.50000000000011 6 7 8 4.5000000000000009 9 10 11 687.00000000000011 12 13 14 15 567.00000000000011 16 17
decision_type=2 2 2 9 9 9 2 9 9 2 2 2 2 9 2 9 9 9 2 9 9 9 2 9 1 9 9 2 9 9
left_child=2 3 4 23 14 10 16 29 25 27 19 -6 -13 -9 -1 24 20 -15 -18 -3 -4 -10 26 -2 -16 -8 -11 28 -7 -5
right_child=1 5 6 7 11 9 8 13 21 22 -12 12 -14 17 15 -17 18 -19 -20 -21 -22 -23 -24 -25 -26 -27 -28 -29 -30 -31
leaf_value=375.60000000000002 377.39999999999998 389.39999999999998 382.80000000000001 379.13999497890472 360.60000000000002 384.60000000000002 384.60000000000002 395.39999999999998 388.80000000000001 421.3199914455414 510.60000000000002 364.19999999999999 381.60000000000002 397.19999999999999 387 385.80000000000001 376.80000000000001 394.80000000000001 385.80000000000001 405.29998776912691 399.89998462200163 382.80000000000001 590.87997779846194 391.19999999999999 419.39999999999998 392.39999999999998 418.91999130249025 483.35979022979734 405.60000000000002 392.39999999999998
leaf_weight=4334 1044 462 1157 352 288614 128 1049 4734 1789 599 1128 92226 10682 1975 784 3510 7897 2374 5945 856 1076 3461 777 1142 1735 1815 609 14665 7479 620
leaf_count=4334 1044 462 1157 352 288614 128 1049 4734 1789 599 1128 92226 10682 1975 784 3510 7897 2374 5945 856 1076 3461 777 1142 1735 1815 609 14665 7479 620
internal_value=378 378.072 377.993 378.051 377.992 378.082 378.011 378.059 378.021 378.084 378.054 377.992 377.994 378.062 378.008 378.015 378.005 378.052 378.002 378.036 378.022 378.013 378.063 378.013 378.029 378.037 378.05 378.086 378.081 378.027
internal_weight=465018 38944 426074 12241 401885 26703 24189 10055 8114 24257 2446 391522 102908 9083 10363 6029 16075 4349 13842 1318 2233 5250 1985 2186 2519 2864 1208 22272 7607 972
internal_count=465018 38944 426074 12241 401885 26703 24189 10055 8114 24257 2446 391522 102908 9083 10363 6029 16075 4349 13842 1318 2233 5250 1985 2186 2519 2864 1208 22272 7607 972
cat_boundaries=0 5 9 14 16 20 24 26 30 34 38 42 46 50 51 55 57 61 65
cat_threshold=134244672 71567556 1267812384 1350569664 2 543234104 154626 553648258 536871172 76024 71583746 1268804104 8389312 2 3493855508 6 308675076 680035084 270532626 2752401667 386270724 2828051200 270532628 86982920 262720 3 309593613 2181176323 2969567376 2214592770 2298610435 306709636 103153664 1220176 2163712 102760976 8388612 109584644 208994338 1126334464 2315554830 41948192 2353447170 2453668484 1109854336 19936768 170917888 102899731 717228052 109642068 3 69493508 1161093392 21237764 67114256 671090248 8 32 32768 0 33554436 2148532228 278954496 2097156 1998888
is_linear=0
shrinkage=1


Tree=1
num_leaves=31
num_cat=14
split_feature=0 0 0 9 9 8 0 9 9 8 0 8 3 9 0 9 3 6 4 0 8 0 4 9 8 0 9 4 11 0
split_gain=19815.2 990.716 560.947 350.843 258.499 202.503 142.256 136.074 119.714 119.382 108.385 107.293 77.6635 76.8913 74.6275 71.8839 71.7629 61.0602 69.3418 54.1011 52.9015 44.8083 53.9831 44.3327 39.9447 39.8735 36.7419 36.4358 33.3291 29.7801
threshold=393.00000000000006 303.00000000000006 489.00000000000006 0 1 2 201.00000000000003 3 4 5 351.00000000000006 6 3.5000000000000004 7 729.00000000000011 8 6.5000000000000009 793.50000000000011 2385.0000000000005 417.00000000000006 9 609.00000000000011 735.00000000000011 10 11 765.00000000000011 12 465.00000000000006 13 75.000000000000014
decision_type=2 2 2 9 9 9 2 9 9 9 2 9 2 9 2 9 2 2 2 2 9 2 2 9 9 2 9 2 9 2
left_child=1 4 3 24 17 8 16 -3 14 -9 23 -5 -8 25 -4 -13 -6 -1 -19 -17 -14 22 -15 -11 -2 -7 -12 -21 -20 -18
right_child=2 7 5 11 6 13 12 9 -10 10 26 15 20 21 -16 19 29 18 28 27 -22 -23 -24 -25 -26 -27 -28 -29 -30 -31
leaf_value=-1.5600000000000023 0.060000000000002274 1.6499925971031191 11.939989056587217 14.567992858886718 -19.260000000000005 17.948396635146981 -4.860000000000003 2.1839950990676891 74.702403887228371 5.5199999999999996 10.680000000000001 15.743993797302245 18.239999999999998 22.45921402003405 185.77198320865634 15.060000000000002 -15.42 6.9000000000000004 38.630994079166499 13.260000000000003 2.2199999999999989 102.86402097702026 34.439999999999998 12.960000000000003 12.839999999999998 134.94000000000003 14.760000000000003 25.319996294975283 14.82 -4.6199999999999992
leaf_weight=4768 959 5176 766 833 265911 449 19488 3427 1823 3066 1508 2169 479 4823 444 2253 71523 4007 1460 2614 17178 12665 2119 2974 1016 281 2486 2591 1207 24555
leaf_count=4768 959 5176 766 833 265911 449 19488 3427 1823 3066 1508 2169 479 4823 444 2253 71523 4007 1460 2614 17178 12665 2119 2974 1016 281 2486 2591 1207 24555
internal_value=-0.000322958 -0.00628506 0.0711479 0.0539887 -0.00730866 0.0802781 -0.0077334 0.016265 0.055396 0.0215567 0.0270669 0.0612703 -0.00184009 0.0839205 0.0303279 0.0643074 -0.00833835 0.00750786 0.0136889 0.0691644 0.00296369 0.0851776 0.078764 0.0186424 0.0150378 0.0494595 0.0398748 0.0748607 0.026183 -0.00599596
internal_weight=465018 429213 35805 12435 410576 23370 399134 18637 3033 13461 10034 10460 37145 20337 1210 9627 361989 11442 6674 7458 17657 19607 6942 6040 1975 730 3994 5205 2667 96078
internal_count=465018 429213 35805 12435 410576 23370 399134 18637 3033 13461 10034 10460 37145 20337 1210 9627 361989 11442 6674 7458 17657 19607 6942 6040 1975 730 3994 5205 2667 96078
cat_boundaries=0 5 9 13 18 22 26 30 34 38 42 46 50 54 56
cat_threshold=134244680 71565508 1251039520 276826816 2 543234104 154626 553648258 2684354820 6364264 1073843754 293863972 176685060 134275392 71630944 1255229512 8392432 1 369101189 272646160 2318401536 276893800 18162209 1295360320 290459660 41943172 6889568 1073777224 20975632 33554468 4202496 71702528 1090546306 704 2148012066 33560593 16908290 1213236277 524553 277348352 2099200 11 78256130 2192582032 134 1228767241 137429504 102916371 41943040 109740372 2150243331 3256888720 16777344 1478008841 576 1
is_linear=0
shrinkage=0.1


Tree=2
num_leaves=31
num_cat=16
split_feature=0 0 9 0 8 9 0 0 0 8 8 8 0 4 8 9 3 9 9 3 3 9 8 0 8 9 11 6 11 6
split_gain=16940 907.577 518.44 350.553 205.651 203.669 203.368 146.436 105.627 101.307 82.7935 80.5332 78.9273 80.7995 77.7423 74.965 74.0476 72.6066 68.5183 61.7695 53.8435 53.0191 46.5016 46.2626 42.2226 38.1775 35.7636 35.7537 29.5776 27.9162
threshold=405.00000000000006 285.00000000000006 0 471.00000000000006 1 2 795.00000000000011 345.00000000000006 159.00000000000003 3 4 5 693.00000000000011 735.00000000000011 6 7 4.5000000000000009 8 9 6.5000000000000009 4.5000000000000009 10 11 963.00000000000011 12 13 14 793.50000000000011 15 984.50000000000011
decision_type=2 2 9 2 9 9 2 2 2 9 9 9 2 2 9 9 2 9 9 2 2 9 9 2 9 9 9 2 9 2
left_child=1 5 6 10 17 22 11 20 19 18 -4 -2 13 -6 -10 -12 -16 23 -9 -7 24 -11 27 -5 -3 -22 -13 -1 -20 -18
right_child=2 7 3 4 12 8 -8 9 14 21 15 26 -14 -15 16 -17 29 -19 28 -21 25 -23 -24 -25 -26 -27 -28 -29 -30 -31
leaf_value=1.5959999999999981 23.196000000000002 10.811399675130845 16.734000000000005 24.593775525219385 19.594078597996596 -19.734000000000005 150.73131575505661 7.4519999999999982 13.026 0.42767484220903951 8.9880003705024709 22.424035204404966 107.57761887931825 32.82002097702027 -6.7740000000000009 16.03859697284555 -2.9820000000000051 71.265816292191317 16.584000000000003 -11.477999999999998 14.268000000000001 9.1469902732372308 0.93000000000000116 398.8547972044945 -0.69839950990677269 6.677991086314937 5.8026288255648408 23.196900592083352 11.154000000000003 3.9179999999999953
leaf_weight=1601 998 758 3290 821 7624 247005 953 1372 778 2108 1234 506 9134 3167 31178 2886 13797 1130 1443 89570 1797 4534 8399 157 7854 4585 1988 2793 1075 10483
leaf_count=1601 998 758 3290 821 7624 247005 953 1372 778 2108 1234 506 9134 3167 31178 2886 13797 1130 1443 89570 1797 4534 8399 157 7854 4585 1988 2793 1075 10483
internal_value=-0.00073735 -0.00608842 0.0673401 0.0721512 0.0785036 -0.00723943 0.0352301 0.0122009 -0.00764371 0.0212381 0.0533603 0.0241352 0.0816729 0.0759235 -0.0036322 0.0434625 -0.00407406 0.047932 0.0340513 -0.0083142 0.00585301 0.0136621 0.00517613 0.027247 0.000694378 0.0128142 0.0143211 0.0135014 0.0439161 6.58955e-05
internal_weight=465018 431130 33888 29443 22033 405604 4445 25526 392811 10532 7410 3492 19925 10791 56236 4120 55458 2108 3890 336575 14994 6642 12793 978 8612 6382 2494 4394 2518 24280
internal_count=465018 431130 33888 29443 22033 405604 4445 25526 392811 10532 7410 3492 19925 10791 56236 4120 55458 2108 3890 336575 14994 6642 12793 978 8612 6382 2494 4394 2518 24280
cat_boundaries=0 5 9 14 18 22 26 30 34 38 42 47 51 55 60 62 64
cat_threshold=134310104 71583744 1266772000 813697728 2 6371432 1073843722 285474876 41943054 543234104 154626 587202706 2684354820 2 2286059840 2185232516 3794241668 18970112 2483454209 441983108 2183135232 1736000 2151735368 1091601412 360472 17895464 2097472 8388608 2621760 11 60330242 1344274900 2148663296 1079545904 370147589 270532624 2150629376 331816 2299060483 3267690896 1216350208 1208756240 167788864 272958544 1217593384 1088429280 1 1979977997 2148007936 2703345984 8 2101568 526339 2234122369 16842752 103024128 713591296 2418081942 2483179777 1 2164425474 16 1242563848 13
is_linear=0
shrinkage=0.1


Tree=3
num_leaves=31
num_cat=15
split_feature=0 0 0 9 4 0 9 0 8 3 9 9 9 0 8 4 8 8 3 8 8 9 8 0 8 4 6 2 9 0
split_gain=14204.7 789.06 564.267 434.817 258.449 167.732 164.793 142.407 111.677 99.2217 84.569 77.3118 74.86 70.2397 66.2261 64.2539 59.6434 56.4759 55.4061 54.3364 53.694 52.7675 43.6134 42.9743 38.9689 38.3909 34.9123 32.8439 29.6006 28.8886
threshold=411.00000000000006 267.00000000000006 747.00000000000011 0 735.00000000000011 453.00000000000006 1 345.00000000000006 2 5.5000000000000009 3 4 5 123.00000000000001 6 1605.0000000000002 7 8 2.5000000000000004 9 10 11 12 1035.0000000000002 13 1605.0000000000002 793.50000000000011 465.00000000000006 14 141.00000000000003
decision_type=2 2 2 9 2 2 9 2 9 2 9 9 9 2 9 2 9 9 2 9 9 9 9 2 9 2 2 10 9 2
left_child=1 6 3 22 5 19 25 14 -6 27 16 17 -10 -11 -3 -4 -9 -7 -16 -5 28 -20 -2 -17 -14 -1 -27 29 -12 -8
right_child=2 7 15 4 8 11 9 10 12 13 20 -13 24 -15 18 23 -18 -19 21 -21 -22 -23 -24 -25 -26 26 -28 -29 -30 -31
leaf_value=-3.2646030836105364 5.2151128240044393 25.356312685831671 110.0198569913864 5.6115943627069189 17.883254771279407 7.3820920377953474 -18.960600000000007 3.1595994614124332 32.549031003325027 -12.130199999999997 5.5067999999999984 16.752791120887675 22.032356944489258 -0.010199999999997544 -2.1621600490093216 41.800621605678899 16.425600000000003 20.034670738196937 11.025029827369984 11.87458881198167 4.2993009726762752 3.0968630937835822 18.891209553299287 242.51518020221184 28.481689560972718 0.30299999999999727 17.098462923996095 15.143398240470885 11.76930097267628 -6.0966000000000014
leaf_weight=5390 1712 303 8421 1091 1736 565 222130 754 1769 97583 1754 7904 1600 21693 6564 540 1625 1705 2566 2001 5470 11252 1302 552 1998 2795 4345 206 1921 45771
leaf_count=5390 1712 303 8421 1091 1736 565 222130 754 1769 97583 1754 7904 1600 21693 6564 540 1625 1705 2566 2001 5470 11252 1302 552 1998 2795 4345 206 1921 45771
internal_value=-0.00118443 -0.00600669 0.0621607 0.053807 0.0590466 0.067318 -0.0072194 0.00905057 0.0436815 -0.00758437 0.017959 0.0735168 0.0508146 -0.00518512 0.0040875 0.0826942 0.0347468 0.0560526 0.0033827 0.0469211 0.013539 0.00697785 0.0181415 0.0598718 0.0421619 0.00406698 0.00887955 -0.00865203 0.0228901 -0.00868272
internal_weight=465018 432122 32896 23383 20369 13266 399913 32209 7103 387383 11524 10174 5367 119276 20685 9513 2379 2270 20382 3092 9145 13818 3014 1092 3598 12530 7140 268107 3675 267901
internal_count=465018 432122 32896 23383 20369 13266 399913 32209 7103 387383 11524 10174 5367 119276 20685 9513 2379 2270 20382 3092 9145 13818 3014 1092 3598 12530 7140 268107 3675 267901
cat_boundaries=0 4 9 13 17 22 27 31 35 39 43 47 51 55 59 63
cat_threshold=31184 71583744 1267812392 276826816 543234104 154626 587202706 2684354820 2 275064353 1208666624 759173148 41943044 311690796 538610187 805306642 2751598848 2288517152 34734214 539099282 1744868625 1 17827329 2686490112 2954887184 2236680 1 0 8388608 2623616 9 104686112 1409590016 16814081 109051936 0 35691008 1161822210 2228224 59769350 117477648 1212321794 67142160 2282406146 2185838724 3391586436 17843712 333709920 2283445768 285212818 876609794 137366536 102900755 729808900 111681860 34754564 2171602133 2147745795 2324512 2282414337 2151677952 1216348224 152839697
is_linear=0
shrinkage=0.1


Tree=4
num_leaves=31
num_cat=15
split_feature=0 0 0 9 8 0 4 9 9 10 8 9 3 0 8 3 0 4 9 4 4 8 0 0 8 0 9 9 8 8
split_gain=10853.3 709.335 664.908 410.099 208.387 144.934 142.747 121.308 119.86 117.594 73.4692 72.0345 62.0147 60.1058 58.1642 58.0258 55.7302 62.351 53.0635 48.2762 48.2043 46.2077 43.2655 38.6518 36.1135 34.1308 33.8951 33.2531 31.5298 31.5254
threshold=417.00000000000006 843.00000000000011 243.00000000000003 0 1 327.00000000000006 915.00000000000011 2 3 4 5 6 4.5000000000000009 441.00000000000006 7 4.5000000000000009 747.00000000000011 735.00000000000011 8 375.00000000000006 1605.0000000000002 9 75.000000000000014 459.00000000000006 10 1215.0000000000002 11 12 13 14
decision_type=2 2 2 9 9 2 2 9 9 9 9 9 2 2 9 2 2 2 9 2 2 9 2 2 9 2 9 9 9 9
left_child=2 3 6 9 19 10 -1 29 24 -2 -4 14 -13 -11 -7 -12 17 -15 -14 -5 -3 -9 -10 -23 -8 -22 -21 -17 -24 -6
right_child=1 20 5 4 7 11 8 21 22 13 15 12 18 16 -16 27 -18 -19 -20 26 25 23 28 -25 -26 -27 -28 -29 -30 -31
leaf_value=-13.046940000000001 8.596822922193228 125.85861784272004 19.948456951965341 15.035395801033971 2.4984763078418482 5.00943220642454 -0.92618602722645049 10.819203700141749 -13.317179999999997 10.195135893143423 -1.871846358387677 1.7045698129498978 4.6103716156983356 15.211670259184425 18.442185342605345 -1.9224846777201607 19.817871292247776 31.659094801965473 12.392185068550035 20.649421735469918 43.5301640842899 10.393637218372193 8.7256159364891044 19.129565447457509 11.187256619986272 269.68168160300354 22.93946025754213 7.2965136906216461 -4.2091799999999981 13.668669947749624
leaf_weight=269419 700 6252 343 1610 1690 1082 7620 2610 76450 1305 14361 7917 1784 5798 1664 3327 1146 1847 4012 1124 485 827 2030 3187 7266 374 1217 7397 28314 1860
leaf_count=269419 700 6252 343 1610 1690 1082 7620 2610 76450 1305 14361 7917 1784 5798 1664 3327 1146 1847 4012 1124 485 827 2030 3187 7266 374 1217 7397 28314 1860
internal_value=-0.0017328 0.0544356 -0.00588809 0.0464865 0.0351786 0.00608613 -0.00717054 0.0275393 -0.00432775 0.0611919 0.00135362 0.0133975 0.010411 0.0639857 0.0281713 0.00071528 0.067022 0.0701046 0.0182781 0.0547311 0.0822936 0.0355532 -0.00549923 0.0424105 0.0040776 0.0600815 0.0457027 0.00628124 -0.00230491 0.0125281
internal_weight=465018 32032 432986 24921 14125 41887 391099 10174 121680 10796 25428 16459 13713 10096 2746 25085 8791 7645 5796 3951 7111 6624 106794 4014 14886 859 2341 10724 30344 3550
internal_count=465018 32032 432986 24921 14125 41887 391099 10174 121680 10796 25428 16459 13713 10096 2746 25085 8791 7645 5796 3951 7111 6624 106794 4014 14886 859 2341 10724 30344 3550
cat_boundaries=0 4 8 12 17 18 22 26 30 34 38 42 47 52 56 60
cat_threshold=335971844 2844828424 805306388 86925568 2348942083 449314820 2250932736 17831433 135293392 1147420676 2317445152 8394960 543234680 1727498 822214786 2684354822 2 3221758208 0 8912896 2097344 9 41156644 1187339 2954887442 2751467779 104144936 1176808976 151523328 109576224 419490048 1145307364 1234192384 1082164968 2195460 1073913681 20975679 44056580 22085636 1249119269 34471985 10490624 2190475265 1375731713 2149581120 1119264 1 134275328 107282869 1221609472 1082721472 1 67639371 8389120 4033348 524803 3215392 1142984195 1103101957 42598724
is_linear=0
shrinkage=0.1


Tree=5
num_leaves=31
num_cat=16
split_feature=0 0 0 9 8 4 8 9 3 9 10 9 0 0 0 4 9 4 9 8 9 6 0 8 9 0 8 8 6 11
split_gain=7883.41 789.692 517.46 337.324 177.284 141.517 123.713 97.6161 92.1261 90.058 83.9802 67.451 55.2253 49.8525 87.5566 61.0544 48.9622 48.6159 41.4605 38.48 36.996 35.4619 33.5782 44.0334 37.1434 30.2776 30.0677 29.528 28.1598 28.0494
threshold=411.00000000000006 951.00000000000011 231.00000000000003 0 1 915.00000000000011 2 3 4.5000000000000009 4 5 6 333.00000000000006 471.00000000000006 693.00000000000011 735.00000000000011 7 1485.0000000000002 8 9 10 945.50000000000011 129.00000000000003 11 12 471.00000000000006 13 14 964.50000000000011 15
decision_type=2 2 2 9 9 2 9 9 2 9 9 9 2 2 2 2 9 2 9 9 9 2 2 9 9 2 9 9 2 9
left_child=2 3 5 10 16 22 11 26 20 25 -2 29 28 -12 15 -15 -5 -3 -14 -11 27 -9 -1 24 -24 -6 -7 -8 -10 -4
right_child=1 17 6 4 9 7 8 21 12 19 13 -13 18 14 -16 -17 -18 -19 -20 -21 -22 -23 23 -25 -26 -27 -28 -29 -30 -31
leaf_value=-16.359846000000005 9.0155732471675716 133.83200950797578 8.4388210773843824 14.63559854638086 8.996398424686598 12.307837188375643 5.9028481548093916 -11.576261999999998 -0.70692267337307713 14.221764583574208 12.008915747553516 7.0112163881592471 12.084885613107216 15.958146002193132 16.832009507975773 27.740312773572601 17.839392327326426 142.69549402169034 6.873754640148487 6.3855534027671093 -1.6134856157931154 -4.7278619999999991 17.300151836437234 -5.9822459999999982 5.0157515981712324 15.271644314594258 0.99139103281192842 0.051769923115248528 6.9478639532176771 22.261386151664468
leaf_weight=221735 683 4532 571 1738 1484 4049 1650 65174 5859 2471 2405 4064 2493 3373 2005 1108 3945 897 2609 4407 18575 39412 109 43719 366 3848 11635 2924 6050 1128
leaf_count=221735 683 4532 571 1738 1484 4049 1650 65174 5859 2471 2405 4064 2493 3373 2005 1108 3945 897 2609 4407 18575 39412 109 43719 366 3848 11635 2924 6050 1128
internal_value=-0.00220805 0.0449824 -0.00580049 0.0380941 0.0299263 -0.00699378 0.00423469 -0.00414734 0.00226537 0.0230851 0.0532721 0.0179231 0.00785315 0.0559139 0.0605365 0.0683084 0.0445582 0.0798324 0.0165582 0.0154646 -0.00183982 -0.0052503 -0.00828112 -0.00576413 0.0242268 0.0328678 0.00320887 0.00620855 0.00412377 0.034646
internal_weight=465018 32896 432122 27467 17893 386199 45923 120270 40160 12210 9574 5763 17011 8891 6486 4481 5683 5429 5102 6878 23149 104586 265929 44194 475 5332 15684 4574 11909 1699
internal_count=465018 32896 432122 27467 17893 386199 45923 120270 40160 12210 9574 5763 17011 8891 6486 4481 5683 5429 5102 6878 23149 104586 265929 44194 475 5332 15684 4574 11909 1699
cat_boundaries=0 4 8 12 17 21 22 26 30 35 39 43 47 51 55 59 60
cat_threshold=335939076 2844829448 805306644 2215002368 2348974403 13107332 103515008 1201673 1073742146 46662151 2721024960 18875403 543234680 678914 855769218 2751463686 2 2212495393 269160642 131232 1769022475 3221750016 105907232 660491 838861616 2688553258 143155496 595970 1233256450 956303376 2149974535 696287744 268566726 204894224 1 332161024 319901696 2147747848 16844848 2154049580 34667534 285212810 1090552071 256 8388609 2097280 1 1048576 0 2684354560 2147483904 1445728521 2416476672 2684422208 1112 339773448 116752 1157627909 74256 138453507
is_linear=0
shrinkage=0.1


Tree=6
num_leaves=31
num_cat=15
split_feature=0 0 0 9 4 8 8 0 8 9 4 0 9 3 9 9 3 0 8 0 8 0 9 4 9 0 8 3 9 9
split_gain=5446.97 780.451 497.361 270.141 136.429 132.143 111.953 107.141 101.13 82.0085 59.8453 54.1643 53.8321 51.0661 54.7199 48.5147 47.0233 45.9373 41.1851 37.2422 74.7964 37.0978 36.9003 35.8516 32.3398 29.4708 29.4354 28.222 27.928 27.9242
threshold=429.00000000000006 1107.0000000000002 231.00000000000003 0 915.00000000000011 1 2 333.00000000000006 3 4 1605.0000000000002 693.00000000000011 5 2.5000000000000004 6 7 2.5000000000000004 495.00000000000006 8 105.00000000000001 9 1608.0000000000002 10 735.00000000000011 11 57.000000000000007 12 4.5000000000000009 13 14
decision_type=2 2 2 9 2 9 9 2 9 9 2 2 9 2 9 9 2 2 9 2 9 2 9 2 9 2 9 2 9 9
left_child=2 3 4 8 19 15 -4 16 -2 -6 -3 17 -7 29 -15 -5 -8 -10 -11 -1 24 -12 -18 -19 -21 -20 -14 -22 -16 -9
right_child=1 10 6 5 9 12 7 13 11 18 21 -13 26 14 28 -17 22 23 25 20 27 -23 -24 -25 -26 -27 -28 -29 -30 -31
leaf_value=-15.923861400000005 9.9833347147958449 134.24876120724841 26.818928787734535 18.39818218804994 4.1527479892509351 5.5173158012029822 -3.0008770029771541 3.6481137097293996 12.91915967519685 -0.71267579999999386 62.451195496299015 17.411651066866281 14.764494724740349 1.4455317431253185 16.135056882242946 14.945402949942238 8.365868773330595 15.842409999970414 -13.912675799999995 -0.66358116548194701 -7.1790336872368279 296.00007806758367 0.71017076827224068 26.414688480368309 16.390938838328932 -4.4306357999999992 8.1110601687303028 -2.0132214000000035 8.1982464193348878 -0.50570855880830345
leaf_weight=206637 2591 3311 597 3028 13598 3322 10067 1283 1838 19026 309 2088 2997 2822 748 2577 3372 2266 57515 100 43540 185 17930 719 183 30131 5195 15469 7520 4054
leaf_count=206637 2591 3311 597 3028 13598 3322 10067 1283 1838 19026 309 2088 2997 2822 748 2577 3372 2266 57515 100 43540 185 17930 719 183 30131 5195 15469 7520 4054
internal_value=-0.00270136 0.0382022 -0.00556504 0.0321472 -0.00676255 0.0245905 0.00399169 0.0034481 0.0456876 -0.00396774 0.080565 0.0520864 0.0184189 0.00999148 0.0138593 0.0372128 2.26314e-05 0.0579867 -0.0048998 -0.00802654 -0.00581731 0.0480972 0.00268425 0.0656449 0.0446075 -0.00581546 0.0227847 -0.00606568 0.0179536 0.00195428
internal_weight=465018 30426 434592 26621 386199 17119 48393 47796 9502 120270 3805 6911 11514 16427 11090 5605 31369 4823 106672 265929 59292 494 21302 2985 283 87646 8192 59009 8268 5337
internal_count=465018 30426 434592 26621 386199 17119 48393 47796 9502 120270 3805 6911 11514 16427 11090 5605 31369 4823 106672 265929 59292 494 21302 2985 283 87646 8192 59009 8268 5337
cat_boundaries=0 4 8 12 16 21 26 31 36 40 44 48 52 56 60 64
cat_threshold=369493508 2844829192 805307156 2231779584 2298642752 47710340 103514880 17974809 0 8388608 2100160 11 3433986 1160005380 356782084 84936208 543496816 1727554 822214786 2751463684 2 135293120 104873984 3406915584 8428240 2 134766848 73736436 1217480736 1350567616 1 2156953611 1342177541 2150633504 7966763 1 3836287306 270551554 428550 524435 0 8388609 2097344 1 392954913 1477581832 285213072 3019899139 0 0 8192 4096 105906697 2416099330 2281965568 78176 262176 135398410 285212690 2751463680 2428903433 34782342 2147483698 1744863243
is_linear=0
shrinkage=0.1


Tree=7
num_leaves=31
num_cat=16
split_feature=0 0 0 9 4 8 8 8 3 9 0 9 9 9 9 9 4 0 9 1 8 2 0 8 0 8 0 4 9 8
split_gain=3794.7 758.914 327.026 202.648 124.559 113.462 104.261 98.5623 94.3922 66.0123 59.8137 49.186 46.3843 44.9137 43.5772 42.4148 42.396 41.4849 40.4813 49.8149 38.9384 37.2141 33.8734 32.1577 31.6444 30.3708 27.4663 27.11 25.5802 25.3532
threshold=399.00000000000006 1215.0000000000002 189.00000000000003 0 915.00000000000011 1 2 3 4.5000000000000009 4 501.00000000000006 5 6 7 8 9 1605.0000000000002 471.00000000000006 10 273.00000000000006 11 597.00000000000011 303.00000000000006 12 1854.0000000000002 13 489.00000000000006 735.00000000000011 14 15
decision_type=2 2 2 9 2 9 9 9 2 9 2 9 9 9 9 9 2 2 9 10 9 8 2 9 2 9 2 2 9 9
left_child=2 3 4 7 18 12 11 -2 15 29 28 -4 -5 -10 -12 -8 -3 -9 19 23 -15 27 -22 -1 -18 -11 -14 -19 -7 -6
right_child=1 16 6 5 9 10 8 17 13 25 14 -13 26 20 -16 -17 24 21 -20 -21 22 -23 -24 -25 -26 -27 -28 -29 -30 -31
leaf_value=1.868524739999998 6.8704874738117532 138.22393243645337 3.5291298846290582 19.20825205643813 -3.6556203367150872 8.2912757598836571 2.6716946972122351 11.054397429644947 -1.4360122200000036 -1.8793164908323989 12.114780602111573 19.538180632836834 8.7075537585046163 -0.057546283688108969 7.4141571434672491 -2.1548545726274138 81.039874687120204 15.138185426029327 -11.931475260000003 11.732968778872355 5.640313762365798 18.933583598748765 11.147049716561201 -8.704939259999998 270.18007430917277 -9.5839282200000078 15.159212674670364 23.739972024485425 0.74898109222583831 6.975679468630779
leaf_weight=4559 2809 2460 683 1947 5503 2141 5342 2033 8159 19157 4441 944 1797 5100 4897 30614 222 1657 217265 144 9754 2687 4105 29296 152 81048 3044 600 3905 8553
leaf_count=4559 2809 2460 683 1947 5503 2141 5342 2033 8159 19157 4441 944 1797 5100 4897 30614 222 1657 217265 144 9754 2687 4105 29296 152 81048 3044 600 3905 8553
internal_value=-0.00304156 0.0287244 -0.00561045 0.0243263 -0.0067704 0.0190055 0.000942641 0.036325 0.000295794 -0.00403296 0.0142302 0.0258583 0.0297911 0.00475035 0.0192568 -0.00306375 0.0783204 0.0427408 -0.00801524 -0.00480138 0.00741789 0.0477468 0.0101673 -0.00505243 0.0469519 -0.0049329 0.0244053 0.0572131 0.00649024 0.00238447
internal_weight=465018 34792 430226 31958 365525 22172 64701 9786 63074 114261 15384 1627 6788 27118 9338 35956 2834 6977 251264 33999 18959 4944 13859 33855 374 100205 4841 2257 6046 14056
internal_count=465018 34792 430226 31958 365525 22172 64701 9786 63074 114261 15384 1627 6788 27118 9338 35956 2834 6977 251264 33999 18959 4944 13859 33855 374 100205 4841 2257 6046 14056
cat_boundaries=0 4 8 12 16 21 25 30 35 39 44 49 53 57 61 66 70
cat_threshold=306578949 2836444680 805307152 2215002372 2349236544 2160656516 102990592 17843787 256 8912897 2100160 11 7629826 1325932804 356585476 93340800 610605688 154690 855769218 2684354566 2 16777216 2096 134311968 1610682952 76546048 268435717 2184183840 3158058 1 142664064 73728292 1220560896 25691880 3 2175832096 1085211076 8519808 561587208 2462066748 1203207 285212802 536903943 2 2284921016 4231 1896223488 2684387586 2 1075208704 1074226624 71307289 109131780 1107296516 1073790995 67109056 134218769 3299416394 2150909990 395524 524435 2216689674 1084360723 1093664934 1628504075 2 22085636 38014052 1112277544 9441792
is_linear=0
shrinkage=0.1


Tree=8
num_leaves=31
num_cat=16
split_feature=0 0 0 9 3 3 8 8 8 9 8 9 0 6 11 9 6 8 7 9 9 6 6 0 9 0 8 0 9 1
split_gain=2631.75 602.888 230.354 144.817 108.742 101.675 86.9296 83.8851 80.9639 61.2208 54.0739 51.9373 51.6596 43.9572 42.9858 41.2666 39.9239 53.4794 40.0538 37.9846 36.1249 35.6998 32.8063 32.0799 32.0592 30.4582 30.4395 29.3392 28.2628 27.963
threshold=375.00000000000006 1347.0000000000002 135.00000000000003 0 5.5000000000000009 4.5000000000000009 1 2 3 4 5 6 501.00000000000006 941.50000000000011 7 8 1107.5000000000002 9 10 11 12 964.50000000000011 1110.5000000000002 567.00000000000011 13 501.00000000000006 14 1521.0000000000002 15 195.00000000000003
decision_type=2 2 2 9 2 2 9 9 9 9 9 9 2 2 9 9 2 9 1 9 9 2 2 2 9 2 9 2 9 10
left_child=2 3 4 8 11 7 15 -4 14 -7 20 29 -8 -6 28 -5 17 18 -15 23 -9 -11 24 -14 -23 -10 -17 -3 -2 -1
right_child=1 27 5 6 13 9 12 10 25 21 -12 -13 19 16 -16 26 -18 -19 -20 -21 -22 22 -24 -25 -26 -27 -28 -29 -30 -31
leaf_value=-5.0609813340000018 12.637700395393159 32.601539192808012 15.680536619474745 6.9265589359000614 -9.0171793979999961 11.007684887649027 2.8534167214247295 -1.6821104240892168 7.2761743413433466 -1.6431586427773721 -3.4077482338748042 -12.538327734000001 12.342848858396831 26.700203928618915 10.04835305479922 22.003904472349731 -7.3630153979999937 -2.9112531185028452 4.337968266000007 6.2576891310526017 6.3746268814180986 -2.803839757028149 0.27606936376341767 9.8302312210838636 9.3999564037634169 11.802941275232383 11.801436074131253 220.76058741415375 22.353031511360268 6.7169241603562853
leaf_weight=16766 1025 637 380 3117 64523 4449 8275 4822 2580 20120 46086 207583 1195 1707 1083 953 21186 11991 4534 4913 3626 2055 9391 3865 6197 3265 5274 1322 1440 658
leaf_count=16766 1025 637 380 3117 64523 4449 8275 4822 2580 20120 46086 207583 1195 1707 1083 953 21186 11991 4534 4913 3626 2055 9391 3865 6197 3265 5274 1322 1440 658
internal_value=-0.00334069 0.0215427 -0.00561508 0.0186792 -0.00687854 -0.001336 0.0150091 -0.00417271 0.029413 0.0023543 -0.00450169 -0.00811428 0.0109771 -0.00420344 0.0414053 0.0228629 -0.00157238 0.00185827 0.0093569 0.0158297 0.00285174 0.00104492 0.00432863 0.0219132 0.00892874 0.0220751 0.0275982 0.0756049 0.0488687 -0.00286452
internal_weight=465018 38944 426074 36985 328948 97126 27592 54914 9393 42212 54534 225007 18248 103941 3548 9344 39418 18232 6241 9973 8448 37763 17643 5060 8252 5845 6227 1959 2465 17424
internal_count=465018 38944 426074 36985 328948 97126 27592 54914 9393 42212 54534 225007 18248 103941 3548 9344 39418 18232 6241 9973 8448 37763 17643 5060 8252 5845 6227 1959 2465 17424
cat_boundaries=0 4 8 12 16 20 24 28 30 34 38 39 43 48 53 57 61
cat_threshold=273942021 152221195 805307152 2751856900 2349236544 2194210816 2183365376 17982987 0 8388608 2098112 3 2416050188 2148663427 3894414289 2175235 103027744 34741258 824181682 872435968 1077956936 34164247 2769166341 151060488 544286840 138371 855774082 2684354818 169083976 2 134234402 67373072 1233274946 152109648 3330803974 2435862528 1627619394 525082 34 2149716000 4035772612 8388806 24241162 3227460 805306420 2159091712 268555337 1 12607808 1147404516 1220675592 1082167008 1 134217984 8388608 2149647104 16777219 4195333 134217729 16 393216
is_linear=0
shrinkage=0.1


Tree=9
num_leaves=31
num_cat=19
split_feature=0 0 0 0 8 3 9 9 3 8 8 9 8 9 8 9 8 0 9 8 6 6 7 9 6 8 9 3 8 8
split_gain=1938.61 484.78 202.324 120.412 116.871 120.382 90.404 89.6448 84.6931 62.5625 56.5629 48.4885 43.5994 41.3155 40.8837 38.5369 37.6378 37.1562 34.8796 34.1626 34.0624 36.3845 29.1823 28.6921 28.0483 26.5887 24.9175 24.6994 24.6339 24.5465
threshold=363.00000000000006 1395.0000000000002 87.000000000000014 489.00000000000006 0 4.5000000000000009 1 2 5.5000000000000009 3 4 5 6 7 8 9 10 1749.0000000000002 11 12 961.50000000000011 1110.5000000000002 13 14 941.50000000000011 15 16 2.5000000000000004 17 18
decision_type=2 2 2 2 9 2 9 9 2 9 9 9 9 9 9 9 9 2 9 9 2 2 1 9 2 9 9 2 9 9
left_child=2 3 8 10 7 19 14 29 16 23 -2 -7 -12 -14 -5 -10 18 -3 -1 -6 -13 22 25 -8 -17 -22 -16 -15 -25 -4
right_child=1 17 4 6 5 11 9 -9 15 -11 12 20 13 27 26 24 -18 -19 -20 -21 21 -23 -24 28 -26 -27 -28 -29 -30 -31
leaf_value=1.1355050393999988 27.876173233732473 33.925480451392652 13.028997208413706 6.1570095078021607 -0.77443319341813321 -3.9936063317074684 10.008998504631405 4.9380566748645833 5.2968387634369059 6.4886118734719886 0.068580583809035617 -0.31546145819999655 10.828873449593225 0.33346224156790905 25.090118948864642 -9.9196497942000015 -13.6844949606 230.12548045139266 -10.554883200600003 -4.2820588216339734 24.018167209208094 1.0210430440220599 5.9244410394000004 26.881333054054103 -4.0718900861497103 14.986274420227426 16.138065618140683 8.2086650584522527 12.668506966307916 21.092426017433855
leaf_weight=7039 211 733 593 1746 14493 18397 1819 4869 4218 10445 4784 22590 2588 3282 616 54251 170315 946 15557 60782 627 9639 7660 317 32000 795 3166 6686 3582 272
leaf_count=7039 211 733 593 1746 14493 18397 1819 4869 4218 10445 4784 22590 2588 3282 616 54251 170315 946 15557 60782 627 9639 7660 317 32000 795 3166 6686 3582 272
internal_value=-0.00347724 0.0173087 -0.00548288 0.0150573 -0.0023833 -0.00297742 0.0200401 0.0115877 -0.00702202 0.0162289 0.00889921 0.000375492 0.00824784 0.0113433 0.0310979 -0.00449757 -0.00820591 0.0699285 -0.00436433 -0.00563733 0.00227705 0.00543187 0.00997357 0.0246543 -0.00495369 0.0231006 0.03702 0.00840048 0.0295498 0.0410857
internal_weight=465018 40921 424097 39242 140717 134983 21691 5734 283380 16163 17551 59708 17340 12556 5528 90469 192911 1679 22596 75275 41311 18721 9082 5718 86251 1422 3782 9968 3899 865
internal_count=465018 40921 424097 39242 140717 134983 21691 5734 283380 16163 17551 59708 17340 12556 5528 90469 192911 1679 22596 75275 41311 18721 9082 5718 86251 1422 3782 9968 3899 865
cat_boundaries=0 4 8 12 16 20 25 29 34 38 43 47 51 55 56 60 64 68 72 75
cat_threshold=1073746248 8915457 2887620 11 268830213 151164612 813695232 2219180288 1572864 2183135233 2717909760 2415919360 2382790976 2189492352 3391324928 1589787 0 0 2100096 3 134406528 73662756 1220594752 1082918592 1 287582752 220275016 282071072 109087140 2262040619 672308746 553648146 603980036 1 7629312 69738848 21303300 77121536 39917784 548034 822214786 541065476 2 1075910984 1082230323 87296848 27 138489400 146563 587202944 3892347154 73484288 1644250134 2803097600 151061040 32 142655490 72417298 1074792512 671089169 167936000 4096 3892543490 1208576 262144 512 536871168 67109120 134217728 8388608 2097408 1 72 1 2623488
is_linear=0
shrinkage=0.1


Tree=10
num_leaves=31
num_cat=17
split_feature=0 0 3 0 0 0 8 8 8 9 9 8 9 9 9 0 9 0 9 9 3 6 8 11 6 3 9 6 9 8
split_gain=1496.92 417.889 169.675 117.308 115.521 72.0964 67.0108 66.0402 62.0596 57.3924 52.6805 47.5268 58.7317 45.6317 43.6298 39.1805 31.6088 30.8233 96.1225 29.2046 27.9875 27.4759 26.549 25.874 25.3874 27.0132 23.6086 22.3833 22.2158 22.1576
threshold=315.00000000000006 1347.0000000000002 3.5000000000000004 471.00000000000006 57.000000000000007 1854.0000000000002 0 1 2 3 4 5 6 7 8 171.00000000000003 9 57.000000000000007 10 11 2.5000000000000004 945.50000000000011 12 13 833.50000000000011 2.5000000000000004 14 1136.5000000000002 15 16
decision_type=2 2 2 2 2 2 9 9 9 9 9 9 9 9 9 2 9 2 9 9 2 2 9 9 2 2 9 2 9 9
left_child=2 3 8 11 10 -3 9 16 17 -5 -4 -2 22 -9 -8 -10 -6 -1 -19 -12 -16 -15 -13 -22 -14 -26 -25 -27 -29 -17
right_child=1 5 4 6 7 -7 14 13 15 -11 19 12 24 21 20 29 -18 18 -20 -21 23 -23 -24 26 25 27 -28 28 -30 -31
leaf_value=-5.5780454645400006 -0.24939828759042193 28.34883722838795 1.680402434315704 21.889446168708972 15.32781209836185 219.77705585267469 11.112840871528425 3.6110990230598143 -10.516045464539999 13.025139591359014 -5.9276848147800001 23.8171537017258 0.51998455487039341 -4.483915312379998 1.2612043841835658 -0.024356055176289124 5.0151264117032142 12.065734058660624 1.0200432734520695 -12.31604546454 15.371471428942829 -0.23829404417064282 12.211369680231229 8.7793323346595447 0.66691016218253729 9.973473103334106 4.0386400943047329 -1.5354100131555612 7.5795261289713665 -3.5792564934857354
leaf_weight=8480 7476 1094 9662 1425 1323 865 3190 11674 159867 4280 51398 346 5028 35546 4910 7510 5814 302 4637 68144 2680 27942 1597 2654 3705 5179 4136 1429 1448 21277
leaf_count=8480 7476 1094 9662 1425 1323 865 3190 11674 159867 4280 51398 346 5028 35546 4910 7510 5814 302 4637 68144 2680 27942 1597 2654 3705 5179 4136 1429 1448 21277
internal_value=-0.00359595 0.0124913 -0.00559694 0.010698 -0.00361711 0.0577897 0.0158647 -0.000688832 -0.00766916 0.0252931 -0.00548234 0.00610958 0.00879735 -0.00156202 0.0127816 -0.00813637 0.00849727 -0.0010939 0.00518526 -0.00605611 0.010417 -0.00261867 0.0252279 0.0136008 0.00688195 0.00942862 0.0102647 0.0126787 0.00560653 -0.00474068
internal_weight=465018 51442 413576 49483 211503 1959 23275 82299 202073 5705 129204 26208 18732 75162 17570 188654 7137 13419 4939 119542 14380 63488 1943 9470 16789 11761 6790 8056 2877 28787
internal_count=465018 51442 413576 49483 211503 1959 23275 82299 202073 5705 129204 26208 18732 75162 17570 188654 7137 13419 4939 119542 14380 63488 1943 9470 16789 11761 6790 8056 2877 28787
cat_boundaries=0 4 8 12 16 21 25 30 35 39 43 47 51 55 57 61 65 69
cat_threshold=2348843328 2156003329 3357772753 2163227 539564362 276824582 2150599492 524811 1616908360 1074368019 86255556 134217731 1868288 153133193 2986344704 2432827680 543232760 679106 822214786 541065222 2 20195873 220209608 13639736 100698500 5505065 1074798091 587202864 2216698112 1 56888905 1209009155 285344150 2487238912 2 263685 1218246 276824064 72613889 68157441 2199916544 2717908992 1342177536 1048576 1 536871680 2147483904 2400462849 159391745 33620276 2625687825 6 1 3240102529 3145729 3892445578 16 2174750722 1769996288 33620166 287533064 411222278 536912148 143654976 136184851 67176706 2193637508 4061298689 16843344
is_linear=0
shrinkage=0.1


Tree=11
num_leaves=31
num_cat=18
split_feature=0 0 3 8 0 0 9 8 9 9 3 0 9 9 8 0 8 9 9 9 9 8 3 8 8 8 3 9 0 0
split_gain=1126.92 334.12 167.433 110.916 100.781 98.3489 58.9242 55.6779 45.1162 44.758 38.3724 37.7773 37.2782 33.5959 31.5322 32.6004 69.2877 30.4208 30.3092 30.2746 29.1362 27.8713 26.9598 29.5232 25.9657 24.3841 23.1569 25.1315 21.0765 31.0481
threshold=315.00000000000006 2010.0000000000002 3.5000000000000004 0 51.000000000000007 501.00000000000006 1 2 3 4 6.5000000000000009 159.00000000000003 5 6 7 -1.0000000180025095e-35 8 9 10 11 12 13 4.5000000000000009 14 15 16 2.5000000000000004 17 567.00000000000011 549.00000000000011
decision_type=2 2 2 9 2 2 9 9 9 9 2 2 9 9 9 2 9 9 9 9 9 9 2 9 9 9 2 9 2 2
left_child=2 3 6 19 9 10 14 17 21 -4 13 -8 -9 -5 -1 -16 -17 -6 -11 -2 -14 -7 28 -24 -12 -15 -13 -28 29 -10
right_child=1 -3 4 5 7 8 11 12 22 18 24 26 20 25 15 16 -18 -19 -20 -21 -22 -23 23 -25 -26 -27 27 -29 -30 -31
leaf_value=-4.1760499280218708 15.789272391535489 222.33522682098592 1.3171571818076833 6.1071093916260386 21.406608685615129 4.2571670604148348 -9.7163852532714383 -5.8254413052646834 2.6185268963990112 -12.552887932326 -0.47549263164657618 -3.7169313342303898 -2.1013947446960044 2.814496605347995 -3.3679755580860018 13.630603808158364 4.6619885177943186 5.9804517462811733 -6.8323494172245347 30.825637283453077 1.9852908587313465 14.709737224393194 18.917504935233204 9.1305527586744741 12.12840649010105 -0.32143207066445134 -3.8123852532714353 1.3241916039061421 2.2327429190507591 7.3096836824285818
leaf_weight=13198 277 714 9630 4158 131 2258 152084 20407 1476 37761 1294 18585 33550 4561 2951 244 2536 6819 77379 501 25826 4620 3083 3051 4886 13827 6461 6014 6271 465
leaf_count=13198 277 714 9630 4158 131 2258 152084 20407 1476 37761 1294 18585 33550 4561 2951 244 2536 6819 77379 501 25826 4620 3083 3051 4886 13827 6461 6014 6271 465
internal_value=-0.0036538 0.0103044 -0.00538997 0.00934829 -0.00342326 0.008757 -0.00744845 -0.000805117 0.013921 -0.00524325 0.00494465 -0.00799732 -0.00155315 0.00303113 -0.00213264 0.00405678 0.0118345 0.00777299 -0.00579071 0.046599 -0.000285592 0.0205894 0.0107021 0.0157255 0.0119256 0.00119143 -0.00481971 -0.00148698 0.00696298 0.016069
internal_weight=465018 51442 413576 50728 211503 49950 202073 86733 21224 124770 28726 183144 79783 22546 18929 5731 2780 6950 115140 778 59376 6878 14346 6134 6180 18388 31060 12475 8212 1941
internal_count=465018 51442 413576 50728 211503 49950 202073 86733 21224 124770 28726 183144 79783 22546 18929 5731 2780 6950 115140 778 59376 6878 14346 6134 6180 18388 31060 12475 8212 1941
cat_boundaries=0 4 8 12 16 20 25 30 34 38 42 47 51 55 59 63 67 71 76
cat_threshold=1073741824 8388608 2100160 11 544287928 138371 822084482 2684391682 539498826 818151940 3115844 524811 268702213 689608388 813694976 2769748232 543234808 679106 822214802 541065222 57728 107217200 1221708864 789216 1 2195718701 1074936834 2969567378 536903950 2 141644320 1107460100 1076367361 144769056 0 1 832 3 0 0 570425344 1073741824 1082310914 609256224 7358528 20843200 1 0 33554432 134303792 1073746432 209850406 2416173060 2183135240 1228080155 4025092 1277305184 88084484 68733056 2382397504 3274723330 3406004224 18432816 2143264 1073981060 88342541 33568772 2282275072 34164244 2182057988 152126976 134234435 14754096 8521836 12461136 1
is_linear=0
shrinkage=0.1


Tree=12
num_leaves=31
num_cat=17
split_feature=0 0 3 8 0 3 6 8 0 9 0 9 8 6 9 3 9 8 6 9 0 9 10 9 6 7 9 8 8 8
split_gain=873.931 257.933 163.842 89.096 85.9744 76.5924 66.4622 58.4969 49.9432 48.6031 44.9285 44.298 41.6481 50.4012 33.8685 33.7364 36.541 32.1802 32.063 30.9718 37.7424 65.9059 29.2437 26.7 26.0017 25.5737 26.964 24.0676 23.5855 23.5488
threshold=303.00000000000006 2169.0000000000005 3.5000000000000004 0 45.000000000000007 2.5000000000000004 793.50000000000011 1 441.00000000000006 2 75.000000000000014 3 4 1162.5000000000002 5 2.5000000000000004 6 7 945.50000000000011 8 9.0000000000000018 9 10 11 1110.5000000000002 12 13 14 15 16
decision_type=2 2 2 9 2 2 2 9 2 9 2 9 9 2 9 2 9 9 2 9 2 9 9 9 2 1 9 9 9 9
left_child=2 3 7 -2 11 14 -7 19 27 17 -9 -4 -10 23 29 -12 -17 -6 -11 -1 -21 -22 -13 -14 25 26 -20 -8 -24 -5
right_child=1 -3 4 5 9 6 8 10 12 18 15 22 13 -15 -16 16 -18 -19 24 20 21 -23 28 -25 -26 -27 -28 -29 -30 -31
leaf_value=-6.8235170012041415 26.732368318448056 201.90170413888734 -11.6291521248534 10.779585556565905 25.183942353225447 0.76401496936977853 8.6603278715301819 -12.092802392758859 4.678747282280967 -3.3941503694151383 -4.6330460066554622 8.7596903528346335 18.580866595248093 7.1247710572285179 -0.18405638677367422 0.87854502623236785 -3.9447467279442949 5.0542450687472034 15.173212463023189 -3.7998585195373806 9.5505584780775514 3.5209101828488558 -0.76419750669216702 14.960423411551256 -1.9874653361691028 0.76798526061019601 1.091352743477445 2.6993734185753686 -7.1626956413395479 2.6968639670330314
leaf_weight=7093 574 639 36288 542 107 7980 4106 116784 3331 46119 40071 1311 3629 3636 13948 9886 17461 8344 2833 4999 405 3789 16439 4875 17961 12358 2137 8328 66191 2854
leaf_count=7093 574 639 36288 542 107 7980 4106 116784 3331 46119 40071 1311 3629 3636 13948 9886 17461 8344 2833 4999 405 3789 16439 4875 17961 12358 2137 8328 66191 2854
internal_value=-0.00368756 0.00821755 -0.00526617 0.00746743 -0.00331471 0.00703826 0.00967674 -0.00731106 0.0119781 -0.000974752 -0.00781882 -0.00506359 0.0157708 0.0184856 0.00158325 -0.00576375 -0.00305591 0.00623921 -0.00172419 -0.00156235 0.00226774 0.00926562 -0.00379996 0.022714 0.00054436 0.00330794 0.00935743 0.00725913 -0.00403558 0.0105226
internal_weight=465018 54442 410576 53803 210088 53229 35885 200488 27905 89859 184202 120229 15471 12140 17344 67418 27347 8451 81408 16286 9193 4194 83941 8504 35289 17328 4970 12434 82630 3396
internal_count=465018 54442 410576 53803 210088 53229 35885 200488 27905 89859 184202 120229 15471 12140 17344 67418 27347 8451 81408 16286 9193 4194 83941 8504 35289 17328 4970 12434 82630 3396
cat_boundaries=0 4 8 13 18 22 26 30 34 39 43 44 49 50 55 59 63 67
cat_threshold=0 8388608 2097984 11 1614811208 1082756627 86386628 134217731 107222601 1074928642 855638426 2483028224 2 8569090 609256224 7358528 20843200 1 11626533 1409329985 285216780 109054084 2193891373 2183278726 2971664432 3758161930 2459174468 402690692 335675392 16896298 0 0 832 10 2691521 20 1142961152 78849 2 1049600 1 536871680 2147483904 524292 369493504 696943296 805306368 625395984 1 34 2550171652 729850384 3227652 155074579 1 2173501518 302514692 3892381700 20596320 1140922700 1612727814 17973572 557851 4194560 65537 1140850816 16777216
is_linear=0
shrinkage=0.1


Tree=13
num_leaves=31
num_cat=18
split_feature=0 0 3 0 9 8 6 8 11 3 11 7 8 9 9 0 0 8 8 9 9 6 9 2 9 6 9 2 9 9
split_gain=668.496 163.197 159.452 85.9813 76.1798 51.167 51.0384 49.7222 46.8484 37.6073 38.9115 47.4456 37.5971 41.095 35.3448 34.8093 29.379 29.1354 28.717 26.832 26.3627 25.7259 25.129 24.7436 30.8235 23.761 22.8204 22.285 21.9656 20.5811
threshold=261.00000000000006 2481.0000000000005 3.5000000000000004 453.00000000000006 0 1 789.50000000000011 2 3 4.5000000000000009 4 5 6 7 8 69.000000000000014 1395.0000000000002 9 10 11 12 1220.5000000000002 13 105.00000000000001 14 911.50000000000011 15 345.00000000000006 16 17
decision_type=2 2 2 2 9 9 2 9 9 2 9 1 9 9 9 2 2 9 9 9 9 2 9 10 9 2 9 10 9 9
left_child=2 3 7 12 -4 -5 -6 23 14 16 11 21 29 22 -8 -9 28 20 27 -12 -17 25 -14 26 -25 -11 -1 -10 -7 -2
right_child=1 -3 4 5 6 9 8 15 18 10 19 -13 13 -15 -16 17 -18 -19 -20 -21 -22 -23 -24 24 -26 -27 -28 -29 -30 -31
leaf_value=3.6104283055362907 2.4842159801370287 227.31153372499858 -7.1922708418455334 24.937472030827923 -4.9220994660292874 7.3470021752614816 18.812373748805268 -11.483522153482973 2.944472496443467 4.0127900578672895 14.625904009630521 8.99266592098021 20.046517319898168 1.4414684995259799 2.3809143104883241 -4.681442127278749 14.639454487566608 -4.8913188691253708 -2.3219117043215278 4.8733721778001087 0.060254056335486444 0.040033973459878094 8.0625599324529098 8.7434164998969646 1.486766756027593 44.197426040433541 -6.9128165408051192 18.151373753724361 1.3992140418477248 -1.7823675873699429
leaf_weight=2564 1671 321 61432 321 62860 1647 2410 113384 12730 220 2983 1896 104 24796 4070 6832 793 46038 60421 4882 11819 180 3800 325 2991 1087 9788 105 13122 9426
leaf_count=2564 1671 321 61432 321 62860 1647 2410 113384 12730 220 2983 1896 104 24796 4070 6832 793 46038 60421 4882 11819 180 3800 325 2991 1087 9788 105 13122 9426
internal_value=-0.00374885 0.00547235 -0.00530783 0.00513118 -0.0033568 0.00947219 -0.00208799 -0.00736246 -0.00040835 0.0089821 0.0133908 0.0223607 0.00217177 0.0040822 0.00773497 -0.00783753 0.00580131 -0.00598696 -0.00112959 0.00949206 -0.00264777 0.0357582 0.0136076 -0.00195688 0.0057117 0.0408799 -0.00401717 0.00316465 0.0047945 -0.00277033
internal_weight=465018 67249 397769 66928 204028 27131 142596 193741 79736 26810 11248 3383 39797 28700 6480 178073 15562 64689 73256 7865 18651 1487 3904 15668 3316 1307 12352 12835 14769 11097
internal_count=465018 67249 397769 66928 204028 27131 142596 193741 79736 26810 11248 3383 39797 28700 6480 178073 15562 64689 73256 7865 18651 1487 3904 15668 3316 1307 12352 12835 14769 11097
cat_boundaries=0 5 9 13 15 17 18 22 26 30 34 38 42 46 50 54 58 63 67
cat_threshold=8569090 71598368 147872832 18746080 1 0 8388608 2097984 3 1614876736 1082756627 86386628 134217731 50366466 5 3892314506 16 14 50602528 1294410056 13639737 100704516 22283305 672669259 587203250 603980036 241176640 33561730 1090650242 134217747 67127560 2722250948 3793338369 16851472 1219042376 805440006 1196612 5767947 2149848069 1235360768 553648258 2215865603 1073984834 8454448 3223322705 416219220 0 0 570425344 256 1024 16777216 536871680 256 134219808 6144 553648128 138412034 46399532 2148925646 815792128 2684354818 2 2490368 40960 268435648 2299527480
is_linear=0
shrinkage=0.1


Tree=14
num_leaves=31
num_cat=20
split_feature=0 3 0 0 9 3 8 8 1 8 8 9 9 11 9 9 8 11 0 3 9 0 7 8 8 9 8 9 8 3
split_gain=544.424 153.102 145.264 94.7468 66.0676 50.3057 45.3847 45.0177 44.4591 47.3163 42.1004 32.0646 28.6995 27.2249 27.1933 25.0138 24.9867 24.8692 24.6858 23.8659 26.8684 23.8101 22.9214 21.7617 20.5407 20.242 18.7013 18.2025 17.5425 17.093
threshold=213.00000000000003 3.5000000000000004 3030.0000000000005 447.00000000000006 0 6.5000000000000009 1 2 39.000000000000007 3 4 5 6 7 8 9 10 11 57.000000000000007 2.5000000000000004 12 57.000000000000007 13 14 15 16 17 18 19 6.5000000000000009
decision_type=2 2 2 2 9 2 9 9 8 9 9 9 9 9 9 9 9 9 2 2 9 2 1 9 9 9 9 9 9 2
left_child=1 7 3 5 28 10 -5 14 13 26 12 23 -2 25 -1 -12 -7 -13 -9 -20 -21 -16 29 -8 -17 -6 -10 -18 -3 -19
right_child=2 4 -4 6 8 16 11 18 9 -11 15 17 -14 -15 21 24 27 22 19 20 -22 -23 -24 -25 -26 -27 -28 -29 -30 -31
leaf_value=-6.0799637470828856 15.819187169819443 -1.7103723602663798 214.1803803524987 22.955445986885298 4.3955990875876889 -2.2560107060530563 18.648987834140964 -10.935169938134676 17.708275516651415 -1.5202387712661876 1.450918959825223 1.5632328207083905 4.5626862124203305 -6.5000095448426585 -1.4282730234111711 -0.05486799521543162 10.411580880654597 9.0981278631427696 -5.4806095190773796 0.14217646186532421 -4.3351699381346753 4.7342080777225544 2.8344418773619964 5.6218377032955242 -2.1815704939253466 -4.0565171124637525 4.4390510101708847 5.3838580624081356 -7.3470098281835083 35.663569542735324
leaf_weight=9518 120 6187 218 350 5571 2595 1952 104122 322 54094 8186 12514 4741 61797 5986 14837 3107 3155 36315 9267 15741 2423 5110 4036 17861 5493 9559 7321 51667 853
leaf_count=9518 120 6187 218 350 5571 2595 1952 104122 322 54094 8186 12514 4741 61797 5986 14837 3107 3155 36315 9267 15741 2423 5110 4036 17861 5493 9559 7321 51667 853
internal_value=-0.0037082 -0.00534918 0.00342633 0.00322142 -0.00339617 0.000941326 0.00801215 -0.00742273 -0.0021978 -0.000274328 -0.000619742 0.00754614 0.00816875 -0.00388699 -0.00265764 -0.00166626 0.00642478 0.00574716 -0.00793841 -0.00634721 -0.00396993 0.00148592 0.00971954 0.0140247 -0.00290388 0.000682678 0.00608533 0.00860509 -0.00622909 0.0153858
internal_weight=465018 378062 86956 86738 194690 58768 27970 183372 136836 63975 45745 27620 4861 72861 17927 40884 13023 21632 165445 61323 25008 8409 9118 5988 32698 11064 9881 10428 57854 4008
internal_count=465018 378062 86956 86738 194690 58768 27970 183372 136836 63975 45745 27620 4861 72861 17927 40884 13023 21632 165445 61323 25008 8409 9118 5988 32698 11064 9881 10428 57854 4008
cat_boundaries=0 5 9 13 17 21 25 29 31 36 40 44 46 50 51 55 59 63 67 71 74
cat_threshold=1073922306 71565600 147872832 20843232 1 0 8388608 2097984 11 1614876736 1082756627 87172996 134217747 1219041610 268698118 3189700 1049099 1610682698 8916501 19335812 150995979 4462116 134911684 813695008 2755756299 0 1 570425344 2304 19118341 9 1080570176 134415380 1151348752 2147562497 2 2196116012 403845130 270533506 2684387590 1107356704 1073990868 21364885 33564708 341577045 7 2462320196 402687620 335675392 83973410 14 2248180040 17846295 2214693011 19923056 2550317060 306266240 2986905602 3373600 141625944 580610 1358954626 675332114 0 0 576 10 1343520 964761152 570558722 337802241 2164265280 2175993856 537133328
is_linear=0
shrinkage=0.1


Tree=15
num_leaves=31
num_cat=21
split_feature=0 3 0 8 3 6 9 9 6 11 9 0 9 8 9 9 8 8 8 8 9 3 7 8 10 8 8 9 9 0
split_gain=448.683 153.621 144.214 72.5959 66.7086 63.7864 59.7744 45.6515 42.3254 45.0391 42.0976 41.4377 38.0059 36.0838 34.1646 33.0973 28.8174 26.4822 24.6256 24.2186 23.8967 22.046 19.9094 18.8331 18.3563 17.2222 17.029 16.7147 16.2895 15.7639
threshold=213.00000000000003 3.5000000000000004 3030.0000000000005 0 2.5000000000000004 941.50000000000011 1 2 1166.5000000000002 3 4 27.000000000000004 5 6 7 8 9 10 11 12 13 7.5000000000000009 14 15 16 17 18 19 20 69.000000000000014
decision_type=2 2 2 9 2 2 9 9 2 9 9 2 9 9 9 9 9 9 9 9 9 2 1 9 9 9 9 9 9 2
left_child=1 7 3 28 10 20 25 18 9 12 -5 19 22 26 -10 -11 -12 -9 -1 24 -6 -14 -7 -15 -8 -3 -13 -25 -2 -19
right_child=2 6 -4 4 5 8 11 17 14 15 16 13 21 23 -16 -17 -18 29 -20 -21 -22 -23 -24 27 -26 -27 -28 -29 -30 -31
leaf_value=2.3905804999185061 10.226111715678288 -3.0556048014737374 192.76234231724885 16.550451024620468 5.2013180892005275 21.880529697060453 12.618939070986844 -4.3493875843212066 14.436939623800834 8.4810028644197217 2.094066739948298 22.148093729123048 3.3330481087514929 1.1692382853141827 0.11249565937337769 2.1794474183793353 -1.0546161137350871 -9.8416529443212095 -3.8160937135295145 -6.3932009263583955 -0.59268704382670878 28.527776059693153 7.2906263752870988 -5.2885601833377125 -1.3803195767398961 -6.9609644583598937 4.8150890458635187 0.36109848776460551 24.615603208969176 -4.1966665134230849
leaf_weight=5398 109 12412 218 110 3566 2989 1026 26327 1724 4776 5496 105 3216 21940 10621 9187 22322 92170 14693 57789 20148 825 1410 21457 15545 44843 6982 12591 239 44784
leaf_count=5398 109 12412 218 110 3566 2989 1026 26327 1724 4776 5496 105 3216 21940 10621 9187 22322 92170 14693 57789 20148 825 1410 21457 15545 44843 6982 12591 239 44784
internal_value=-0.00367272 -0.00516244 0.00280417 0.00260001 0.00241319 0.00433409 -0.00320612 -0.00723949 0.00706285 0.00965362 -0.00160699 -0.00207465 0.0154201 -0.000189459 0.00236128 0.00615258 -0.00186072 -0.0077929 -0.00273668 -0.00367402 0.000335664 0.00836583 0.0218666 -0.00104075 -0.000302155 -0.00592072 0.00652811 -0.00251277 0.0475419 -0.00835212
internal_weight=465018 378062 86956 86738 86390 58462 194690 183372 34748 22403 27928 137435 8440 63075 12345 13963 27818 163281 20091 74360 23714 4041 4399 55988 16571 57255 7087 34048 348 136954
internal_count=465018 378062 86956 86738 86390 58462 194690 183372 34748 22403 27928 137435 8440 63075 12345 13963 27818 163281 20091 74360 23714 4041 4399 55988 16571 57255 7087 34048 348 136954
cat_boundaries=0 4 9 13 15 19 23 27 32 36 40 44 48 52 56 57 61 63 67 71 75 79
cat_threshold=0 8388608 768 11 1082310914 71565600 147872832 20843200 1 40970424 6279 822350722 2684391682 2197946635 4 0 0 536871168 2147483648 437420544 403215120 3492806656 156205114 1210588488 545522178 2984900 1049099 7617099 3490323522 822083714 536908032 2 2470708224 1770140673 587202710 621830150 138500418 306794068 2267844608 16778240 1073808192 13124630 738591816 12911122 3223339080 19971 2232951300 81 1082720588 807423526 1196352 4719387 25433102 3540128770 822084240 3556774147 102 2155905538 292046876 3272761360 2688368 524288 8 2164396352 2175991808 604242192 16640 0 0 832 10 2348818436 304324693 3223388168 201425979 1048577 0 2048 4224
is_linear=0
shrinkage=0.1


Tree=16
num_leaves=31
num_cat=19
split_feature=0 3 0 0 9 8 8 9 9 3 3 0 6 1 6 8 8 10 9 8 9 6 9 11 8 9 9 9 9 8
split_gain=375.699 159.4 123.599 110.361 62.8516 53.794 50.8647 43.6643 39.9046 38.6077 33.1772 32.4895 31.2816 28.9709 27.9179 27.603 25.4571 26.252 24.0652 23.8253 23.5667 21.8001 21.7224 20.9284 22.248 21.1861 20.912 20.5346 20.2857 20.2509
threshold=285.00000000000006 2.5000000000000004 3030.0000000000005 45.000000000000007 0 1 2 3 4 4.5000000000000009 9.5000000000000018 1377.0000000000002 793.50000000000011 135.00000000000003 945.50000000000011 5 6 7 8 9 10 1107.5000000000002 11 12 13 14 15 16 17 18
decision_type=2 2 2 2 9 9 9 9 9 2 2 2 2 10 2 9 9 9 9 9 9 2 9 9 9 9 9 9 9 9
left_child=1 7 5 4 -3 -2 18 13 -8 11 22 20 -11 -1 28 -15 17 -14 -5 -12 -7 -16 29 24 -22 -25 -18 -19 -10 -6
right_child=2 3 -4 6 10 9 8 -9 14 12 19 -13 16 15 21 -17 26 27 -20 -21 23 -23 -24 25 -26 -27 -28 -29 -30 -31
leaf_value=-4.5136238843017296 23.596342886097375 -8.9162123995291704 173.48610808552394 -0.11976754427987812 3.8452926372961915 14.039114976041194 -4.3377853244949218 -5.8574876498890891 3.0311441369783538 -0.097204803250493146 -8.3211525720246193 14.025297164309215 4.3870903377660548 3.956189066161413 2.6780918988536189 -1.3501616271031094 10.187201164913219 18.817090211851745 6.0157804571682991 1.4071291146258091 7.8021645546653664 -0.85252307721174592 -6.6846447687465487 -1.6493206733379449 0.07529937538821839 0.61570891518243698 2.7301376008428688 12.384786810626656 -2.1743646213041137 -4.8048096484987131
leaf_weight=11122 241 54606 218 4842 4440 126 27834 104821 4009 5699 7884 928 2633 1237 17686 1719 4345 1632 6738 18838 1116 19055 66579 8461 1249 22293 7999 2474 43702 10492
leaf_count=11122 241 54606 218 4842 4440 126 27834 104821 4009 5699 7884 928 2633 1237 17686 1719 4345 1632 6738 18838 1116 19055 66579 8461 1249 22293 7999 2474 43702 10492
internal_value=-0.00359487 -0.00468275 0.00383175 -0.00340612 -0.00511727 0.00355497 -0.00115657 -0.00776113 -0.00180737 0.00335707 -0.00372061 0.00117841 0.00636268 -0.00252556 -0.000724825 0.00627199 0.00830425 0.0132479 0.00515099 -0.000663126 0.000663255 0.00134699 -0.00472341 0.000492316 0.00953684 -0.000206087 0.00559009 0.0182556 -0.00232043 -0.00127292
internal_weight=465018 405604 59414 286705 162839 59196 123866 118899 112286 58955 108233 34173 24782 14078 84452 2956 19083 6739 11580 26722 33245 36741 81511 33119 2365 30754 12344 4106 47711 14932
internal_count=465018 405604 59414 286705 162839 59196 123866 118899 112286 58955 108233 34173 24782 14078 84452 2956 19083 6739 11580 26722 33245 36741 81511 33119 2365 30754 12344 4106 47711 14932
cat_boundaries=0 5 9 13 18 23 27 31 33 38 42 46 51 53 57 62 67 71 75 79
cat_threshold=180482 609256232 74467392 20841184 1 0 8388608 832 10 536875336 545524228 2151665476 66075 7417016 14339 562303904 2684358914 2 57728 107282720 1221708896 8914624 1 0 0 1142948800 16777217 2399732302 304087044 3357771778 3671585 201726212 8 1763707264 143138976 10703412 411062785 2 151257088 1078206681 205866161 44054660 0 0 536870912 2147483904 141633608 400514 822477218 2952822790 2 2701230082 28 2277515842 2183328000 37785602 68338768 574720 48496768 173242436 283118160 1 19138059 556306128 287310018 91234304 1 2150797313 411243584 822214660 67294225 27525128 3221227722 268566546 2214592768 103291660 3256910866 555843648 82
is_linear=0
shrinkage=0.1


Tree=17
num_leaves=31
num_cat=18
split_feature=0 3 0 0 9 8 8 6 3 9 11 9 9 0 9 9 8 3 8 10 0 8 9 0 10 0 7 8 11 0
split_gain=331.818 146.191 103.397 62.929 49.7101 49.2581 41.8135 41.1761 40.7671 38.6384 36.2976 26.8234 25.6294 25.4711 28.3159 25.4235 24.8872 20.3716 19.5225 19.2749 18.763 27.121 18.294 18.1445 21.8936 21.8275 20.1549 17.7958 17.3612 17.3205
threshold=183.00000000000003 3.5000000000000004 3030.0000000000005 513.00000000000011 0 1 2 751.50000000000011 6.5000000000000009 3 4 5 6 45.000000000000007 7 8 9 11.500000000000002 10 11 27.000000000000004 12 13 567.00000000000011 14 549.00000000000011 15 16 17 1047.0000000000002
decision_type=2 2 2 2 9 9 9 2 2 9 9 9 9 2 9 9 9 2 9 9 2 9 9 2 9 2 1 9 9 2
left_child=1 5 3 6 -3 15 9 -6 11 -2 12 -8 -9 -7 28 -1 -5 27 -13 22 -17 -22 -10 25 -25 -18 29 -12 -15 -26
right_child=2 4 -4 16 7 13 8 10 19 -11 17 18 -14 14 -16 20 23 -19 -20 -21 21 -23 -24 24 26 -27 -28 -29 -30 -31
leaf_value=-7.7046549093135441 16.371994010519717 -6.5185673356838123 156.13749727697154 17.196550415903516 -4.3215622605138444 -9.47173888490018 1.2699816879844095 25.172195842936524 9.0376416073379389 3.7231357556595719 1.0748848186788804 -0.33084784738438983 4.259964968893228 5.382373229468123 -4.2016159221147431 -2.5181797698928707 2.7139081609694209 2.7319609248809327 -1.9667693666405341 -2.6745026930266254 5.5721940345197574 1.6086186242690197 3.2819889651241514 0.59390324294224395 8.7109058972967297 6.492501698422636 2.1721274327040745 -2.9185082947615797 -1.5312352493119139 21.140523839963524
leaf_weight=6166 240 47657 218 801 57145 93999 10078 729 3091 9077 14221 21319 4903 930 47936 9403 2496 14029 25038 3658 298 4799 9324 8915 2468 1162 3973 48210 11568 1167
leaf_count=6166 240 47657 218 801 57145 93999 10078 729 3091 9077 14221 21319 4903 930 47936 9403 2496 14029 25038 3658 298 4799 9324 8915 2468 1162 3973 48210 11568 1167
internal_value=-0.00352842 -0.0049535 0.00147876 0.00133288 -0.00300834 -0.00702968 8.00465e-05 -0.00205369 -0.00073058 0.00638254 -0.000619064 -0.0019961 0.00712159 -0.00764315 -0.00604197 -0.00244051 0.00621866 -0.00119001 -0.00301227 0.00371243 -0.000151622 0.00473415 0.00558953 0.00552176 0.00411366 0.0118972 0.00804935 -0.00196393 -0.00179725 0.0134294
internal_weight=465018 361993 103025 102807 186894 175099 81825 139237 72508 9317 82092 56435 5632 154433 60434 20666 20982 76460 46357 16073 14500 5097 12415 20181 16523 3658 7608 62431 12498 3635
internal_count=465018 361993 103025 102807 186894 175099 81825 139237 72508 9317 82092 56435 5632 154433 60434 20666 20982 76460 46357 16073 14500 5097 12415 20181 16523 3658 7608 62431 12498 3635
cat_boundaries=0 5 9 13 17 19 23 27 31 35 39 43 45 49 53 55 56 60 61
cat_threshold=1082835202 71565616 141577216 1091308264 1 1077940288 1082773011 86648772 134217747 596298 46663701 2150468420 134218763 0 1 570425600 1073742080 50366466 5 2187723308 2316442758 285213058 2147516678 136314880 33559682 128 134217747 2454724684 269492358 3567648776 70922 2097472 66576 1142956048 70657 0 12648449 2198464 11 2617425940 268649600 1644298376 19102304 744271368 8 0 8388609 2098112 1 12353538 833160785 270663824 68297729 206441548 10 14 3232308044 824181254 70402132 1049106 50335746
is_linear=0
shrinkage=0.1


Tree=18
num_leaves=31
num_cat=21
split_feature=0 3 0 3 0 8 9 9 9 8 6 11 8 8 8 11 8 0 9 9 8 9 11 9 2 8 9 9 7 6
split_gain=292.087 123.556 90.3359 87.9768 55.7939 53.6781 51.3479 40.5644 36.7162 36.6689 31.7643 32.8337 27.6547 26.9902 25.2781 21.9305 21.532 20.316 19.5055 19.4219 19.326 19.2802 18.2205 18.0919 18.0186 17.7034 17.3228 17.2823 16.6401 22.0135
threshold=111.00000000000001 3.5000000000000004 3303.0000000000005 2.5000000000000004 369.00000000000006 0 1 2 3 4 463.50000000000006 5 6 7 8 9 10 261.00000000000006 11 12 13 14 15 16 123.00000000000001 17 18 19 20 1087.5000000000002
decision_type=2 2 2 2 2 9 9 9 9 9 2 9 9 9 9 9 9 2 9 9 9 9 9 9 10 9 9 9 1 2
left_child=1 9 3 5 8 7 -3 -2 13 18 -8 19 -10 -5 26 20 -13 -7 -1 -12 -14 -11 28 -24 -18 -26 -6 -22 29 -16
right_child=2 6 -4 4 14 17 10 -9 12 21 11 16 15 -15 22 -17 24 -19 -20 -21 27 -23 23 -25 25 -27 -28 -29 -30 -31
leaf_value=-6.7554697463897044 11.245362405218 -6.5213900390026085 146.52374154112621 2.0979451460701362 20.976716351356366 -3.0082965689253118 -8.2856761010175504 1.4048440914840776 -1.6893896999018279 -4.3245649964101602 4.9080367809598515 -5.3357435274694573 5.705673397309706 -4.5699600251655452 31.157814078036807 0.41564587519300444 -2.490576284723065 -0.64055903045913387 0.10605248326405181 -0.84828872504141573 4.771722489739731 -6.5970333345944345 4.9059353447864815 -0.34107349727490305 14.802213900460664 1.7274667379104729 7.7900996943774432 0.24881298162331644 3.6115523491114332 4.8488041277616887
leaf_weight=7143 260 44069 141 5225 1047 24013 11950 6809 13297 19642 8528 20175 6207 15865 1256 24334 61928 18311 9142 10260 6187 111737 4864 9529 512 3282 3780 9180 5258 1087
leaf_count=7143 260 44069 141 5225 1047 24013 11950 6809 13297 19642 8528 20175 6207 15865 1256 24334 61928 18311 9142 10260 6187 111737 4864 9529 512 3282 3780 9180 5258 1087
internal_value=-0.00345187 -0.00523816 6.44726e-05 -7.60578e-06 0.00160237 -0.00349908 -0.0033194 0.0045642 0.000283328 -0.00732636 -0.00221999 -0.00166261 0.00155957 -0.00329858 0.00555124 0.00272268 -0.00249072 -0.00484575 -0.00284443 0.00212363 0.00504355 -0.0078811 0.00410652 0.00201138 -0.00161292 0.00507643 0.0121005 0.0031365 0.00806595 0.0150744
internal_weight=465018 308368 156650 156509 107116 49393 160704 7069 80295 147664 116635 104685 59205 21090 26821 45908 85897 42324 16285 18788 21574 131379 21994 14393 65722 3794 4827 15367 7601 2343
internal_count=465018 308368 156650 156509 107116 49393 160704 7069 80295 147664 116635 104685 59205 21090 26821 45908 85897 42324 16285 18788 21574 131379 21994 14393 65722 3794 4827 15367 7601 2343
cat_boundaries=0 4 9 13 18 22 24 28 32 36 38 42 46 51 55 59 61 65 69 73 77 78
cat_threshold=1212170560 42536529 2267841472 16778243 8569090 609321760 1079004736 2951872 1 1024 1 536871424 2147483904 134244736 73728288 1221646368 1082134224 1 1078006344 1082246674 87041988 12582931 2197985538 29 4481569 1677963368 5247019 109316228 2214990408 8587286 1076168772 18432536 2315784264 42467334 3115840 590459 1664124864 15 352321569 239640777 2252346537 100674564 1075839296 151716880 1143476992 4199425 175120984 33823938 419430530 138444818 2 144741708 8912898 3760849876 17838339 3262128144 134356097 1971590312 4199682 3942875530 28 2172916739 1216355346 1090519174 2770422019 0 8388608 576 522 102795264 1344409600 570425344 1342283779 28317274 3373274117 807403920 810586112 6
is_linear=0
shrinkage=0.1


Tree=19
num_leaves=31
num_cat=20
split_feature=0 3 0 3 9 6 9 8 11 9 9 8 6 5 8 6 8 7 11 8 0 8 9 8 10 10 9 4 8 7
split_gain=250.969 109.845 83.439 81.8593 56.1054 48.731 46.5942 40.9008 39.2669 46.7611 36.2249 36.0225 29.802 29.6705 28.2733 26.2818 26.7499 29.0281 34.8711 25.5386 25.1277 22.2877 21.5642 21.3498 20.7138 18.4861 18.1916 17.7155 18.0312 17.3898
threshold=93.000000000000014 3.5000000000000004 3303.0000000000005 2.5000000000000004 0 937.50000000000011 1 2 3 4 5 6 921.50000000000011 19.500000000000004 7 1162.5000000000002 8 9 10 11 261.00000000000006 12 13 14 15 16 17 135.00000000000003 18 19
decision_type=2 2 2 2 9 2 9 9 9 9 9 9 2 2 9 2 9 1 9 9 2 9 9 9 9 9 9 2 9 1
left_child=1 7 3 4 11 19 -3 -1 9 24 -10 -2 22 21 -12 16 -14 18 -18 -5 -6 -11 25 -17 -7 -8 -9 28 -13 -21
right_child=2 6 -4 5 20 8 12 26 10 13 14 27 15 -15 -16 23 17 -19 -20 29 -22 -23 -24 -25 -26 -27 -28 -29 -30 -31
leaf_value=-2.7601133812592846 10.098724974986734 -6.2606766478515041 131.87136738701361 3.4653529909871779 -3.0238920036637298 32.326757925121541 2.6201501570715156 -3.8093927848833973 -5.9050702769425953 12.566062173081658 5.2796811086977371 4.2924744685231202 -4.1991659773531493 -0.11412236486846195 0.60552696409696716 19.949152228076731 16.605758818783563 1.0504664214247688 1.6334293421901784 0.41074043604768851 -0.59710575221325113 7.0552124760481094 -5.0355586493716942 -4.9896075376494338 -0.78647497099977071 -3.6147927100386568 -6.5523704164969958 -0.14077758355830969 2.358686267210274 -2.0240721191168523
leaf_weight=19514 243 40598 141 6303 28016 170 7563 16774 7673 4973 6879 482 5831 2730 24705 619 3017 15523 2676 19647 18256 7810 47834 16500 7443 11313 102221 5889 1938 31737
leaf_count=19514 243 40598 141 6303 28016 170 7563 16774 7673 4973 6879 482 5831 2730 24705 619 3017 15523 2676 19647 18256 7810 47834 16500 7443 11313 102221 5889 1938 31737
internal_value=-0.00336069 -0.00516558 -0.0003705 -0.000432493 -0.00363418 0.0010294 -0.00330446 -0.00720091 0.00296667 0.00623444 0.0010398 0.00380518 -0.00224249 0.00938414 0.00253719 -0.000227779 0.00171294 0.00336097 0.00946344 -0.00106558 -0.00500886 0.0114112 -0.00357668 -0.003294 -0.000187593 -0.0007127 -0.00789673 0.00266979 0.00987603 -0.00180255
internal_weight=465018 289983 175035 174894 54824 120070 151474 138509 62383 23126 39257 8552 110876 15513 31584 44166 27047 21216 5693 57687 46272 12783 66710 17119 7613 18876 118995 8309 2420 51384
internal_count=465018 289983 175035 174894 54824 120070 151474 138509 62383 23126 39257 8552 110876 15513 31584 44166 27047 21216 5693 57687 46272 12783 66710 17119 7613 18876 118995 8309 2420 51384
cat_boundaries=0 4 9 13 15 20 24 28 32 36 37 39 43 47 51 55 56 58 62 65 66
cat_threshold=2152729645 33568903 2971665200 2684420354 9093378 877757232 5261888 2884296 1 1078006344 8504854 87950272 4194835 2736982346 7 2155891973 94447628 12666948 9504392 1 134218242 72090848 1486069024 1480590032 0 1 896 3 405347400 8979074 136980612 17900097 1049152 235283435 38279580 100673540 34 252066314 4 1082134848 315097120 37595604 2623080 2256536837 1252528144 3758197314 672810 2298751593 135137478 805437698 549495042 1073741896 3 526608 8388608 8 2332722752 4 2456821872 134353024 1904514234 258 0 2147483648 1073741824 76
is_linear=0
shrinkage=0.1


Tree=20
num_leaves=31
num_cat=18
split_feature=0 3 3 8 8 0 9 8 0 9 0 8 9 9 9 6 9 8 9 8 3 6 6 8 7 11 0 9 0 9
split_gain=222.256 100.409 81.2205 55.3249 53.6449 50.4655 35.0687 33.2209 31.1945 29.729 28.5976 28.3657 26.5935 22.94 21.9703 20.4234 19.8465 19.4782 18.6803 18.653 17.4809 16.5374 17.2479 22.8128 23.2758 16.4474 16.163 16.0716 15.6752 24.2352
threshold=75.000000000000014 5.5000000000000009 2.5000000000000004 0 1 375.00000000000006 2 3 4215.0000000000009 4 255.00000000000003 5 6 7 8 499.50000000000006 9 10 11 12 2.5000000000000004 933.50000000000011 1084.5000000000002 13 14 15 3303.0000000000005 16 -146.99999999999997 17
decision_type=2 2 2 9 9 2 9 9 2 9 2 9 9 9 9 2 9 9 9 9 2 2 2 9 1 9 2 9 2 9
left_child=1 4 3 9 14 6 19 -8 17 -2 18 -3 -6 -13 28 -15 -9 -7 -5 -4 -14 -19 23 24 -23 -24 -12 -22 -1 -30
right_child=2 11 5 10 12 8 7 16 -10 -11 26 13 20 15 -16 -17 -18 21 -20 -21 27 22 25 -25 -26 -27 -28 -29 29 -31
leaf_value=-5.2744150797154559 8.7527341273939783 -5.909286796784591 0.8304200946438608 -0.35391951296069807 -3.5634396300773972 11.994506573088822 -2.0191399816335927 4.4282761850588432 114.96423476818528 0.72309159512920962 -0.53445092607784661 -6.2599709908722918 -6.8839223844623776 -4.6696782420427105 -4.0618118695036891 0.87558791481961118 0.69169575586156418 -0.3613824420947841 -3.19847469001013 -3.8118842780631392 -3.1225032972691285 35.525804321324628 20.830246418289036 1.1527877508391418 5.3543968460725182 1.9163189666817471 228.5163584163233 -5.9372749859761171 17.273815420507479 2.6307934682015688
leaf_weight=2783 683 25321 6964 4658 18856 3514 18833 9325 45 7413 19151 14611 58594 7063 20019 39204 51528 7228 29025 21914 21916 1282 298 2303 2168 9413 29 54606 111 6160
leaf_count=2783 683 25321 6964 4658 18856 3514 18833 9325 45 7413 19151 14611 58594 7063 20019 39204 51528 7228 29025 21914 21916 1282 298 2303 2168 9413 29 54606 111 6160
internal_value=-0.00327811 -0.00514233 -0.000714295 -0.00374334 -0.00646754 0.00065534 -0.000296049 0.000785984 0.00458992 0.00395263 -0.0049218 -0.00232822 -0.00721136 -0.00115754 -0.00252485 -6.6342e-05 0.00192185 0.00444707 -0.00667785 -0.00328095 -0.00770289 0.00336886 0.00521598 0.00955501 0.0146821 0.00264545 -0.00184046 -0.00670814 0.00156222 0.00433583
internal_weight=465018 269244 195774 60959 183045 134815 108564 79686 26251 8096 52863 86199 153972 60878 29073 46267 60853 26206 33683 28878 135116 22692 15464 5753 3450 9711 19180 76522 9054 6271
internal_count=465018 269244 195774 60959 183045 134815 108564 79686 26251 8096 52863 86199 153972 60878 29073 46267 60853 26206 33683 28878 135116 22692 15464 5753 3450 9711 19180 76522 9054 6271
cat_boundaries=0 4 8 13 17 21 25 30 35 40 44 48 52 56 60 61 62 66 70
cat_threshold=1749041424 46729745 2200863680 16778243 1073811784 8504886 87712512 12583443 536961280 73736480 1221647456 8390352 1 1079271457 1141092704 272633899 109316228 525312 3 553648896 2147488000 420504577 239608280 2617245864 102763524 2286952536 138374 830607794 2684354818 2 41959686 911508224 2156943376 1344866400 1 139013672 1073888386 2432958592 943751442 2 62128233 1342199371 620757394 2684391680 2181058632 9175046 3115856 589931 2317353100 34615428 293605376 1610612738 2214990400 8586774 103024724 610832 412000260 2570080272 1241514018 1197840 6 2181070850 866385924 1485053952 134218764 1426112525 525312 0 0 268435456
is_linear=0
shrinkage=0.1


Tree=21
num_leaves=31
num_cat=21
split_feature=0 3 3 9 8 6 8 0 9 11 8 8 3 6 10 7 11 11 9 8 9 9 9 9 4 0 8 8 8 8
split_gain=209.431 95.7311 75.8426 69.4528 54.8112 52.0979 40.6514 37.9985 34.9523 34.8067 32.12 30.1662 29.3758 30.4452 31.7653 28.8245 20.4378 20.06 22.1774 20.3022 18.4584 17.8216 17.4113 17.1831 17.1654 17.0095 16.6242 16.0829 16.0554 16.0287
threshold=33.000000000000007 2.5000000000000004 5.5000000000000009 0 1 945.50000000000011 2 219.00000000000003 3 4 5 6 6.5000000000000009 1107.5000000000002 7 8 9 10 11 12 13 14 15 16 45.000000000000007 4215.0000000000009 17 18 19 20
decision_type=2 2 2 9 9 2 9 2 9 9 9 9 2 2 9 1 9 9 9 9 9 9 9 9 2 2 9 9 9 9
left_child=2 3 6 4 16 9 22 -5 26 10 -3 -4 17 14 15 -14 24 19 -19 -10 -8 -11 -1 -12 -2 29 -7 -20 -15 -9
right_child=1 5 11 7 -6 8 20 25 12 21 23 -13 13 28 -16 -17 -18 18 27 -21 -22 -23 -24 -25 -26 -27 -28 -29 -30 -31
leaf_value=-5.9690413257819905 6.3845435763406009 -4.1296136032828592 1.4109278576504909 -3.2961480036433559 -0.31014709989025152 9.6526197776839293 -5.0630247379274635 0.53057552944430397 6.1277284104956822 -3.7820967087273241 -0.53784244637120726 -4.6898614177589328 32.650904772883877 10.953367136233517 2.2723626453746912 6.9591555536021845 3.4006328139601076 -3.5989804617001546 1.5824882910314033 -0.26127910210812882 -7.4146585796883571 -1.192698890711148 -0.52361578080660154 2.8236850282713006 4.68087224194415 205.95714847405708 3.0474185102341234 -1.1043187221699426 -0.85785769020994129 -1.0829305667789073
leaf_weight=11278 57 8255 13643 43012 9731 4564 17078 6783 4139 15244 9293 54015 1752 1520 5930 3878 959 11022 9598 5579 100443 44419 13070 16586 1655 20 8419 15560 11658 15858
leaf_count=11278 57 8255 13643 43012 9731 4564 17078 6783 4139 15244 9293 54015 1752 1520 5930 3878 959 11022 9598 5579 100443 44419 13070 16586 1655 20 8419 15560 11658 15858
internal_value=-0.00320177 -0.00127993 -0.00554521 -0.00419789 0.00266516 4.1686e-06 -0.00685908 -0.00549351 0.00181908 -0.00161381 0.000933104 -0.00279021 0.000941877 0.00371978 0.0074654 0.0128369 0.0153264 -0.000555146 -0.00163858 0.00347656 -0.00762956 -0.00307057 -0.00313573 0.00266561 0.0218815 -0.0021804 0.00658585 7.92277e-07 0.000434054 -0.00226183
internal_weight=465018 255491 209527 78075 12402 177416 141869 65673 83619 93797 34134 67658 70636 24738 11560 5630 2671 45898 36180 9718 117521 59663 24348 25879 1712 22661 12983 25158 13178 22641
internal_count=465018 255491 209527 78075 12402 177416 141869 65673 83619 93797 34134 67658 70636 24738 11560 5630 2671 45898 36180 9718 117521 59663 24348 25879 1712 22661 12983 25158 13178 22641
cat_boundaries=0 4 8 12 17 19 23 27 28 29 31 33 38 42 46 51 55 59 63 67 71 75
cat_threshold=2148543533 30855 2971927344 2147553538 1077936128 537397249 1142948800 16777219 1078006088 545375798 87180032 12583443 309334020 1073911299 857735570 2969571588 2 1644312454 8 155280417 1276192064 155193344 114329732 3322478924 2955019270 553787460 4719387 2350383112 34 1074007113 2 2736982530 20 573578 107290848 1082296864 142616272 1 8389377 145316628 1409482758 68371216 2825920592 134618245 562173730 2684387330 67158275 105185556 3230681088 13209228 1 1110442308 76087348 1287258631 5673 173670658 45815088 134287492 1879119936 304716874 529920 2751793990 8388874 2382513482 281018500 2284978176 154693720 4289096 131842 6887440 2654785 157337858 2428552918 2181169156 26288384
is_linear=0
shrinkage=0.1


Tree=22
num_leaves=31
num_cat=21
split_feature=0 3 3 8 8 9 0 9 9 9 8 6 6 8 9 8 7 9 8 11 9 11 2 9 8 9 4 3 8 8
split_gain=183.388 89.4115 73.8903 66.5119 48.9349 42.856 39.8395 33.2457 33.2015 31.843 28.3954 28.3737 32.7829 25.8242 25.1848 24.8529 23.3996 24.4325 22.8553 20.7021 20.2434 18.5462 17.4751 16.8116 15.2358 15.188 15.0963 14.6924 14.0441 13.5691
threshold=27.000000000000004 2.5000000000000004 3.5000000000000004 0 1 2 225.00000000000003 3 4 5 6 1006.5000000000001 1113.5000000000002 7 8 9 10 11 12 13 14 15 51.000000000000007 16 17 18 135.00000000000003 7.5000000000000009 19 20
decision_type=2 2 2 9 9 9 2 9 9 9 9 2 2 9 9 9 1 9 9 9 9 9 10 9 9 9 2 2 9 9
left_child=2 3 10 8 9 13 14 -4 -2 18 -1 15 16 -6 26 27 17 24 -3 25 -17 -9 -23 -8 -13 -14 28 -7 -5 -18
right_child=1 4 7 6 5 11 23 21 -10 -11 -12 12 19 -15 -16 20 29 -19 -20 -21 -22 22 -24 -25 -26 -27 -28 -29 -30 -31
leaf_value=-2.9064191635875916 6.801606993528357 18.362437105020593 -6.6458846884228171 3.4532800616835937 -4.8690909633703727 -2.3221975808498114 0.82946938427386641 0.97284798526863969 0.62279460248840135 1.7991459061962052 -7.05003595864126 3.01249436551422 23.485533798879359 -1.146014595037804 -3.1287732032790161 2.168750445952297 4.9485401752263156 4.5345662560822868 8.4216924857725601 -0.42406888909075874 -0.46828154986681014 -4.4671465006366873 1.327977158188222 -0.91993503225500417 18.636970778597462 5.9704393094865713 -2.2675129299449455 0.22740892840614346 -2.4688350928117053 0.15103827265807579
leaf_weight=11822 1029 266 26426 1106 15138 20372 6084 10779 7842 10261 82276 776 497 25006 43659 12242 5117 3219 5022 28754 37707 61648 6498 17062 2345 1476 3495 8518 631 7945
leaf_count=11822 1029 266 26426 1106 15138 20372 6084 10779 7842 10261 82276 776 497 25006 43659 12242 5117 3219 5022 28754 37707 61648 6498 17062 2345 1476 3495 8518 631 7945
internal_value=-0.00312134 -0.00140035 -0.00541286 -0.0041724 -0.000185802 -0.000679512 -0.00517815 -0.0035938 0.00399617 0.00518092 -0.00744947 0.000208715 0.00206886 -0.0035324 -0.00679696 -0.000974013 0.00528708 0.0102677 0.0114798 3.67731e-05 0.000376506 -0.00256477 -0.00317448 -0.001761 0.016573 0.00991931 -0.000232738 -0.00330796 0.0073863 0.00285954
internal_weight=465018 265569 199449 80908 184661 169112 72037 105351 8871 15549 94098 128968 50129 40144 48891 78839 19402 6340 5288 30727 49949 78925 68146 23146 3121 1973 5232 28890 1737 13062
internal_count=465018 265569 199449 80908 184661 169112 72037 105351 8871 15549 94098 128968 50129 40144 48891 78839 19402 6340 5288 30727 49949 78925 68146 23146 3121 1973 5232 28890 1737 13062
cat_boundaries=0 4 8 12 17 21 25 29 33 37 41 42 46 50 52 56 58 62 66 71 74 78
cat_threshold=1614889232 579405841 2200929216 16778243 538972488 281281030 19763028 524827 67162368 107413808 1213320224 8914640 8438022 877658920 1081100864 3017408 1 525312 1 554697504 2147496192 67109889 3542160448 3791651234 3489697059 1080053832 1082181139 85206976 12583443 185673761 220275137 0 128200004 2147485836 34615428 293605504 536870914 21061665 1275082048 1346375691 106190980 34 2300837920 696292866 18874518 203833346 0 8388608 320 10 2197913730 7 319030285 1074272459 335675536 2169516295 2197985541 25 2194020908 3391267972 1342177410 1744830470 287232 1159881984 574623744 67111168 36708352 5250 131200 554958848 1 0 2147614720 1677721600 2408221703 3389555712 3355574408 28311680
is_linear=0
shrinkage=0.1


Tree=23
num_leaves=31
num_cat=21
split_feature=1 3 3 8 9 0 9 11 0 9 0 0 9 9 9 8 8 9 8 8 9 6 6 8 8 9 9 8 9 8
split_gain=165.716 76.08 73.6022 67.4162 54.8191 43.5081 33.6939 33.0087 32.2962 29.3777 28.7185 21.4067 20.7123 20.4888 20.1696 22.4468 18.6998 16.7924 16.7145 16.5996 14.7606 14.4446 14.3815 15.4401 13.5646 13.0181 12.5419 11.3843 11.0562 10.7492
threshold=51.000000000000007 2.5000000000000004 4.5000000000000009 0 1 255.00000000000003 2 3 369.00000000000006 4 3303.0000000000005 1.0000000180025095e-35 5 6 7 8 9 10 11 12 13 483.50000000000006 503.50000000000006 14 15 16 17 18 19 20
decision_type=8 2 2 9 9 2 9 9 2 9 2 2 9 9 9 9 9 9 9 9 9 2 2 9 9 9 9 9 9 9
left_child=1 13 3 6 29 9 16 12 14 19 25 17 -6 -1 -4 -16 -2 -9 -13 -5 -10 -17 -14 -24 -19 -7 -11 -28 -20 -3
right_child=2 4 8 5 7 10 -8 11 20 26 -12 18 22 -15 15 21 -18 24 28 -21 -22 -23 23 -25 -26 -27 27 -29 -30 -31
leaf_value=-2.2659370526854197 10.693357692926405 1.1304230174658738 -4.680703301334928 -1.8531138329636265 -3.4032925073308671 -1.9359283550240871 0.64767689454451127 -6.637115706003633 14.422053229668192 -4.1279937887418443 185.12887804013644 1.759223569037963 -3.2406455684985964 -5.878740262162542 5.9307405809319569 -3.5309094555262144 4.4349945921656229 1.328082544941829 -3.5287816074635732 0.7810279892437505 3.0492906284114669 0.3381426690181375 -1.5210524133339258 5.1592844931343693 -4.7239483333168506 0.073910006118277027 -0.92880401308789351 -2.6438848462578282 -0.49924161489676555 -5.9452896893177156
leaf_weight=8090 153 1721 10157 12927 5660 7928 14768 24605 3246 22407 51 6325 2092 56736 5846 5673 1987 5209 17584 9065 13156 70496 3054 8383 26485 26247 12661 24866 16517 40923
leaf_count=8090 153 1721 10157 12927 5660 7928 14768 24605 3246 22407 51 6325 2092 56736 5846 5673 1987 5209 17584 9065 13156 70496 3054 8383 26485 26247 12661 24866 16517 40923
internal_value=-0.00304479 -0.00500815 -0.00122971 -0.00280626 -0.00382813 -0.00366488 0.00309256 -0.00269953 0.000702376 -0.00491615 -0.000670837 -0.00345118 0.00108912 -0.00789437 -2.51727e-05 0.000495578 0.0147907 -0.00471216 -0.00169594 -0.00178711 0.00479088 3.68844e-05 0.00321368 0.00461047 -0.00318698 -0.000782738 -0.00606299 -0.00494099 -0.00257131 -0.00689361
internal_weight=465018 223384 241634 133060 158558 116152 16908 115914 108574 81926 34226 96725 19189 64826 92172 82015 2140 56299 40426 21992 16402 76169 13529 11437 31694 34175 59934 37527 34101 42644
internal_count=465018 223384 241634 133060 158558 116152 16908 115914 108574 81926 34226 96725 19189 64826 92172 82015 2140 56299 40426 21992 16402 76169 13529 11437 31694 34175 59934 37527 34101 42644
cat_boundaries=0 4 9 13 15 19 23 27 31 35 39 43 47 51 55 59 63 68 73 77 81 84
cat_threshold=1614827776 545852965 2183570372 523 1074446592 2791309608 2286966816 1076757184 1 1049600 3 2734686976 1342178560 2197993860 9 2161123484 167818375 2441482274 536887554 75497605 286360272 2228224 8455209 2151689252 153602 830738432 2684420099 1073766662 71565348 146854416 8389344 1151408458 268435970 2623940 20971531 0 1 0 10 398460422 269058581 1084293184 22095913 41997642 4326022 536928405 18974288 2425442 3543138624 272700419 9456912 3281419 1076370640 822214816 2688659713 2281734659 138816130 138448902 9917056 34342724 805306386 606134368 66138 336151873 4456448 1255233600 281026128 1 1090535681 3229155600 137447488 1356867152 1 2149747778 39862418 872483840 7544848 76546595 269296148 1350631488 139570232 2147487816 2149056514 16384
is_linear=0
shrinkage=0.1


Tree=24
num_leaves=31
num_cat=23
split_feature=0 3 3 8 9 8 0 8 9 8 9 6 11 8 9 8 9 11 6 8 7 9 8 9 2 8 9 10 9 9
split_gain=162.602 84.5498 63.7564 55.043 41.3058 40.174 39.3363 35.5526 29.2549 28.9822 24.9375 23.0255 23.3327 22.8099 21.7289 19.8837 18.763 18.4029 16.6645 21.1101 17.8312 15.6905 15.2873 15.0782 14.1397 14.0753 13.7986 13.6147 13.4361 13.4238
threshold=15.000000000000002 2.5000000000000004 5.5000000000000009 0 1 2 219.00000000000003 3 4 5 6 945.50000000000011 7 8 9 10 11 12 1119.5000000000002 13 14 15 16 17 891.00000000000011 18 19 20 21 22
decision_type=2 2 2 9 9 9 2 9 9 9 9 2 9 9 9 9 9 9 2 9 1 9 9 9 10 9 9 9 9 9
left_child=2 3 7 8 9 13 10 23 -2 -3 -5 17 14 -6 -13 -4 -9 22 19 -14 21 -21 -7 -1 -15 -11 -19 -28 -20 -8
right_child=1 4 15 6 5 11 29 16 -10 25 -12 12 18 24 -16 -17 -18 26 28 20 -22 -23 -24 -25 -26 -27 27 -29 -30 -31
leaf_value=1.9841369207457096 4.4483185272115406 -4.2573054114949382 1.3740098368993252 -0.75918895469745007 14.584317949774812 4.4654203553475105 0.6443376546306443 -4.4868889028055632 0.072421543699044841 4.5694178432866419 -2.7887253483378434 12.558521539267101 -1.4199232772758528 3.6118444492378381 0.96297853045381088 -4.1190338456603461 -6.6690262249746626 -2.6795998861104953 1.9616120247473299 0.59770090922020702 1.3024842024085737 9.8936043164109435 -0.069394637502480913 -4.4328654839613977 49.524441091639886 -1.1468024687541685 2.2280097509187793 -0.92008970430700099 -1.4427460975176296 -0.78638954585045928
leaf_weight=4640 2098 18826 10197 9465 338 3334 6642 17365 6127 3879 45053 2912 7141 12321 2649 47333 84601 13119 7758 1875 14010 4553 5659 13692 394 29797 4544 46563 20522 17611
leaf_count=4640 2098 18826 10197 9465 338 3334 6642 17365 6127 3879 45053 2912 7141 12321 2649 47333 84601 13119 7758 1875 14010 4553 5659 13692 394 29797 4544 46563 20522 17611
internal_value=-0.00295339 -0.00148195 -0.00532976 -0.00408479 -0.000350862 0.00050561 -0.00489725 -0.00663918 0.00369763 -0.00275975 -0.00638835 -8.09751e-06 0.00141973 0.00580035 0.00759109 -0.00259169 -0.00736801 -0.00120584 0.000803842 0.00255303 0.0041872 0.00854613 0.00302899 -0.00257987 0.00510412 -0.0010022 -0.00179899 -0.00105582 -0.0009017 -0.00154744
internal_weight=465018 287190 177828 86996 200194 147692 78771 120298 8225 52502 54518 134639 61420 13053 5561 57530 101966 73219 55859 27579 20438 6428 8993 18332 12715 33676 64226 51107 28280 24253
internal_count=465018 287190 177828 86996 200194 147692 78771 120298 8225 52502 54518 134639 61420 13053 5561 57530 101966 73219 55859 27579 20438 6428 8993 18332 12715 33676 64226 51107 28280 24253
cat_boundaries=0 4 9 13 17 21 25 29 31 35 39 43 47 49 53 54 58 62 67 71 75 77 82 86
cat_threshold=1614889232 545851921 2200863680 20972547 536920448 71639344 1220664352 8914640 1 35691848 8651266 19500884 20971595 1074090056 1619117619 68315904 8389139 1573921 6147 554173216 2147496200 170929411 251666817 134250560 128196932 2318404108 2182099078 3514830848 536870914 2734688258 7 0 8388608 1856 10 370807298 2449478848 2419196096 135534595 3322478924 807552006 538071360 4784666 3360694344 134618247 2173044514 2684387330 33567110 8 286597664 170058824 306188417 67178148 34 383264258 2449997825 2418016328 22085632 335544320 2166538248 2181038082 17680 139537960 1073886336 562036736 671121426 2 2684354560 12582948 264452 524816 69337600 35782662 2184183808 541427756 2322073603 4 22095429 1879230983 0 3026358528 2 2254838316 2317526148 2416050178 1744830470
is_linear=0
shrinkage=0.1


Tree=25
num_leaves=31
num_cat=22
split_feature=1 3 3 8 9 0 9 9 9 9 9 0 8 8 11 6 11 8 8 11 6 8 7 6 8 9 10 9 8 9
split_gain=144.215 77.6313 59.9889 52.4525 50.6113 38.7943 29.0612 25.364 23.8621 22.4256 21.8516 20.494 19.3382 19.3035 22.114 18.1493 17.5774 17.0036 16.678 16.675 16.1351 19.2934 17.9382 16.5924 15.3943 14.8371 13.2398 13.1727 13.0345 12.6461
threshold=51.000000000000007 2.5000000000000004 4.5000000000000009 0 1 219.00000000000003 2 3 4 5 6 4215.0000000000009 7 8 9 817.50000000000011 10 11 12 13 1170.5000000000002 14 15 1017.5000000000001 16 17 18 19 20 21
decision_type=8 2 2 9 9 2 9 9 9 9 9 2 9 9 9 2 9 9 9 9 2 9 1 2 9 9 9 9 9 9
left_child=1 9 3 7 -3 8 -6 17 -5 28 18 27 -10 -8 -15 -12 25 -2 -4 -14 21 -18 -23 -24 -22 -17 -16 -7 -1 -21
right_child=2 4 10 5 6 11 13 -9 12 -11 15 -13 19 14 26 16 20 -19 -20 29 24 22 23 -25 -26 -27 -28 -29 -30 -31
leaf_value=2.463082470059204 9.2986287787920077 -5.0423174989689645 11.850218658524712 -3.995060927650167 -3.2144181696793055 -1.9091333348576875 -2.864652360450143 0.48883620975687203 -2.4881969123906194 -5.0199862803080979 -1.233893953801827 169.60674986425366 1.2384933031357961 -2.3103093961012453 5.1574125994140294 -6.7469948254156868 -1.70599886451747 3.9619462155212433 3.0444524515661775 -0.057378930389608285 12.328311503763649 0.27090752906094512 2.9477862863464535 9.4035425713823066 -1.7760712707061288 0.13822868612803554 0.57042252924113945 -0.020097419517190233 -3.6387959454936869 -1.8357240620408732
leaf_weight=1652 153 41649 1842 18103 56016 8319 22809 14518 22141 50235 37977 33 5319 13674 6683 3983 5184 2029 9343 10168 1126 9084 10369 9811 11220 8635 17727 33154 12939 19123
leaf_count=1652 153 41649 1842 18103 56016 8319 22809 14518 22141 50235 37977 33 5319 13674 6683 3983 5184 2029 9343 10168 1126 9084 10369 9811 11220 8635 17727 33154 12939 19123
internal_value=-0.00286501 -0.00469658 -0.00117177 -0.00259507 -0.00350459 -0.00334708 -0.0024375 0.00264512 -0.00470703 -0.00761207 0.00057251 -0.000895295 -0.00369638 -0.000924916 0.000453087 9.1477e-05 0.00118292 0.0126734 0.00475659 -0.00221837 0.00207589 0.00318799 0.00418323 0.00584448 -0.00102544 -0.00212861 0.00225634 -0.000957975 -0.00415109 -0.00315382
internal_weight=465018 223384 241634 133060 158558 116360 116909 16700 74854 64826 108574 41506 56751 60893 38084 97389 59412 2182 11185 34610 46794 34448 29264 20180 12346 12618 24410 41473 14591 29291
internal_count=465018 223384 241634 133060 158558 116360 116909 16700 74854 64826 108574 41506 56751 60893 38084 97389 59412 2182 11185 34610 46794 34448 29264 20180 12346 12618 24410 41473 14591 29291
cat_boundaries=0 4 9 13 17 22 26 31 35 39 41 42 46 50 52 56 57 61 65 67 72 75 79
cat_threshold=1614827776 550047271 2150007748 523 1074446592 2254438696 2286966816 1076765376 1 67114115 806461969 1117880384 286329913 1049632 3 2734686976 1342178560 1358971139 1079705608 137447488 1352672880 1 2289052708 17979394 1904611328 3892379651 19994681 1074273347 570425762 2755668224 2 280240167 1158689096 406868003 67132416 2153777674 1125259456 2285901827 52719649 945618959 4 410529925 0 1 0 10 2162690 1073742336 3238103376 1048602 50377091 10 3171360 1174644009 273160209 58761252 17 86577736 133635 6953220 66048 147326530 2252342176 1359120384 403313299 1074532871 8 269043073 4735048 1247893568 281021040 1 1073762320 163843 84148356 2152865792 18918913 2147749930 553846787
is_linear=0
shrinkage=0.1


Tree=26
num_leaves=31
num_cat=23
split_feature=0 3 3 8 9 0 8 9 9 8 10 8 8 9 9 9 3 9 8 4 11 9 8 8 9 1 8 9 9 8
split_gain=143.647 68.4536 66.4631 51.1878 35.2769 34.5096 28.0102 29.0265 27.8994 27.6622 26.7087 29.355 25.8758 21.6326 20.3254 18.192 15.7418 16.1516 16.1898 14.5046 13.9054 13.554 13.3269 13.1244 12.5598 12.7831 12.4952 11.8082 11.1532 10.4504
threshold=15.000000000000002 2.5000000000000004 3.5000000000000004 0 1 207.00000000000003 2 3 4 5 6 7 8 9 10 11 11.500000000000002 12 13 135.00000000000003 14 15 16 17 18 135.00000000000003 19 20 21 22
decision_type=2 2 2 9 9 2 9 9 9 9 9 9 9 9 9 9 2 9 9 2 9 9 9 9 9 10 9 9 9 9
left_child=2 3 12 13 9 14 7 -6 -4 -3 11 -8 24 -2 19 -13 17 -10 -19 26 23 -12 -7 -11 -1 -26 -5 -14 -24 -16
right_child=1 4 8 5 6 22 10 -9 16 20 21 15 27 -15 29 -17 -18 18 -20 -21 -22 -23 28 -25 25 -27 -28 -29 -30 -31
leaf_value=2.2890206313963204 9.5875232816001947 0.8331237206134956 -5.7213753825796205 2.7655199750457364 -3.339163828027909 -1.391499951490641 4.7800854117131264 0.48023169850319097 -4.6083362556975747 0.87797411914908641 0.58496525735238014 3.2910363104042952 -4.6523740288360242 0.57565980775014181 -1.5127792451470583 0.17946181230623276 1.0969260288757401 -5.3704048343994097 -0.15538951575579024 -1.626826143265532 -3.7807832558976298 -1.3857935273128206 1.2571471272020718 -2.5669357142783644 -4.8733642805944388 5.0111355173385812 -0.88804836159360934 -6.0645641661294363 -0.38135388742213405 -3.2927489490718784
leaf_weight=3193 272 14722 23544 1322 16890 8346 10883 19623 20985 8269 25316 14233 17118 10470 15869 32159 13262 11543 24805 8810 22125 23488 4100 12486 7624 289 980 55465 12661 24166
leaf_count=3193 272 14722 23544 1322 16890 8346 10883 19623 20985 8269 25316 14233 17118 10470 15869 32159 13262 11543 24805 8810 22125 23488 4100 12486 7624 289 980 55465 12661 24166
internal_value=-0.0027706 -0.00138759 -0.00500416 -0.0037296 -0.000369844 -0.00463968 0.000473904 -0.00191469 -0.00318136 -0.00245817 0.00129617 0.00276076 -0.00705457 0.00273251 -0.00613076 0.00166329 -0.00218611 -0.00290461 -0.0016277 -0.00233951 -0.00374213 -0.000422832 -0.00160394 -0.00188057 -0.00255128 -0.00468636 0.00472632 -0.00774221 2.3252e-05 -0.00718067
internal_weight=465018 287190 177828 86996 200194 76254 142592 36513 94139 57602 106079 57275 83689 10742 51147 46392 70595 57333 36348 11112 42880 48804 25107 20755 11106 7913 2302 72583 16761 40035
internal_count=465018 287190 177828 86996 200194 76254 142592 36513 94139 57602 106079 57275 83689 10742 51147 46392 70595 57333 36348 11112 42880 48804 25107 20755 11106 7913 2302 72583 16761 40035
cat_boundaries=0 4 9 13 17 22 26 28 32 36 40 44 48 52 56 58 62 66 70 74 78 82 86 90
cat_threshold=1749106960 579405841 2200863680 4195331 536920448 73736480 1216470048 143132368 1 286531621 1812148296 1414533161 33818756 1309147649 2147484164 2148532288 544581673 574724 340820776 1089488896 1093405376 1 2215526976 12714022 1193675028 754200 2858976971 4 136320328 10764416 2688852 22053147 1080053832 1082183187 87304128 8388627 525312 0 537395712 8448 2384726542 2182099078 1367347360 1611665410 2175799897 3221232835 823132292 17862920 1451360259 536936529 2315326168 68363560 4358145 38285760 2303202327 19033121 2164759320 29 151258113 3087702528 269484098 3828818181 270271012 83923208 411043889 34230524 301989888 2151153680 0 19712 138423336 6148 562036736 671121410 8519680 2147614720 1677721600 131072 2320515096 151134339 1149637672 75568162 2361528844 2701173380 8388768 1073741826 2231405088 2434811078 134283276 9740552
is_linear=0
shrinkage=0.1


Tree=27
num_leaves=31
num_cat=22
split_feature=0 3 3 8 0 6 3 8 9 8 9 9 9 8 9 9 11 9 8 9 8 6 9 4 8 9 7 10 9 8
split_gain=132.302 71.5259 56.1257 46.352 35.9944 34.7425 30.725 32.0144 26.9762 24.3166 24.3058 24.1611 23.2733 22.5615 20.3123 19.7507 18.8173 15.6984 15.5695 14.6376 13.332 13.0798 13.0705 13.0361 14.4775 11.9393 11.5306 12.0802 10.9978 10.9642
threshold=1.0000000180025095e-35 2.5000000000000004 3.5000000000000004 0 177.00000000000003 793.50000000000011 8.5000000000000018 1 2 3 4 5 6 7 8 9 10 11 12 13 14 463.50000000000006 15 135.00000000000003 16 17 18 19 20 21
decision_type=2 2 2 9 2 2 2 9 9 9 9 9 9 9 9 9 9 9 9 9 9 2 9 2 9 9 1 9 9 9
left_child=2 3 9 10 12 13 7 11 -4 25 -2 -7 23 22 29 -9 -16 -15 -17 -6 -10 -19 -3 24 -5 -1 -22 -28 -11 -8
right_child=1 5 8 4 19 6 14 15 20 28 -12 -13 -14 17 16 18 -18 21 -20 -21 26 -23 -24 -25 -26 -27 27 -29 -30 -31
leaf_value=-5.8313231110565162 3.5194228538763017 0.28669457326800457 -5.4255511355219177 3.5924271397818588 -1.7359635931407302 7.8744707850294864 6.3366100023346341 -2.268361707057664 -5.1625414528689335 -3.9343397360504611 -0.020204365051474063 0.94132949516377185 -2.7115312356643444 1.5002981075642046 1.8602967314800862 -1.3746417842946679 8.0277533389905837 -3.0949658412489791 0.52089390007173086 -0.090527974481100212 -4.3571587855064253 -0.68533341814934545 -3.582230452574843 -1.7089300960704195 -0.42840509687085682 0.35416297102501515 5.3196304840286572 -0.91787421350754927 -6.3115312356643445 -2.6739057700962263
leaf_weight=4064 2256 3566 22290 1155 8688 3476 3583 18174 11946 10683 8284 10839 40284 8949 11271 24823 12087 8062 40401 21215 15053 46171 16562 9516 2077 5775 2374 30410 51948 9036
leaf_count=4064 2256 3566 22290 1155 8688 3476 3583 18174 11946 10683 8284 10839 40284 8949 11271 24823 12087 8062 40401 21215 15053 46171 16562 9516 2077 5775 2374 30410 51948 9036
internal_value=-0.00267792 -0.00148788 -0.00506869 -0.00380048 -0.00459401 -0.000491707 0.000507141 -0.000412742 -0.00327794 -0.00709673 0.0024455 0.00395462 -0.00615893 -0.00209459 0.00300553 -0.00116272 0.00475094 -0.00116502 -0.000350127 -0.00182022 -0.00216965 -0.0018054 -0.00500944 -0.00242828 0.00305693 -0.00246624 -0.00142266 -0.000370192 -0.00782251 -0.000228841
internal_weight=465018 310475 154543 93475 82935 217000 133690 97713 82073 72470 10540 14315 53032 83310 35977 83398 23358 63182 65224 29903 59783 54233 20128 12748 3232 9839 47837 32784 62631 12619
internal_count=465018 310475 154543 93475 82935 217000 133690 97713 82073 72470 10540 14315 53032 83310 35977 83398 23358 63182 65224 29903 59783 54233 20128 12748 3232 9839 47837 32784 62631 12619
cat_boundaries=0 4 8 13 17 21 26 30 34 38 42 44 48 52 56 60 64 68 73 74 76 80 84
cat_threshold=1749106960 550045713 2200798144 4195331 2167112 1082197636 2164755012 138519051 34259200 609223464 1089488960 19794624 1 1078218824 1082183187 84944840 8912915 1573921 6147 555221760 2147496200 2097152 3273661952 1627390338 1880097824 1 2385644044 34779142 2441089186 1611665410 352912417 1275143488 1426165800 34867332 142631812 71573888 142657544 684196602 1074282627 2237988896 1215350880 1085277888 2556371975 16 1367608843 3221749960 2956989232 2148049184 1079255073 1006645601 373297443 1198212 591168 541589520 173101120 487103225 285212672 139243721 138416312 60869796 2151950340 26804296 4194324 209851395 0 2181169152 1140981760 16384 1076101440 557907987 1143026306 67114241 1 5 1074266115 8 2153009176 16921603 1149637674 612373762 2525495296 284164096 425984 525584
is_linear=0
shrinkage=0.1


Tree=28
num_leaves=31
num_cat=20
split_feature=0 3 9 0 0 6 9 11 9 8 0 0 8 8 1 10 10 8 9 8 8 9 9 8 11 8 3 8 2 8
split_gain=122.077 111.116 51.393 42.889 31.4182 31.2134 31.1909 27.7501 25.2162 22.1454 21.3572 21.1564 28.4809 19.8199 19.0312 18.7626 18.2959 17.8021 17.6555 17.5269 17.2064 14.9623 14.7755 14.4343 13.7876 13.5368 12.9061 12.1355 11.8041 11.6018
threshold=111.00000000000001 1.5000000000000002 0 4215.0000000000009 525.00000000000011 463.50000000000006 1 2 3 4 567.00000000000011 -20.999999999999996 5 6 117.00000000000001 7 8 9 10 11 12 13 14 15 16 17 4.5000000000000009 18 99.000000000000014 19
decision_type=2 2 9 2 2 2 9 9 9 9 2 2 9 9 10 9 9 9 9 9 9 9 9 9 9 9 2 9 10 9
left_child=1 6 20 4 8 15 14 22 24 26 13 17 25 -6 -1 -4 -12 28 19 -11 -3 -18 -7 -14 -2 -13 -10 -8 -9 -20
right_child=3 2 5 -5 10 7 27 11 9 18 16 12 23 -15 -16 -17 21 -19 29 -21 -22 -23 -24 -25 -26 -27 -28 -29 -30 -31
leaf_value=-2.28875128696862 -1.1361975575983057 -1.1120452953205744 13.423188782955453 150.02571204252715 5.0277320349716517 2.9752558958840569 -2.2802186220934373 -1.4711520355589531 -1.2362753738194889 5.0441217755704688 -1.0882244136293138 22.999567135783458 -2.3539712575378888 1.6566119589389801 2.7418703229138663 -4.5102844826708219 13.418939155580876 -4.8388889366534507 -0.58415682914772971 1.2403667867960271 -3.8439173706274596 2.448680890391167 -0.68365997401757628 -0.22780396123589158 -7.1950324285018459 4.2383343100130979 -0.10379490682417099 -3.7650755722273588 10.588025585692064 0.41953122896307699
leaf_weight=13078 6763 11183 407 73 1083 14825 17151 12908 20456 1976 6951 223 22666 1754 971 16327 2366 30922 34523 12262 52051 8015 12122 51783 8509 2976 13607 48160 615 38312
leaf_count=13078 6763 11183 407 73 1083 14825 17151 12908 20456 1976 6951 223 22666 1754 971 16327 2366 30922 34523 12262 52051 8015 12122 51783 8509 2976 13607 48160 615 38312
internal_value=-0.00260394 -0.00375876 -0.00264131 -0.000330676 -0.000366404 -0.00171573 -0.00698337 -0.00125604 -0.000911093 -0.000428081 0.00331747 -0.00189701 -0.000901249 0.0113606 -0.00270219 -0.00581093 0.00200092 -0.00363708 0.000417645 0.003637 -0.00506673 0.00465691 0.00164818 -0.00129857 -0.00473891 0.00832346 -0.00258944 -0.00790267 -0.000608145 -0.000212097
internal_weight=465018 308368 229008 156650 156577 165774 79360 149040 136408 121136 20169 122093 77648 2837 14049 16734 17332 44445 87073 14238 63234 10381 26947 74449 15272 3199 34063 65311 13523 72835
internal_count=465018 308368 229008 156650 156577 165774 79360 149040 136408 121136 20169 122093 77648 2837 14049 16734 17332 44445 87073 14238 63234 10381 26947 74449 15272 3199 34063 65311 13523 72835
cat_boundaries=0 5 9 11 15 19 23 27 29 31 35 39 43 47 51 56 60 62 66 70 74
cat_threshold=1073922306 105972016 1079044160 2951880 1 2152737853 139266 1636566816 536875267 2200082694 29 1610637760 71565360 1321334816 276826816 4465189 220311912 273698851 33947780 2169088 276892192 3769300 523 185860609 202514704 1143046144 2276096 2051 8 743180428 10 3222093828 680544546 16927040 5767963 20317241 1645238341 553649042 603984130 1091077186 8388611 2231894592 1573402 3238006856 3515940870 824443157 71389184 1048869 1076302928 2709521026 2164326667 139471432 134495430 411172994 134266898 2 83894305 1828909120 121638953 33642644 2198317890 26 4096 8388608 516 10 2315406080 2153924166 2282717192 1048576 816906240 3222406145 1291853972 81846048
is_linear=0
shrinkage=0.1


Tree=29
num_leaves=31
num_cat=20
split_feature=0 3 3 9 8 9 9 0 8 9 0 2 4 9 8 9 9 9 8 10 10 11 8 7 6 7 1 11 11 4
split_gain=116.018 62.5851 56.1466 38.1576 38.0247 37.9955 30.723 26.622 23.8358 24.1084 23.1611 19.8693 19.6046 19.3155 19.4831 19.0327 17.7666 14.1091 13.7199 13.0236 12.7636 16.7827 13.767 12.9231 12.4578 13.2587 11.7396 11.0203 10.7152 14.4122
threshold=9.0000000000000018 1.5000000000000002 2.5000000000000004 0 1 2 3 327.00000000000006 4 5 333.00000000000006 3213.0000000000005 105.00000000000001 6 7 8 9 10 11 12 13 14 15 16 454.50000000000006 17 -1.0000000180025095e-35 18 19 45.000000000000007
decision_type=2 2 2 9 9 9 9 2 9 9 2 10 2 9 9 9 9 9 9 9 9 9 9 1 2 1 8 9 9 2
left_child=1 16 3 18 12 -3 -4 8 9 -8 17 20 -5 26 -15 19 -1 27 -2 -10 21 22 23 -9 -16 -26 -7 -6 29 -20
right_child=2 5 6 4 10 13 7 11 15 -11 -12 -13 -14 14 24 -17 -18 -19 28 -21 -22 -23 -24 -25 25 -27 -28 -29 -30 -31
leaf_value=-3.4302092326795299 -0.30036009963838217 -4.5185741317840993 -7.7007723080994497 2.2288845953938448 0.25487472312771536 -4.3511092475377087 0.92067114268590555 25.453525747814837 2.3469454928006086 -2.2798607274484857 -0.24910020658460327 75.681979907661329 -0.50572511359868855 3.2890125417885372 -6.4789809929202811 0.60249521908772996 -5.8222503100920697 -3.089370474138494 6.4432413873352266 -1.4862662874041637 0.0060910929013465462 0.31967155779673551 4.8989639092643635 7.548406455684689 1.4645475114441107 -2.5631018347750025 -1.6252415563643898 -1.2880059199892173 0.74716978721673455 2.6800018343106284
leaf_weight=10066 8457 33769 10221 1650 3052 24138 12073 758 5224 33620 9416 97 18667 7219 4041 77538 31739 26061 69 39023 12986 7563 7246 2145 10869 28446 16052 17912 3157 1744
leaf_count=10066 8457 33769 10221 1650 3052 24138 12073 758 5224 33620 9416 97 18667 7219 4041 77538 31739 26061 69 39023 12986 7563 7246 2145 10869 28446 16052 17912 3157 1744
internal_value=-0.00251427 -0.00463085 -0.00133552 -0.00342019 -0.00428017 -0.003507 -0.00043378 -0.000158009 -0.000654894 -0.00260224 -0.00561567 0.00254424 -0.000569196 -0.00244065 -0.00113967 7.59449e-05 -0.00797871 -0.00652313 0.0014981 -0.00157874 0.00240146 0.00414626 0.00680283 0.0126227 -0.00194069 -0.00139769 -0.00407712 -0.00458377 0.00566265 0.0117773
internal_weight=465018 166339 298679 90185 76758 124534 208494 198273 167478 45693 56441 30795 20317 90765 50575 121785 41805 47025 13427 44247 30698 17712 10149 2903 43356 39315 40190 20964 4970 1813
internal_count=465018 166339 298679 90185 76758 124534 208494 198273 167478 45693 56441 30795 20317 90765 50575 121785 41805 47025 13427 44247 30698 17712 10149 2903 43356 39315 40190 20964 4970 1813
cat_boundaries=0 4 8 13 17 21 26 30 34 39 43 47 51 52 54 56 60 61 62 64 66
cat_threshold=269494332 63623 2704016176 2147553538 2885896962 2160739926 33783812 135331842 1073922306 877658920 1081108544 1076757184 1 16512 71565344 134268960 8389312 290529317 1291923777 88084520 43255940 2155094354 1771077632 287310288 2348830723 2 378013188 2183757905 2357268488 286337064 378029389 939787314 70312032 67109448 537403698 60883216 1151407168 1812005907 2 2289060904 16920578 1703675680 536875271 652627968 3902146056 8523776 1746288641 202461296 1107329280 318935046 2080 3255337217 2732103194 2 2164426699 7 486539532 35672084 3760425552 9437274 12 96 2957226375 22 1661242377 4
is_linear=0
shrinkage=0.1


Tree=30
num_leaves=31
num_cat=19
split_feature=0 3 3 9 8 9 6 8 0 8 3 8 9 9 9 8 9 8 8 4 9 11 0 9 9 9 9 4 4 0
split_gain=108.699 60.9529 50.1565 39.4676 37.1058 28.8653 28.1656 29.288 26.1982 24.0434 21.4163 23.5379 21.7887 20.5608 19.4488 17.6337 14.7892 14.6133 14.2922 13.0325 15.2771 13.2581 12.9696 12.3298 12.1306 11.9585 10.7709 10.4069 10.0672 9.96825
threshold=-1.0000000180025095e-35 2.5000000000000004 3.5000000000000004 0 1 2 467.50000000000006 3 51.000000000000007 4 7.5000000000000009 5 6 7 8 9 10 11 12 105.00000000000001 13 14 327.00000000000006 15 16 17 18 1.0000000180025095e-35 45.000000000000007 1305.0000000000002
decision_type=2 2 2 9 9 9 2 9 2 9 2 9 9 9 9 9 9 9 9 2 9 9 2 9 9 9 9 2 2 2
left_child=2 3 9 22 25 -3 26 18 -6 -1 11 12 -9 -4 -13 -10 -12 -15 -8 21 -21 28 -2 -19 -11 -5 -7 -23 -17 -27
right_child=1 5 13 4 8 6 7 10 15 24 16 14 -14 17 -16 19 -18 23 -20 20 -22 27 -24 -25 -26 29 -28 -29 -30 -31
leaf_value=-2.1480628471975733 -2.7870131071853548 -6.0650468352174611 -5.7330238493569343 0.37327376742089136 -2.4018228495575573 0.81639937340246971 15.292236285896212 -2.7918673740832731 -1.1196125654822651 -3.396443167064267 -0.43112567772616511 1.5288775941248016 -0.34181050746153802 -4.1755299667096883 -0.34369737532403616 4.2513203388360878 2.9515270342791426 -3.0705552980514597 3.2885196576923779 -1.035561059470649 0.3430587224430155 2.1742170801791469 -0.34731583277133221 0.25008579091958089 -5.3216455238659668 3.4100256511176661 -3.0619115299321447 -0.20282247925484889 1.5874818820185699 24.020660679247023
leaf_weight=9861 20865 12781 16753 6461 17059 1949 220 23753 19893 12397 24081 15335 26894 12907 65453 222 29080 21132 14455 11512 11224 42 4002 25031 44429 2222 11666 2046 1248 45
leaf_count=9861 20865 12781 16753 6461 17059 1949 220 23753 19893 12397 24081 15335 26894 12907 65453 222 29080 21132 14455 11512 11224 42 4002 25031 44429 2222 11666 2046 1248 45
internal_value=-0.0024246 -0.00140828 -0.00472458 -0.00350688 -0.00231913 -0.000507697 -0.000230444 7.02035e-05 -0.00316271 -0.006725 -0.000271716 -0.000956749 -0.00264663 -0.0029652 0.00010297 -0.0019263 0.0014219 -0.002087 0.0043684 -0.000225824 -0.00110662 0.00540191 -0.00694095 -0.00125463 -0.00751566 0.00379034 -0.00463092 0.000247853 0.0126351 0.0100263
internal_weight=465018 322508 142510 96841 71974 225667 212886 199271 63246 66687 184596 131435 50647 75823 80788 46187 53161 59070 14675 26294 22736 3558 24867 46163 56826 8728 13615 2088 1470 2267
internal_count=465018 322508 142510 96841 71974 225667 212886 199271 63246 66687 184596 131435 50647 75823 80788 46187 53161 59070 14675 26294 22736 3558 24867 46163 56826 8728 13615 2088 1470 2267
cat_boundaries=0 4 8 12 16 20 24 28 33 38 42 46 50 54 59 61 65 69 74 78
cat_threshold=1627947328 6291728 239198273 354945776 1610679568 545849363 2804712384 20974595 16768 71565344 134269984 8389312 10493256 8652296 2982868 21528651 1077956680 1619054103 84943808 13107219 290988067 486551873 1413484578 1329540 135299587 268673536 3222339648 158907440 8930562 609288488 1089554496 1076628160 1 51380810 10370 822083720 693633070 1 272375853 1295032584 406847491 78004240 2294819874 35823888 3246391308 2819360794 285351936 206090952 436211848 127985796 0 8388608 0 10 2418020482 143142920 1343357058 541369350 1 307466 14 1444020740 2468905492 2147487904 269693993 2153009180 16921635 1149374506 536941858 306196493 268484608 2149580818 1073807361 2 127665152 1073873600 335544320 2416062720
is_linear=0
shrinkage=0.1


Tree=31
num_leaves=31
num_cat=19
split_feature=0 3 9 0 0 3 8 9 9 6 8 1 10 9 0 8 9 7 9 8 6 0 8 11 8 10 9 4 10 9
split_gain=100.795 87.0055 39.0927 39.07 33.3258 30.1557 30.7105 27.9968 23.7399 22.8044 21.3022 20.3876 18.7378 18.0761 15.2756 18.8031 16.5471 13.3464 13.2443 12.9448 12.7825 12.651 16.8944 14.1096 16.03 13.2924 12.1575 12.0897 12.0175 11.5791
threshold=39.000000000000007 1.5000000000000002 0 4215.0000000000009 327.00000000000006 2.5000000000000004 1 2 3 458.50000000000006 4 81.000000000000014 5 6 -20.999999999999996 7 8 9 10 11 945.50000000000011 1419.0000000000002 12 13 14 15 16 3945.0000000000005 17 18
decision_type=2 2 9 2 2 2 9 9 9 2 9 10 9 9 2 9 9 1 9 9 2 2 9 9 9 9 9 2 9 9
left_child=1 7 19 4 5 6 29 11 -8 12 18 -1 -4 -7 16 -16 -12 27 -11 -3 -19 23 -23 24 -6 -24 -25 -15 -26 -2
right_child=3 2 9 -5 21 13 8 -9 -10 10 14 -13 -14 17 15 -17 -18 20 -20 -21 -22 22 25 26 28 -27 -28 -29 -30 -31
leaf_value=-2.9645878132762977 -0.55831346494286971 1.0942768629516002 18.11319061159611 135.07217589500689 6.3178439525729724 -7.7848135617072103 -0.10640430692309165 -3.9911091061861903 -1.7352443785364604 0.89248053703576868 -3.240630029855069 2.3333567159680793 -4.2561495393801634 0.16749720743454524 3.7884499296101239 0.022668370443139452 -0.25568636022410635 -1.578681938998949 -2.8045509206929058 -4.2237397125494063 0.065296525329958638 -2.1860735773405731 38.698369439394583 -4.1284042947510429 19.715027852625106 7.4829961473079853 0.32742587104334192 22.532846775241964 1.0873627401659745 0.80813331369557562
leaf_weight=12778 8130 3144 149 73 1787 6073 10596 41843 34040 4710 18919 882 12906 67103 4225 36568 24597 36016 22097 36536 27313 529 474 2531 181 502 36588 1206 5826 6696
leaf_count=12778 8130 3144 149 73 1787 6073 10596 41843 34040 4710 18919 882 12906 67103 4225 36568 24597 36016 22097 36536 27313 529 474 2531 181 502 36588 1206 5826 6696
internal_value=-0.00234632 -0.00390438 -0.00274524 -0.000955128 -0.00097687 -0.00155412 -0.00343615 -0.00732627 -0.00474533 -0.00187154 -0.00140718 -0.00338698 -0.00582536 -0.000741483 -0.000626077 0.000764099 -0.00192941 -0.000495111 -0.0038621 -0.00547745 -0.00154076 0.00137387 0.0103987 0.00108435 0.00496668 0.0180933 0.000309487 0.00047439 0.0024813 0.000508221
internal_weight=465018 219354 163851 245664 245591 197173 59462 55503 44636 124171 111116 13660 13055 137711 84309 40793 43516 131638 26807 39680 63329 48418 1505 46913 7794 976 39119 68309 6007 14826
internal_count=465018 219354 163851 245664 245591 197173 59462 55503 44636 124171 111116 13660 13055 137711 84309 40793 43516 131638 26807 39680 63329 48418 1505 46913 7794 976 39119 68309 6007 14826
cat_boundaries=0 5 9 13 17 21 23 27 31 35 36 40 44 48 50 54 55 59 60 65
cat_threshold=1073791234 374341944 208693248 1076693696 1 1745060160 2731165712 2200142656 17892352 2286947388 16920578 1636566944 536875275 101001348 2316349575 562040960 1610907907 285353985 101069129 272634921 35667108 1 8 16512 71565344 117792 8389312 1075839296 411076128 2168054720 33347 398066692 688620032 2155942408 17961001 108 2438275140 1234043008 148 2818588672 3238068296 2155937792 67109137 4194304 101843456 1160929536 188876808 20070672 2703393218 30 2533892096 2225123585 2214629376 67125274 2215641416 1536 105119948 415444992 1350600896 8 2281734914 8388626 1073741952 402949136 2
is_linear=0
shrinkage=0.1


Tree=32
num_leaves=31
num_cat=23
split_feature=3 0 1 9 9 8 6 3 9 8 2 8 8 10 11 8 9 8 11 9 4 9 11 8 9 9 9 9 9 11
split_gain=96.4924 68.2197 53.8265 33.6756 29.507 27.2716 24.7896 22.2923 21.1127 20.6605 19.4338 19.2641 17.0253 16.9126 16.5859 15.7493 15.4941 14.8687 14.0436 13.7662 13.4737 13.3065 13.5731 13.3976 13.0612 12.6157 10.7422 10.4257 10.2044 10.0298
threshold=2.5000000000000004 51.000000000000007 1.0000000180025095e-35 0 1 2 747.50000000000011 8.5000000000000018 3 4 63.000000000000007 5 6 7 8 9 10 11 12 13 45.000000000000007 14 15 16 17 18 19 20 21 22
decision_type=2 2 8 9 9 9 2 2 9 9 10 9 9 9 9 9 9 9 9 9 2 9 9 9 9 9 9 9 9 9
left_child=1 4 3 -2 10 18 17 9 -7 16 -1 26 -6 -5 -9 28 -8 -4 -3 -16 -13 22 -11 -23 -19 -25 -10 -17 -15 -22
right_child=2 5 6 13 12 8 7 14 11 21 -12 20 -14 15 19 27 -18 24 -20 -21 29 23 -24 25 -26 -27 -28 -29 -30 -31
leaf_value=-2.4260989385161431 -4.1824644323456539 2.0015044190020936 -2.2505869582660796 6.342305039704069 -2.3914940702890464 0.58431827711607476 4.8164551137260538 -1.8610858668279591 -2.9912415491688154 11.154815231843472 2.1695482755230331 4.8186781408057362 -3.4932734113754891 3.2044959447934427 0.89098354764160959 -0.82614669342522351 0.33450931611281504 1.3720801784433165 -1.7561808448186724 5.4975449027038685 1.0805671142865199 0.025413437150491543 0.2626377093189573 -3.5569821550175962 -1.056344516737914 -0.9370806986298803 -0.77805738541758274 -2.8907619486978504 -1.015282779736524 -0.36306113905019688
leaf_weight=9284 26410 486 18271 1913 14747 10259 5416 6636 5758 914 1834 268 42213 4868 13878 15493 10074 8106 15958 19961 3521 26162 21763 13670 50836 28607 14360 39821 13975 19556
leaf_count=9284 26410 486 18271 1913 14747 10259 5416 6636 5758 914 1834 268 42213 4868 13878 15493 10074 8106 15958 19961 3521 26162 21763 13670 50836 28607 14360 39821 13975 19556
internal_value=-0.0022603 -0.00447499 -0.00132336 -0.00322209 -0.00673022 -0.00228686 -0.000455833 0.000305883 -0.00119519 -0.000452697 -0.00201115 -0.00215835 -0.00764964 -0.002153 0.00230389 -0.00239285 0.00292258 -0.00190681 -0.00584904 0.0031998 -0.000203385 -0.00102671 0.00107242 -0.00172231 -0.00113347 -0.00282286 -0.00442568 -0.00324344 0.00010449 -0.000462368
internal_weight=465018 138244 326774 102480 68078 70166 224294 147081 53722 106606 11118 43463 56960 76070 40475 74157 15490 77213 16444 33839 23345 91116 22677 68439 58942 42277 20118 55314 18843 23077
internal_count=465018 138244 326774 102480 68078 70166 224294 147081 53722 106606 11118 43463 56960 76070 40475 74157 15490 77213 16444 33839 23345 91116 22677 68439 58942 42277 20118 55314 18843 23077
cat_boundaries=0 5 9 13 18 22 26 30 32 33 37 42 46 47 51 56 58 62 66 71 75 80 84 86
cat_threshold=67813376 108003624 3362805792 1074668224 1 2152213564 145409 562829216 2684424450 270270501 67145736 282093617 101601484 76680236 1342231047 2703491616 2148536579 2 1277235464 1086393860 18270788 138420746 60859400 1496328467 1811943434 10488352 2285914944 48775760 2183888904 1049600 1074270213 8 274214913 2360589 536921622 687988912 66394 2151678212 427826192 1929642406 1895826464 1 422579233 1283468496 486641704 67373060 2147553282 159409920 3288768768 8405072 697041624 55902280 538612114 2451701760 2147897355 2 16777346 4 2156431936 2416197762 2919301513 1677520 398721537 1073742024 574620464 3297026344 8914688 2252341792 1212209472 944768720 1 524611 536871184 269524992 131664 2294622280 1099172994 268599454 2885697536 2 139726961 1074296838 587202586 2161147910 2705432832 5
is_linear=0
shrinkage=0.1


Tree=33
num_leaves=31
num_cat=21
split_feature=0 3 3 9 8 9 9 8 9 9 9 9 0 11 9 8 8 1 6 10 8 9 3 11 8 0 10 8 4 8
split_gain=93.4553 49.5981 49.4336 35.39 33.3424 28.5883 24.291 23.1713 23.9774 22.4016 20.2854 19.3239 14.7106 14.6459 14.3783 14.1843 12.7805 12.0183 11.8956 11.7373 17.068 15.5053 12.5187 11.1017 10.9337 10.9295 10.8643 10.645 10.6165 10.3626
threshold=-1.0000000180025095e-35 2.5000000000000004 1.5000000000000002 0 1 2 3 4 5 6 7 8 177.00000000000003 9 10 11 12 69.000000000000014 471.50000000000006 13 14 15 6.5000000000000009 16 17 249.00000000000003 18 19 315.00000000000006 20
decision_type=2 2 2 9 9 9 9 9 9 9 9 9 2 9 9 9 9 10 2 9 9 9 2 9 9 2 9 9 2 9
left_child=2 3 11 16 12 -4 -3 8 -8 23 -9 17 -5 27 -11 -15 -2 -1 -12 20 -20 22 -21 24 -6 -10 -16 -7 -23 -30
right_child=1 6 5 4 9 13 7 10 25 14 18 -13 -14 15 26 -17 -18 -19 19 21 -22 28 -24 -25 -26 -27 -28 -29 29 -31
leaf_value=-3.2899643149353235 -0.76169378609477012 -10.688928779930809 -3.7401075724511217 -1.6947435263443578 1.2312290999068451 3.0666398492063669 1.222463396182897 1.7839764250469958 -2.0826029583216665 8.1516090640088521 -1.714288620951457 -4.6410427197232016 -0.29941809956850973 -0.16064852997802553 3.091482863356005 -3.0505177687336702 -2.8352399188166646 1.9793896051171782 5.1830870661251049 -1.9183695042803734 0.27886877495945633 4.1920798171675022 0.63420740705573542 -0.96733116827597865 -1.0766581528284112 -0.027853631615150816 0.29019762842958247 -1.4778213167375247 2.4983698205165386 0.01794457749143873
leaf_weight=9258 7010 4952 27911 19672 2852 5437 13734 22121 37585 199 9225 25863 10628 15416 1700 51476 17129 578 5813 25357 12443 1778 12987 16607 2560 10060 18484 6571 7512 62100
leaf_count=9258 7010 4952 27911 19672 2852 5437 13734 22121 37585 199 9225 25863 10628 15416 1700 51476 17129 578 5813 25357 12443 1778 12987 16607 2560 10060 18484 6571 7512 62100
internal_value=-0.00217514 -0.00123278 -0.00430777 -0.00312585 -0.00202333 -0.00323104 -0.000420401 -0.000264812 -0.00191549 -0.000212678 0.00037114 -0.00752934 -0.00455625 -0.002257 0.00217574 -0.0028343 -0.00644292 -0.00374365 -8.19845e-05 0.000167979 0.00251505 -0.000222702 -0.0018444 -0.00242363 0.00150867 -0.00297661 0.00190452 0.00095856 0.000648457 0.000453655
internal_weight=465018 322508 142510 96841 72702 106811 225667 220715 61379 42402 159336 35699 30300 78900 20383 66892 24139 9836 137215 127990 18256 109734 38344 22019 5412 47645 20184 12008 71390 69612
internal_count=465018 322508 142510 96841 72702 106811 225667 220715 61379 42402 159336 35699 30300 78900 20383 66892 24139 9836 137215 127990 18256 109734 38344 22019 5412 47645 20184 12008 71390 69612
cat_boundaries=0 4 8 13 17 21 26 31 35 39 41 45 49 53 54 58 63 65 69 71 75 79
cat_threshold=1627947328 6291728 239198273 352881392 320610341 1563468040 406851587 69615616 1107476738 72352552 1081174016 4065984 1 536870912 71303200 51200 8389312 286531617 1275279681 339742762 43255940 72417346 1771571840 10486224 335566085 2 39916160 2324366344 1082265734 139723780 3 52560393 1073765443 587464882 2164826412 2286947372 16920578 1636565792 536875275 2202188037 25 1040 0 1048576 8192 3288678472 537135143 20244800 5767691 131336 142606468 10 17833984 2739437954 76192076 269484562 3760455684 2245376 2160607618 19333136 1285555264 1744897041 2 554283394 21 2223144960 2147745792 65536 98640 4194690 4 214581568 1419789588 3961520128 67170384 235405322 12582912 2998672 20972866
is_linear=0
shrinkage=0.1


Tree=34
num_leaves=31
num_cat=22
split_feature=3 0 0 9 9 6 6 3 9 11 8 9 9 8 9 8 11 9 8 7 11 8 8 2 9 4 9 8 8 7
split_gain=87.2396 64.9103 46.6875 28.6813 26.1243 25.9791 26.3439 26.1284 24.6535 24.1905 31.7566 25.9601 24.163 21.566 20.7309 18.7251 18.5603 20.2761 17.7078 16.3757 17.2148 15.7809 15.6702 14.339 13.9228 13.7554 21.9485 13.1497 12.2145 11.8853
threshold=2.5000000000000004 51.000000000000007 -20.999999999999996 0 1 945.50000000000011 1146.5000000000002 11.500000000000002 2 3 4 5 6 7 8 9 10 11 12 13 14 15 16 87.000000000000014 17 105.00000000000001 18 19 20 21
decision_type=2 2 2 9 9 2 2 2 9 9 9 9 9 9 9 9 9 9 9 1 9 9 9 10 9 2 9 9 9 1
left_child=1 3 4 23 -2 9 7 14 29 10 -4 -11 21 -14 -7 -10 17 -16 -5 20 -9 -3 -18 -1 -17 26 -15 -27 -6 -8
right_child=2 12 5 18 28 6 8 19 15 11 -12 -13 13 25 16 24 22 -19 -20 -21 -22 -23 -24 -25 -26 27 -28 -29 -30 -31
leaf_value=-1.7628348505450049 -3.9902072318659765 -0.35006437723748962 -3.0386957350292501 -1.9564436601247721 0.30212678914562374 -3.7614419193316615 7.6896440898652232 47.365769932394642 2.7132281333228949 -6.2592577890816488 0.84258283828990366 -0.88276975943194891 0.87052426298604857 -0.4709054292080822 9.4942845886300216 0.72532347749974746 2.3605609625508217 2.1262433462905292 -2.9987627850835739 6.61980088974203 3.5955585991823682 -3.2611093979632311 -0.21435148398440618 2.4734266138500995 -1.9222820510938285 -1.0892908628122266 1.7232626870083338 -0.20019903339042458 -2.9591487432997807 25.363450801158951
leaf_weight=10326 20872 6552 13846 16747 14146 6322 454 769 6271 11766 44526 70862 8513 4169 2982 8685 14233 4523 39706 6629 401 9978 26958 1299 31259 19045 3195 18714 40955 315
leaf_count=10326 20872 6552 13846 16747 14146 6322 454 769 6271 11766 44526 70862 8513 4169 2982 8685 14233 4523 39706 6629 401 9978 26958 1299 31259 19045 3195 18714 40955 315
internal_value=-0.0021102 -0.00421603 -0.00121932 -0.00641588 -0.00339108 -0.000561444 0.000591887 0.00193148 -0.00119913 -0.00145958 9.90007e-05 -0.00256033 -0.00208164 -0.00105059 0.00116362 -0.00149595 0.00186301 0.0064338 -0.00734694 0.00734838 0.0182203 -0.00542322 0.00102886 -0.00188655 -0.00229364 -0.00192166 0.0020315 -0.00269314 -0.00224837 0.0164442
internal_weight=465018 138244 326774 68078 75973 250801 109801 62817 46984 141000 58372 82628 70166 53636 55018 46215 48696 7505 56453 7799 1170 16530 41191 11625 39944 45123 7364 37759 55101 769
internal_count=465018 138244 326774 68078 75973 250801 109801 62817 46984 141000 58372 82628 70166 53636 55018 46215 48696 7505 56453 7799 1170 16530 41191 11625 39944 45123 7364 37759 55101 769
cat_boundaries=0 4 9 13 15 19 23 27 31 35 39 41 45 49 50 52 56 60 65 69 73 77 78
cat_threshold=2152213564 145409 2710312864 2684420354 269139974 609256232 1081165824 4063936 1 6297664 136194 536871040 2684354560 33961862 8 157377576 1140921665 1493176352 110134404 8930083 71303173 3398453248 4295340 1611235648 4718864 240246849 352357104 1786774528 545851415 606372608 18426947 4798593 71565388 1086364192 3766521536 6314568 42142210 275255316 209822304 2718042178 7 504545282 2181042560 974323840 136056882 2319477568 48775760 2183888908 1081344 32 85205768 1 268829448 8388612 65546 17965056 3407960322 273679872 1211334661 68194561 51406348 1611448837 7340040 6461480 3 520224769 1092681732 0 2368521 287055909 3442639112 1212219395 69603344 1078788424 1619281458 67420480 71860762 71
is_linear=0
shrinkage=0.1


Tree=35
num_leaves=31
num_cat=20
split_feature=3 0 1 8 9 2 9 9 6 4 9 8 9 8 11 7 0 0 9 9 8 8 4 8 8 8 4 9 9 9
split_gain=82.3326 63.527 38.7133 31.8197 30.0086 20.4002 20.1879 19.0565 18.7575 18.0807 17.3636 17.1392 17.6819 16.203 16.1736 15.024 14.6227 13.6331 28.4479 13.5399 12.765 12.334 12.0384 11.726 11.7213 10.8635 10.7562 13.7512 10.6295 10.6107
threshold=2.5000000000000004 99.000000000000014 1.0000000180025095e-35 0 1 3213.0000000000005 2 3 449.50000000000006 1335.0000000000002 4 5 6 7 8 9 3303.0000000000005 -62.999999999999993 10 11 12 13 75.000000000000014 14 15 16 105.00000000000001 17 18 19
decision_type=2 2 8 9 9 10 9 9 2 2 9 9 9 9 9 1 2 2 9 9 9 9 2 9 9 9 2 9 9 9
left_child=1 3 4 17 -2 7 -5 -4 25 11 21 28 -13 -11 -14 23 20 -1 -19 -15 -12 -3 -23 -6 -20 -9 27 -22 -10 -28
right_child=2 10 5 6 15 -7 -8 8 9 13 16 12 14 19 -16 -17 -18 18 24 -21 26 22 -24 -25 -26 -27 29 -29 -30 -31
leaf_value=-3.7888315709099558 -4.1070848667192177 -4.039875392571858 -9.4293780643677589 -1.4640802349058377 1.8189248909479698 53.63167011971823 -2.2198201102291324 0.97245620880283001 2.2068419668692907 -2.2292426423218741 0.83442762603210052 -2.0692917562682083 4.4679634772871983 4.701089418044158 -0.46277319712962434 -2.1864161452297166 121.48566653278495 -1.3928695779565587 16.141371224687777 1.0027124971056913 -0.24312571391168925 5.7050316395815752 -0.57398534069851059 -0.98016250548480033 2.033321830483279 -3.0453198072866381 -0.89109629153164827 1.6023776384763058 0.13300329342889683 -0.0019492138115333323
leaf_weight=5993 24083 5431 3970 16417 10373 104 54462 2261 6343 10211 7650 31171 3048 13912 64599 37310 35 5513 104 38381 3435 58 7658 30714 2731 9521 13814 2438 40773 12505
leaf_count=5993 24083 5431 3970 16417 10373 104 54462 2261 6343 10211 7650 31171 3048 13912 64599 37310 35 5513 104 38381 3435 58 7658 30714 2731 9521 13814 2438 40773 12505
internal_value=-0.00203429 -0.00408003 -0.00116882 -0.00577095 -0.00277908 -0.000433095 -0.00663982 -0.000453635 -0.000329658 -0.000110251 -0.0013624 -0.00071978 -0.00146801 0.00131287 -0.000559738 -0.00182981 -0.000322664 -0.00147098 0.00114039 0.00202416 -0.000379501 -0.00451243 -0.00193632 -0.000510259 0.00926186 -0.00421151 -0.0012521 0.00261706 0.000849635 -0.00211596
internal_weight=465018 138244 326774 85220 102480 224294 70879 224190 220220 208438 53024 145934 98818 62504 67647 78397 39877 14341 8348 52293 39842 13147 7716 41087 2835 11782 32192 5873 47116 26319
internal_count=465018 138244 326774 85220 102480 224294 70879 224190 220220 208438 53024 145934 98818 62504 67647 78397 39877 14341 8348 52293 39842 13147 7716 41087 2835 11782 32192 5873 47116 26319
cat_boundaries=0 4 9 13 17 21 25 29 33 35 36 41 45 49 53 57 61 65 69 74 79
cat_threshold=1073828672 545851411 2267579336 20972547 67682304 644874536 3362871328 1076366016 1 2356412436 151138438 3246396544 536875010 0 71303200 50176 8389312 1611252032 4194576 240246848 289446640 2559099136 278216836 572656144 50934282 206063360 2184389200 1207961672 2438007824 419448100 738263261 268435625 33896964 1090588674 22 106 39848260 268959762 2149687440 272695297 1 136609801 1092689089 1635778722 205730818 1254231040 4196567 68027136 1650243 42992644 32771 1687160880 34150476 1117013316 536888342 35741697 67176282 512 8388608 768 2 67256584 675299365 34246016 56680976 520224769 1091108864 268435456 2367497 2148007940 135266436 3388997632 3494905870 1 201332227 951660546 1082261504 203310092 1
is_linear=0
shrinkage=0.1


Tree=36
num_leaves=31
num_cat=23
split_feature=0 3 0 8 9 9 9 8 8 0 9 9 8 10 9 4 4 11 9 9 7 9 9 9 9 8 8 8 4 11
split_gain=76.8699 54.0323 36.0585 38.2336 30.8002 24.7662 22.9475 21.6928 21.1123 20.6021 19.7057 17.8713 14.9205 14.275 16.454 13.7505 13.7704 13.1797 11.5355 11.5017 11.3553 11.2482 10.8542 10.3354 10.0616 9.78718 9.68748 9.19269 9.13985 9.0161
threshold=-1.0000000180025095e-35 1.5000000000000002 309.00000000000006 0 1 2 3 4 5 4215.0000000000009 6 7 8 9 10 615.00000000000011 105.00000000000001 11 12 13 14 15 16 17 18 19 20 21 45.000000000000007 22
decision_type=2 2 2 9 9 9 9 9 9 2 9 9 9 9 9 2 2 9 9 9 1 9 9 9 9 9 9 9 2 9
left_child=1 10 3 6 8 -3 -2 11 -5 18 -1 15 24 23 29 16 19 -8 25 -6 21 -14 -19 -9 -7 -4 -16 -20 -21 -15
right_child=2 5 9 4 7 12 17 13 -10 -11 -12 -13 20 14 26 -17 -18 22 27 28 -22 -23 -24 -25 -26 -27 -28 -29 -30 -31
leaf_value=-2.0137358197502393 -0.22480649550445853 -3.3105110384707808 -0.3591200195102433 -0.45092322762851539 -1.1578140475908212 0.26698486657797155 3.6964846524837656 6.213905839052277 -2.761739113324174 109.6501543224925 -3.7593120707154917 0.0077794080590690906 2.7292455328141201 0.35138652311566981 8.0586358311254269 -0.42340650128059254 -1.4872395034134664 -2.9224116635736856 -1.4108904670509212 5.0221816473940262 -2.0353311032177062 -0.75246592258693246 -1.5898534246510838 2.2349446863414277 -3.5019968229120324 2.7625250381776603 0.69821231731932409 0.47769696561900504 1.319921542206044 -1.1722562887271746
leaf_weight=10114 15517 25982 2745 17161 1250 3345 344 709 21350 73 25585 51002 7647 12530 136 19452 27295 10516 6305 64 30308 26050 33205 2500 13479 7277 40544 36460 1289 14784
leaf_count=10114 15517 25982 2745 17161 1250 3345 344 709 21350 73 25585 51002 7647 12530 136 19452 27295 10516 6305 64 30308 26050 33205 2500 13479 7277 40544 36460 1289 14784
internal_value=-0.00194698 -0.00388113 -0.00109232 -0.00156048 -0.000926143 -0.00275543 -0.00379615 -0.000352347 -0.00348148 0.00129587 -0.00724923 -0.0012995 -0.00189129 0.000982543 0.00067437 -0.002656 -0.00400295 -0.00496086 0.00122246 0.0029466 -0.00119425 6.91227e-05 -0.0051156 0.0074899 -0.00454081 0.00427432 0.00194888 0.000506134 0.00929567 -0.00122383
internal_weight=465018 142510 322508 269648 210066 106811 59582 171555 38511 52860 35699 100352 80829 71203 67994 49350 29898 44065 52787 2603 64005 33697 43721 3209 16824 10022 40680 42765 1353 27314
internal_count=465018 142510 322508 269648 210066 106811 59582 171555 38511 52860 35699 100352 80829 71203 67994 49350 29898 44065 52787 2603 64005 33697 43721 3209 16824 10022 40680 42765 1353 27314
cat_boundaries=0 4 9 14 19 23 27 31 35 39 40 44 46 51 55 56 60 64 68 72 76 80 84 86
cat_threshold=274474021 1543549000 281022497 42207428 1078510016 71630896 71428097 534228 3 1107477762 72352568 1081108480 1076628160 1 2154561608 3909197954 16777620 151081222 3 2250326528 53677316 1224736906 70476544 3322102530 550503428 2166489160 135464472 139463725 16921602 1638662960 536875275 310384642 589963530 1244659780 1232125953 27396099 205665225 306188296 41966724 6819971 2292254722 2594309128 1233126402 277299243 2147549184 16 21234226 727234 2701131938 2216764679 2 301989888 16777216 0 18907137 106 155459705 1074142278 822477314 2818613250 50332672 788736 438306912 335579872 2155872263 16777216 32 42 2161123400 159809536 20 2684375041 260112482 3527540960 171048979 42471552 0 8388608 512 10 3146020 297033 3046254677 50872324 1631731458 31
is_linear=0
shrinkage=0.1


Tree=37
num_leaves=31
num_cat=19
split_feature=3 0 6 9 6 9 11 3 8 9 9 9 9 8 10 9 10 8 9 8 4 0 8 2 7 3 8 9 6 0
split_gain=76.0082 56.6804 35.5813 26.3548 22.6899 31.0424 27.1017 25.1403 22.2931 22.1911 19.7611 19.2961 18.5465 17.8892 17.2954 14.9561 14.725 18.5038 14.3547 14.0978 13.8525 13.3934 12.0143 12.004 11.9738 11.6069 11.3924 11.3125 11.2872 11.0402
threshold=2.5000000000000004 45.000000000000007 798.50000000000011 0 1170.5000000000002 1 2 6.5000000000000009 3 4 5 6 7 8 9 10 11 12 13 14 1.0000000180025095e-35 -20.999999999999996 15 69.000000000000014 16 11.500000000000002 17 18 1017.5000000000001 357.00000000000006
decision_type=2 2 2 9 2 9 9 2 9 9 9 9 9 9 9 9 9 9 9 9 2 2 9 10 1 2 9 9 2 2
left_child=1 3 9 23 6 -6 12 10 -3 -2 -8 -10 -4 -5 18 -9 17 -7 -11 -12 -13 -16 -22 -1 25 -17 -18 -23 -14 -26
right_child=2 8 4 13 5 16 7 15 11 14 19 20 28 -15 21 24 26 -19 -20 -21 22 27 -24 -25 29 -27 -28 -29 -30 -31
leaf_value=-1.5090532134200938 -4.317879588515475 -1.2469858881882083 -3.9562565789442554 -1.4708726234657463 17.130075350773694 9.078811647467349 2.4439206021791851 -0.050554153355643741 0.60476936211201471 1.4759329223620736 0.75164378679771704 2.1035431583099262 -1.0376033579677124 -2.6791489511480622 -3.2591093509393958 5.0366657943500197 -0.39343423066886818 -0.516128362159891 -0.81975126063778814 -1.1146711543819954 -0.85991934994231978 0.099420883531752227 -0.088156076797619415 1.7838123825704022 2.801849827930722 20.174620024894253 -3.2274585998151459 -1.5069056474054705 1.1362749029366896 12.437112234395368
leaf_weight=9559 18652 17590 10274 18031 840 1888 13246 8314 11978 12698 20616 49 17192 36324 19614 5038 11844 13950 30317 27940 19735 17084 23322 1656 16225 2809 24457 40626 11609 1541
leaf_count=9559 18652 17590 10274 18031 840 1888 13246 8314 11978 12698 20616 49 17192 36324 19614 5038 11844 13950 30317 27940 19735 17084 23322 1656 16225 2809 24457 40626 11609 1541
internal_value=-0.00187645 -0.00384205 -0.00104488 -0.00597377 -0.00014714 -0.00190057 0.00054197 0.00144779 -0.00191871 -0.00225777 0.000247239 -0.000928234 -0.00167712 -0.00688403 -0.0017598 0.00363516 -0.00220887 0.000335687 -0.000152239 -0.000686903 -0.00191484 -0.00265395 -0.00197576 -0.00155457 0.00483042 0.00808578 -0.00331883 -0.00188702 -0.000375206 0.00338884
internal_weight=465018 138244 326774 65570 187783 52979 134804 95729 72674 138991 61802 55084 39075 54355 120339 33927 52139 15838 43015 48556 43106 77324 43057 11215 25613 7847 36301 57710 28801 17766
internal_count=465018 138244 326774 65570 187783 52979 134804 95729 72674 138991 61802 55084 39075 54355 120339 33927 52139 15838 43015 48556 43106 77324 43057 11215 25613 7847 36301 57710 28801 17766
cat_boundaries=0 4 8 10 14 19 23 28 32 36 38 42 44 48 52 56 60 61 65 69
cat_threshold=4729916 145409 2710312864 2684424450 6297664 136194 4224 2684354560 140022789 2 270271524 67145736 1355835441 101470412 1075859712 105911347 3409004672 716 1 38797320 3254827650 1527840914 536887339 76680236 2415974919 2701394720 134218003 2 138445962 71442944 1107417376 4163371728 2319500096 2196258896 2183888908 1081344 1781179207 12 469790532 67535264 2155890688 814287528 2148303430 10 6361160 18946 2148141328 32848 2307042337 1074012288 8389216 2291402770 469950721 44123156 2885910536 68829712 65052680 422586643 755240970 2230816 96 1141080072 646152576 5271616 209780232 18088456 562596360 809632016 2500210945
is_linear=0
shrinkage=0.1


Tree=38
num_leaves=31
num_cat=23
split_feature=0 3 9 8 8 9 9 0 4 9 11 9 9 8 9 11 8 8 10 11 8 2 8 9 4 8 2 8 9 9
split_gain=71.6779 46.7711 35.1985 27.7271 24.9189 21.8718 20.7733 20.4443 20.9443 18.8454 18.2958 20.7175 16.9714 15.3069 23.2696 14.4627 14.3269 12.6208 12.2174 12.0739 12.0535 10.5388 9.9827 9.85112 9.83835 9.54612 9.30153 9.19336 8.93184 8.81581
threshold=-8.9999999999999982 1.5000000000000002 0 1 2 3 4 183.00000000000003 285.00000000000006 5 6 7 8 9 10 11 12 13 14 15 16 903.00000000000011 17 18 675.00000000000011 19 177.00000000000003 20 21 22
decision_type=2 2 9 9 9 9 9 2 2 9 9 9 9 9 9 9 9 9 9 9 9 10 9 9 2 9 8 9 9 9
left_child=1 9 4 7 -2 27 25 8 -4 -1 13 16 -10 28 -15 -6 -12 21 -18 29 -21 -13 -17 26 -16 -3 -9 -5 -7 -8
right_child=2 6 3 5 15 10 19 23 12 -11 11 17 -14 14 24 22 18 -19 -20 20 -22 -23 -24 -25 -26 -27 -28 -29 -30 -31
leaf_value=-1.6627072238210816 -5.283622240979156 -4.4680455379114949 -1.296364182714306 0.1712866088019922 5.5165914625373027 -0.52153621009740114 -1.9687780450254726 3.1702439881815576 -2.7416267860804773 -3.6112340560332559 0.93072877684091415 1.4109059365519783 -0.078525317023706576 -2.2999193058466276 -0.68668685319417466 1.178008088377954 7.3926281861507661 -0.3874298221598827 3.0956038372690764 0.25767207223196065 -2.1769766485440063 29.656449860674726 -1.9034746158308515 -0.48189410321316228 0.57129399824020266 -2.1636008301206946 0.33365999799758705 1.4789199701734013 0.36663410202864632 2.7138647753070275
leaf_weight=8378 16865 10954 18429 15450 445 19183 3873 1656 17375 24254 6272 13358 23986 16393 25827 5810 985 42563 4480 13261 50888 261 18945 13448 16086 12350 9871 18304 28329 6739
leaf_count=8378 16865 10954 18429 15450 445 19183 3873 1656 17375 24254 6272 13358 23986 16393 25827 5810 985 42563 4480 13261 50888 261 18945 13448 16086 12350 9871 18304 28329 6739
internal_value=-0.00180226 -0.00378792 -0.00102599 -0.000636614 -0.00373025 -1.40264e-05 -0.00269668 -0.00216043 -0.00316441 -0.0070673 -0.0004666 0.00081423 -0.00191509 -0.0012887 -0.00237431 -0.00173741 0.00463352 1.56582e-05 0.00837443 -0.00188322 -0.00240013 0.00266417 -0.00206138 0.00024224 -0.00112421 -0.00530325 0.00238623 0.00231489 4.37668e-05 0.00124082
internal_weight=465018 130697 334321 292256 42065 207491 98065 84765 59790 32632 173737 67919 41361 105818 58306 25200 11737 56182 5465 74761 64149 13619 24755 24975 41913 23304 11527 33754 47512 10612
internal_count=465018 130697 334321 292256 42065 207491 98065 84765 59790 32632 173737 67919 41361 105818 58306 25200 11737 56182 5465 74761 64149 13619 24755 24975 41913 23304 11527 33754 47512 10612
cat_boundaries=0 4 8 12 17 22 26 28 33 37 41 46 48 52 56 57 59 63 67 72 76 80 85 89
cat_threshold=1073758656 71565360 239200257 276826864 344727589 1544728648 272633891 33835140 3279877 169873411 1687185572 44171588 118621721 1073797189 556531896 2214723840 2 1107477762 72417592 7432192 1076628160 1 5245997 16921602 1636565792 536875275 475826205 24 2156134402 0 1083179328 16793610 1 52593666 270542916 3224502312 140084224 2302854400 8388736 2852161536 696832 2156433410 2986345472 3230662914 1617547272 1 2147549184 16 173015040 4277508 772145152 17900032 1644332104 2155873298 69714176 22159432 1073742986 2204285189 25 3288678476 536872995 20078692 5833483 2801795328 282067968 2147549952 4195354 18874382 3105392258 269484168 3432458 1 34637061 241443217 136579136 19966304 139575888 2181041316 772972556 136327232 143138816 16908544 2155872322 278539 1 883494917 2970223296 2164424840 1119273
is_linear=0
shrinkage=0.1


Tree=39
num_leaves=31
num_cat=22
split_feature=3 0 0 9 9 11 9 8 8 9 1 8 8 8 9 9 9 8 8 10 5 8 8 3 0 6 8 8 8 9
split_gain=65.9642 52.9186 32.4036 29.423 22.9019 26.4917 22.7766 21.1966 19.2531 18.1821 17.7568 17.1908 16.5959 15.9704 14.8937 12.8989 12.2999 14.0182 12.6458 10.0788 11.5483 10.0201 9.73515 9.43372 8.78264 8.57421 8.46931 8.31552 8.10565 8.04534
threshold=2.5000000000000004 27.000000000000004 -20.999999999999996 0 1 2 3 4 5 6 45.000000000000007 7 8 9 10 11 12 13 14 15 21.500000000000004 16 17 8.5000000000000018 1377.0000000000002 503.50000000000006 18 19 20 21
decision_type=2 2 2 9 9 9 9 9 9 9 10 9 9 9 9 9 9 9 9 9 2 9 9 2 2 2 9 9 9 9
left_child=1 3 9 10 5 -4 12 -7 14 28 22 -8 -3 29 -6 -13 17 19 24 20 -10 -11 -1 -23 -18 -16 -9 -17 -2 -5
right_child=2 6 4 13 8 7 11 26 16 21 -12 15 -14 -15 25 27 18 -19 -20 -21 -22 23 -24 -25 -26 -27 -28 -29 -30 -31
leaf_value=-3.1883980861997752 -2.077574517389988 -0.19749637301009607 -5.5413820091554653 -2.0442627706960259 -2.8296732020312003 -3.2541094875672374 -0.70293070416522963 5.5856240019027883 2.7109666968326143 -3.3333788798262951 1.9378442896763854 -0.30181128993969486 -2.8614358656820711 -2.686307411392777 -2.166694106721577 1.7018946167837798 0.1130205970349607 0.52999139617287128 1.7312762553871235 -1.6554675384727522 13.018229106291072 -1.7837746020039775 0.29008330310977287 1.0712398025869776 17.220380364057817 -0.075180674740345288 0.58705281720089653 0.31999948387553101 -3.8393641154990137 -0.65880437630930311
leaf_weight=5534 9051 6851 20812 8742 12368 10685 22624 3017 1523 9669 1776 21702 11524 29949 4873 1978 44010 36119 33160 28552 41 33808 3774 13694 221 40417 15003 16229 9751 7561
leaf_count=5534 9051 6851 20812 8742 12368 10685 22624 3017 1523 9669 1776 21702 11524 29949 4873 1978 44010 36119 33160 28552 41 33808 3774 13694 221 40417 15003 16229 9751 7561
internal_value=-0.00173387 -0.003565 -0.000959197 -0.00588915 -0.000411125 -0.00233752 -0.00191798 -0.000367406 6.28907e-05 -0.00276849 -0.00125654 -0.00100779 -0.00501224 -0.00699754 -0.00148055 0.000240735 0.000682556 -0.000317762 0.00153861 -0.00191064 0.0058831 -0.00188017 -0.00300602 -0.0012822 0.000431498 -0.000640179 0.0017249 0.00220289 -0.00546566 -0.00447067
internal_weight=465018 138244 326774 57336 250801 49517 80908 28705 201284 75973 11084 62533 18375 46252 57658 39909 143626 66235 77391 30116 1564 57171 9308 47502 44231 45290 18020 18207 18802 16303
internal_count=465018 138244 326774 57336 250801 49517 80908 28705 201284 75973 11084 62533 18375 46252 57658 39909 143626 66235 77391 30116 1564 57171 9308 47502 44231 45290 18020 18207 18802 16303
cat_boundaries=0 4 8 10 15 19 23 28 32 36 40 44 48 52 56 60 62 66 70 74 78 82 87
cat_threshold=2153262136 145409 2710312736 2684424450 1074282880 105250848 3369196576 142674640 1549303889 8 1627504960 4194576 240246849 268471028 1 136416546 910221441 131202 111305860 4727328 3775084912 339742761 51644548 1344979970 609289000 7362560 3015360 1 280764452 1293975816 406917251 78004240 268583176 134217732 65544 85073920 2315313984 15221328 2718662668 1606144 42992131 2418082304 256 18382888 2183148162 2193097736 2232454 676226056 2822776864 2443190552 69337668 1947231233 337641485 37241356 1124108438 9119024 135776325 104891520 690102274 69284608 3238002691 2 293604353 474120648 4460681 44223620 147914752 3254779908 1344278337 8389665 587337800 10486032 102760464 5767168 1094713344 545261569 84148736 557058 2281857024 3759937604 1728610690 4411392 136577280 810876948 1048596 4457488 1
is_linear=0
shrinkage=0.1


Tree=40
num_leaves=31
num_cat=20
split_feature=0 3 0 3 9 8 8 9 9 9 9 8 9 4 8 8 0 8 9 8 10 8 9 4 9 2 9 9 2 6
split_gain=61.7741 37.2334 34.008 37.6773 30.083 21.9364 20.6071 22.1979 18.7546 17.8752 16.1797 15.2605 14.3229 14.0042 13.6599 13.4238 12.7549 12.8731 12.6533 11.6659 10.6509 11.8342 9.93751 9.76571 11.5745 9.6548 9.30824 9.08331 8.77267 8.54702
threshold=-20.999999999999996 1.5000000000000002 237.00000000000003 2.5000000000000004 0 1 2 3 4 5 6 7 8 105.00000000000001 9 10 1377.0000000000002 11 12 13 14 15 16 105.00000000000001 17 267.00000000000006 18 19 -8.9999999999999982 925.50000000000011
decision_type=2 2 2 2 9 9 9 9 9 9 9 9 9 2 9 9 2 9 9 9 9 9 9 2 9 8 9 9 10 2
left_child=1 11 3 4 14 13 7 -5 15 -3 23 -1 -4 -6 -2 -8 20 -18 -15 -11 21 26 -10 24 28 -23 -14 -20 -7 -21
right_child=2 9 12 6 5 10 8 -9 22 19 -12 -13 16 18 -16 -17 17 -19 27 29 -22 25 -24 -25 -26 -27 -28 -29 -30 -31
leaf_value=-1.8673632729837224 -0.6439550643034061 -3.0854090537508299 -1.4666906124803698 0.49324015096690071 1.4844594388478505 3.502990947105407 0.2452082393734179 -2.2956341023713751 0.7596072446482206 -3.2850604922362643 -1.9537265115291889 -3.7665120061285595 6.3840002655764367 6.4561388549703995 0.63612166850385266 -3.0002360938498955 32.346856939160297 2.0636838874933856 -1.0855452888024786 -1.7041507184483959 -0.24790925229177621 1.4245189716708762 -0.07042944527621034 -1.1873388104088465 -0.34015733055903546 0.010799843267593486 1.6765624838088957 -0.039799475220778223 0.94775070164429465 0.36482605176295602
leaf_weight=6963 6546 17888 10359 14050 1757 141 12385 36309 28249 12573 21413 19623 1495 110 7775 22271 585 918 11851 30987 21812 8721 85957 18651 3802 23105 9341 8749 1178 19454
leaf_count=6963 6546 17888 10359 14050 1757 141 12385 36309 28249 12573 21413 19623 1495 110 7775 22271 585 918 11851 30987 21812 8721 85957 18651 3802 23105 9341 8749 1178 19454
internal_value=-0.00166097 -0.00376303 -0.00102901 -0.00153716 -0.00334171 -0.00422276 -0.000794648 -0.00254303 -0.000202996 -0.0026961 -0.00549287 -0.00700971 0.00084285 -0.00166704 0.00082269 -0.00224024 0.00138557 0.0104923 -0.00239498 -0.00190309 0.00117349 0.00209224 0.000415351 -0.00369271 0.000173792 0.00111948 0.0049456 -0.00258127 0.00820918 -0.00122317
internal_weight=465018 107488 357530 281194 81973 67652 199221 50359 148862 80902 45185 26586 76336 22467 14321 34656 65977 1503 20710 63014 64474 42662 114206 23772 5121 31826 10836 20600 1319 50441
internal_count=465018 107488 357530 281194 81973 67652 199221 50359 148862 80902 45185 26586 76336 22467 14321 34656 65977 1503 20710 63014 64474 42662 114206 23772 5121 31826 10836 20600 1319 50441
cat_boundaries=0 4 8 12 17 22 27 31 35 39 43 47 51 54 58 60 64 68 72 76 81
cat_threshold=370550924 32775 2703495984 2684424458 3892531714 2160739028 50528264 17924354 290988065 1241527361 339742752 45353412 2152531008 1771573504 2097556 2348832003 3 4800896 2252734480 232835136 142673488 3 1378009090 609289016 1081108480 1076363968 1 146870272 3642176136 8388612 1230782465 1207980096 1648937047 2218000716 20971539 2088837312 72613896 1250029824 276830912 473976932 1109426176 16777216 134236192 3766950728 2428698624 2197946433 528920 2583691524 33558164 3777331204 67189312 525312 0 1048576 25168899 473993672 306188297 44190884 2832500251 2 406878794 178278675 69273696 1048920 120586265 1073763970 536936632 2171474216 0 8192 4 18366464 17306112 2232768 536872964 67166209 2149614337 176685056 1342210048 4752400 1
is_linear=0
shrinkage=0.1


Tree=41
num_leaves=31
num_cat=22
split_feature=3 0 6 9 9 9 7 1 8 6 6 8 9 10 8 10 2 11 9 8 8 11 8 9 9 9 10 6 8 7
split_gain=58.5478 50.3986 28.8403 27.4459 26.9872 21.8161 21.3304 20.3135 16.7552 15.4311 45.3631 21.6386 17.7493 22.3602 17.0496 14.6055 14.3301 14.1635 16.3022 13.9007 13.8864 13.2821 13.261 13.2609 12.918 12.2117 11.6268 15.4605 19.9705 10.9369
threshold=2.5000000000000004 21.000000000000004 458.50000000000006 0 1 2 3 39.000000000000007 4 1174.5000000000002 1023.5000000000001 5 6 7 8 9 1.0000000180025095e-35 10 11 12 13 14 15 16 17 18 19 1064.5000000000002 20 21
decision_type=2 2 2 9 9 9 1 10 9 2 2 9 9 9 9 9 8 9 9 9 9 9 9 9 9 9 9 2 9 1
left_child=1 3 15 7 -4 8 9 -1 -3 10 12 -11 13 21 -12 -2 23 18 -16 -14 -7 -6 -5 -8 -18 29 -19 28 -28 -13
right_child=2 5 4 22 6 20 16 -9 -10 11 14 25 19 -15 17 -17 24 26 -20 -21 -22 -23 -24 -25 -26 -27 27 -29 -30 -31
leaf_value=-1.4162715824399852 4.3582348948609591 -0.18331289090369618 -10.358637166599346 -1.3777808199507426 15.29734099376966 -0.62656019530728324 0.2824651930444555 2.1774170724502397 -2.7107955929793803 2.5663849907285115 -0.73279945156111737 9.2344910082551177 0.54491496260054173 -0.2821599555565461 14.854951206174789 -2.3900782688341691 4.9264855061040116 4.5846576020235048 4.0742338711231652 -1.0049287086504157 0.032191741969554794 3.7051406788863681 -2.5259856567819665 -2.1232832202970853 -0.5185242706866805 -2.2308407721891164 14.774427539667011 -1.3170457904216049 -1.0325351895109394 -1.0462452676173262
leaf_weight=9501 1245 6892 6866 14443 333 23975 8847 1619 11508 4396 5148 1115 26263 12455 4688 23064 3039 6858 6688 55945 41562 8324 28744 30798 90942 19145 914 5589 996 3116
leaf_count=9501 1245 6892 6866 14443 333 23975 8847 1619 11508 4396 5148 1115 26263 12455 4688 23064 3039 6858 6688 55945 41562 8324 28744 30798 90942 19145 914 5589 996 3116
internal_value=-0.00160334 -0.00332847 -0.000873511 -0.00570221 -0.00060718 -0.00179266 -0.00046308 -0.00126685 -0.00483433 0.000308487 0.000752526 -0.0018371 -0.000252616 0.00233311 0.00411547 -0.00418734 -0.00139828 0.00516529 0.00780256 -0.000916833 -0.000937803 0.00623399 -0.00684238 -0.00299281 -0.000725787 -0.00304712 0.00307162 0.000347581 0.00811518 0.00181325
internal_weight=465018 138244 326774 54307 302465 83937 295599 11120 18400 161973 134201 27772 103320 21112 30881 24309 133626 25733 11376 82208 65537 8657 43187 39645 93981 23376 14357 7499 1910 4231
internal_count=465018 138244 326774 54307 302465 83937 295599 11120 18400 161973 134201 27772 103320 21112 30881 24309 133626 25733 11376 82208 65537 8657 43187 39645 93981 23376 14357 7499 1910 4231
cat_boundaries=0 4 8 12 13 17 21 25 27 31 33 35 39 43 47 48 52 57 62 67 69 73 74
cat_threshold=2421697580 145409 2710312736 2684420360 0 71303168 51200 8389312 1628029248 4194576 240246849 268471028 106 268566792 142606340 65544 85073920 1411469384 1140854530 2434632016 67142144 1761878057 1074014407 637862672 201334791 3378029120 4 1114624 67510377 7872440 86018118 10520579 8 3779199434 7 171049472 1107859156 1494352000 138467346 3222700544 540344352 7357444 21721690 272375844 1295024136 406917255 78004240 2147485696 2315313216 15220816 103514124 35160064 2328168526 2156535426 805306398 603979778 2 2166936 1072160 570426786 2415921408 2 21061737 572948995 554696744 2753691688 3 2216428098 10 167936260 2155876480 1073840130 1204224 2
is_linear=0
shrinkage=0.1


Tree=42
num_leaves=31
num_cat=23
split_feature=0 9 3 8 5 11 10 8 9 6 8 3 11 9 9 3 8 8 9 9 9 9 11 4 9 8 8 8 8 8
split_gain=58.1012 31.9356 31.5109 29.0565 23.967 28.602 21.8328 27.1646 21.7361 20.3923 21.1225 20.0164 18.2525 18.1111 17.7608 15.4891 14.5022 14.15 13.5583 13.5059 11.9892 11.9133 11.8318 11.4154 11.2026 10.9304 10.7968 10.6979 10.6869 10.6127
threshold=-26.999999999999996 0 1.5000000000000002 1 15.500000000000002 2 3 4 5 1116.5000000000002 6 2.5000000000000004 7 8 9 12.500000000000002 10 11 12 13 14 15 16 1.0000000180025095e-35 17 18 19 20 21 22
decision_type=2 9 2 9 2 9 9 9 9 2 9 2 9 9 9 2 9 9 9 9 9 9 9 2 9 9 9 9 9 9
left_child=2 3 16 -2 6 8 7 20 27 10 19 17 -5 -11 -4 24 -1 -8 22 -7 -3 -19 -13 -9 -12 -16 -10 -6 -15 -25
right_child=1 4 14 12 5 9 11 23 26 13 15 18 -14 28 25 -17 -18 21 -20 -21 -22 -23 -24 29 -26 -27 -28 -29 -30 -31
leaf_value=-1.6815580113731436 0.19772964936272219 2.9848155087240746 -2.7793489895616976 4.7444030795048873 9.9268482833479474 0.38274996323720117 -1.2038353951501375 2.0650330177537159 -1.521317253188113 0.92141000532239914 -2.0503418695957167 -0.05301134384785338 -3.5627840989988977 1.0152717281896313 -3.2515260079418038 9.7881210216421888 -3.5522301429996008 0.042818345248370748 -0.15725313391959594 3.8764582962026157 1.7492999793599822 -0.8322914526145454 -2.3227739974698451 -1.1699849936897291 0.14167502095704348 -1.0788028914772958 3.6733892146092537 5.2966956831395358 -0.88044076262264359 0.46198404568899654
leaf_weight=6400 14893 1192 16622 882 1110 5447 13096 20 2940 11772 5462 10689 38109 6066 10088 2674 17302 10351 70760 9489 6324 18331 21559 12673 31474 46034 3853 3034 49147 17225
leaf_count=6400 14893 1192 16622 882 1110 5447 13096 20 2940 11772 5462 10689 38109 6066 10088 2674 17302 10351 70760 9489 6324 18331 21559 12673 31474 46034 3853 3034 49147 17225
internal_value=-0.00153882 -0.000967032 -0.00372395 -0.00321632 -0.000581766 0.000441765 -0.00132587 0.000826832 0.00533753 7.38107e-07 0.00143622 -0.00188237 -0.00465142 -0.00116817 -0.00269218 0.000227156 -0.00689056 -0.00372876 -0.0011337 0.00463937 0.00619718 -0.00248223 -0.00283279 -0.000523926 -0.000304854 -0.00184066 0.00184771 0.01104 -0.00192728 -0.000574623
internal_weight=465018 368572 96446 53884 314688 132468 182220 37434 10937 121531 54546 144786 38991 66985 72744 39610 23702 41778 103008 14936 7516 28682 32248 29918 36936 56122 6793 4144 55213 29898
internal_count=465018 368572 96446 53884 314688 132468 182220 37434 10937 121531 54546 144786 38991 66985 72744 39610 23702 41778 103008 14936 7516 28682 32248 29918 36936 56122 6793 4144 55213 29898
cat_boundaries=0 4 8 10 12 16 20 24 26 31 36 40 44 48 53 57 61 62 66 70 74 78 82 86
cat_threshold=1082671488 72613936 239200257 276859636 2785280258 282627332 2200503040 22020122 2736850946 7 3930718656 5 3255468032 2690390024 69291394 4354817 34766850 3531609472 4036100160 18354186 3387071744 281020945 1275232844 26214400 2147549442 20 276112472 539152391 555745440 2686456064 3 1377992706 609256248 1081108480 2755264 1 3355463744 1644742743 2218525004 4194323 115605549 1543839232 268697606 67270848 140549159 201985 3232763912 1745421322 7344130 185248000 3229615176 3780120585 1 268567556 134250764 64 2148941824 268570123 3641223808 4037148944 536875016 271628 4202570 2418673860 1352798754 1614807040 25431041 474001864 37753881 44207232 2217918464 2167687872 436338700 15840 134218497 2290750480 2 1077376 73522248 42011396 2097237 77693025 85998624 1277322112 2302672897 102009876
is_linear=0
shrinkage=0.1


Tree=43
num_leaves=31
num_cat=19
split_feature=3 0 9 9 6 8 3 0 8 9 0 8 8 9 9 11 9 4 8 9 0 8 9 2 4 11 8 2 11 8
split_gain=52.0717 49.2183 27.3713 24.6752 23.0358 21.97 19.8412 18.7723 18.0852 13.9244 13.3908 13.2215 12.3786 22.2219 13.3558 16.8338 11.8594 11.1357 10.7024 10.4853 9.6776 9.60892 9.15541 9.06592 10.6941 8.76905 8.68092 8.52345 8.29449 9.67744
threshold=2.5000000000000004 117.00000000000001 0 1 449.50000000000006 2 11.500000000000002 -26.999999999999996 3 4 1.0000000180025095e-35 5 6 7 8 9 10 45.000000000000007 11 12 -20.999999999999996 13 14 105.00000000000001 135.00000000000003 15 16 3213.0000000000005 17 18
decision_type=2 2 9 9 2 9 2 2 9 9 2 9 9 9 9 9 9 2 9 9 2 9 9 8 2 9 9 10 9 9
left_child=1 2 28 -2 11 20 7 8 -6 -3 -7 19 13 -9 15 -14 -12 -11 -19 -5 -4 -17 -22 24 -20 -15 -26 -16 -1 -30
right_child=3 9 5 4 6 10 -8 12 -10 17 16 -13 14 25 27 21 -18 18 23 -21 22 -23 -24 -25 26 -27 -28 -29 29 -31
leaf_value=1.4267668209028577 -9.6301482009987911 -1.2846603686909348 -2.0586570030368501 2.5558116172047192 0.079509583140305026 -2.623974800745311 2.0247644319744054 -2.2416773517255062 -2.2902142631189508 1.3199149867630466 -0.54677282662872384 -2.4444649006844057 2.8671317030930688 9.1988764559421465 0.32156043870145812 2.7261186546077476 -1.6877917922110257 -0.6167507143297255 2.1054872458874416 -1.9977336426566752 -0.85466805925314393 -1.6152362252496939 0.32977253867591544 0.059975300908194945 2.2163097631482951 0.0320304240590343 -0.25330370443751232 37.247020854841672 -2.1317954877993865 0.20001718296959084
leaf_weight=2548 7007 7967 10027 1788 17693 21990 36548 26480 33565 848 15865 16751 5465 281 110196 1970 11940 12254 1410 2564 9091 34940 6313 22559 611 31476 2178 50 5676 6967
leaf_count=2548 7007 7967 10027 1788 17693 21990 36548 26480 33565 848 15865 16751 5465 281 110196 1970 11940 12254 1410 2564 9091 34940 6313 22559 611 31476 2178 50 5676 6967
internal_value=-0.00148743 -0.00311435 -0.00448666 -0.000799148 -0.000670376 -0.00526823 -0.000444783 -0.000749136 -0.00246557 -0.000520002 -0.00649031 -0.00386343 -0.000331885 -0.0015721 0.00014145 -0.00136723 -0.00503327 0.000243288 -3.07836e-06 0.00104997 -0.00287371 -0.00213435 -0.00130096 0.00111775 0.00538461 0.000211853 0.00179634 0.00072141 -0.000612462 -0.00166206
internal_weight=465018 138244 90417 326774 319767 75226 298664 262116 51258 47827 49795 21103 210858 58237 152621 42375 27805 39860 39012 4352 25431 36910 15404 26758 4199 31757 2789 110246 15191 12643
internal_count=465018 138244 90417 326774 319767 75226 298664 262116 51258 47827 49795 21103 210858 58237 152621 42375 27805 39860 39012 4352 25431 36910 15404 26758 4199 31757 2789 110246 15191 12643
cat_boundaries=0 4 8 12 16 21 25 29 33 38 40 44 48 52 56 61 62 66 68 72
cat_threshold=2420124732 14337 2710312752 2684424450 0 71303168 52224 704 2353189696 48775764 35880968 18383360 3356057856 2694857780 204619840 5767770 268501313 542375936 1246883968 2420154056 2 16793672 708837415 34325985 107102728 21504032 671789153 1413484834 43272324 202916355 2149654596 2550202464 425301016 2156427680 2555938 1223692316 1082133520 1 2701202064 18 243421696 3415377536 272629764 1228685313 564695588 2283835904 1479548935 69239440 29393921 1747124480 512 2695828736 2684354568 8388612 2383880 16777728 170164482 138477584 1073840132 4457488 1 2051 33555458 4202884 50466816 74752 1126316294 1 206635008 3221258244 270533639 8389680
is_linear=0
shrinkage=0.1


Tree=44
num_leaves=31
num_cat=20
split_feature=3 0 8 9 6 9 7 9 8 5 10 8 9 6 6 9 3 10 9 11 10 0 9 6 8 8 9 10 2 9
split_gain=49.2063 43.929 23.0896 22.7993 19.6953 18.6202 16.6703 16.2626 15.184 14.1351 14.1202 13.9676 12.716 12.2331 30.7075 20.7098 15.1784 14.0896 22.5581 12.6598 12.0632 13.3509 11.6085 11.4699 10.7395 10.2346 10.0796 9.83282 9.82077 9.79479
threshold=2.5000000000000004 33.000000000000007 0 1 463.50000000000006 2 3 4 5 21.500000000000004 6 7 8 1170.5000000000002 1023.5000000000001 9 8.5000000000000018 10 11 12 13 3030.0000000000005 14 953.50000000000011 15 16 17 18 -122.99999999999999 19
decision_type=2 2 9 9 2 9 1 9 9 2 9 9 9 2 2 9 2 9 9 9 9 2 9 2 9 9 9 9 8 9
left_child=1 2 -1 -2 10 8 13 -4 -3 12 25 28 -8 14 17 -15 29 18 -6 27 -17 26 -19 -7 -14 -5 -22 -18 -11 -16
right_child=3 5 7 4 6 23 9 -9 -10 11 -12 -13 24 15 16 20 19 22 -20 -21 21 -23 -24 -25 -26 -27 -28 -29 -30 -31
leaf_value=-0.43669202154009668 -7.4996992406751746 -2.6418105484694747 -0.8438259847308629 -1.0898713331323522 4.2944009099555336 -0.35989571599451026 -1.8180906609231025 -2.0767601516196401 -0.38476780937898764 30.96074396609297 -1.8393205848205447 -0.82699782314795967 1.6581104497929955 2.5985919064976009 -1.097205509066248 -3.2523440911174237 38.47783459441915 0.93027017074640206 -0.34616100783944964 4.4412642382331438 -5.3942704895489495 41.077205127926987 -0.69263903942464378 0.16870953563181262 -0.55091227978182977 9.9873514821363383 0.25737568719930259 19.348023694865244 5.1433503333557917 2.2051209097708422
leaf_weight=11004 7781 6906 19245 1253 6332 32563 45663 29920 9702 125 22997 2773 7541 4443 4390 10405 103 21274 9491 5698 3547 33 65293 28904 73665 990 10042 2487 3007 17441
leaf_count=11004 7781 6906 19245 1253 6332 32563 45663 29920 9702 125 22997 2773 7541 4443 4390 10405 103 21274 9491 5698 3547 33 65293 28904 73665 990 10042 2487 3007 17441
internal_value=-0.00143517 -0.0030167 -0.00504729 -0.000766098 -0.000635514 -0.00145181 -0.000405207 -0.00597357 -0.00442171 -0.00123464 -0.00331617 0.00354784 -0.00145733 0.000278961 0.000683046 -0.00160169 0.00348982 -0.000142594 0.00260026 0.0071332 -0.00276116 -0.000801059 -0.000644169 -0.000648538 -0.000706267 0.00424767 -0.000955923 0.0129231 0.00810948 0.00210663
internal_weight=465018 138244 60169 326774 318993 78075 293753 49165 16608 132774 25240 5905 126869 160979 132509 28470 30119 102390 15823 8288 24027 13622 86567 61467 81206 2243 13589 2590 3132 21831
internal_count=465018 138244 60169 326774 318993 78075 293753 49165 16608 132774 25240 5905 126869 160979 132509 28470 30119 102390 15823 8288 24027 13622 86567 61467 81206 2243 13589 2590 3132 21831
cat_boundaries=0 4 8 12 13 17 21 23 27 32 37 39 43 45 46 50 54 58 62 63 67
cat_threshold=1073762624 550011459 2267841480 20972547 0 71303200 55296 704 1090634049 4456704 236183680 2415955676 106 2622898204 2835522564 3250590720 134221827 34604032 3 1620060208 34150636 8423491 8 71467584 2165493766 1080168450 9663312 1761668385 1344536832 3363897408 1478566928 1 39860292 538351114 559939752 2963406848 1 189280514 5 2299691041 1074299264 8 136193299 3774873866 5 202507648 688136233 1217667159 570491732 67149829 136322304 273188481 2359380 25165930 4260864 32833 2103441 58720325 403702528 2244 2290287106 138444819 8 156715 1310732 48300408 4053835777
is_linear=0
shrinkage=0.1


Tree=45
num_leaves=31
num_cat=25
split_feature=0 3 9 8 0 8 9 9 11 9 8 9 8 8 11 3 9 9 8 8 11 8 10 1 11 9 8 9 8 8
split_gain=50.7426 28.9833 26.6101 25.0191 20.1432 23.835 16.8538 15.9502 15.2925 15.2032 15.0695 14.7074 14.5695 12.676 12.1605 16.2904 13.9701 11.2061 10.1129 9.50431 11.9432 9.49421 8.56137 12.3473 11.1902 11.0879 10.2428 8.16246 7.79457 7.67878
threshold=-26.999999999999996 1.5000000000000002 0 1 225.00000000000003 2 3 4 5 6 7 8 9 10 11 4.5000000000000009 12 13 14 15 16 17 18 2589.0000000000005 19 20 21 22 23 24
decision_type=2 2 9 9 2 9 9 9 9 9 9 9 9 9 9 2 9 9 9 9 9 9 9 10 9 9 9 9 9 9
left_child=1 9 3 -2 5 11 19 21 18 -1 -9 -4 14 -10 16 -16 -8 -17 -5 -7 -21 -3 23 24 25 -6 -26 -14 -24 -27
right_child=2 7 4 8 22 6 12 10 13 -11 -12 -13 27 -15 15 17 -18 -19 -20 20 -22 -23 28 -25 26 29 -28 -29 -30 -31
leaf_value=-1.3035356067582542 -4.0618301393490572 -2.2633015623566353 -1.0495913987836718 -0.43169670659465703 -2.0547314563135872 -0.14550786068002405 2.9693908417947998 -0.67514855858756206 2.3327754072309097 -2.7451572498825705 -2.3102091165917726 -0.47259731364692614 0.60564860075966109 -0.79777795291720954 -0.97102340121277075 0.57573979081344762 -0.35267929555252503 -2.1297003618099728 -3.97577575973515 8.015466819890479 0.66627867033387567 2.018480360830726 0.97230879430753869 62.416954056242552 3.1068543646874529 1.4517235724973425 0.74031864992283936 -0.21028018002797697 -0.5745550991552294 -0.13621912387703333
leaf_weight=6803 12684 6088 29135 6824 4392 13025 4505 18816 8168 16899 39814 36400 21831 12567 35702 18739 15133 16397 12647 552 20170 8026 5778 97 5329 6962 18487 34265 17453 11330
leaf_count=6803 12684 6088 29135 6824 4392 13025 4505 18816 8168 16899 39814 36400 21831 12567 35702 18739 15133 16397 12647 552 20170 8026 5778 97 5329 6962 18487 34265 17453 11330
internal_value=-0.0013812 -0.00342327 -0.000846838 -0.0029225 -0.00049897 -0.000924698 -0.000331008 -0.00243374 -0.00169982 -0.00646022 -0.00315996 -0.00255779 -0.000794916 0.000190405 -0.00157992 -0.00219033 0.000621944 -0.000662001 -0.00371182 0.0016835 0.0030137 0.000584818 0.000999883 0.00178149 0.00170752 0.000117209 0.00322085 0.000471248 -0.000568394 0.00120096
internal_weight=465018 96446 368572 52890 315682 245854 180319 72744 40206 23702 58630 65535 146572 20735 90476 70838 19638 35136 19471 33747 20722 14114 69828 46597 46500 22684 23816 56096 23231 18292
internal_count=465018 96446 368572 52890 315682 245854 180319 72744 40206 23702 58630 65535 146572 20735 90476 70838 19638 35136 19471 33747 20722 14114 69828 46597 46500 22684 23816 56096 23231 18292
cat_boundaries=0 4 8 12 16 21 22 26 30 34 38 42 44 49 53 57 61 62 66 68 70 74 78 82 86 90
cat_threshold=1082671552 72613888 1313990657 276859604 43516417 134348811 1624258592 33636676 274472997 1561375808 272896032 42207380 387252249 1073781377 537134010 2214990080 2286166265 269314 553910822 2894118914 2 1549279240 2186300460 16921600 1640760112 536875267 3221577800 565198884 204554498 4735890 50331683 271256320 2418147434 7824416 85987842 2150499201 3439329287 70407488 3020328960 82878480 34144772 4718618 3273866114 4 2147483648 268435456 2424307776 17301538 1 172032 696263954 2097220 2704384 2281702400 13647872 134217728 17827856 201377800 2183137336 50864137 86052896 1073741826 2148796480 556964224 1124080902 8548736 2832508426 2 2085364244 17 437518850 2332033220 276824320 1078001664 503324744 313160711 201424896 1048602 2149715460 2854297604 2166362112 20521000 2258124801 2425364634 17371264 27395649 430725126 2268069904 625279008 68224768
is_linear=0
shrinkage=0.1


Tree=46
num_leaves=31
num_cat=21
split_feature=1 9 9 8 3 11 8 0 3 9 8 8 8 8 2 8 8 9 8 9 4 8 0 0 4 8 9 8 9 9
split_gain=47.4279 25.309 23.8193 30.7644 19.0658 18.1109 16.1152 15.4247 20.0079 15.2624 14.5932 13.0471 12.8569 12.5487 11.7539 21.7972 10.9703 10.5309 10.2468 9.98238 9.75584 10.023 9.57366 26.3489 16.8895 9.26935 8.70226 8.51661 8.2005 8.16208
threshold=-20.999999999999996 0 1 2 1.5000000000000002 3 4 183.00000000000003 1.5000000000000002 5 6 7 8 9 177.00000000000003 10 11 12 13 14 105.00000000000001 15 525.00000000000011 567.00000000000011 195.00000000000003 16 17 18 19 20
decision_type=8 9 9 9 2 9 9 2 2 9 9 9 9 9 8 9 9 9 9 9 2 9 2 2 2 9 9 9 9 9
left_child=1 16 3 -2 11 -5 25 8 9 20 -11 -3 26 17 15 -9 -1 -10 -7 -15 21 -8 -16 24 -24 -4 -6 29 -14 -25
right_child=2 4 6 5 12 18 7 14 13 10 -12 -13 28 19 22 -17 -18 -19 -20 -21 -22 -23 23 27 -26 -27 -28 -29 -30 -31
leaf_value=-1.4574353832591258 0.16415334425822037 -0.812070748000148 6.8605240980222311 3.3885561412476992 -1.1726800445223275 -3.9061755790195933 1.7595587171904019 2.8201082308520227 0.90776811466316532 0.23467211582754463 -0.50840028265806836 -2.3079550188927671 -0.017949286901868148 -1.3968710925028158 -0.20705676274696311 0.03210572901453284 -3.1185146739132272 -0.22460908406357924 -1.9358803722675308 -0.24022054302343518 -1.1335851178060199 -1.3333571806874724 2.9168076629303417 -0.060464735329897837 3.2057872740185696 1.2197765510003347 1.5963129998445282 -0.67299659691022884 -1.7485477914618901 8.1681924700393331
leaf_weight=7797 21939 7882 435 1198 6757 11782 852 5332 22030 11225 24302 11883 10520 34340 49861 8650 14573 38260 25042 54977 17776 1023 516 2020 1535 20484 10397 8938 30608 2084
leaf_count=7797 21939 7882 435 1198 6757 11782 852 5332 22030 11225 24302 11883 10520 34340 49861 8650 14573 38260 25042 54977 17776 1023 516 2020 1535 20484 10397 8938 30608 2084
internal_value=-0.00133475 -0.00325911 -0.000804745 -0.00262644 -0.00240811 -0.00434687 -0.000446088 -0.000643605 -0.0011014 -0.00272899 -0.00149056 -0.00509234 -0.00149824 -0.000501115 0.000543983 0.00317408 -0.00622431 0.000613596 -0.00474127 -0.00125349 -0.00496465 0.00189333 -2.21719e-05 0.00218445 0.0127206 0.00223183 0.000801676 0.000527524 -0.0024571 0.00429266
internal_weight=465018 100417 364601 59961 78047 38022 304640 283721 204785 55178 35527 19765 58282 149607 78936 13982 22370 60290 36824 89317 19651 1875 64954 15093 2051 20919 17154 13042 41128 4104
internal_count=465018 100417 364601 59961 78047 38022 304640 283721 204785 55178 35527 19765 58282 149607 78936 13982 22370 60290 36824 89317 19651 1875 64954 15093 2051 20919 17154 13042 41128 4104
cat_boundaries=0 5 9 13 15 19 24 28 32 36 40 44 48 53 57 62 66 70 74 78 82 87
cat_threshold=25202816 2789212432 137394721 271067872 1 1073758530 72614184 202498056 142639824 3154939968 2161640452 2265859072 3195920 2164326658 20 1613239320 545588739 2542528 20971659 4756512 268639376 270663872 1164600356 1 117572352 550912 3825729536 633360 3389129024 3792486495 738263054 9437250 3425605 554696726 755064837 67142482 2324152640 339886212 2685407238 9105920 335970307 392851604 2168455168 67214656 3389145154 2418544640 1258356880 1205250 2544902160 1210126980 2 561779752 1 34604033 438435848 1074804772 50397292 310383648 2317550100 2147489856 1883049000 1 0 17960960 0 184336 0 0 0 10 101450501 420676192 344162564 1140855817 449921796 52445188 2332098561 44107616 2348887112 1226197506 536903838 2751479811 2525234728 966828033 2097222 1141196832 1
is_linear=0
shrinkage=0.1


Tree=47
num_leaves=31
num_cat=22
split_feature=0 9 3 8 3 9 4 9 8 0 7 9 8 9 9 2 8 8 9 9 8 4 8 9 9 9 11 10 9 6
split_gain=44.7658 26.5403 23.0572 23.4837 21.7745 18.0263 15.8437 16.1853 15.2752 14.951 12.3334 12.2 10.6634 10.3078 10.1588 10.0915 9.98861 9.8479 11.5237 9.91711 9.4295 8.51457 8.33692 8.12489 7.93221 7.93115 7.84191 7.57849 11.1644 11.3373
threshold=-38.999999999999993 0 2.5000000000000004 1 3.5000000000000004 2 105.00000000000001 3 4 93.000000000000014 5 6 7 8 9 -14.999999999999998 10 11 12 13 14 45.000000000000007 15 16 17 18 19 20 21 1373.5000000000002
decision_type=2 9 2 9 2 9 2 9 9 2 1 9 9 9 9 8 9 9 9 9 9 2 9 9 9 9 9 9 9 2
left_child=4 16 3 9 8 26 7 15 -1 25 14 12 -8 -6 20 -7 -2 19 -19 -12 -4 -11 -15 -10 -23 -3 -5 28 29 -20
right_child=1 2 10 5 13 6 11 -9 23 21 17 -13 -14 22 -16 -17 -18 18 27 -21 -22 24 -24 -25 -26 -27 -28 -29 -30 -31
leaf_value=-0.97761643406331078 -0.25658157852457808 0.22954622790817636 -2.809875794267592 3.7231637543259932 -3.3613146893708747 4.2411097279417174 -1.4195634705694895 -0.081693693075853002 -1.7389283609637987 0.99639290554538951 -1.98784057255149 -0.089188176339054584 -0.4796774432099169 1.6197526159936695 -0.24550914582301769 1.154531036665851 -8.3864905361344615 1.6431609137725109 5.0618238633254471 0.031702652378923619 -0.61656494251899874 0.023208414533473887 -1.737429288819418 -2.9830706650822982 -1.0368420423397269 -1.4244367853502846 0.33727091412368787 0.03031475204521987 -0.054137279783895667 14.031479862421476
leaf_weight=7243 2317 1406 9107 721 9771 235 9149 5182 10051 386 15342 22522 28239 7604 57868 2153 7832 18994 4437 27408 16798 6928 24357 17179 7337 15922 12561 110491 5428 50
leaf_count=7243 2317 1406 9107 721 9771 235 9149 5182 10051 386 15342 22522 28239 7604 57868 2153 7832 18994 4437 27408 16798 6928 24357 17179 7337 15922 12561 110491 5428 50
internal_value=-0.0012855 -0.000851131 -0.000715763 -0.00191421 -0.00350174 -0.00100555 -0.0016684 0.00264201 -0.00536159 -0.00420739 -0.000207694 -0.00221332 -0.0033205 -0.0019654 -0.00121182 0.00943286 -0.00589527 0.00025417 0.000661356 -0.00107344 -0.00285742 -0.00185721 -0.00109506 -0.0064464 -0.00225377 -0.00619691 0.00236082 0.000300124 0.0029471 0.00663331
internal_weight=465018 388813 378664 112741 76205 80762 67480 7570 34473 31979 265923 59910 37388 41732 83773 2388 10149 182150 139400 42750 25905 14651 31961 27230 14265 17328 13282 120406 9915 4487
internal_count=465018 388813 378664 112741 76205 80762 67480 7570 34473 31979 265923 59910 37388 41732 83773 2388 10149 182150 139400 42750 25905 14651 31961 27230 14265 17328 13282 120406 9915 4487
cat_boundaries=0 4 8 12 16 20 21 26 30 35 39 43 47 51 55 59 63 67 71 75 76 77 81
cat_threshold=1073741824 71303168 234938369 704 12320813 469798920 1476399153 103160004 268969017 51715 2970354480 2550141195 2147647744 8913152 131076 16793616 3225440328 545309783 219956040 5242898 17 2149614016 680337680 1074921606 24036384 1 33562624 16804114 608174080 65552 1445069828 71827784 1085364224 1076497096 1 84468099 1074677762 1093664850 1092395024 134217792 549978114 34095816 4194306 22552612 1749201009 473960738 33818756 94503453 1074814016 553714354 4497704 178143496 2147614740 2147549228 962169128 235610176 1074486272 1930532864 68161028 1376322376 2703623185 2277472 71893832 2186297348 289546274 3250589768 755045646 545783904 2418188416 4194368 1814560772 0 2147655680 0 536870912 1610713090 2152247363 2147484928 2306867216 3224371204 538593283
is_linear=0
shrinkage=0.1


Tree=48
num_leaves=31
num_cat=20
split_feature=0 3 9 9 9 8 0 8 8 1 4 8 9 2 8 9 9 1 9 0 8 8 8 11 6 10 8 10 8 1
split_gain=40.479 38.752 21.1973 20.5213 19.8621 16.21 14.6503 12.7754 12.5269 12.4602 12.3034 12.2897 20.9978 11.6525 17.8911 10.7444 9.74784 9.64843 9.29707 9.25074 9.56478 8.18357 8.05945 7.82358 10.0123 7.7717 7.67351 7.60926 8.18581 7.50542
threshold=1.0000000180025095e-35 1.5000000000000002 0 1 2 3 309.00000000000006 4 5 27.000000000000004 1.0000000180025095e-35 6 7 15.000000000000002 8 9 10 75.000000000000014 11 -44.999999999999993 12 13 14 15 568.50000000000011 16 17 18 19 267.00000000000006
decision_type=2 2 9 9 9 9 2 9 9 10 2 9 9 10 9 9 9 10 9 2 9 9 9 9 2 9 9 9 9 10
left_child=1 3 8 9 5 -2 10 -4 -3 -1 -6 12 -12 14 16 -16 -13 19 21 -9 -21 -15 -5 24 -19 -23 -8 28 -20 -28
right_child=4 2 7 22 6 -7 26 17 -10 -11 11 13 -14 18 15 -17 -18 23 27 20 -22 25 -24 -25 -26 -27 29 -29 -30 -31
leaf_value=-1.2728014141996202 -5.646835460750788 -0.77283534097324069 -2.1625443201854706 -0.7845744345181388 5.15163944119106 -0.20112578118809257 -0.27008161561638383 -1.3239161239790247 -3.5783380156378524 1.385730316270448 -1.3756154397029423 -1.3712631886622197 -0.19565819581767246 -1.8791896494352791 1.7602797008211426 0.42931651885760325 0.050432641228943392 11.761660376840377 -1.2701853124288343 3.8694543461742756 0.058924246164822849 0.032241836741804634 -1.8085255992406759 1.7509680241350762 7.1714807196662766 -1.2163492592559944 3.1319808612757019 0.21391136217006235 -0.071222431855087018 0.5244343951268774
leaf_weight=9129 9647 9887 14201 7168 43 6977 14246 35307 14770 1641 20704 7121 36505 8536 7696 21698 21098 91 13386 1419 37947 17637 20838 1718 427 15544 4284 42970 31046 31337
leaf_count=9129 9647 9887 14201 7168 43 6977 14246 35307 14770 1641 20704 7121 36505 8536 7696 21698 21098 91 13386 1419 37947 17637 20838 1718 427 15544 4284 42970 31046 31337
internal_value=-0.00122464 -0.00254706 -0.00163061 -0.00528317 -0.000566393 -0.0039281 -0.000376065 -0.000926253 -0.00423116 -0.00156772 -0.000695294 -0.000704722 -0.00198693 -0.000311769 0.000870808 0.00259692 -0.000927772 -0.000417194 -0.000839461 -0.000611067 0.00044302 -0.00206749 -0.00670903 0.00605545 0.0167045 -0.00135609 0.00118575 -0.000253057 -0.00117052 0.00196991
internal_weight=465018 154543 115767 38776 310475 16624 293851 91110 24657 10770 243984 243941 57209 186732 57613 29394 28219 76909 129119 74673 39366 41717 28006 2236 518 33181 49867 87402 44432 35621
internal_count=465018 154543 115767 38776 310475 16624 293851 91110 24657 10770 243984 243941 57209 186732 57613 29394 28219 76909 129119 74673 39366 41717 28006 2236 518 33181 49867 87402 44432 35621
cat_boundaries=0 5 9 13 17 21 25 29 33 37 41 45 50 54 58 62 63 65 69 70 74
cat_threshold=1073791234 72352120 1223714944 1076431552 1 2488273964 16920576 1640761136 536875275 1610612864 71565312 235003905 276859584 3153921 237109265 143702020 43581772 16918531 67514697 272896569 60819620 3381805128 2426406912 1124335889 4441112 13901860 1761719368 1363148961 44304516 320356385 2228480 2149714026 3897824316 3490267145 33835542 201611284 17978896 219710977 36212884 806355092 1074667816 15241536 304155710 285343760 1091174408 83914080 1653080624 1083180048 1212162099 3 82240 1610612738 66692 512 50401346 335546626 573147136 67158048 2348859978 6815812 237580 34603520 524360 3344436928 4 1090682912 2153941088 2589073695 33701908 3426195522 100680450 371867668 170166274 1148449
is_linear=0
shrinkage=0.1


Tree=49
num_leaves=31
num_cat=22
split_feature=0 3 9 6 11 9 9 8 8 8 9 3 5 9 8 9 10 8 9 8 5 7 7 11 1 10 3 8 9 8
split_gain=37.6705 25.4622 22.8964 19.5402 14.7777 26.7422 18.2125 15.0314 14.3588 13.308 13.0703 12.8764 15.2561 12.8954 12.9476 12.6812 14.4261 16.2978 12.5409 11.3798 10.5901 13.1902 13.1482 13.6999 10.9666 10.0291 9.87788 9.52392 8.92221 8.78194
threshold=-32.999999999999993 1.5000000000000002 0 751.50000000000011 1 2 3 4 5 6 7 6.5000000000000009 18.500000000000004 8 9 10 11 12 13 14 15.500000000000002 15 16 17 87.000000000000014 18 2.5000000000000004 19 20 21
decision_type=2 2 9 2 9 9 9 9 9 9 9 2 2 9 9 9 9 9 9 9 2 1 1 9 8 9 2 9 9 9
left_child=1 18 29 8 5 19 -6 -8 -4 -7 -3 13 20 27 -15 -10 26 28 -1 -5 21 25 23 24 -22 -13 -17 -9 -18 -2
right_child=2 10 3 4 6 9 7 11 15 -11 -12 12 -14 14 -16 16 17 -19 -20 -21 22 -23 -24 -25 -26 -27 -28 -29 -30 -31
leaf_value=-0.97508190932319128 -0.15472962244053412 -2.7315957342777164 3.5293461002414341 0.89380090047932592 -2.1641082664294626 -1.3316350783064452 0.65075115057097155 -0.49958235665130762 -1.866030690449145 0.48965784940950385 -1.0103848143937704 7.1518267561888074 -1.901211093672686 -0.2278580523385963 -1.0062029623789206 -0.6057945722690079 2.9117391216459567 -0.21363832306973954 -2.4956558263151396 5.705669577063162 26.516154576068562 -1.5907350020170152 1.9931117379609782 2.0260873431256003 21.692980629312462 -0.47119690969299377 -0.61871412536472026 0.36777374056094131 0.88642000756107153 -7.1139760911960765
leaf_weight=6564 2259 12795 1850 4441 8766 9883 23791 12193 20080 32372 52078 3131 12742 39635 32936 20577 1618 32014 14352 8275 844 8542 9502 1770 1440 2692 53165 23189 3897 7625
leaf_count=6564 2259 12795 1850 4441 8766 9883 23791 12193 20080 32372 52078 3131 12742 39635 32936 20577 1618 32014 14352 8275 844 8542 9502 1770 1440 2692 53165 23189 3897 7625
internal_value=-0.00116271 -0.00305506 -0.000734624 -0.000607413 -6.11515e-05 0.00137484 -0.000496903 -0.000270683 -0.00157589 0.000164436 -0.00207683 -0.000644304 0.000872289 -0.00121562 -0.00197862 -0.00169921 -0.00128153 0.000314604 -0.00608912 0.00539368 0.00218079 0.000288894 0.0041856 0.00894685 0.0140628 0.00395508 -0.00209378 0.000349794 0.00533031 -0.00548211
internal_weight=465018 85789 379229 369345 236144 54971 181173 172407 133201 42255 64873 148616 40663 107953 72571 131351 111271 37529 20916 12716 27921 14365 13556 4054 2284 5823 73742 35382 5515 9884
internal_count=465018 85789 379229 369345 236144 54971 181173 172407 133201 42255 64873 148616 40663 107953 72571 131351 111271 37529 20916 12716 27921 14365 13556 4054 2284 5823 73742 35382 5515 9884
cat_boundaries=0 4 6 10 14 18 22 26 31 36 40 44 46 50 54 58 59 60 61 63 67 72 76
cat_threshold=128 71303168 234938369 704 2736884610 15 2149335066 3523485026 1636827334 1048578 4723202 35395776 1367474178 4227072 8471626 12583046 70501184 21537323 1610612736 8650787 2100672 20971530 746560 152308962 488640516 86030464 1377862658 71893336 1089497088 1076366020 1 268829797 285253651 2686714008 2215575596 1 2366013697 840441872 2819098635 9526528 1081102656 270540082 3243313282 805341220 2509702168 10 36237320 2822773248 34693122 2248768 2186300460 21115904 1640760112 671088899 189598018 1078347205 677642240 123904 76 34 67379208 73146624 4 2147745829 2550669312 402661411 1069248 2214756354 538189824 64 1573120 1 134217800 13107202 34095816 134217730
is_linear=0
shrinkage=0.1


Tree=50
num_leaves=31
num_cat=24
split_feature=1 8 9 8 3 9 6 8 9 11 10 8 8 9 8 9 8 11 11 9 9 8 8 8 8 9 9 2 6 6
split_gain=34.4289 21.6048 19.5559 22.4214 18.0993 13.7267 13.5086 14.3082 13.2377 12.4764 12.3672 17.2152 12.4831 11.9542 9.88245 9.87981 9.57644 8.86105 8.83946 26.7233 11.3134 12.4706 10.7207 8.56884 8.50463 8.31783 7.83503 7.73685 7.65118 7.47028
threshold=-20.999999999999996 0 1 2 1.5000000000000002 3 747.50000000000011 4 5 6 7 8 9 10 11 12 13 14 15 16 17 18 19 20 21 22 23 3213.0000000000005 1126.5000000000002 1017.5000000000001
decision_type=8 9 9 9 2 9 2 9 9 9 9 9 9 9 9 9 9 9 9 9 9 9 9 9 9 9 9 10 2 2
left_child=1 25 3 -2 5 17 10 27 -6 -5 11 13 -12 -4 15 -14 -11 -3 19 -9 21 -20 -21 -22 -10 -1 -16 -8 29 -25
right_child=2 4 6 9 8 -7 7 18 24 16 12 -13 14 -15 26 -17 -18 -19 20 22 23 -23 -24 28 -26 -27 -28 -29 -30 -31
leaf_value=-0.44869564113908739 -3.6568380782992729 3.4575855044688746 7.4116341882373495 3.6065125246513476 -2.664738228295338 -1.5314031379934776 2.1775025119577798 6.6817521075220263 -0.81941281096334606 0.3731298210427848 12.095286803400876 0.010499951947990416 0.50652400124537078 2.6628191314949916 -1.7325865728597636 -0.4829498936886652 -2.0345558956982646 -0.92309770881317821 0.093390504322790086 -1.9649526076407373 -0.33522321899918794 -1.1768446873821159 1.3855226450827851 0.16126180977898513 0.36787799866971732 -3.0610630459860264 -0.57679943336417694 50.54596864495344 -0.2168975720010935 1.1820014525197962
leaf_weight=2552 8994 615 475 1828 11416 13744 13963 4302 24570 9529 120 18318 15033 1456 11920 24324 22544 7316 20067 5413 39583 25562 5530 42409 26809 13395 41994 27 31821 19389
leaf_count=2552 8994 615 475 1828 11416 13744 13963 4302 24570 9529 120 18318 15033 1456 11920 24324 22544 7316 20067 5413 39583 25562 5530 42409 26809 13395 41994 27 31821 19389
internal_value=-0.0010997 -0.00273928 -0.000648136 -0.00265354 -0.00210109 -0.00459285 -0.000380649 9.82357e-05 -0.00124134 -0.00147475 -0.00125748 0.000982771 -0.00174313 0.00993817 -0.00178611 -0.000580946 -0.00193343 -0.00127314 -0.000124483 0.00218617 -0.000321573 -0.00168036 -0.000440977 0.000143979 -0.000556347 -0.00611456 -0.00266561 0.00318571 0.000665497 0.00131428
internal_weight=465018 100417 364601 42895 84470 21675 321706 208066 62795 33901 113640 20249 93391 1931 93271 39357 32073 7931 194076 15245 178831 45629 10943 133202 51379 15947 53914 13990 93619 61798
internal_count=465018 100417 364601 42895 84470 21675 321706 208066 62795 33901 113640 20249 93391 1931 93271 39357 32073 7931 194076 15245 178831 45629 10943 133202 51379 15947 53914 13990 93619 61798
cat_boundaries=0 4 8 12 16 20 24 26 28 32 36 40 44 48 52 54 56 61 65 69 73 77 81 85 89
cat_threshold=25167909 147074304 283384640 52430893 1073758530 72613928 168943616 8422096 34604545 973210121 1087379508 50413676 2219852837 2202412034 1908801536 150994971 1076436312 813764097 313924 20971659 544768 2522874224 1223784448 1073753824 2147549440 18 38316357 4 1107853570 138674304 2162946 151552 8 0 0 10 75661344 256 0 1966120 2315436038 2154844193 539101764 8500560 244318720 587735749 2688680272 223350784 3019903040 13632768 118292992 3146770 2181072896 3 3238103042 7 170033168 138626 3498180800 2 2 214434816 1107495360 3514964034 4160755968 2286059520 3276800358 641335680 1085796 2521989124 2201010370 1543634944 2128224 17048100 1227751712 289416490 109073428 1078641154 1412092096 3221356558 9597056 142632960 1493303850 536969224 536870931 56100385 1074403602 3250585728 1749090597
is_linear=0
shrinkage=0.1


Tree=51
num_leaves=31
num_cat=21
split_feature=0 9 3 6 8 8 3 8 9 9 11 8 0 8 9 9 9 9 8 6 6 7 7 9 6 8 4 8 10 8
split_gain=33.3494 20.4928 19.6422 17.7294 15.5195 14.3604 13.9697 15.1213 17.8919 14.8875 13.6909 15.6188 12.519 13.1479 12.4959 11.6915 11.3576 10.8426 9.35747 9.96616 15.3186 11.9509 10.5151 13.1449 9.98834 9.7086 9.34708 10.0465 9.29372 9.08803
threshold=-38.999999999999993 0 1.5000000000000002 467.50000000000006 1 2 4.5000000000000009 3 4 5 6 7 39.000000000000007 8 9 10 11 12 13 1170.5000000000002 1009.5000000000001 14 15 16 1110.5000000000002 17 75.000000000000014 18 19 20
decision_type=2 9 2 2 9 9 2 9 9 9 9 9 2 9 9 9 9 9 9 2 2 1 1 9 2 9 2 9 9 9
left_child=2 -2 14 5 -5 -3 7 8 -6 -9 11 -11 13 -12 -1 28 -4 -14 -8 20 22 -22 23 -20 25 -23 27 -10 -13 -18
right_child=1 3 16 4 6 -7 18 9 26 10 12 15 17 -15 -16 -17 29 -19 19 -21 21 24 -24 -25 -26 -27 -28 -29 -30 -31
leaf_value=-0.82975610166471903 -4.6027399884694153 0.46315201976854126 -2.5407458928154831 9.9165349500820543 -0.99343742738604401 -1.2053904043185919 1.5397893063773758 0.38556017651045377 2.5567424720142586 -0.57503667955697213 0.14105008347167952 4.4487840152840556 -0.69204589948968132 -1.1090556228424491 -2.4587009182204063 0.53862104007082301 1.1466524556323348 0.08601563752855429 -1.4095061931428727 -1.2917490776240739 5.6270917351255409 4.1863419950831053 -0.78715376021907402 1.2404030638118517 -2.1043725853498776 -0.65341437604572428 -0.3014410640087089 0.6149037954360943 0.74179465458202642 -1.3907626168356104
leaf_weight=5786 11528 5299 12586 500 27083 22076 19952 24962 235 13052 6445 896 18375 21119 12644 15948 9731 33138 8190 23807 11677 6552 47208 30692 5935 4917 26613 1081 1533 35458
leaf_count=5786 11528 5299 12586 500 27083 22076 19952 24962 235 13052 6445 896 18375 21119 12644 15948 9731 33138 8190 23807 11677 6552 47208 30692 5935 4917 26613 1081 1533 35458
internal_value=-0.00106658 -0.000691672 -0.00297947 -0.00056468 -0.000372955 -0.00301553 -0.000398377 -0.000975958 -0.00237396 -0.000408039 -0.000906296 0.000859122 -0.00160798 -0.00332826 -0.00582203 0.00273726 -0.0020727 -0.00068779 0.000293838 3.01946e-06 0.000388029 0.00237234 -0.000282265 0.000935408 0.000709771 0.00243351 -0.000597375 0.00762918 0.00918819 -0.00133167
internal_weight=465018 388813 76205 377285 349910 27375 349410 190480 55012 135468 110506 31429 79077 27564 18430 18377 57775 51513 158930 138978 115171 29081 86090 38882 17404 11469 27929 1316 2429 45189
internal_count=465018 388813 76205 377285 349910 27375 349410 190480 55012 135468 110506 31429 79077 27564 18430 18377 57775 51513 158930 138978 115171 29081 86090 38882 17404 11469 27929 1316 2429 45189
cat_boundaries=0 4 8 12 16 20 24 26 30 34 38 43 48 53 57 58 59 64 68 71 72 76
cat_threshold=128 71565312 234938369 704 536870912 8388608 1536 4194314 16793603 709099527 2148592033 18933393 3670060 486707234 1346375699 103155908 26415683 1796 2147682400 1477744700 16908893 1104387 2701525808 2282752266 2210610065 10 276824834 1081878664 2837481512 9023520 1073800000 6291456 2686560384 623104 3260042280 21114880 1640760080 675283203 2147483648 1646264320 1048644 16777216 1 1453360390 71827728 1076979712 1076364004 1 2258639136 8260 1085345926 20997152 3 1189091400 268436226 2998484 86540385 42 100 31484004 840992369 2160197664 539035656 1 2567472131 2371355668 3456239624 1050000 1048576 131072 4194304 1208094730 1416184140 539247664 203866208 4194330
is_linear=0
shrinkage=0.1


Tree=52
num_leaves=31
num_cat=24
split_feature=0 3 9 8 8 11 9 9 8 9 2 8 8 9 9 8 11 9 9 10 9 0 8 11 4 7 9 8 1 9
split_gain=30.9569 34.5108 28.8654 20.0273 15.7609 13.9698 19.1075 14.0834 13.1783 16.1716 13.8755 17.5358 11.8552 11.2091 11.0611 10.8185 10.7294 16.6016 10.0782 9.78768 9.57271 8.62855 9.46545 9.03178 8.32571 7.93076 9.63043 7.82713 7.02089 6.82729
threshold=99.000000000000014 2.5000000000000004 0 1 2 3 4 5 6 7 87.000000000000014 8 9 10 11 12 13 14 15 16 17 -20.999999999999996 18 19 135.00000000000003 20 21 22 1107.0000000000002 23
decision_type=2 2 9 9 9 9 9 9 9 9 10 9 9 9 9 9 9 9 9 9 9 2 9 9 2 1 9 9 10 9
left_child=1 2 -1 -4 14 6 27 19 9 -2 11 20 -8 -5 -3 -9 17 -12 28 -7 -10 -15 -23 -24 -13 26 -11 -6 -18 -26
right_child=8 4 3 13 5 7 12 15 10 25 16 24 -14 21 -16 -17 18 -19 -20 -21 -22 22 23 -25 29 -27 -28 -29 -30 -31
leaf_value=-1.5726832977266789 -3.4178882501378767 0.11222654638984322 -0.97092677038889819 0.21928807508542333 1.3343293654135633 0.12781792542280676 -0.42949692389135852 -1.1413036927585469 2.8898903846577721 8.6517183257326522 2.4033490330982841 1.2923347074360383 -2.4297611313205683 -1.344163824744772 -1.9433382925207969 0.34041276772175744 0.31990078687007883 0.13172111480127541 -0.61362895912708004 3.7314272391021657 1.137894895292678 0.45435193005763053 0.67951984130373944 -0.66210134410610244 1.5969521500402521 -0.55612071049391265 0.85261662324840692 -0.28698776220401251 17.999656246868536 -0.046784712103923813
leaf_weight=19798 8135 8760 19213 12743 12555 9852 23368 28690 2373 382 3853 2569 30069 12933 26990 40648 13619 44512 40577 11696 2488 4618 2648 13267 5462 19820 4881 18337 370 19792
leaf_count=19798 8135 8760 19213 12743 12555 9852 23368 28690 2373 382 3853 2569 30069 12933 26990 40648 13619 44512 40577 11696 2488 4618 2648 13267 5462 19820 4881 18337 370 19792
internal_value=-0.00102874 -0.00164475 -0.00334311 -0.00232944 -0.000958692 -0.000568129 -0.00149504 0.00029198 5.19424e-05 -0.00173288 0.000489214 0.0022843 -0.00263944 -0.00120059 -0.00287193 -0.000402033 -8.07361e-05 0.00100362 -0.00104185 0.00252435 0.00781975 -0.00216155 -0.000887841 -0.00204396 0.00131391 -0.000475434 0.00297174 0.000484756 0.00127223 0.000762649
internal_weight=465018 296185 85220 65422 210965 175215 84329 90886 168833 33218 135615 32684 53437 46209 35750 69338 102931 48365 54566 21548 4861 33466 20533 15915 27823 25083 5263 30892 13989 25254
internal_count=465018 296185 85220 65422 210965 175215 84329 90886 168833 33218 135615 32684 53437 46209 35750 69338 102931 48365 54566 21548 4861 33466 20533 15915 27823 25083 5263 30892 13989 25254
cat_boundaries=0 5 9 13 15 20 25 29 34 38 42 46 51 55 57 61 66 68 72 76 78 79 83 87 91
cat_threshold=1090552128 5309720 167895106 1076399844 1 16517125 1561724416 1480610821 100810752 269495333 1242179913 272892552 60819588 2021130315 18 437682176 1359217361 848494848 218501121 1 2160096331 578837522 1074003974 14698502 1 74528 1612941345 1369511955 114032644 1380976128 541065220 3392233538 1343756880 2 33587203 227021200 2151686148 14336 2282111232 9437312 2684361762 718346 271199801 3238042112 2701918512 2818572297 89205824 3892970626 16777432 2684506154 2 2285896192 2958136448 3272160304 1262849 588448968 14 1056810 156241922 1628438528 536874016 2686468880 36273362 2147549378 2101251 3 1012107536 6 221380896 1378124608 136446020 71000072 268435968 0 639730432 565249 2147531520 8 12 0 16842752 0 16794624 2248147712 2156937220 1814036544 67354 1141670915 539492717 276890320 338362402
is_linear=0
shrinkage=0.1


Tree=53
num_leaves=31
num_cat=22
split_feature=0 3 9 9 8 9 11 7 9 8 8 0 7 6 9 10 9 6 6 8 9 9 3 2 8 8 8 10 11 9
split_gain=28.7735 26.1955 18.1608 17.1086 19.542 13.3498 12.3801 11.9526 11.0885 9.97859 9.57093 9.1425 9.09737 9.62808 8.97842 8.50188 8.40323 8.36812 8.2755 8.13766 8.29078 8.11258 7.74379 7.73406 7.54071 7.49849 7.48816 7.31056 7.09602 6.87356
threshold=-14.999999999999998 1.5000000000000002 0 1 2 3 4 5 6 7 8 1419.0000000000002 9 1335.5000000000002 10 11 12 432.50000000000006 454.50000000000006 13 14 15 9.5000000000000018 1488.0000000000002 16 17 18 19 20 21
decision_type=2 2 9 9 9 9 9 1 9 9 9 2 1 2 9 9 9 2 2 9 9 9 2 8 9 9 9 9 9 9
left_child=1 2 28 4 -2 9 8 21 -6 -3 -7 19 13 26 -8 17 -13 -14 -17 29 25 -5 -15 -18 -23 -21 -12 -22 -1 -9
right_child=3 5 -4 7 6 10 14 11 -10 -11 12 16 15 22 -16 18 23 -19 -20 20 27 24 -24 -25 -26 -27 -28 -29 -30 -31
leaf_value=4.2357422413812156 -2.9458009018996689 -0.49904381200965031 -1.6521853707157281 -0.67768474455927852 -5.2146436266123315 -1.5745377108033887 3.8358700808323287 0.12228525454920805 -0.42145464820366585 -2.9215056833366724 -3.7942841380333578 -2.1414272047086658 14.885751332829058 9.3352410606516862 -0.0057307149527770504 -1.7524863202728469 42.260316220694996 5.7749873823820934 0.2338505850290174 -0.72771090584678977 -0.26561491956345812 1.2026127677402827 31.836728302521109 10.278864728458061 -0.27893477137602363 0.19185951976830504 -0.45875651357198344 0.43659275754672705 -0.67310357774946661 -0.55285721029591994
leaf_weight=758 21872 6046 19853 26296 6078 13591 3878 16556 11498 10720 4364 466 49 193 13972 5402 185 1092 43088 27022 19278 6858 48 564 56755 31539 4998 80119 9027 22853
leaf_count=758 21872 6046 19853 26296 6078 13591 3878 16556 11498 10720 4364 466 49 193 13972 5402 185 1092 43088 27022 19278 6858 48 564 56755 31539 4998 80119 9027 22853
internal_value=-0.00100874 -0.00234834 -0.00492544 -0.000546839 -0.00212501 -0.0014958 -0.000673329 -0.000233312 -0.00255658 -0.00403911 -0.000909593 0.000199804 -0.000360208 -0.00317591 0.00118141 0.000185127 0.00884773 0.00867941 -1.64972e-05 0.000146577 0.000467307 -0.00118985 0.016556 0.0152964 -0.000578881 -0.000476518 -0.00368725 0.00102337 -0.00139357 -0.00113879
internal_weight=465018 119229 29638 345789 57298 89591 35426 288491 17576 16766 72825 198582 59234 9603 17850 49631 1215 1141 48490 197367 157958 89909 241 749 63613 58561 9362 99397 9785 39409
internal_count=465018 119229 29638 345789 57298 89591 35426 288491 17576 16766 72825 198582 59234 9603 17850 49631 1215 1141 48490 197367 157958 89909 241 749 63613 58561 9362 99397 9785 39409
cat_boundaries=0 4 8 12 17 18 19 23 27 31 32 35 37 42 46 51 55 59 63 67 68 70 75
cat_threshold=2488273961 16953344 1640760112 671088907 1073762752 71565328 1255271424 1350601456 36831759 2852274177 1153439744 44761444 1109442818 72352104 1215358976 1075907268 1 2119732237 17 20480 67108864 1082228736 576 3447873608 3768589312 3288334609 4342808 293734407 67543304 306451981 75500708 4 16384 0 1216348160 1074270208 8 2533524480 159973381 4 5006344 1 1095508016 1527882816 272654384 58984580 2290158624 975381166 131080 2281705487 3 558407683 3523233858 19137110 22045696 1132597578 571473923 69856112 18874434 1119041 70128416 2818705411 67270145 3259531848 2446348342 538574850 16974608 1426784388 16824576 11 153231904 3928027654 268435525 2167406602 1
is_linear=0
shrinkage=0.1


Tree=54
num_leaves=31
num_cat=18
split_feature=0 3 9 8 8 1 9 9 4 9 8 9 7 9 9 1 8 0 4 0 8 6 2 0 9 10 11 10 2 8
split_gain=26.7146 30.1743 22.8933 18.3629 15.0331 13.7851 15.277 14.2529 12.1776 11.0464 14.5714 10.0257 9.74236 11.9515 9.27952 9.11253 20.6575 11.0232 10.3458 9.87016 8.79593 8.7634 11.7767 8.69433 11.8 9.4591 8.68199 8.88345 8.58867 15.9955
threshold=39.000000000000007 1.5000000000000002 0 1 2 99.000000000000014 3 4 45.000000000000007 5 6 7 8 9 10 51.000000000000007 11 63.000000000000007 135.00000000000003 219.00000000000003 12 1345.5000000000002 -38.999999999999993 -56.999999999999993 13 14 15 16 219.00000000000003 17
decision_type=2 2 9 9 9 10 9 9 2 9 9 9 1 9 9 10 9 2 2 2 9 2 8 2 9 9 9 9 8 9
left_child=1 2 -1 14 -4 7 -7 -5 -2 10 -10 -6 13 -9 -3 16 17 -11 -19 -17 -18 -15 -23 -13 25 -25 27 -12 29 -21
right_child=8 3 4 5 11 6 -8 12 9 15 26 23 -14 21 -16 19 20 18 -20 28 -22 22 -24 24 -26 -27 -28 -29 -30 -31
leaf_value=-1.7817892628633896 0.92224113821228038 -0.023722284697676649 -1.0168997001057869 -2.2819719133692487 0.37862712692908795 6.0939565063482029 -0.23297366707621281 -2.6162663248763507 -2.193982977490136 0.51014778249864134 5.7498467881136799 -2.2817043868377351 0.13935776258860597 -0.15599467692860022 -2.0206302324178598 -0.30274024701116553 -1.075485888692076 2.4080688063392133 2.591891578352076 2.5307556822203932 0.35381304600871066 30.124167785076875 1.7860984782329066 4.7334447765066061 -0.23502980385028913 1.3925093461971716 -0.6734530223374634 -0.064113406373727228 0.012747444896637792 0.066439566220381843
leaf_weight=13707 1360 5874 14702 17902 5053 1379 1690 16755 12502 6283 1373 5678 80286 20119 19394 98145 7729 597 3840 4528 24029 115 337 118 15841 404 21868 2032 53256 8122
leaf_count=13707 1360 5874 14702 17902 5053 1379 1690 16755 12502 6283 1373 5678 80286 20119 19394 98145 7729 597 3840 4528 24029 115 337 118 15841 404 21868 2032 53256 8122
internal_value=-0.000961428 -0.00176354 -0.00377872 -0.00108092 -0.0026135 -0.000628678 0.00599869 -0.000778815 -0.000245215 -0.000297746 -0.00186979 -0.00121532 -0.000378503 -0.00171309 -0.00355962 -1.01215e-05 0.00129526 0.00508853 0.00890917 -0.000348126 1.32185e-05 -9.76653e-05 0.0136726 -0.00213641 -0.000967429 0.0136842 -0.000487682 0.00420205 0.000598426 0.00294071
internal_weight=465018 219354 55503 163851 41796 138583 3069 135514 245664 244304 37775 27094 117612 37326 25268 206529 42478 10720 4437 164051 31758 20571 452 22041 16363 522 25273 3405 65906 12650
internal_count=465018 219354 55503 163851 41796 138583 3069 135514 245664 244304 37775 27094 117612 37326 25268 206529 42478 10720 4437 164051 31758 20571 452 22041 16363 522 25273 3405 65906 12650
cat_boundaries=0 4 8 12 16 20 24 28 32 33 37 42 46 50 54 55 57 58 62
cat_threshold=19431744 274270616 201392195 1076405476 290462721 1275865409 272897064 44042404 14426117 521150468 1498419207 109199360 2148144129 2181046273 2852194304 1359105024 1074286848 2521825321 141645840 1073744584 16863424 71696384 1251081472 813730512 41025537 2315386881 1151408128 34283716 148537 3238137856 550371328 671088648 5 152052260 153952400 2524971336 402752531 22095948 689897475 472 2684485674 2 100717827 2526175632 33673220 174336 3248751140 1208323682 2432960640 55836676 1048576 0 3146544 256 675446784 2172723968 18 4195080 337805570 458764434 20973570 67317056
is_linear=0
shrinkage=0.1


Tree=55
num_leaves=31
num_cat=22
split_feature=0 9 8 11 4 6 8 8 4 8 8 1 4 11 9 9 0 9 8 9 9 2 8 9 11 8 9 9 7 9
split_gain=25.0989 18.2072 15.4273 14.9835 13.5125 12.0435 12.6112 11.8521 11.0311 12.4064 11.4154 13.2497 10.7655 10.7559 10.5984 10.2052 9.96525 14.8261 11.6005 10.2591 9.65237 9.48559 17.4891 9.21731 9.21499 8.98758 8.60048 7.80745 7.73342 8.37002
threshold=-38.999999999999993 0 1 2 315.00000000000006 428.50000000000006 3 4 1335.0000000000002 5 6 1299.0000000000002 45.000000000000007 7 8 9 57.000000000000007 10 11 12 13 57.000000000000007 14 15 16 17 18 19 20 21
decision_type=2 9 9 9 2 2 9 9 2 9 9 8 2 9 9 9 2 9 9 9 9 10 9 9 9 9 9 9 1 9
left_child=2 3 28 -2 -4 6 15 -5 10 -10 11 14 27 -11 -7 -3 17 -14 23 -20 -6 22 -18 -19 -25 26 -23 -12 29 -1
right_child=1 5 4 7 20 8 -8 -9 9 13 12 -13 16 -15 -16 -17 21 18 19 -21 -22 25 -24 24 -26 -27 -28 -29 -30 -31
leaf_value=2.2460622294891244 0.98363685734455997 2.4692792610880847 -1.9298856077793702 -5.1834055895936331 -3.0315883555052086 1.218095556517544 -1.3495297965760038 -1.2136885085673335 -1.9183372048995377 -4.7901220167412877 0.0077549984734232164 6.213972771282104 -1.125745718677839 1.6651102573935124 -0.045281450021616272 -0.34384389895263134 0.89512672873081134 -1.1745535322927154 -0.32848830967176978 0.44608622236809375 -1.0362910426098504 -0.07658531230461893 -0.22145552515850131 2.2362989418067767 -0.60633047101254367 -0.028028997496062587 -1.2744544055888918 1.0061270848800155 0.23762007808374244 -3.1166761786141279
leaf_weight=1161 5601 694 12566 12392 7811 6740 9293 10378 13429 2767 1002 1362 19101 54295 27245 3239 12635 12192 31940 17055 29706 15450 22679 1663 19807 65933 20890 1031 18962 5999
leaf_count=1161 5601 694 12566 12392 7811 6740 9293 10378 13429 2767 1002 1362 19101 54295 27245 3239 12635 12192 31940 17055 29706 15450 22679 1663 19807 65933 20890 1031 18962 5999
internal_value=-0.000917128 -0.000591881 -0.0025766 -0.00303055 -0.0036039 -0.000399834 -0.00336156 -0.00417033 -0.000287028 0.000829749 -0.000571508 0.00110671 -0.000817276 0.00147322 0.000719433 0.00138727 -0.000878859 -0.00162916 -0.00104843 -6.63221e-05 -0.002654 -0.000323943 0.00108908 -0.00247743 -0.00122905 -0.000811849 -0.00207428 0.00642892 -0.00060539 -0.00340307
internal_weight=465018 388813 76205 28371 50083 360442 13226 22770 347216 70491 276725 35347 241378 57062 33985 3933 239345 101758 82657 48995 37517 137587 35314 33662 21470 102273 36340 2033 26122 7160
internal_count=465018 388813 76205 28371 50083 360442 13226 22770 347216 70491 276725 35347 241378 57062 33985 3933 239345 101758 82657 48995 37517 137587 35314 33662 21470 102273 36340 2033 26122 7160
cat_boundaries=0 4 8 10 14 18 22 26 28 32 36 41 45 49 54 58 62 64 68 72 76 77 82
cat_threshold=1073758592 71565312 167897088 268470976 3425259848 2694927408 69484864 5242898 2214928770 24 50446848 21381125 3758262417 83993520 1081857 203563025 12589088 110706788 151519525 1208312044 807403576 33896964 1610681616 545325205 2687075160 21045763 2420715521 20 2149057538 2197815941 2684620848 3239056664 310641667 2629760 32 2231501096 2654306 1077089400 70254699 69215268 1 24649737 1325578240 1346373634 3295412 2181301252 998245250 3493855236 5062681 270565408 69240284 1248913408 1346405056 1 318930947 356135176 104882182 67246464 30409217 285737728 131200 1213272080 134364162 4 60817448 421697608 1363286150 2130228 75923456 3105434752 2436890628 621216781 268435456 134217728 268435456 8195 12 268607492 536906752 1644823040 139723016 1
is_linear=0
shrinkage=0.1


Tree=56
num_leaves=31
num_cat=22
split_feature=9 0 3 9 8 2 8 0 7 9 10 8 9 11 0 8 8 6 9 6 9 9 6 8 7 7 11 8 9 7
split_gain=22.2534 19.2571 24.6874 19.3375 13.2246 11.0671 16.3485 13.0058 11.0488 11.7259 10.8925 12.9071 10.8394 10.6563 10.4412 9.64987 9.41403 9.14922 14.6856 14.4341 12.3708 9.62949 8.96074 14.5292 9.38631 8.93032 13.8087 8.84577 8.71262 8.41737
threshold=0 117.00000000000001 1.5000000000000002 1 2 129.00000000000003 3 237.00000000000003 4 5 6 7 8 9 -140.99999999999997 10 11 1185.5000000000002 12 953.50000000000011 13 14 1330.5000000000002 15 16 17 18 19 20 21
decision_type=9 2 2 9 9 10 9 2 1 9 9 9 9 9 2 9 9 2 9 2 9 9 2 9 1 1 9 9 9 1
left_child=16 2 3 -2 -5 6 12 27 10 -10 11 -4 -3 -11 -13 -8 -1 19 29 20 -12 25 -15 24 -24 26 -21 -7 -27 -19
right_child=1 5 8 4 -6 7 15 -9 9 13 17 14 -14 22 -16 -17 -18 18 -20 21 -22 -23 23 -25 -26 28 -28 -29 -30 -31
leaf_value=-1.1794056136425812 -1.0966173033227851 2.6786883597336359 -1.5098281758746459 -0.57879581710006411 -0.12219766758268656 0.29408272980094208 -1.7303322960850747 0.17811417044058528 -1.8251899257028972 3.3722623147918913 0.87223014205476057 -2.0124104071165712 1.17187666377466 -0.53428777680417672 3.7409144200455824 0.40698475643789084 -6.7127041664029257 7.4776200991353479 -2.0987985589954028 12.599536408189996 -0.70034647865016497 0.46280951124935688 26.028090142815206 -0.33922148255120987 5.7055848660062169 9.728301211047425 1.8726036221351732 -0.82824156055923415 -0.80505767947542228 0.043680645902966879
leaf_weight=4835 22628 3335 3900 19907 36486 8900 6552 62185 30320 3252 19346 2255 6929 69570 8588 28446 10004 901 11718 1761 46932 15194 237 1454 692 760 1840 30488 2735 2868
leaf_count=4835 22628 3335 3900 19907 36486 8900 6552 62185 30320 3252 19346 2255 6929 69570 8588 28446 10004 901 11718 1761 46932 15194 237 1454 692 760 1840 30488 2735 2868
internal_value=-0.000884226 -0.00075855 -0.00121361 -0.00273358 -0.00174158 0.000181494 0.00148204 -0.000398041 -0.000678176 -0.00142275 -1.66679e-05 0.00252626 0.00498929 -0.000753177 0.00430019 0.000451894 -0.00469325 -0.000377171 -0.00261962 1.49014e-05 -0.000725432 0.00221624 -0.00100649 0.00502308 0.0147071 0.00525471 0.00874827 -0.00181985 0.00164051 0.00280762
internal_weight=465018 450179 303344 79021 56393 146835 45262 101573 224323 105525 118798 14743 10264 75205 10843 34998 14839 104055 15487 88568 66278 22290 71953 2383 929 7096 3601 39388 3495 3769
internal_count=465018 450179 303344 79021 56393 146835 45262 101573 224323 105525 118798 14743 10264 75205 10843 34998 14839 104055 15487 88568 66278 22290 71953 2383 929 7096 3601 39388 3495 3769
cat_boundaries=0 4 9 13 17 18 23 25 29 33 35 39 43 48 52 56 60 61 62 64 68 72 73
cat_threshold=1073741824 71303168 167831552 704 2675010 1343557016 65602 1074324532 1 14417924 252838148 423784453 109200256 302154754 346702224 2267652145 71744 106 16802081 1345192048 2161446912 1208036377 1 1078505539 13 138429953 84058561 4723746 109168645 170787078 50434816 2428502208 2302289152 2717945860 9 1080107040 1610714659 403963904 44302340 134217792 549978114 35128008 4194562 373383244 1613136642 538968072 539631616 1 672408104 965476550 813891860 4244481 253231876 3221763169 1360003202 134230078 164352 151552 3225554946 159760 4 34 759957642 5 3496608840 37759491 2282099140 19933186 1049092 529441 285212800 12288 2
is_linear=0
shrinkage=0.1


Tree=57
num_leaves=31
num_cat=23
split_feature=0 9 8 3 8 0 11 8 0 10 8 9 9 8 8 9 11 9 3 9 9 0 10 8 9 9 9 11 8 4
split_gain=22.8811 16.0947 15.6968 12.2818 12.1659 11.2307 11.0732 9.6769 12.3052 10.7267 19.704 11.4317 11.1711 16.0008 10.497 10.5123 8.92325 10.1564 9.56586 8.77615 8.74862 8.31963 8.16142 8.05754 7.92673 7.77129 7.38451 7.36727 7.27755 7.252
threshold=-44.999999999999993 0 1 3.5000000000000004 2 357.00000000000006 3 4 33.000000000000007 5 6 7 8 9 10 11 12 13 1.5000000000000002 14 15 201.00000000000003 16 17 18 19 20 21 22 75.000000000000014
decision_type=2 9 9 2 9 2 9 9 2 9 9 9 9 9 9 9 9 9 2 9 9 2 9 9 9 9 9 9 9 2
left_child=3 2 6 4 25 16 -2 8 19 10 11 21 13 -11 -14 -16 17 -4 -18 -3 22 -9 27 -17 -6 -1 -5 -10 -7 -22
right_child=1 7 5 26 24 28 -8 9 20 12 -12 -13 14 -15 15 23 18 -19 -20 -21 29 -23 -24 -25 -26 -27 -28 -29 -30 -31
leaf_value=0.59956582411683834 -5.17679170981474 -1.3678590696630115 5.7351732728764189 -3.0234836228881985 -3.2495625182164112 2.9456689403345093 1.0520009132896684 8.5958215075552715 2.2772178808515773 0.32395293633081357 0.085256414714617826 2.5932125434071507 -0.08267881316292007 -0.59149203995630795 1.3517605868632812 -4.0612134251639267 -3.627429538213983 -1.6545427256680203 -2.3911870754148867 -0.39392584601275565 0.71187915577991145 0.43257653195925116 -1.2294645897872096 0.2345303525533054 -1.4546420068632673 -1.7177888181045302 -0.56019898441960281 -0.38096886407152086 -0.53881682258111363 0.10495629699048664
leaf_weight=4658 2007 11473 1258 6784 5664 1681 12350 138 1436 32487 16157 6074 87822 70310 18071 2554 7422 1110 32122 10510 828 74 8407 33508 15000 5076 30612 9499 3145 26781
leaf_count=4658 2007 11473 1258 6784 5664 1681 12350 138 1436 32487 16157 6074 87822 70310 18071 2554 7422 1110 32122 10510 828 74 8407 33508 15000 5076 30612 9499 3145 26781
internal_value=-0.000851539 -0.000561751 -0.00205466 -0.00254949 -0.00404237 -0.00294302 0.000837333 -0.000290329 -0.0013466 -1.7779e-05 0.00207411 0.0068202 -0.000209675 -0.00100353 0.000365228 0.00146039 -0.00346965 0.00248948 -0.00382616 -0.00329937 -0.000432581 0.0291892 -0.00206284 0.000473495 -0.00541453 -0.00112274 -0.00133597 -0.000260395 0.00162453 0.000710016
internal_weight=465018 397224 61095 67794 30398 46738 14357 336129 68934 267195 22443 6286 244752 102797 141955 54133 41912 2368 39544 21983 46951 212 19342 36062 20664 9734 37396 10935 4826 27609
internal_count=465018 397224 61095 67794 30398 46738 14357 336129 68934 267195 22443 6286 244752 102797 141955 54133 41912 2368 39544 21983 46951 212 19342 36062 20664 9734 37396 10935 4826 27609
cat_boundaries=0 4 8 12 13 17 19 23 27 32 36 40 44 46 50 54 58 59 62 67 71 76 78 82
cat_threshold=536891776 71565344 1321465856 276925140 3850371916 11537728 2164557633 17825818 1212207178 547406930 2234401096 4194322 68683776 5251621 1277409384 289415209 33818644 38273411 4 34111744 2470445072 69207170 21127681 131074 256 524320 786688 2374541414 50333722 1048900 1207985411 3 2348995840 13107717 539201856 9437795 75677698 2451047184 67538950 77099872 3542040 536949253 553648296 21106688 2147551238 21 16384 262144 1082261504 16 134644769 1345389397 2150629480 8130600 2586839560 1520583444 2149580836 541069353 3256039362 0 0 1073743872 16810272 3384541452 136407168 136358592 1 139078696 2970106881 75956480 687923200 1386809348 608698696 1085298688 1143083712 1 54792576 4 1057792 206057473 536871048 2099296
is_linear=0
shrinkage=0.1


Tree=58
num_leaves=31
num_cat=23
split_feature=0 3 8 1 0 9 8 8 9 8 8 4 9 11 9 9 8 8 9 7 9 6 9 2 9 9 8 8 8 9
split_gain=20.5689 19.154 15.0038 13.2601 12.634 17.2763 18.2461 11.4792 9.26921 10.3863 8.89585 8.73084 8.37647 8.24306 16.965 11.8157 13.4399 13.1848 8.22368 8.64174 8.95343 10.6368 8.18405 9.7015 7.8038 7.33497 7.4384 7.23188 7.19249 7.06512
threshold=-14.999999999999998 1.5000000000000002 0 27.000000000000004 309.00000000000006 1 2 3 4 5 6 45.000000000000007 7 8 9 10 11 12 13 14 15 1345.5000000000002 16 165.00000000000003 17 18 19 20 21 22
decision_type=2 2 9 10 2 9 9 9 9 9 9 2 9 9 9 9 9 9 9 1 9 2 9 10 9 9 9 9 9 9
left_child=1 2 -1 22 5 6 -2 12 9 -6 -7 -12 -3 14 -13 17 24 -15 -9 20 -20 -22 23 -4 -17 26 -18 -21 -16 -29
right_child=4 7 3 -5 8 10 -8 18 -10 -11 11 13 -14 15 28 16 25 -19 19 27 21 -23 -24 -25 -26 -27 -28 29 -30 -31
leaf_value=-2.1419559369123493 -3.3761490023647784 -2.9010075398649517 -0.33428285156044746 1.0553768310878258 3.5981299129915927 0.30221342713109672 -0.65358867005480725 -4.8247122026642728 0.12989559300787937 0.65679472189749 0.5022368386019832 -0.74065481857052795 -1.2027727773500025 -0.089464405836875524 -0.059951121114830946 1.2214750665170722 -0.27563547047611758 -1.1608780846866453 -4.2672074736780372 0.91562222286275663 -0.55717816081495497 26.934312319848445 -1.0931362984097486 6.1903929377693689 0.097916645201752986 -0.41624752122814279 0.64777401664438994 1.0572527661006081 1.9481391553685299 -0.55615417911401299
leaf_weight=7392 13184 4596 7296 1793 2718 35141 29440 4318 43671 6471 1615 8358 8470 25056 3275 9836 6985 35930 4504 20522 7058 144 13129 28 32999 75332 8059 9278 7719 30701
leaf_count=7392 13184 4596 7296 1793 2718 35141 29440 4318 43671 6471 1615 8358 8470 25056 3275 9836 6985 35930 4504 20522 7058 144 13129 28 32999 75332 8059 9278 7719 30701
internal_value=-0.000816487 -0.00194911 -0.00415278 -0.00285137 -0.000425956 -0.000682728 -0.00254351 -0.0012201 0.000996971 0.00388194 -0.000365742 -0.000606674 -0.0039584 -0.000662099 0.00130565 -0.00085821 -0.000330356 -0.00201095 -0.000751946 -0.000498085 -0.00298396 -0.000793125 -0.00357552 -0.000891739 0.00112848 -0.00102184 0.000993753 -1.66936e-05 0.00388586 -0.000799972
internal_weight=465018 119229 29638 22246 345789 292929 42624 89591 52860 9189 250305 215164 13066 213549 19352 194197 133211 60986 76525 72207 11706 7202 20453 7324 42835 90376 15044 60501 10994 39979
internal_count=465018 119229 29638 22246 345789 292929 42624 89591 52860 9189 250305 215164 13066 213549 19352 194197 133211 60986 76525 72207 11706 7202 20453 7324 42835 90376 15044 60501 10994 39979
cat_boundaries=0 4 8 12 16 21 25 29 34 36 40 45 49 53 57 58 63 67 71 76 80 84 88 92
cat_threshold=299115525 471076864 155193393 69277896 541086176 71698496 168028160 805342928 7341057 3355599873 1690376324 44368228 286264327 205922569 272897544 44042404 4736368 4790617 692127784 67120129 2 13641224 350225157 553715745 1114440 539137098 12845219 2721189700 71303178 101220866 1073742180 1209055232 300460768 1 553726373 12 2243035137 18425264 1358954626 331777 177734154 1377828884 3232764010 1079058472 1 243793924 1376915524 1275158672 2335969 2425374976 856768792 134852761 16783456 1084244224 71303200 1076906128 708 4 167780900 186851476 411046728 1207993363 1 2252475947 2164831232 1641873408 536870923 2590721 8983680 268435585 17432576 262165 2148585858 262272 75759877 2 1402880 2703230992 262144 2048 3225747528 2710586422 2350923776 21693194 180355844 268567556 406880258 1049088 2152998473 1090846731 16908806 880854282
is_linear=0
shrinkage=0.1


Tree=59
num_leaves=31
num_cat=24
split_feature=9 0 8 6 8 3 10 9 11 9 8 8 8 9 8 8 9 0 8 9 8 9 8 8 8 9 9 0 6 8
split_gain=19.5673 16.6481 13.3539 13.1592 14.433 12.463 11.655 10.4873 10.309 20.7311 17.0547 15.5772 14.955 13.2424 17.8642 10.9215 9.97906 9.27662 9.25248 9.00721 7.86931 7.81374 8.08649 7.24756 7.12594 9.37603 8.78188 6.95728 6.8677 13.8852
threshold=0 -62.999999999999993 1 467.50000000000006 2 11.500000000000002 3 4 5 6 7 8 9 10 11 12 13 363.00000000000006 14 15 16 17 18 19 20 21 22 81.000000000000014 1129.5000000000002 23
decision_type=9 2 9 2 9 2 9 9 9 9 9 9 9 9 9 9 9 2 9 9 9 9 9 9 9 9 9 2 2 9
left_child=17 2 -2 4 6 8 -3 -8 9 12 -10 -11 -5 14 -12 -15 -6 18 -1 -4 -19 22 -13 -16 25 -17 -26 -27 -7 -30
right_child=1 3 19 5 16 28 7 -9 10 11 13 21 -14 15 23 24 -18 20 -20 -21 -22 -23 -24 -25 26 27 -28 -29 29 -31
leaf_value=-1.4354076055059599 -0.18077135101114461 -0.77369520622965027 -0.51084448547578054 0.0029764599726096381 -0.13925273448356443 2.8347185790610121 -0.24763380248244182 2.225162305042744 -1.0982079427569811 0.63756123288452105 0.42637944394724631 -0.47397907254421645 3.5424447178542091 1.5335939618914818 -2.0147893391103029 0.10592803778163612 -1.5787732912880432 3.8343615769247723 -6.8255002350290415 -2.3547369116302685 -2.498227527758524 -0.12898293746225042 -2.5191539268220371 -0.67495004758853938 0.47738981811207259 -1.0495312659895006 -0.080972184313568549 -0.18945343467512471 17.365785096775159 -3.3491797442833113
leaf_weight=4514 16809 2804 6832 6652 7905 24330 1683 2394 15744 26119 16731 9973 9552 6969 15306 21775 16126 413 8368 22031 661 30765 7958 37988 26642 21703 70594 18878 617 6182
leaf_count=4514 16809 2804 6832 6652 7905 24330 1683 2394 15744 26119 16731 9973 9552 6969 15306 21775 16126 413 8368 22031 661 30765 7958 37988 26642 21703 70594 18878 617 6182
internal_value=-0.00080724 -0.000693062 -0.00250307 -0.000489161 -0.00247218 -0.000325469 0.00156581 0.00497431 -0.000499174 0.000413163 -0.00082825 -0.000289344 0.00365486 -0.000616074 -0.00176983 -0.000130938 -0.00362756 -0.00449377 -0.00524142 -0.00380737 0.00443203 -0.00134604 -0.00300485 -0.00266472 -0.000300249 -0.00113459 0.000234866 -0.00203272 0.00159048 -0.0012193
internal_weight=465018 451062 45672 405390 30912 374478 6881 4077 343349 91019 252330 74815 16204 236586 70025 166561 24031 13956 12882 28863 1074 48696 17931 53294 159592 62356 97236 40581 31129 6799
internal_count=465018 451062 45672 405390 30912 374478 6881 4077 343349 91019 252330 74815 16204 236586 70025 166561 24031 13956 12882 28863 1074 48696 17931 53294 159592 62356 97236 40581 31129 6799
cat_boundaries=0 4 8 12 13 18 20 25 29 33 37 41 45 49 53 57 61 65 69 73 77 81 86 90 94
cat_threshold=1073741824 71303168 134277121 704 3360182344 551720058 70273282 74 16908291 709099526 2182343073 19023024 588121144 134349604 2191523844 1420103680 1481806867 1 2208537474 28 2154848282 1107578880 3247440066 1064962 3 57147940 268864076 281153557 33620628 130842883 2525551124 67108864 9585232 138515290 1079133572 1225129984 143753728 2831728960 2949250 1368523850 1073761298 2147763264 47186176 740557832 26214400 1208026176 1082131456 18891456 4194307 2240676353 1655276032 536871712 91366656 134217792 583532546 35143872 4194560 2287218697 18094272 830735562 679542787 1048576 2621440 33554560 2097480 42696929 2709621258 2097152 676303876 2147484168 1076166912 4030894082 134807680 9445376 2149598224 3221258240 69206272 2483300355 252186882 68165674 1067040 285213729 8552452 67174400 875470849 1 68288512 553660949 539230768 2172719116 375920712 134218242 2150105105 18875401
is_linear=0
shrinkage=0.1


Tree=60
num_leaves=31
num_cat=22
split_feature=0 3 9 8 8 9 8 9 8 10 2 8 9 0 1 8 9 0 8 9 9 9 11 10 9 8 9 2 9 3
split_gain=19.1032 21.291 19.2672 13.9481 10.8469 19.9058 10.5363 9.95354 9.66547 8.93569 8.90563 17.4584 8.17673 8.12151 11.6018 15.4348 7.97128 8.49475 16.233 7.39366 6.95373 6.94483 6.77748 7.94218 10.2002 8.07981 6.90464 7.59664 6.66563 6.52556
threshold=21.000000000000004 1.5000000000000002 0 1 2 3 4 5 6 7 21.000000000000004 8 9 183.00000000000003 165.00000000000003 10 11 -158.99999999999997 12 13 14 15 16 17 18 19 20 147.00000000000003 21 11.500000000000002
decision_type=2 2 9 9 9 9 9 9 9 9 8 9 9 2 8 9 9 2 9 9 9 9 9 9 9 9 9 10 9 2
left_child=1 2 -1 12 5 29 -4 8 -5 -7 11 20 -3 -12 15 28 -8 -18 -19 -16 -6 -13 26 24 -24 -25 -9 -28 -15 -2
right_child=4 3 6 7 10 9 16 22 -10 -11 13 21 -14 14 19 -17 17 18 -20 -21 -22 -23 23 25 -26 -27 27 -29 -30 -31
leaf_value=-1.6108668851891865 -3.3528970588892131 -0.01457663194983084 -0.87885688844972609 0.10362789279263605 0.61660678090594989 -1.6263846378898095 -0.45342447735871866 -2.207355693286484 -2.3242374006013953 0.073508041803764829 -0.22483605434983545 1.4671427007880893 -1.7159575423993012 1.2847878781238391 -0.58700169226650045 0.70939661784678743 -4.0674201369182068 5.265193579788118 0.17129801585168872 0.25409595936349322 -0.70669731850227457 0.56003667704974536 2.8331929977060444 -1.1553851946014926 0.19496731892378796 0.36471407483063306 -0.12727060451447 9.5770421808055151 7.377694573606397 0.37509676255046104
leaf_weight=11161 10496 5574 11546 10183 6893 6850 14474 10656 16232 32740 111425 6510 15781 674 19840 4564 1368 595 8421 53238 10076 10096 9530 10520 14804 22995 24828 139 900 1909
leaf_count=11161 10496 5574 11546 10183 6893 6850 14474 10656 16232 32740 111425 6510 15781 674 19840 4564 1368 595 8421 53238 10076 10096 9530 10520 14804 22995 24828 139 900 1909
internal_value=-0.000789176 -0.0015644 -0.0033943 -0.000948162 -0.000259261 -0.00156043 -0.0022777 -0.000528539 -0.0022422 -0.000464649 4.2544e-05 0.0015443 -0.00330213 -0.000221938 0.000552159 0.00472792 -0.0011171 0.000996727 0.0021118 0.000201426 -0.000712058 0.0038481 -4.4075e-05 0.000624101 0.00199885 -0.00037435 -0.00112901 -0.000219004 0.0132323 -0.00505437
internal_weight=465018 188807 47565 141242 276211 51995 36404 119887 26415 39590 224216 33575 21355 190641 79216 6138 24858 10384 9016 73078 16969 16606 93472 57849 24334 33515 35623 24967 1574 12405
internal_count=465018 188807 47565 141242 276211 51995 36404 119887 26415 39590 224216 33575 21355 190641 79216 6138 24858 10384 9016 73078 16969 16606 93472 57849 24334 33515 35623 24967 1574 12405
cat_boundaries=0 4 8 12 16 20 25 29 30 34 38 42 47 51 55 59 64 66 68 73 77 81 85
cat_threshold=1093173568 273482008 201392322 1142990068 286268421 1275865353 272642092 44042404 1320224 1210288225 1371609232 42729540 303075328 543457796 3390171208 270013136 14417925 1594892416 423645189 110252032 1090535686 2489385065 1219516480 1073744592 2 3296796738 296914948 2685976848 593936 357120023 2294808580 2181301766 707010573 87213584 290531396 151388163 16875992 3758231595 276856845 67657872 0 70405392 33817092 1754267654 1351614484 424939778 1 1073741824 1 2097472 4194306 503523461 1141121574 8540932 142770816 2231599105 2462097713 2147549252 335947026 1283991297 136871941 411041876 809435144 1 806883338 22 1075720775 12 2162172960 679647252 2147483654 548126727 1 2158493770 322049668 2299005202 83951889 2257585696 143132688 2181103876 272745511 2219851840 1115750928 8388608 151008267
is_linear=0
shrinkage=0.1


Tree=61
num_leaves=31
num_cat=25
split_feature=0 9 8 11 1 9 9 8 4 6 10 9 7 8 8 6 8 10 7 9 9 11 9 11 8 8 8 9 11 8
split_gain=17.9403 13.331 21.1641 12.59 10.812 10.2622 9.04512 9.92328 8.41406 8.43994 10.7296 12.4675 12.1833 10.472 10.3486 10.0191 14.3783 13.6114 12.8042 12.7057 12.0283 11.827 11.3272 10.0859 11.636 9.57206 9.44564 8.57169 8.16056 8.13468
threshold=-44.999999999999993 0 1 2 -20.999999999999996 3 4 5 1.0000000180025095e-35 884.50000000000011 6 7 8 9 10 1107.5000000000002 11 12 13 14 15 16 17 18 19 20 21 22 23 24
decision_type=2 9 9 9 8 9 9 9 2 2 9 9 1 9 9 2 9 9 1 9 9 9 9 9 9 9 9 9 9 9
left_child=4 2 -2 -4 5 -1 -6 -8 -3 10 11 14 26 -14 -10 16 18 19 22 23 -19 -20 -11 -17 -25 -13 -12 -15 -7 -5
right_child=1 8 3 29 6 28 7 -9 9 15 12 25 13 27 -16 17 -18 20 21 -21 -22 -23 -24 24 -26 -27 -28 -29 -30 -31
leaf_value=-2.8866019332018875 -2.2857776345944933 1.8100558770783122 -2.4594917907371778 1.3680921377960666 -1.4063392165500304 1.6348171948954038 4.9685871941377755 -0.20128329519853719 1.083327866314024 0.50912024385957588 2.2938045915937004 -0.25390241867168667 -0.68131314057178283 -0.35437554559116546 -0.21986347909649193 0.069780457526519998 0.081694373460136749 -1.0377327127598241 3.9597059962519405 -0.048268364631326541 -0.066229041287455118 -0.17623661481895608 6.0234683570057062 6.9685795601693501 2.2135788215325976 -1.1301032399006918 0.23293807408265718 0.30260826266250174 -1.3577402800127429 -0.32731597798518031
leaf_weight=8007 23385 66 7843 10933 5324 3530 2056 16290 6429 3011 5763 20235 16984 30167 17597 3166 66533 20931 1865 19913 29031 9613 6040 1268 3366 25514 15208 27046 32587 25317
leaf_count=8007 23385 66 7843 10933 5324 3530 2056 16290 6429 3011 5763 20235 16984 30167 17597 3166 66533 20931 1865 19913 29031 9613 6040 1268 3366 25514 15208 27046 32587 25317
internal_value=-0.000765736 -0.000509136 -0.00178965 -0.000499515 -0.00226923 -0.00319418 -0.000544996 0.000508823 -0.000247034 -0.000254188 -0.000759841 -0.00170166 -6.9136e-05 -0.000670694 0.000143116 0.000252096 0.000988718 -0.000573546 0.00330152 0.00120369 -0.00155928 0.00108113 0.00611301 0.00462228 0.00759259 -0.0026703 0.00205853 -2.32448e-05 -0.00247378 0.000286815
internal_weight=465018 397224 67478 44093 67794 44124 23670 18346 329746 329680 164943 69775 95168 74197 24026 164737 87062 77675 20529 27713 49962 11478 9051 7800 4634 45749 20971 57213 36117 36250
internal_count=465018 397224 67478 44093 67794 44124 23670 18346 329746 329680 164943 69775 95168 74197 24026 164737 87062 77675 20529 27713 49962 11478 9051 7800 4634 45749 20971 57213 36117 36250
cat_boundaries=0 4 8 9 14 18 22 24 28 29 33 37 41 43 44 49 53 55 59 61 65 69 73 78 80 84
cat_threshold=545280384 71565312 1250163713 411077332 37356803 167919745 1623267330 42549860 1548222469 86573570 3019899969 137394720 1073751012 1 1342357576 1639224 20529280 27984608 1107821064 2249856 297472 16785418 394626608 10 503581197 1612743372 807403792 2221158656 72 2237930016 2214781482 822345728 42797060 2181562692 2173067275 1078495234 8438096 3366526208 813695508 1678893154 1048712 302286758 10 38 2154965008 538596418 5243080 561120264 3 2399273475 310968529 269484616 1079074827 3795978433 6 285739523 320864256 2418016328 1135656 1543643206 28 68157696 3323987208 3255107584 67143488 2281882368 2227192194 151715984 69397760 8569604 270533748 2825197696 19595844 3657442304 975187988 335544384 1098404898 1 2147661828 25 2415919104 284721424 100697920 16778266
is_linear=0
shrinkage=0.1


Tree=62
num_leaves=31
num_cat=23
split_feature=9 6 3 0 8 9 10 8 0 8 11 9 9 8 8 8 8 8 9 4 9 1 9 8 1 9 8 9 9 8
split_gain=17.0896 13.5351 14.0625 13.0026 16.76 13.3453 12.305 14.6954 10.0272 17.2395 9.52326 12.5155 9.5132 9.31153 9.08449 8.8899 8.66741 8.54413 11.5419 10.5834 15.5334 9.23828 8.48151 8.16207 7.69671 7.47595 7.37984 7.31506 7.20146 7.15237
threshold=0 428.50000000000006 8.5000000000000018 21.000000000000004 1 2 3 4 -86.999999999999986 5 6 7 8 9 10 11 12 13 14 135.00000000000003 15 51.000000000000007 16 17 81.000000000000014 18 19 20 21 22
decision_type=9 2 2 2 9 9 9 9 2 9 9 9 9 9 9 9 9 9 9 2 9 10 9 9 8 9 9 9 9 9
left_child=15 6 3 4 27 14 7 28 13 12 26 -12 -10 -7 -6 -1 -4 18 -5 20 -19 -22 -8 -13 -17 -9 -11 -3 -2 -23
right_child=1 2 16 17 5 8 22 25 9 10 11 23 -14 -15 -16 24 -18 19 -20 -21 21 29 -24 -25 -26 -27 -28 -29 -30 -31
leaf_value=-4.1402696286015495 -1.245242458861427 -0.38848723476810698 3.4851377331818165 -1.6754367511454711 -2.6190040644021182 -3.2965622333361382 -0.27139070876200772 -2.9200107106543198 2.3403166242259843 -0.062872166898721521 -0.28944621133807819 1.9314885529590389 7.6137339295185278 -0.76216690570293744 -0.4542802926453548 -3.4381327483344766 0.21131189005367165 3.5384266800122712 -0.15852892967680776 -0.090829235449620044 0.50463239667668991 0.55794049827368475 -1.9317991377906445 0.17420609969468448 1.4962574700325311 0.57835192760007526 -0.97215489590785864 -1.3618787094834153 4.6712901202881545 -0.11304047015645553
leaf_weight=9475 339 7994 11542 10889 7030 5133 4894 1504 565 24242 16262 8720 690 12751 13892 4827 70937 523 31655 146310 5609 4205 9128 8736 3031 2135 12641 16108 978 12273
leaf_count=9475 339 7994 11542 10889 7030 5133 4894 1504 565 24242 16262 8720 690 12751 13892 4827 70937 523 31655 146310 5609 4205 9128 8736 3031 2135 12641 16108 978 12273
internal_value=-0.000756059 -0.000636708 -0.000521034 -0.000800573 -0.00156823 -0.00104742 -0.00325008 0.00103504 -0.000516994 1.0296e-05 -0.000196997 0.00101755 0.011581 -0.00263588 -0.00332123 -0.00383613 0.000652406 -0.000311356 -0.00157776 7.69311e-06 0.00202123 0.00161243 -0.00476198 0.00287644 -0.00134469 -0.00224445 -0.0013073 -0.00395737 0.0100452 0.000419951
internal_weight=465018 447685 428707 346228 134764 110662 18978 4956 89740 71856 70601 33718 1255 17884 20922 17333 82479 211464 42544 168920 22610 22087 14022 17456 7858 3639 36883 24102 1317 16478
internal_count=465018 447685 428707 346228 134764 110662 18978 4956 89740 71856 70601 33718 1255 17884 20922 17333 82479 211464 42544 168920 22610 22087 14022 17456 7858 3639 36883 24102 1317 16478
cat_boundaries=0 4 8 13 15 19 23 25 29 33 37 41 45 49 53 57 62 66 70 74 78 83 87 91
cat_threshold=1073741824 72351744 167897088 708 290982925 486944768 272634893 44107908 2412800 539295864 1140851913 69209360 3 73541955 8 8552522 272629797 1107428738 148481 1073807360 8456289 82752 4194314 3088912473 22 436731910 3674735361 297140226 1213014017 67111424 301994112 268570626 272695328 109215810 2182612033 3406561920 16938752 170131712 2148551488 1711415360 5200 1049601 167772185 142608432 43516012 1458117706 268435970 35704852 17302633 37757224 421691498 1361156483 33816588 303104707 268730976 2148532306 4031813648 2155872256 784 0 16777216 1 388890629 555779084 537133056 359829545 136364288 2691220482 1159760000 17848128 4333568 1344405509 2415923268 1901957136 2290532610 2147484032 3758655488 67825728 2487287820 537232052 281018376 67240218 1 135283265 33587328 4160 1494220816 2148532228 33558532 2218786816 1200272
is_linear=0
shrinkage=0.1


Tree=63
num_leaves=31
num_cat=23
split_feature=9 11 0 8 0 8 4 10 8 9 11 9 10 3 8 9 8 0 8 10 11 8 10 9 0 8 9 8 9 2
split_gain=16.5549 23.361 13.3118 13.4156 11.9685 14.1044 9.48506 10.5073 8.44197 13.8462 12.4771 11.5761 7.97012 7.39145 7.33569 6.96748 8.13536 6.95228 6.75259 6.67485 6.23379 8.35493 9.23989 7.0845 6.72259 7.59976 6.62797 5.83926 5.82201 5.75932
threshold=0 1 363.00000000000006 2 -32.999999999999993 3 45.000000000000007 4 5 6 7 8 9 13.500000000000002 10 11 12 3303.0000000000005 13 14 15 16 17 18 -164.99999999999997 19 20 21 22 75.000000000000014
decision_type=9 9 2 9 2 9 2 9 9 9 9 9 9 2 9 9 9 2 9 9 9 9 9 9 2 9 9 9 9 10
left_child=1 19 3 -3 5 28 7 -6 9 10 11 -8 14 -12 -11 16 -4 18 -10 -1 -7 22 -22 -23 -25 -26 29 -14 -2 -24
right_child=4 2 15 -5 6 20 8 -9 17 12 13 -13 27 -15 -16 -17 -18 -19 -20 -21 21 23 26 24 25 -27 -28 -29 -30 -31
leaf_value=0.20372873676937675 -0.43721859781832673 -2.9581279225179471 4.0961612176587101 -0.96067968381520075 2.3924662323246171 -0.88193541513733609 2.7093386031953615 0.33670760719082105 10.351757496003115 -0.14252477355130377 -1.7866980481711832 -0.70440401027934252 -1.1338565656652759 0.21908981931188862 1.2642391299769979 -1.5351511374842972 1.4642037684913141 50.394958705794437 -0.010749540924025261 5.4334562839497851 4.1885551253926714 -1.3918191765838583 1.1386368911932909 -2.958875051296042 4.7024683175363498 0.049213545413277285 -0.97714401176753762 -0.19254989362286545 -1.6965912796232603 8.978274130893146
leaf_weight=2164 3809 22100 539 25077 215 15432 1841 1877 337 12636 15278 3164 6401 2828 9325 1406 2101 90 246024 2530 2278 11494 6037 4063 1032 13934 5715 36586 8338 367
leaf_count=2164 3809 22100 539 25077 215 15432 1841 1877 337 12636 15278 3164 6401 2828 9325 1406 2101 90 246024 2530 2278 11494 6037 4063 1032 13934 5715 36586 8338 367
internal_value=-0.000740576 -0.00235432 -0.00297328 -0.00344596 -0.000519935 -0.0016854 -0.000268925 0.00644359 -0.000310905 -0.00115126 -0.00325289 0.0011665 -0.000403032 -0.0044745 0.00114651 0.00253089 0.00554717 -1.05923e-05 -2.07443e-05 0.004392 -0.00105895 -0.000462945 0.00152217 -0.00139947 -0.000214825 0.000764397 0.000421302 -0.00119474 -0.00479313 0.00262862
internal_weight=465018 55917 51223 47177 409101 72499 336602 2092 334510 88059 23111 5005 64948 18106 21961 4046 2640 246451 246361 4694 60352 44920 14397 30523 19029 14966 12119 42987 12147 6404
internal_count=465018 55917 51223 47177 409101 72499 336602 2092 334510 88059 23111 5005 64948 18106 21961 4046 2640 246451 246361 4694 60352 44920 14397 30523 19029 14966 12119 42987 12147 6404
cat_boundaries=0 4 6 10 14 15 19 23 25 28 29 33 37 41 45 46 48 52 54 58 62 66 70 74
cat_threshold=1082147200 71565360 177338369 1342212804 2164334976 28 34612737 169877521 616829088 112787828 294004741 474753288 826281985 76056704 5769472 17572384 4179863648 1363148842 33816724 2469431298 1627554048 2149580896 1646616 2303922689 6 2147483650 16777472 2147483712 2283277828 262144 3372222528 272629770 128 16640 4194320 135333888 2116 1048576 2097153 3758096384 16777536 536870912 8388608 1024 4194314 33687552 440213762 18 1275613512 3766702100 2348826672 5308746 1091445248 8 302548516 950239492 270532740 2284482600 65536 32 2097728 1 2153415736 18948096 537133316 2299551746 524320 1344440352 32 262148 139993088 436373632 20971714 933907
is_linear=0
shrinkage=0.1


Tree=64
num_leaves=31
num_cat=26
split_feature=0 9 8 9 6 9 8 3 8 9 10 9 10 9 9 11 8 9 8 8 7 9 8 0 11 7 9 11 10 8
split_gain=16.1844 11.7335 11.2546 10.066 9.72843 13.1319 10.1758 9.42052 8.81488 15.8412 10.3327 10.4933 8.64952 16.9922 11.7987 11.3459 10.0257 8.6215 7.97798 7.53958 7.11769 7.90009 6.90155 5.93858 5.88513 6.27734 5.93342 5.8702 5.86721 5.81327
threshold=-62.999999999999993 0 1 2 428.50000000000006 3 4 11.500000000000002 5 6 7 8 9 10 11 12 13 14 15 16 17 18 19 2481.0000000000005 20 21 22 23 24 25
decision_type=2 9 9 9 2 9 9 2 9 9 9 9 9 9 9 9 9 9 9 9 1 9 9 2 9 1 9 9 9 9
left_child=2 19 -1 -4 5 -3 -7 8 9 -6 17 -12 13 16 15 -14 -10 -11 -17 -2 -9 -22 -15 -16 26 -26 -5 29 -8 -19
right_child=1 4 3 24 7 6 28 20 12 10 11 -13 14 22 23 18 -18 27 -20 -21 21 -23 -24 -25 25 -27 -28 -29 -30 -31
leaf_value=-2.8622182280662392 -4.0019435236308745 -2.8027308989845525 -1.9660393587774867 9.0960061468780662 -2.0407948110330514 3.4582915601329272 9.560724142542302 2.9790934822513329 5.2443188901218001 -0.19016724940191757 -0.15319262600820965 -1.3070933758063685 -4.4630261288116095 -0.74380808080904925 -0.01808027146022257 0.23907941727217794 3.2769399380620321 0.42057157504652998 -0.83442460708824384 -0.48354883748735578 5.4404830575883523 -1.7589409049105029 0.5687369390507846 86.79345976425698 -0.028690278029137758 -2.0763058584577574 0.43228260871464941 0.059804847507815534 -0.47986512012015681 3.4739958283980337
leaf_weight=8146 7003 4369 10225 933 10529 910 240 19494 236 16766 28398 18361 5496 10602 189204 13218 6208 4038 22344 5318 2409 10800 18386 53 14130 11017 4233 7719 10244 3989
leaf_count=8146 7003 4369 10225 933 10529 910 240 19494 236 16766 28398 18361 5496 10602 189204 13218 6208 4038 22344 5318 2409 10800 18386 53 14130 11017 4233 7719 10244 3989
internal_value=-0.000715846 -0.000514109 -0.00244105 -0.00175792 -0.00042134 -0.00285669 -0.00106454 -0.000322475 -0.000471867 -0.00132836 -0.000843962 -0.00179585 -0.000182387 0.00127193 -0.000406168 -0.00194263 0.00591261 0.000525181 -0.00128809 -0.00355284 0.00130171 -0.000490962 0.000238635 -7.27567e-05 -0.000841938 -0.00147355 0.00222952 0.00220487 -0.00194778 0.0040973
internal_weight=465018 416334 48684 40538 404013 15763 11394 388250 355547 89800 79271 46759 265747 35432 230315 41058 6444 32512 35562 12321 32703 13209 28988 189257 30313 25147 5166 15746 10484 8027
internal_count=465018 416334 48684 40538 404013 15763 11394 388250 355547 89800 79271 46759 265747 35432 230315 41058 6444 32512 35562 12321 32703 13209 28988 189257 30313 25147 5166 15746 10484 8027
cat_boundaries=0 4 8 13 17 21 25 29 31 35 37 42 46 48 52 56 60 64 65 69 73 75 76 80 82 83 87
cat_threshold=128 71565312 167830528 708 293610499 1209804801 4199085 62016512 1409319424 747208996 3754000 19663528 1 1209032736 1376917523 3241216003 671678482 50331904 272629765 166304 25165984 21496364 153526344 1363152947 103022740 311427136 256 2149582912 806434832 2170062724 8 134628358 17377824 20971564 2234385410 2185826754 12 2147648544 784 1091043490 17698051 1 2686983456 1073940498 1100091554 2172718083 3494125577 10 0 4096 0 4349952 2168539147 1360601156 22020132 1092666400 68194306 1182797831 134678528 9445474 1057793 167772177 1218447360 43516012 116 21760065 1344274435 2684420112 201662720 2283831362 1409287553 671319300 1133856 2185410965 29 99 4219032 2181302290 1082130432 537018368 4496415 1 133121 12 16785408 268439554 262160
is_linear=0
shrinkage=0.1


Tree=65
num_leaves=31
num_cat=23
split_feature=9 6 9 6 9 11 9 8 9 8 10 8 10 8 10 7 8 9 8 4 3 4 9 9 1 9 9 6 8 7
split_gain=15.2128 14.3141 13.7754 12.1109 27.8638 14.7072 15.0799 14.6149 12.9419 11.4777 12.1155 11.2304 10.7464 10.3265 10.1865 10.1386 9.40836 9.21252 9.08099 9.04549 8.60757 13.9734 8.35087 8.30975 8.11421 7.373 7.23449 7.23286 8.27887 11.513
threshold=0 821.50000000000011 1 1170.5000000000002 2 3 4 5 6 7 8 9 10 11 12 13 14 15 16 4005.0000000000005 14.500000000000002 2235.0000000000005 17 18 33.000000000000007 19 20 1320.5000000000002 21 22
decision_type=9 2 9 2 9 9 9 9 9 9 9 9 9 9 9 1 9 9 9 2 2 2 9 9 10 9 9 2 9 1
left_child=-1 2 -2 5 15 7 13 14 -6 10 -10 -8 18 -7 22 19 -14 -9 -4 -5 -20 24 -3 -18 -22 -13 -16 28 -11 -30
right_child=1 3 12 4 8 6 11 17 9 27 -12 25 16 -15 26 -17 23 -19 20 -21 21 -23 -24 -25 -26 -27 -28 -29 29 -31
leaf_value=-14.398448860643198 -1.9430065466966893 1.4864909262614532 -1.5905292141296021 13.263396714879377 -1.4108532271961414 0.85071158478645903 -0.11304351907545472 -2.8577692167441473 -0.54849234674287406 -1.3224689314592504 16.08366004404229 3.0904698937501158 0.66007693577342896 -0.82681448881894726 2.2405671975483172 4.1882268923723522 -0.75654412752981148 -0.40177013301046016 -0.37560358589377751 57.361999613367267 13.372302952253186 1.6707325823099399 -0.45828216781032344 -0.068912351992123755 5.1629509560458091 0.6957526040365184 0.45632490569066753 0.30156150391235553 1.8208475437328602 -0.3630228483444799
leaf_weight=4403 16514 1698 12216 540 19890 11105 19269 6587 503 12884 584 16475 18047 19403 4744 1516 35255 32758 44713 58 70 706 13648 79143 104 44295 8105 13362 3710 22713
leaf_count=4403 16514 1698 12216 540 19890 11105 19269 6587 503 12884 584 16475 18047 19403 4744 1516 35255 32758 44713 58 70 706 13648 79143 104 44295 8105 13362 3710 22713
internal_value=-0.000689395 -0.000633381 -0.00125107 -0.000130278 -0.00118928 0.000320234 0.00103051 -0.000842341 -0.00151461 -0.000707885 0.00941659 0.00175155 -0.00101039 -0.000861134 0.000895229 0.0101036 -0.000513762 -0.00208741 -0.00214791 0.0210855 -0.00149837 0.00829545 -0.000843972 -0.000848544 0.0336782 0.00241856 0.00297146 -0.000918585 -0.00160201 -0.000587526
internal_weight=465018 460615 206768 253847 75760 178087 110547 67540 73646 53756 1087 80039 190254 30508 28195 2114 132445 39345 57809 598 45593 880 15346 114398 174 60770 12849 52669 39307 26423
internal_count=465018 460615 206768 253847 75760 178087 110547 67540 73646 53756 1087 80039 190254 30508 28195 2114 132445 39345 57809 598 45593 880 15346 114398 174 60770 12849 52669 39307 26423
cat_boundaries=0 4 9 13 15 20 24 28 31 33 37 39 43 45 46 50 54 58 62 67 71 75 79 80
cat_threshold=128 67108864 57344 640 1113657664 5248050 255859843 805308484 2 1080047696 136194 4198560 2692743168 148677669 2 75528224 1228080204 14813184 13732868 1 3356819456 3015188872 739270656 22026528 227016994 4728985 847448850 8219 2101320 515 2148010256 167773824 2 4588032 1080517035 283908096 92805120 2510619664 10 142762240 180441236 1275265026 1051160 339903496 2 48 1621639170 577510970 36455688 65 140509704 5051584 1375934848 4164977729 312213536 44636160 3271622801 52428837 34603008 16777748 8388616 1056768 814759948 2466392064 3222339584 1218483256 1 2185265736 302004259 2063663250 537010178 1485570304 156278804 77332481 204572692 2148008484 3912155168 1195708418 34603440 2
is_linear=0
shrinkage=0.1


Tree=66
num_leaves=31
num_cat=22
split_feature=0 3 8 4 0 9 8 9 11 8 9 8 9 11 9 8 9 8 11 4 9 8 8 9 8 2 9 0 1 8
split_gain=15.4863 13.1799 11.6278 10.9359 10.096 12.1417 10.9063 10.7615 9.29518 9.16914 8.87056 8.60369 15.2032 9.71915 6.76934 6.73246 6.68693 6.48209 6.44038 6.22395 19.3828 8.91433 6.90564 7.05817 7.23946 6.58213 7.86519 5.99548 6.01529 9.92266
threshold=-26.999999999999996 1.5000000000000002 0 45.000000000000007 333.00000000000006 1 2 3 4 5 6 7 8 9 10 11 12 13 14 105.00000000000001 15 16 17 18 19 177.00000000000003 20 3303.0000000000005 321.00000000000006 21
decision_type=2 2 9 2 2 9 9 9 9 9 9 9 9 9 9 9 9 9 9 2 9 9 9 9 9 10 9 2 10 9
left_child=1 2 -1 18 5 6 -5 9 -8 -6 -3 12 13 -7 -15 -12 -4 -9 -2 20 -13 -22 23 24 -21 26 -24 28 29 -19
right_child=3 10 16 4 7 11 8 17 -10 -11 15 19 -14 14 -16 -17 -18 27 -20 22 21 -23 25 -25 -26 -27 -28 -29 -30 -31
leaf_value=-2.15524108983348 2.8154312963562975 -8.2374335281265925 -1.0583787005478138 -1.6402510402526727 4.2861639352203502 0.55631638280647477 -3.6530586532434093 -1.0805632610928562 0.19829179185422846 0.96948956014322829 -1.3001344695576149 4.0636420693432607 -0.072788182971653778 -3.4392800203092699 -1.7140478123961491 -0.24992965225335229 -0.17919955023654388 4.6580740301268797 0.41006428396422029 -0.97871403412121794 -0.97171437451489417 0.56550222076416712 0.57528218351467386 -0.0060983752240723055 -0.22495557753741338 -0.62736790000957687 0.041014055471169285 76.247395885703909 0.048810670581201303 0.67332625990086636
leaf_weight=5282 127 2549 6862 17139 1730 2936 4685 7185 16964 8880 9046 161 34695 4095 10987 61149 11558 990 1918 18810 2337 3778 24472 77893 39994 12184 48620 82 24564 3346
leaf_count=5282 127 2549 6862 17139 1730 2936 4685 7185 16964 8880 9046 161 34695 4095 10987 61149 11558 990 1918 18810 2337 3778 24472 77893 39994 12184 48620 82 24564 3346
internal_value=-0.000668321 -0.00179645 -0.0038444 -0.000373118 -0.000413805 -0.000614545 -0.0022728 0.000958375 -0.000779817 0.00375706 -0.00112917 -0.000385521 -0.0015369 -0.00389284 -0.00491784 -0.000918028 -0.00265329 0.000136272 0.00691931 -0.00011956 0.00298598 0.00204898 -0.00020737 -0.000647884 -0.00147482 0.00049879 0.000857547 0.000802978 0.000726641 0.00416051
internal_weight=465018 96446 23702 368572 366527 319750 38788 46777 21649 10610 72744 280962 52713 18018 15082 70195 18420 36167 2045 228249 6276 6115 221973 136697 58804 85276 73092 28982 28900 4336
internal_count=465018 96446 23702 368572 366527 319750 38788 46777 21649 10610 72744 280962 52713 18018 15082 70195 18420 36167 2045 228249 6276 6115 221973 136697 58804 85276 73092 28982 28900 4336
cat_boundaries=0 4 8 12 17 19 23 27 31 35 37 41 45 50 54 56 60 64 68 72 76 80 84
cat_threshold=290726917 201593864 692064305 77795528 1614823904 1145440304 176416768 35556 17826893 1208099859 751835264 36176228 541040 6953280 687933536 608185457 2 1414006793 4 13639680 14680833 2701197312 16781640 1075838976 67108864 1079011328 704 21570080 1227599424 1359233057 42205316 2259781120 16810304 2150629474 811151384 2153320448 14 33619968 16777216 2149580802 269492240 19139077 1280223561 4199945 75530372 1216643138 680067862 270532993 285918224 1 2147614818 12748905 2981300306 17317900 72 8 2147483648 0 64 8208 201326854 302006272 671289344 67109376 1318338561 2249216260 71303182 3308816 2315792385 2452165377 1076887872 562177050 202375169 2147500032 71303168 134144 504892424 540054273 606339296 271725824 33849600 3323487124 1111494656 105216
is_linear=0
shrinkage=0.1


Tree=67
num_leaves=31
num_cat=24
split_feature=0 8 9 8 6 9 4 9 3 8 8 9 8 9 9 0 10 9 4 9 8 8 10 8 9 9 8 8 11 9
split_gain=14.9555 11.4718 12.4089 11.4248 9.08503 11.2728 8.60566 21.2327 12.5856 13.9572 10.6165 10.1662 8.20981 7.92775 7.90822 8.26221 7.87342 14.655 7.74026 12.7 7.45206 7.28963 7.13398 6.97002 9.42481 8.9556 6.59332 6.23215 5.98191 5.93316
threshold=-86.999999999999986 0 1 2 428.50000000000006 3 75.000000000000014 4 1.5000000000000002 5 6 7 8 9 10 33.000000000000007 11 12 135.00000000000003 13 14 15 16 17 18 19 20 21 22 23
decision_type=2 9 9 9 2 9 2 9 2 9 9 9 9 9 9 2 9 9 2 9 9 9 9 9 9 9 9 9 9 9
left_child=3 -2 21 -1 5 -4 7 -6 9 11 -9 -8 29 -5 -11 22 17 26 19 -13 -19 -3 -16 24 -18 -25 -10 -24 -21 -7
right_child=1 2 4 13 6 12 8 10 16 14 -12 18 -14 -15 15 -17 23 20 -20 28 -22 -23 27 25 -26 -27 -28 -29 -30 -31
leaf_value=-4.2306886572593205 5.9131261839465283 -4.6496738907624593 -2.5283222428358254 1.4892102249311969 1.9696637393404908 1.1582108082581408 -1.3237033711511885 -0.083971793805978689 -0.7550581280207932 0.24382974208059341 0.82642182747711823 2.1609896278274574 -0.61725468204417877 -1.6796373203991011 1.8563513560657943 -0.032094804110238455 -1.0583843980187673 -0.76607204727160394 -0.68207613741912221 0.18946268592089674 0.22729571196152018 -0.71095885105157786 -0.12785471226565656 1.7027157469395249 0.24008813528331943 0.20848588967813095 -2.9088019930493596 -0.78848363647882902 -1.0110961411502435 -0.090708789656934741
leaf_weight=5412 1216 6295 4983 4078 346 1590 8481 4756 13000 15359 2989 760 7658 24328 568 34914 24505 25209 12220 4115 59651 11332 9521 17375 30919 102901 13274 12453 2533 2277
leaf_count=5412 1216 6295 4983 4078 346 1590 8481 4756 13000 15359 2989 760 7658 24328 568 34914 24505 25209 12220 4115 59651 11332 9521 17375 30919 102901 13274 12453 2533 2277
internal_value=-0.000650472 -0.000491654 -0.000519172 -0.0026755 -0.000408061 -0.00270657 -0.000312217 0.00291558 -0.000379569 -0.00134002 0.00181173 -0.00323234 -0.000983964 -0.00187078 -0.000608997 -0.00114781 -4.16292e-05 -0.000700355 -0.00197984 0.000569652 -6.12726e-05 -0.00311675 -0.00264041 0.000375047 -0.000552732 0.000802585 -0.00276366 -0.00292668 -0.000838092 0.0027676
internal_weight=465018 431200 429984 33818 412357 16508 395849 8091 387758 100924 7745 28109 11525 28406 72815 57456 286834 111134 19628 7408 84860 17627 22542 175700 55424 120276 26274 21974 6648 3867
internal_count=465018 431200 429984 33818 412357 16508 395849 8091 387758 100924 7745 28109 11525 28406 72815 57456 286834 111134 19628 7408 84860 17627 22542 175700 55424 120276 26274 21974 6648 3867
cat_boundaries=0 4 8 12 16 20 24 28 32 36 40 44 46 50 54 58 62 64 68 72 76 80 84 86 90
cat_threshold=536870912 8388608 1856 10 1073742208 71565312 167831553 8389316 125838339 3357026369 4460709 27413760 135290976 1375877171 3576758274 671186962 0 268959744 68 17825792 26738732 2298615040 1228933141 35919888 83886087 287309824 1006637056 128 26247681 805830912 2293760 272637968 50364422 21118981 555976834 27488688 2185785787 8652928 554468490 2828009472 813742640 2692747264 897187888 201330969 1451637779 2 210249248 3229745348 1353846944 2688650242 2147483648 0 0 134234112 289415522 270823450 1074270267 51445765 2106369 16 1085278212 44580964 1611141248 8 239075365 3221268673 2969739298 100943108 2987968512 2451644500 3247505474 134224913 33719840 1118404 27656354 675293185 2306998532 2337554465 3892447233 3207216 2248393282 2662914 2686648330 533056 136185864 20 336461827 19464900 32 2489062664
is_linear=0
shrinkage=0.1


Tree=68
num_leaves=31
num_cat=22
split_feature=9 0 8 9 3 9 1 8 8 10 8 9 9 1 8 11 9 6 6 8 8 8 0 9 9 9 8 4 8 8
split_gain=13.1132 11.7473 14.8003 10.1048 9.67827 13.2571 9.28047 16.0179 10.2364 8.75305 11.8144 9.60323 7.64988 7.32275 10.0604 7.36201 10.2912 9.70285 8.13113 10.8125 8.07052 7.6857 7.12926 8.92981 6.77535 6.61923 6.59114 6.41714 8.45424 7.56605
threshold=0 39.000000000000007 1 2 1.5000000000000002 3 51.000000000000007 4 5 6 7 8 9 99.000000000000014 10 11 12 1133.5000000000002 862.50000000000011 13 14 15 -104.99999999999999 16 17 18 19 135.00000000000003 20 21
decision_type=9 2 9 9 2 9 10 9 9 9 9 9 9 10 9 9 9 2 2 9 9 9 2 9 9 9 9 2 9 9
left_child=-1 2 3 -2 5 26 7 12 -9 10 -8 -11 -3 15 -15 16 21 18 -17 -20 -18 -6 -7 -24 -21 -19 -4 29 -29 -25
right_child=1 6 4 -5 13 22 9 8 -10 11 -12 -13 -14 14 -16 17 20 25 19 24 -22 -23 23 27 -26 -27 -28 28 -30 -31
leaf_value=-7.9519963379043377 -1.2937257200544034 1.4070434070266924 -1.7487455710782891 -0.48858269354095613 -3.448918659376071 -2.2004143462551147 -0.9921057983685837 -3.9840140154734955 0.16135456564601439 0.63721641893261161 -0.13389391729830566 -0.095979346023777778 0.73870202441507626 5.0499031386282036 0.9357026347403038 0.041012049148318436 -0.74579308394688437 -2.2357359756175419 -1.1758317530187938 4.9887797332771342 0.17942510989965743 -1.2287323803377346 2.0577722494540232 1.0439215456872826 1.132575093559663 0.42601266925595982 -0.43617216008314119 -0.84389970739173992 0.13925414665424404 0.011109645964496907
leaf_weight=5307 8672 3601 6090 22662 6825 3494 21705 3145 33860 19727 53633 97009 10559 833 2500 29502 23066 7931 3555 5322 35897 12769 739 2055 7103 4380 13257 7497 7247 5076
leaf_count=5307 8672 3601 6090 22662 6825 3494 21705 3145 33860 19727 53633 97009 10559 833 2500 29502 23066 7931 3555 5322 35897 12769 739 2055 7103 4380 13257 7497 7247 5076
internal_value=-0.000623591 -0.000566455 -0.00110232 -0.00311192 -0.000761987 -0.00202948 -8.95851e-05 0.0011072 1.21549e-05 -0.000408387 -0.00124861 0.000133964 0.00396612 -0.00034958 0.00428143 -0.000462782 -0.00109295 0.000393922 0.00106811 0.00288485 -0.000432912 -0.00307795 -0.000558238 9.10916e-05 0.00427422 -0.0020965 -0.0040125 -0.000276447 -0.00146772 0.00218623
internal_weight=465018 459711 216472 31334 185138 45455 243239 51165 37005 192074 75338 116736 14160 139683 3333 136350 78557 57793 45482 15980 58963 19594 26108 22614 12425 12311 19347 21875 14744 7131
internal_count=465018 459711 216472 31334 185138 45455 243239 51165 37005 192074 75338 116736 14160 139683 3333 136350 78557 57793 45482 15980 58963 19594 26108 22614 12425 12311 19347 21875 14744 7131
cat_boundaries=0 4 8 12 17 21 25 27 31 35 39 43 45 50 54 58 62 66 71 75 79 83 87
cat_threshold=0 67108864 24576 704 290469893 1275341824 340013113 44042372 18907168 3221752150 3457390626 1350606880 1219281216 675349762 134218049 86557718 1 67163139 110260624 1107346466 16951680 18874976 1073777186 2441349120 38010884 1562873926 8 67134209 1248501252 3359971331 557568 1099202584 3166302 3154381000 71312641 16908549 1527021696 268501265 403185664 64 8388608 1107296896 16777224 2016937034 22 2151695140 13305859 1241581572 1346423846 1 2097666 2182742504 2097152 16844042 235847682 814256464 1073972480 1050161 2248214016 2169651525 2181268096 65880 1057 0 538444320 256 2516623432 696260644 1358954630 1080090666 1 2383020816 159975616 276955212 152077339 8912904 21248 1744846850 69712 2223276288 2467430534 3775070208 147712 2214724352 16384 3758260224 147456
is_linear=0
shrinkage=0.1


Tree=69
num_leaves=31
num_cat=24
split_feature=0 3 8 4 9 0 2 8 9 9 8 8 10 9 9 11 8 9 7 9 8 7 9 9 8 9 11 8 0 8
split_gain=12.4447 12.953 14.7599 10.4798 8.90724 8.38603 19.3199 16.5694 9.5238 8.63629 12.8073 7.9164 8.47896 7.8152 7.81458 7.61988 11.3011 7.94761 6.79865 11.0225 8.65881 9.88575 11.3181 9.11636 8.60992 7.06339 6.8637 6.69134 6.58304 6.4319
threshold=-14.999999999999998 2.5000000000000004 0 45.000000000000007 1 519.00000000000011 525.00000000000011 2 3 4 5 6 7 8 9 10 11 12 13 14 15 16 17 18 19 20 21 22 567.00000000000011 23
decision_type=2 2 9 2 9 2 8 9 9 9 9 9 9 9 9 9 9 9 1 9 9 1 9 9 9 9 9 9 2 9
left_child=1 2 -1 -2 -4 9 7 13 11 10 -5 12 -8 -7 -3 16 -12 -17 20 24 21 22 -11 -22 -20 -23 -26 -21 29 -10
right_child=3 14 4 5 -6 6 8 -9 28 18 15 -13 -14 -15 -16 17 -18 -19 19 27 23 25 -24 -25 26 -27 -28 -29 -30 -31
leaf_value=-1.7043706556794884 0.49989985950263149 -2.8867860102802343 0.16947918400620052 -2.8043156186806621 -0.5883423228585376 2.9986943045546735 -0.61656086020897927 1.5776161279985512 4.4664076632257101 11.061634695015529 -3.6952729719025523 1.038378971089396 25.617351741970243 8.1634149754444856 -0.19973930741136461 2.2162880943495646 0.072619797241746456 -0.3751794710175872 -0.35064458100282492 -1.2503243570391165 0.34178937925783803 9.1442749226774751 0.7318529996680514 -0.17295333564555718 -2.319948449151831 0.19905324826113935 0.68887149671149317 -0.27379688789578954 -0.85929841191246514 0.13360710145311963
leaf_weight=7093 1929 9185 8313 7937 19429 470 255 2816 449 917 10731 1783 686 999 75209 6290 8993 16983 7309 11834 34634 971 1575 88219 1039 16112 19204 90529 12295 830
leaf_count=7093 1929 9185 8313 7937 19429 470 255 2816 449 917 10731 1783 686 999 75209 6290 8993 16983 7309 11834 34634 971 1575 88219 1039 16112 19204 90529 12295 830
internal_value=-0.000598431 -0.00147942 -0.00310177 -0.000294662 -0.00205823 -0.000335895 0.00162124 0.00759626 5.03105e-05 -0.000460505 -0.00165555 0.00543526 0.0128181 0.0161663 -0.000809776 -0.000973565 -0.00241918 0.000252113 -0.000236938 -0.000760056 0.000240242 0.002193 0.00806555 -7.10571e-05 0.00101516 0.00133212 0.00207722 -0.00123793 -0.00103357 0.00579359
internal_weight=465018 119229 34835 345789 27742 343860 20583 4285 16298 323277 50934 2724 941 1469 84394 42997 19724 23273 272343 129915 142428 19575 2492 122853 27552 17083 20243 102363 13574 1279
internal_count=465018 119229 34835 345789 27742 343860 20583 4285 16298 323277 50934 2724 941 1469 84394 42997 19724 23273 272343 129915 142428 19575 2492 122853 27552 17083 20243 102363 13574 1279
cat_boundaries=0 4 8 12 16 20 24 28 30 34 38 40 44 48 49 54 58 59 63 67 71 75 77 81 85
cat_threshold=290725901 219153408 676331569 69275880 72903721 16791552 2714567200 1744904201 311591431 70398208 3258976256 35862560 3162444 662612 427819146 4238665 3176928 71696448 176382720 268470996 539033696 536970753 1170217604 34078789 2517640192 3240101377 3238363168 16777569 167773196 2 2282807329 295444480 2416967684 1127424 1076379648 71827552 1223743616 66244 1565139997 4 156665345 2384601156 33554456 75563792 1069056 67108864 142671872 268435460 108 369426461 540050081 71307304 2762084352 3 144711234 881068588 4328004 71893513 8 33948160 159973380 806355072 138478594 950290 8936455 553682135 30671104 6564904 1143588616 419692685 35160065 3556769796 1074792449 1092880402 8224 2415999233 16 83956256 1073819170 2432993288 28118533 2283012096 83902848 1073840128 165888
is_linear=0
shrinkage=0.1


Tree=70
num_leaves=31
num_cat=20
split_feature=9 6 9 10 8 3 8 9 10 8 11 9 8 8 0 0 8 1 10 9 9 8 8 1 6 1 6 6 11 10
split_gain=11.9427 9.09319 10.4118 10.4247 11.387 9.4458 8.55517 13.0526 8.32923 7.48522 7.21437 11.4122 6.54368 6.46635 6.1936 6.01852 16.2419 14.9399 6.75328 14.9418 11.6839 8.94059 6.75193 6.37651 6.34623 6.58591 5.96153 8.90119 8.91778 9.50295
threshold=0 428.50000000000006 1 2 3 8.5000000000000018 4 5 6 7 8 9 10 11 4215.0000000000009 -194.99999999999997 12 -50.999999999999993 13 14 15 16 17 -1.0000000180025095e-35 556.50000000000011 -80.999999999999986 1162.5000000000002 937.50000000000011 18 19
decision_type=9 2 9 9 9 2 9 9 9 9 9 9 9 9 2 2 9 8 9 9 9 9 9 8 2 8 2 2 9 9
left_child=9 2 -2 4 -4 6 7 8 -3 -1 11 -9 -5 -7 15 23 17 -17 19 21 22 24 -20 -8 25 -18 27 -15 -29 -30
right_child=1 5 3 12 -6 13 14 10 -10 -11 -12 -13 -14 26 -16 16 18 -19 20 -21 -22 -23 -24 -25 -26 -27 -28 28 29 -31
leaf_value=-4.5012948023680712 -2.5278594324384338 -0.71942245987805054 3.1881825441823342 -0.0076905214096507791 -0.33447198993563632 -1.1179764732507664 -5.2427593845907747 2.86546604353381 -2.1851876880386993 -0.85062304215983675 -0.29919108091179952 0.12980703311280981 -1.2091152146685857 0.42738141264560081 82.31106338008108 17.719093618062754 -0.93965202593300701 6.4005933982351664 -0.20525238561123579 -0.085852016754972782 -0.069266472272834154 1.6661658127798036 -1.320209569211436 -0.02480027841471413 2.8390445329865419 7.928879470455179 -1.0863014513555902 9.3579220181482672 3.6432815731862505 -2.3609421073257866
leaf_weight=7665 4666 13131 1525 3981 3042 15904 3810 1247 6977 10597 31768 6831 5820 36953 56 61 36 657 12050 39115 193845 11376 21074 3311 215 134 11602 5667 7657 4245
leaf_count=7665 4666 13131 1525 3981 3042 15904 3810 1247 6977 10597 31768 6831 5820 36953 56 61 36 657 12050 39115 193845 11376 21074 3311 215 134 11602 5667 7657 4245
internal_value=-0.00059284 -0.000490326 -0.00262898 -0.00129225 0.00265021 -0.000395166 -0.00062408 -0.00171003 -0.00378666 -0.00309873 -0.000661383 0.00200544 -0.00313016 0.000569559 -0.000396153 -0.000402685 -0.0003293 0.0145879 -0.00036836 0.000672874 -0.000601776 0.00379662 -0.00233718 -0.00327342 0.0186076 0.0335294 0.00100493 0.00144308 0.00329614 0.00173606
internal_weight=465018 446756 19034 14368 4567 427722 345694 59954 20108 18262 39846 8078 9801 82028 285740 285684 278563 718 277845 50876 226969 11761 33124 7121 385 170 66124 54522 17569 11902
internal_count=465018 446756 19034 14368 4567 427722 345694 59954 20108 18262 39846 8078 9801 82028 285740 285684 278563 718 277845 50876 226969 11761 33124 7121 385 170 66124 54522 17569 11902
cat_boundaries=0 4 8 10 14 18 22 24 28 30 34 38 42 46 48 53 58 62 66 68 70
cat_threshold=128 71565312 167897088 708 1209033056 1343232117 3509190931 134217746 474097987 8 143786058 2453671972 1107461506 16929857 22544488 419856392 1363220099 35913893 369164896 286393344 2149716032 4161845264 1241949516 8 9217 1 1216350256 43516012 88215687 9 2281701384 1084227712 1074790400 16384 2434810884 152306048 3911360512 84586664 151274276 1208819909 822092832 101005440 0 8388608 0 10 2722732482 13 2157084966 17302288 1359872138 554567683 1 2158501158 1073741905 1099960482 2961247233 2 1073807360 0 0 188416 1008734722 1107300353 134643976 1048592 2701133898 5 2820407896 8
is_linear=0
shrinkage=0.1


Tree=71
num_leaves=31
num_cat=20
split_feature=0 8 8 0 9 9 0 4 4 7 5 9 8 7 9 8 8 9 11 9 9 8 11 6 9 10 0 2 11 6
split_gain=12.3558 16.3907 10.7082 9.19794 9.11593 7.63326 7.53959 11.5063 7.24698 7.09473 7.91925 11.0562 8.6927 8.83472 8.52106 8.8793 6.95969 14.3631 11.6817 11.7794 11.0494 8.13389 8.05707 7.79827 7.85805 7.23442 6.5136 6.72742 6.51116 7.21451
threshold=-122.99999999999999 0 1 -44.999999999999993 2 3 189.00000000000003 195.00000000000003 1.0000000180025095e-35 4 21.500000000000004 5 6 7 8 9 10 11 12 13 14 15 16 941.50000000000011 17 18 1305.0000000000002 813.00000000000011 19 1075.5000000000002
decision_type=2 9 9 2 9 9 2 2 2 1 2 9 9 1 9 9 9 9 9 9 9 9 9 2 9 9 2 10 9 2
left_child=2 3 -1 5 6 -2 -3 -8 -6 16 14 12 -12 -14 15 -11 17 22 20 -20 21 -18 -10 -21 -25 -22 28 -28 29 -26
right_child=1 4 -4 -5 8 -7 7 -9 9 10 11 -13 13 -15 -16 -17 18 -19 19 23 25 -23 -24 24 26 -27 27 -29 -30 -31
leaf_value=0.079206527508645985 19.942686459276377 -3.7360297174198807 -3.3064056913826634 3.6624195541721996 1.4306614870152778 6.1460337160677065 4.1971081379245696 0.010931121938132749 2.6457074269252252 -1.2718519551481986 0.32649538579653536 -0.32470500733863195 13.543723557811223 2.4536237623005612 -0.13889167722783918 -0.42693691583388249 3.038637859273003 0.011016105445583586 -1.0606177614887222 -0.20276738561080865 1.618602835018697 0.81820244347118598 -1.5366817579076619 -0.29792472000390369 1.2284237964170539 0.027093059652174373 111.58465491936096 5.9758108465988684 0.39492642213868984 23.104745328644309
leaf_weight=7521 203 8691 14771 875 73 206 94 2559 987 18488 1875 4323 610 1386 126567 40650 5106 36095 11537 53047 6930 15207 14891 14393 603 53166 22 192 23449 501
leaf_count=7521 203 8691 14771 875 73 206 94 2559 987 18488 1875 4323 610 1386 126567 40650 5106 36095 11537 53047 6930 15207 14891 14393 603 53166 22 192 23449 501
internal_value=-0.000565744 -0.000450078 -0.00286291 0.0107883 -0.000482999 0.0232518 -0.0032799 0.00138334 -0.000409155 -0.000414513 -0.000862727 0.00217964 0.00605256 0.0106381 -0.000997014 -0.0019879 -4.64163e-05 -0.00106824 0.000242011 -0.000459165 0.00114662 0.00316242 -0.00357377 -8.20914e-05 0.000988251 0.000464843 0.00206764 0.0194392 0.00191707 0.00938958
internal_weight=465018 442726 22292 1284 441442 409 11344 2653 430098 430025 193899 8194 3871 1996 185705 59138 236126 51973 184153 103744 80409 20313 15878 92207 39160 60096 24767 214 24553 1104
internal_count=465018 442726 22292 1284 441442 409 11344 2653 430098 430025 193899 8194 3871 1996 185705 59138 236126 51973 184153 103744 80409 20313 15878 92207 39160 60096 24767 214 24553 1104
cat_boundaries=0 4 8 12 16 17 21 25 26 31 35 39 44 46 51 56 60 62 66 68 70
cat_threshold=536870912 8388608 576 4194314 1246249548 547541426 17875210 68157440 1073741952 71303168 167831553 644 525312 2147483649 570427648 1073741824 106 403832832 2292261380 3224371268 693452816 2291933184 2522877956 1812168704 68716144 4 2840617249 1345724434 3229679616 671164496 1 1079279648 67641736 1897013298 109244548 222309152 1073974792 1363447846 34865284 1573378 839911716 2150826048 832155736 2 1090992064 12 13124867 2181185543 2155939074 1891719176 2 54551081 1073746432 3233022578 689987586 1 3523707904 2217476130 2147566848 161856 2738946083 22 2282041356 429195288 1078984716 201327650 4720651 8 2050 3
is_linear=0
shrinkage=0.1


Tree=72
num_leaves=31
num_cat=20
split_feature=9 1 8 0 8 9 9 4 3 4 9 9 8 8 10 8 9 11 8 4 10 4 9 3 10 6 8 8 6 7
split_gain=10.898 9.48781 13.8544 7.8003 12.8067 6.49831 6.04496 5.90016 7.49851 11.5995 19.0116 15.4747 11.4925 7.75505 7.56366 14.1221 8.8462 10.1886 7.73065 7.54926 7.25971 7.77127 6.63153 8.33367 6.55331 6.29334 8.92597 8.01618 7.17027 7.37315
threshold=0 -38.999999999999993 1 -50.999999999999993 2 3 4 45.000000000000007 1.5000000000000002 165.00000000000003 5 6 7 8 9 10 11 12 13 135.00000000000003 14 225.00000000000003 15 14.500000000000002 16 1090.5000000000002 17 18 503.50000000000006 19
decision_type=9 8 9 2 9 9 9 2 2 2 9 9 9 9 9 9 9 9 9 2 9 2 9 2 9 2 9 9 2 1
left_child=-1 2 -2 5 6 -4 -5 24 9 11 -11 12 19 -12 15 -10 17 25 -18 -9 21 -15 -17 -24 -3 26 -16 -27 -28 -30
right_child=1 7 3 4 -6 -7 -8 8 14 10 13 -13 -14 20 16 22 18 -19 -20 -21 -22 -23 23 -25 -26 27 28 -29 29 -31
leaf_value=-11.815263107183746 -1.924992244135689 1.1946109333331945 0.71181662520199429 -0.22989417773466381 -0.3788131726806766 -1.2770646554407135 1.2726166607297218 1.1755457903548476 -2.2891304696243489 -1.381415780025024 -1.022367020499418 -0.14805525241001641 0.16903644147724681 3.1217157554608308 -1.4705902122070544 -1.0776608744475316 -0.3256080334193906 -1.340423371540568 0.38342784515889838 1.5047545649213636 -0.075547597642522696 1.1328098663095569 0.19831969975882427 8.6778407049029553 0.19196303558262506 3.3211715332864986 -1.333437039200897 -2.7256420973159892 -1.3581332697175943 2.4329607115501339
leaf_weight=4167 9862 286 4086 4070 20684 23410 7763 1085 13598 11490 8080 50872 11594 189 5851 13656 36926 26391 127714 769 19603 644 29951 136 1893 1675 3471 7538 2147 15417
leaf_count=4167 9862 286 4086 4070 20684 23410 7763 1085 13598 11490 8080 50872 11594 189 5851 13656 36926 26391 127714 769 19603 644 29951 136 1893 1675 3471 7538 2147 15417
internal_value=-0.000557787 -0.000511675 -0.00158498 -0.00101345 3.47487e-05 -0.00225342 0.00265726 -0.000319869 -0.000348951 -0.00107414 -0.00241114 -0.00024254 0.00277307 -0.00102573 -8.29985e-05 -0.00110914 0.0001761 -0.000836802 0.000560581 0.0100644 1.17359e-05 0.00909846 -0.000233815 0.000595738 0.0048692 0.000255059 0.00102804 -0.00200044 0.00198859 0.00281029
internal_weight=465018 460851 69875 60013 32517 27496 11833 390976 388797 104326 40006 64320 13448 28516 284471 57341 227130 62490 164640 1854 20436 833 43743 30087 2179 36099 26886 9213 21035 17564
internal_count=465018 460851 69875 60013 32517 27496 11833 390976 388797 104326 40006 64320 13448 28516 284471 57341 227130 62490 164640 1854 20436 833 43743 30087 2179 36099 26886 9213 21035 17564
cat_boundaries=0 4 8 12 16 20 24 29 33 37 39 43 47 49 53 55 59 61 65 69 70
cat_threshold=0 67108864 24576 640 20973604 202255872 1355029444 58720293 143009025 3272622226 2885713920 69412624 1094721608 22034474 893682122 2827026432 44843328 23169428 404785222 68192336 2147909952 819036944 410189828 84197474 2525757440 805863952 414318656 67141664 1 277872640 2416054272 2147483648 65536 874260516 1644196864 1615921220 44466192 1168322582 3 100689442 1080167696 206346240 85034020 2080398752 2147623480 75531024 671154199 2282700682 20 2182677857 2987567168 337175552 35913984 1111498768 4 2216297219 9175104 17961164 2421298217 5898512 2 1207992392 738223134 1090560001 6441984 68255816 235545090 67239939 4261888 4
is_linear=0
shrinkage=0.1


Tree=73
num_leaves=31
num_cat=27
split_feature=0 9 8 2 8 8 11 9 9 10 9 8 10 9 8 9 11 8 8 8 8 11 8 11 8 9 9 8 9 4
split_gain=10.1232 14.2536 16.456 11.1796 20.1281 10.1192 9.10194 11.3826 11.2792 11.1651 8.23666 8.04157 8.03204 11.5138 12.4768 9.13845 8.19149 14.2202 7.87422 7.5036 7.34914 7.09838 7.04259 6.63058 6.5626 5.8464 5.75605 5.68711 5.63123 5.5444
threshold=117.00000000000001 0 1 111.00000000000001 2 3 4 5 6 7 8 9 10 11 12 13 14 15 16 17 18 19 20 21 22 23 24 25 26 45.000000000000007
decision_type=2 9 9 10 9 9 9 9 9 9 9 9 9 9 9 9 9 9 9 9 9 9 9 9 9 9 9 9 9 2
left_child=1 2 -1 4 10 -6 8 -8 24 11 23 -10 15 14 -14 16 17 -3 28 -15 -17 -4 -18 -2 -5 -20 -24 -23 -11 -19
right_child=3 12 21 6 5 -7 7 -9 9 18 -12 -13 13 19 -16 20 22 29 25 -21 -22 27 26 -25 -26 -27 -28 -29 -30 -31
leaf_value=0.23184377585098948 5.4607094631801667 10.813036369002964 9.6502913769990251 0.34763024801897824 -1.0170457758222733 0.55590115409276852 0.54210815828128722 -0.63567631176938821 1.9296141701983576 0.8010800902469708 1.2466502387948015 -0.41633250206905581 -0.081274782109115568 0.26482908932209381 -1.3929482262462682 -0.73768988504261546 -0.55540302126812435 2.8113566804969463 -0.16964959957021594 -0.21382987783913432 -0.027089644759139199 -2.90886926789296 3.7822901296222242 1.6787503200227698 -1.1586280989377271 0.86595943612509019 0.72901156131360301 -1.7778513385160304 3.4986071388924289 0.83254070503037492
leaf_weight=10295 470 453 305 6375 9391 22839 11535 44271 3042 3531 4874 13487 13994 26368 23508 5841 9552 22 6712 137621 48616 9888 1388 2843 8798 10189 11030 12713 2927 2140
leaf_count=10295 470 453 305 6375 9391 22839 11535 44271 3042 3531 4874 13487 13994 26368 23508 5841 9552 22 6712 137621 48616 9888 1388 2843 8798 10189 11030 12713 2927 2140
internal_value=-0.000538648 -0.000862644 -0.00282166 0.000133257 0.00155702 0.000431139 -0.00038578 -0.00128566 0.000526409 0.00140909 0.00598145 -0.000579844 -0.000630672 -0.000965804 -0.00254639 0.000223648 0.00182354 0.00710476 0.00281612 -0.000604213 -0.000498837 -0.00431402 0.00119199 0.00983148 -0.00179346 0.00167879 0.0027615 -0.00452037 0.0057854 0.00367403
internal_weight=465018 313734 33201 151284 40417 32230 110867 55806 55061 39888 8187 16529 280533 201491 37502 79042 24585 2615 23359 163989 54457 22906 21970 3313 15173 16901 12418 22601 6458 2162
internal_count=465018 313734 33201 151284 40417 32230 110867 55806 55061 39888 8187 16529 280533 201491 37502 79042 24585 2615 23359 163989 54457 22906 21970 3313 15173 16901 12418 22601 6458 2162
cat_boundaries=0 5 9 13 17 19 24 28 30 34 38 40 44 48 52 53 56 60 64 68 70 74 76 80 84 88 92 97
cat_threshold=538984704 72482928 1308748033 35524 1 2374922248 3500736516 2164588820 16779282 34766851 344600976 2787713084 14592 3227582752 1615171107 142891008 48529412 1125189064 14 538988818 33643666 163970 66580 3 2634039552 2182152832 2185433984 3355514514 474122304 6 786694 174363536 402718784 3357501456 3258974276 1064962 16877697 44040528 1481128901 13 75503136 858124 280105570 2420180273 2183401544 99619688 32772 68694082 142780960 268712330 277086280 2291860498 4196360 369099012 16 738230274 185598017 138036224 3372286016 68190296 235097348 2607 2825028676 557608 155729957 407932297 268435509 100706308 2147516416 16 2516601092 18047764 3087835138 9486340 134774978 4 2622488641 40910984 167776776 3161184 5637189 1357424641 276840468 4352032 32 262152 64 8389632 1115141 133952 71309344 109674852 38011915 1352835080 1073760262 68175912 1
is_linear=0
shrinkage=0.1


Tree=74
num_leaves=31
num_cat=21
split_feature=0 8 4 8 3 8 9 4 9 9 8 9 9 11 9 6 9 8 9 8 4 9 2 9 11 3 4 8 9 9
split_gain=9.928 10.8256 8.1669 16.7191 8.16799 13.9016 8.43022 8.23268 19.9889 14.3758 10.1772 8.16235 7.75001 7.62067 8.02611 7.33598 10.7005 9.88225 7.29634 6.18581 7.64527 21.0104 9.9484 5.8149 8.94962 5.77006 5.70452 5.9576 11.5976 5.60939
threshold=-86.999999999999986 0 75.000000000000014 1 1.5000000000000002 2 3 135.00000000000003 4 5 6 7 8 9 10 428.50000000000006 11 12 13 14 255.00000000000003 15 -92.999999999999986 16 17 11.500000000000002 135.00000000000003 18 19 20
decision_type=2 9 2 9 2 9 9 2 9 9 9 9 9 9 9 2 9 9 9 9 2 9 10 9 9 2 2 9 9 9
left_child=1 -1 3 11 5 6 -4 8 -7 -9 -10 -2 -6 14 -8 16 -14 -18 -3 20 21 22 -11 -12 -25 26 -17 28 -28 -29
right_child=2 18 4 -5 12 7 13 9 10 19 23 -13 15 -15 -16 25 17 -19 -20 -21 -22 -23 -24 24 -26 -27 27 29 -30 -31
leaf_value=-3.7332659569780393 1.3082506945973098 -2.2651394592851442 -2.2976637758861984 0.073781645434718046 -11.329001500898405 2.7935726142231618 1.809792351911832 -0.78132479923217835 -0.16563204221591543 6.3369739698158529 0.1383469490787283 1.8316021252320782 -2.732682214166489 -0.78805429112652825 -0.38124566587628839 1.5011285077728047 1.4677632970470991 -0.74463966958950589 -0.31128590527088046 0.15041226926139639 -0.99118180483438201 -0.13977149013453175 2.6943502610902264 2.2598635847611459 0.73366094908588941 1.2785684831567889 -1.4667605538800088 0.43654554752554903 -0.027681022087561864 -0.09004271388341735
leaf_weight=5592 125 6949 3565 7316 2628 152 967 17833 14968 95 10428 1017 4419 10597 1944 689 2252 6215 21277 19144 8033 16128 738 266 3825 35118 20523 31818 34156 176241
leaf_count=5592 125 6949 3565 7316 2628 152 967 17833 14968 95 10428 1017 4419 10597 1944 689 2252 6215 21277 19144 8033 16128 738 266 3825 35118 20523 31818 34156 176241
internal_value=-0.000531767 -0.00218168 -0.000402368 0.00267439 -0.000463926 -0.00121114 -0.00383013 -0.000722552 0.00064813 -0.00137823 0.000455298 0.0138715 -0.000205346 -0.00268383 0.00184526 -0.000159615 -0.00249573 -0.000409345 -0.00138334 -0.000409534 -0.00144537 -0.000242323 0.0151483 0.00234083 0.00553279 -5.87875e-05 -0.000219304 -0.000243134 -0.0011719 1.0069e-06
internal_weight=465018 33818 431200 8458 422742 108683 17073 91610 29639 61971 29487 1142 314059 13508 2911 311431 12886 8467 28226 44138 24994 16961 833 14519 4091 298545 263427 262738 54679 208059
internal_count=465018 33818 431200 8458 422742 108683 17073 91610 29639 61971 29487 1142 314059 13508 2911 311431 12886 8467 28226 44138 24994 16961 833 14519 4091 298545 263427 262738 54679 208059
cat_boundaries=0 4 8 12 16 21 26 30 34 38 40 44 48 52 57 61 65 69 71 75 79 84
cat_threshold=125838339 3357018177 38539429 27413504 270008320 2149191680 4194304 159744 555222056 1224872960 1237321748 36438080 17829889 4194304 2293760 268443728 0 784 0 0 1 2151321924 145228048 1073774790 802840 1 436240387 272130052 69634 164368 0 268959744 0 1048576 0 67108864 8192 640 152731664 16 8388608 16908288 16777280 16384 1209032992 1346385969 3423684678 134742035 318832902 20987909 2701364354 10564528 335711808 536913764 11616256 23366304 1 340140100 67404040 1196131 210979344 16384 537133576 12582912 33792 33554432 143163392 2162688 787504 68231168 9 4194913 136749129 1342213435 34865302 369147904 140648772 2281783616 156317760 1074856024 1645238541 654639746 1577026 2
is_linear=0
shrinkage=0.1


Tree=75
num_leaves=31
num_cat=26
split_feature=9 11 8 0 2 8 9 8 7 10 8 9 9 8 9 11 8 9 8 9 1 0 8 9 8 11 8 9 8 9
split_gain=9.54585 12.7603 8.63957 7.01827 10.1003 16.1298 7.6786 7.47159 7.04453 8.40722 10.4159 7.50114 7.30584 9.84046 6.63661 6.38577 10.5862 8.59346 6.92582 6.18181 6.00748 5.78468 5.58611 5.54295 6.58426 6.98401 5.51717 5.494 5.79513 5.42074
threshold=0 1 2 249.00000000000003 249.00000000000003 3 4 5 6 7 8 9 10 11 12 13 14 15 16 17 345.00000000000006 411.00000000000006 18 19 20 21 22 23 24 25
decision_type=9 9 9 2 8 9 9 9 1 9 9 9 9 9 9 9 9 9 9 9 10 2 9 9 9 9 9 9 9 9
left_child=1 -1 21 8 5 6 -5 -6 9 10 -2 -12 13 -10 -4 17 -17 26 -19 -9 29 -3 -7 -11 -25 27 -14 -26 -29 -18
right_child=3 2 14 4 7 22 -8 19 12 23 11 -13 15 -15 -16 16 20 18 -20 -21 -22 -23 -24 24 25 -27 -28 28 -30 -31
leaf_value=1.3837800547590149 3.6056093698036769 -3.7119956444306945 -4.1373119520731594 3.4540482298728343 -0.668881061172521 -0.990879591076398 1.8186920859601301 1.1889243956552471 -1.7449091272491133 0.086692237887665252 -0.6123767890307884 0.76891592892798089 0.29770770680621567 -0.3746393422952346 -0.46082822972389614 0.066840018042200217 -1.1595135259844505 0.92904175828376701 0.065360205641409805 0.0063861503743471871 14.254767577948076 0.93207209740069752 0.8631088276087342 0.04558326417224743 -0.13236508117003784 -0.19140671413883525 -0.49086822008695474 -0.50482159546883698 -1.5884790981960986 -0.45451211256512408
leaf_weight=6001 4508 10089 3717 1748 14371 3485 2743 8158 12787 58080 8612 15849 9255 35611 20004 22966 14754 8506 20095 29755 38 788 5383 39390 7930 36720 20333 8073 13132 22137
leaf_count=6001 4508 10089 3717 1748 14371 3485 2743 8158 12787 58080 8612 15849 9255 35611 20004 22966 14754 8506 20095 29755 38 788 5383 39390 7930 36720 20333 8073 13132 22137
internal_value=-0.000512413 -0.00197715 -0.00271556 -0.000372244 0.000578429 0.00303241 0.00790713 -4.85832e-05 -0.000546193 -0.000133853 0.00143586 0.000620732 -0.00102239 -0.0020571 -0.00164384 -0.00059817 -0.00132293 0.000147938 0.00138373 0.000687443 -0.00237121 -0.00504914 0.000554176 -0.000412345 -0.000845093 -0.00145677 -0.00104669 -0.0026128 -0.00345275 -0.00241279
internal_weight=465018 40599 34598 424419 65643 13359 4491 52284 358776 192294 28969 24461 166482 48398 23721 118084 59895 58189 28601 37913 36929 10877 8868 163325 105245 65855 29588 29135 21205 36891
internal_count=465018 40599 34598 424419 65643 13359 4491 52284 358776 192294 28969 24461 166482 48398 23721 118084 59895 58189 28601 37913 36929 10877 8868 163325 105245 65855 29588 29135 21205 36891
cat_boundaries=0 4 6 10 14 18 22 23 25 29 34 39 43 47 49 53 57 61 66 70 74 78 80 84 89 93 97
cat_threshold=448 71696424 176290048 1350599364 2684461442 16 74241 69468176 12587572 35144052 372670723 2530349200 553648130 69228864 244875267 554795264 269484100 1472784 3254944034 273645617 2969569614 67131392 106 4733283 12 1343750220 2151682227 68157458 4386880 100712960 547397829 337641568 2842171672 1 1762685985 1344274512 3226337281 671165457 1 7634980 67690888 3243253763 42135558 0 67108864 24576 33408 2786235716 15 2158139648 67250816 2820770822 17456192 71860224 159392643 288358992 2642178 516423944 8437908 3240170528 26423320 4739642 2147505232 2973761656 671091760 2 151011424 2131973 136296449 33718308 89399835 1253089798 536871508 203554824 2147985666 244777106 2684355592 745634 946643979 2 403719687 35131649 1291849728 9478737 411205632 17301712 2228224 262145 2 269484100 2105348 236978464 6480 2194145794 2717915392 17825986 7360544
is_linear=0
shrinkage=0.1


Tree=76
num_leaves=31
num_cat=22
split_feature=0 8 8 1 9 2 8 9 11 8 4 11 8 8 11 0 9 8 11 9 9 8 8 9 8 4 8 0 10 6
split_gain=9.60569 10.8968 10.4579 7.94994 7.85737 8.34205 9.33467 6.58395 13.7208 11.3077 6.18175 6.84932 5.91368 5.64569 8.8662 5.66384 9.84515 11.8862 7.57781 9.36821 7.82122 7.68456 7.49438 7.59136 6.8295 6.79927 5.81225 6.40918 5.62739 5.51359
threshold=-122.99999999999999 0 1 -68.999999999999986 2 51.000000000000007 3 4 5 6 45.000000000000007 7 8 9 10 21.000000000000004 11 12 13 14 15 16 17 18 19 75.000000000000014 20 1395.0000000000002 21 511.50000000000006
decision_type=2 9 9 8 9 8 9 9 9 9 2 9 9 9 9 2 9 9 9 9 9 9 9 9 9 2 9 2 9 2
left_child=1 -1 3 -2 -3 -6 -7 8 12 -10 11 -9 -4 14 -12 16 17 28 19 -17 21 -20 23 -18 -21 -22 29 -28 -15 -27
right_child=2 4 7 -5 5 6 -8 10 9 -11 13 -13 -14 15 -16 18 22 -19 20 24 25 -23 -24 -25 -26 26 27 -29 -30 -31
leaf_value=-3.9993849520038847 24.17051852302194 4.9098087274459203 -0.51609457567649475 5.9244191917479396 -3.0405935714584631 15.997194488322704 0.041120803199429873 2.5706394179283447 -0.958850087198163 0.78572404284144315 -0.80333505523673454 0.2437433631403787 -3.696954197765574 2.8141353027955991 0.63156455750181895 -1.0193674855715689 -1.1961851975405808 -0.98069427132966247 0.11010560234681935 -0.51210579037607762 0.70029027455308024 -0.78890538853118575 0.059355213570435932 -0.1813453531954374 0.25719835385480766 1.2494157041581708 0.027309294871904383 37.805795541347543 -0.23950698779491963 0.33931224863243781
leaf_weight=4939 21 1325 4409 934 9235 176 6617 131 10868 15607 6891 2283 10347 1255 38544 25635 11975 20979 42824 18490 605 28950 59394 20553 27558 2776 49706 189 15595 26207
leaf_count=4939 21 1325 4409 934 9235 176 6617 131 10868 15607 6891 2283 10347 1255 38544 25635 11975 20979 42824 18490 605 28950 59394 20553 27558 2776 49706 189 15595 26207
internal_value=-0.000501015 -0.00252647 -0.00039903 0.01 -0.00134366 -0.00195661 0.000702191 -0.000421727 -0.00162484 -0.000262415 -0.000297843 0.0047473 -0.00406745 -0.000328441 0.000720649 -0.000463596 -0.000988896 -0.00234652 -0.000157892 -0.0010047 0.000243474 -0.000513209 -0.000429885 -0.00164977 -0.00015155 0.000926746 0.000845861 0.000191361 -0.000367737 0.00197185
internal_weight=465018 22292 442726 955 17353 16028 6793 441771 41231 26475 400540 2414 14756 398126 45435 352691 129751 37829 222940 71683 151257 71774 91922 32528 46048 79483 78878 49895 16850 28983
internal_count=465018 22292 442726 955 17353 16028 6793 441771 41231 26475 400540 2414 14756 398126 45435 352691 129751 37829 222940 71683 151257 71774 91922 32528 46048 79483 78878 49895 16850 28983
cat_boundaries=0 4 8 12 16 20 22 26 27 31 35 37 42 46 48 52 56 60 64 68 72 76 78
cat_threshold=2432705537 2283282497 105579169 31616000 536870912 8388608 512 4194314 1119920435 4458496 32908 152829962 0 2113536 0 2 1080050048 71696432 180480001 8422084 1699222541 3 269497101 132122 633346080 162029664 72 119679304 1783105283 1092108448 27265024 3223393618 563 36261328 159907873 1007194112 4 25728034 3223912713 1141899362 1342770232 1 75678216 1131976780 672169984 1295936 2423041557 17 3121742412 302022852 2418147648 827463681 2323645448 1233136135 1073873030 1744915483 436240388 2169827392 738230280 1056512 22020617 1197750592 423899138 1067156 169222213 838860934 18874500 156262400 151136296 1229526400 2080636930 67413392 361496576 1175213312 222597154 67257808 2147551553 2
is_linear=0
shrinkage=0.1


Tree=77
num_leaves=31
num_cat=22
split_feature=9 6 10 9 3 0 8 4 8 8 9 0 9 8 10 9 9 8 10 9 8 4 9 8 9 9 0 4 9 9
split_gain=8.65282 7.89764 8.7911 9.02519 8.26093 8.32183 11.9 7.20341 15.6825 8.80556 13.1584 7.18091 6.92027 6.61064 6.2932 5.7152 5.56299 5.56267 5.33483 7.24964 5.52309 5.24351 4.90574 4.7582 5.46944 4.69578 4.38903 4.3164 17.6545 10.1596
threshold=0 428.50000000000006 1 2 8.5000000000000018 -68.999999999999986 3 75.000000000000014 4 5 6 435.00000000000006 7 8 9 10 11 12 13 14 15 675.00000000000011 16 17 18 19 -44.999999999999993 135.00000000000003 20 21
decision_type=9 2 9 9 2 2 9 2 9 9 9 2 9 9 9 9 9 9 9 9 9 2 9 9 9 9 2 2 9 9
left_child=-1 2 21 -4 5 6 -3 8 -7 10 11 -9 -8 -5 25 -10 -6 -18 -15 20 -20 -2 -16 24 -14 -12 -22 28 -11 -30
right_child=1 4 3 13 16 7 12 9 15 27 14 -13 23 18 22 -17 17 -19 19 -21 26 -23 -24 -25 -26 -27 -28 -29 29 -31
leaf_value=-10.096714003117198 -2.0101484524500335 -2.4072711059801213 -2.7696052318512372 -1.5238419140057218 2.4628192778638271 -0.0084821374292514181 -1.7314027227929039 -1.7684632026955467 1.7128190276896955 2.5295460330844968 -1.9311590632401316 0.53988833275046033 5.1754039491773201 -0.74051855464807825 -0.43484451263519353 1.2834102162817391 -1.3343969835572338 0.61969345172208334 -0.11537351294421659 -0.32884019570417827 0.23758553335406862 41.82092570400021 0.22003252534978499 -0.53872873006867383 1.0783816712049556 -0.24484695719499988 2.1333997930058057 -0.10088653808882453 0.61007383935196258 -0.049793971385510324
leaf_weight=3207 43 6320 3749 2869 9320 5725 7174 9543 324 148 3835 1263 284 3505 21267 1817 15100 61362 1454 5724 658 94 22558 15182 3364 3245 1492 227943 7058 19391
leaf_count=3207 43 6320 3749 2869 9320 5725 7174 9543 324 148 3835 1263 284 3505 21267 1817 15100 61362 1454 5724 658 94 22558 15182 3364 3245 1492 227943 7058 19391
internal_value=-0.000479726 -0.000443702 -0.00240862 -0.00259031 -0.000356678 -0.000568708 -0.00209875 -0.000416118 0.0025731 -0.000490467 -0.00156203 -0.00473003 -0.00115092 -0.00153513 -0.000888739 0.00985123 0.00052435 0.000242962 -0.000562955 0.000687511 0.0041948 0.0219728 -0.00044143 -0.000143314 0.00309458 -0.00365303 0.00740741 -0.000230605 0.00097492 0.000775159
internal_weight=465018 461811 19588 19451 442223 356441 32324 324117 7866 316251 61711 10806 26004 15702 50905 2141 85782 76462 12833 9328 3604 137 43825 18830 3648 7080 2150 254540 26597 26449
internal_count=465018 461811 19588 19451 442223 356441 32324 324117 7866 316251 61711 10806 26004 15702 50905 2141 85782 76462 12833 9328 3604 137 43825 18830 3648 7080 2150 254540 26597 26449
cat_boundaries=0 4 6 10 14 18 22 26 31 35 37 41 46 50 51 56 60 64 68 72 76 81 85
cat_threshold=0 67108864 8192 640 2048 8 1212162144 1346508903 3641395459 18 117449795 1209927688 1077940405 28451968 2231369733 421527552 3154120704 400 5776424 153256000 1354762523 34341014 26214432 272925184 2181185872 269488212 469796165 679641953 170934288 2230561 1 1078725984 1720299024 68438020 38797316 83951616 11 0 268959744 68 1049600 35983512 4281408 2987459728 1149314116 2 218120484 1078281349 3103786144 118829056 572096536 2492235778 2701239816 2097696 2485789992 1 2483085824 2117824 554176512 16871954 67267 17506369 411146760 675351552 1342718468 610283858 135366664 35152 34 4196352 0 538705922 2151678016 142614528 65540 134236160 0 784 0 0 1 2417656068 17301504 2162688 19931160
is_linear=0
shrinkage=0.1


Tree=78
num_leaves=31
num_cat=22
split_feature=0 9 8 8 9 10 9 6 11 9 9 9 1 6 0 2 8 9 8 9 2 0 8 8 9 9 9 8 10 9
split_gain=8.80919 11.1465 8.38642 8.06995 7.04582 6.07889 7.8078 7.05264 8.15326 7.02515 6.28212 5.33399 5.77145 5.28697 5.25023 9.97054 11.8997 7.72964 7.4035 6.99536 6.90363 10.6572 12.7554 10.2906 7.61485 7.40757 7.0545 6.94883 7.10412 6.92935
threshold=-14.999999999999998 0 1 2 3 4 5 458.50000000000006 6 7 8 9 75.000000000000014 581.50000000000011 363.00000000000006 381.00000000000006 10 11 12 13 63.000000000000007 63.000000000000007 14 15 16 17 18 19 20 21
decision_type=2 9 9 9 9 9 9 2 9 9 9 9 10 2 2 10 9 9 9 9 10 2 9 9 9 9 9 9 9 9
left_child=1 2 -1 4 -3 6 -5 9 10 -7 -9 -10 -13 -14 18 16 17 -16 -2 -18 21 23 24 26 -23 -24 -20 28 -22 -25
right_child=14 3 -4 5 -6 7 -8 8 11 -11 -12 12 13 -15 15 -17 19 -19 20 -21 27 22 25 29 -26 -27 -28 -29 -30 -31
leaf_value=-0.3336860992344266 -3.7257466923419624 0.13498569493714271 -2.2361441635347452 3.7326520641686631 -1.1645583985510908 -0.00099686804212822835 0.56501982663516903 13.050414184967929 -0.72222335568173934 -1.6622086827478879 1.6095205928407641 -0.093892208778774036 6.157887318435189 1.2917942362896151 3.6715244250765298 -0.079088646315040964 2.9616363639796384 1.5547200122589973 -0.30542471430785872 -0.18437108969275259 -1.4438055713190137 1.9364949200621262 1.1299473491957357 -1.5348996364161289 0.71153762768563922 -0.094184781702211201 0.5498730323495481 -0.12163211214156498 -0.44449991042131543 -0.1281441206481736
leaf_weight=8086 4270 3686 8671 644 9635 3256 12375 237 17833 4896 1445 47480 209 776 975 27990 2445 2882 6115 6629 5774 2048 9237 9913 10569 27977 12494 103803 25640 87028
leaf_count=8086 4270 3686 8671 644 9635 3256 12375 237 17833 4896 1445 47480 209 776 975 27990 2445 2882 6115 6629 5774 2048 9237 9913 10569 27977 12494 103803 25640 87028
internal_value=-0.000468973 -0.00121019 -0.00360053 -0.000818878 -0.0031138 -0.000475659 0.00152045 -0.00081716 -0.000483968 -0.00359667 0.00637116 -0.000658746 -0.000114494 0.00746193 -0.000213398 0.000850172 0.0031467 0.00779157 -0.000356157 0.00116248 -0.000297333 0.000135987 0.00135839 -0.000391175 0.00410469 0.000426067 0.00176218 -0.000827339 -0.00213022 -0.000804636
internal_weight=465018 119229 16757 102472 13321 89151 13019 76132 67980 8152 1682 66298 48465 985 345789 40921 12931 3857 304868 9074 300598 165381 49831 115550 12617 37214 18609 135217 31414 96941
internal_count=465018 119229 16757 102472 13321 89151 13019 76132 67980 8152 1682 66298 48465 985 345789 40921 12931 3857 304868 9074 300598 165381 49831 115550 12617 37214 18609 135217 31414 96941
cat_boundaries=0 5 9 13 17 19 23 25 29 33 37 41 45 49 53 57 61 65 69 74 78 79 83
cat_threshold=1075921152 72417576 1213851779 2130628 1 2617434432 1621624268 3238068424 12632064 290465797 1275339464 272897549 44044420 5251144 151007744 16777544 1380371 1107833157 12 71336480 537034752 64 558891008 16812037 1 2266924097 1646395904 2701131808 2240678145 135266304 4096 0 134217730 268436549 555878928 2101864 2417040387 336593408 225976728 1715474569 35719492 159941632 4259841 168886276 139070576 1073807392 33792 276824576 33816580 403374404 268763137 1620117504 606962800 377651202 898773392 3170354 80256 2251010 147063465 50433168 88186880 1158414596 8421504 2214920193 3221751848 2248197378 539230576 1107429496 406918402 136335392 2986352672 3762385244 671123984 1 125859072 220332044 558475290 67665953 3779301446 1075843432 339871856 2403616768 2751531712
is_linear=0
shrinkage=0.1


Tree=79
num_leaves=31
num_cat=24
split_feature=0 8 8 9 9 11 7 9 11 8 9 9 8 6 6 9 11 9 9 11 8 10 8 6 7 8 0 6 11 7
split_gain=8.87937 9.91488 8.57725 6.27866 5.77856 5.64358 5.27321 8.45113 8.19534 12.7758 11.8329 7.64955 7.49793 7.24276 10.0352 15.8789 12.032 10.237 8.31904 8.02561 10.9574 7.73826 7.72027 7.65922 7.24762 12.5399 7.70718 7.71333 7.0438 8.51954
threshold=-122.99999999999999 0 1 2 3 4 5 6 7 8 9 10 11 884.50000000000011 1084.5000000000002 12 13 14 15 16 17 18 19 933.50000000000011 20 21 333.00000000000006 957.50000000000011 22 23
decision_type=2 9 9 9 9 9 1 9 9 9 9 9 9 2 2 9 9 9 9 9 9 9 9 2 1 9 2 2 9 1
left_child=1 -1 -2 -4 -3 -6 8 28 9 11 12 -5 -10 18 15 16 23 -16 22 20 -19 -18 -9 -15 25 -25 -26 -28 -8 -30
right_child=2 4 3 6 5 -7 7 13 10 -11 -12 -13 -14 14 17 -17 21 19 -20 -21 -22 -23 -24 24 26 -27 27 -29 29 -31
leaf_value=-3.6861915255048516 5.6227924469115891 -3.6243139506438604 -4.8619891415162506 -0.33979804779103512 2.4830821382956607 -0.93254823222830496 -0.24137001472590605 -1.9344992420087992 -1.339344418819393 -0.57101430263229702 0.3750342141570539 0.83264498183523905 -0.039292664559045475 0.042527632762949602 -0.93186582340261603 -0.28123149598570868 2.8665987642390447 4.8981137831821009 -0.17416059485996044 -0.19018843263570148 0.0024441826254909833 0.03635212957257674 -0.5689940854447606 2.1991680330256149 1.0510622359234874 9.7847377792290313 31.214584637499122 14.321796928857275 1.8953565015290992 0.14712383358888204
leaf_weight=5233 1284 3093 4941 9818 2344 11622 13404 9275 7817 36143 85430 14376 18209 1990 20884 27005 1686 1554 78099 31957 2661 13122 29879 1675 2778 1785 75 445 6569 19865
leaf_count=5233 1284 3093 4941 9818 2344 11622 13404 9275 7817 36143 85430 14376 18209 1990 20884 27005 1686 1554 78099 31957 2661 13122 29879 1675 2778 1785 75 445 6569 19865
internal_value=-0.00045349 -0.00240086 -0.000355437 -0.000379251 -0.00122972 -0.000362052 -0.000339077 -0.000619076 9.23709e-05 -0.000846275 0.000600539 0.000932075 -0.00126594 -0.000856904 -0.000264552 0.000761256 0.00265806 -0.00117359 -0.00140065 -0.000155328 0.00394083 0.00091915 -0.00259014 0.00559717 0.00720923 0.0104035 0.00381499 0.015 0.000723246 0.00166994
internal_weight=465018 22292 442726 441442 17059 13966 436501 264708 171793 60337 111456 24194 26026 224870 107617 50561 23556 57056 117253 36172 4215 14808 39154 8748 6758 3460 3298 520 39838 26434
internal_count=465018 22292 442726 441442 17059 13966 436501 264708 171793 60337 111456 24194 26026 224870 107617 50561 23556 57056 117253 36172 4215 14808 39154 8748 6758 3460 3298 520 39838 26434
cat_boundaries=0 4 8 12 17 19 20 25 27 31 35 39 43 47 49 53 57 59 63 64 68 69 73 75 76
cat_threshold=2432705537 2283274308 105450145 27425792 536870912 8388608 576 4194314 128 67108864 33613824 644 486540864 671127108 2640976 6296240 1 2353406217 13 104 369426520 1098378 538973752 3028680960 2 3136067624 16 2417755136 2268209216 174067720 675104 1482735684 5277616 2232328 4169697344 2160477252 286654468 3226468612 808568872 2153809668 33788424 157324546 34232384 144867590 274739489 2164326850 151584827 3791784456 4 162005794 38283281 1359151554 1114171 3765440768 272773153 2378236034 151080016 2183364802 17 268571654 100693260 1778712576 67149392 537921536 9044267 1481148056 269746194 42616964 18 414060546 272650756 3388997634 1573888 2417114016 19 2
is_linear=0
shrinkage=0.1


Tree=80
num_leaves=31
num_cat=21
split_feature=0 8 8 1 6 11 9 6 9 10 8 8 8 4 2 4 6 9 6 7 9 9 8 9 11 8 8 8 8 8
split_gain=7.87854 9.71423 8.27038 7.19113 6.51709 7.12609 6.04499 5.25745 8.31633 7.42456 6.42998 6.42632 5.58807 5.44506 5.49002 6.46845 5.28658 13.3867 10.626 10.9824 13.6566 10.0532 8.66984 8.13173 8.96624 10.5293 8.03031 7.54911 7.52904 7.00999
threshold=-194.99999999999997 0 1 -80.999999999999986 992.50000000000011 2 3 428.50000000000006 4 5 6 7 8 3105.0000000000005 1287.0000000000002 4005.0000000000005 1170.5000000000002 9 1017.5000000000001 10 11 12 13 14 15 16 17 18 19 20
decision_type=2 9 9 8 2 9 9 2 9 9 9 9 9 2 10 2 2 9 2 1 9 9 9 9 9 9 9 9 9 9
left_child=2 3 4 -2 -1 -6 -3 8 10 12 -8 -11 -10 16 -15 -16 18 -18 23 27 26 -19 -22 24 25 -9 -21 -20 -25 -26
right_child=1 6 -4 -5 5 -7 7 13 9 11 -12 -13 -14 14 15 -17 17 21 19 20 22 -23 -24 28 29 -27 -28 -29 -30 -31
leaf_value=-2.1011957428205008 26.213784872998829 -2.7927044710630216 -4.8213546831339373 4.3783219925900481 -1.6637813396910901 8.2745399192305111 -0.12415804124082455 0.94866824100887337 6.5394885120303456 0.44485460456047543 -4.7763019431115916 -0.52637465711671172 0.43319901135454225 2.6516321670859928 -32.705569396526663 100.899891747053 7.1638214033476864 -1.7709614995555794 1.0994855007476592 0.35881694614006238 0.91985948196935974 -0.17236173433712301 -0.26206315551667769 1.9922118548703862 2.9945527583417499 -0.79024417893932508 3.1568018624497505 -0.57223692567498285 -0.079422239729241562 -2.560427984242216
leaf_weight=3960 65 6974 6222 1209 878 1176 1630 7924 350 3006 2918 9900 655 8974 21 34 1524 14746 5856 7861 12628 56067 20171 2816 609 15954 13898 15995 231927 9070
leaf_count=3960 65 6974 6222 1209 878 1176 1630 7924 350 3006 2918 9900 655 8974 21 34 1524 14746 5856 7861 12628 56067 20171 2816 609 15954 13898 15995 231927 9070
internal_value=-0.00045134 -0.000383675 -0.00295522 0.00830218 -0.000305447 0.00426485 -0.000408358 -0.000362486 -0.00201474 -0.000798077 -0.00572181 -0.00144472 0.00743842 -0.000290914 0.00213866 0.0336364 -0.000343514 -0.00112073 -0.000180415 0.000859975 0.00161853 -0.00132062 0.00032948 -0.000476708 -0.00193256 -0.000890826 0.00356057 -0.00103426 -0.000268497 -0.00449892
internal_weight=465018 452782 12236 1274 6014 2054 451508 444534 18459 13911 4548 12906 1005 426075 9029 55 417046 72337 344709 76409 54558 70813 32799 268300 33557 23878 21759 21851 234743 9679
internal_count=465018 452782 12236 1274 6014 2054 451508 444534 18459 13911 4548 12906 1005 426075 9029 55 417046 72337 344709 76409 54558 70813 32799 268300 33557 23878 21759 21851 234743 9679
cat_boundaries=0 4 8 10 14 18 20 24 28 32 36 37 41 45 49 53 55 59 63 67 70 74
cat_threshold=536870912 8388608 512 10 134890056 77758626 1074840848 67142433 2654786 2 1073741952 67108864 37775360 708 135290976 272767077 3442540562 134250514 141315 8 487698445 154669057 3391127680 1049648 50349572 134217861 543917488 19030177 142606402 274726948 1107296256 67136 4202512 1184770 4256 2692743168 5 2316387840 151621954 2575302816 134302994 134812456 4196497 813892370 65811 2327970816 3577238544 134284355 8536737 40393792 4592675 142611618 2961247264 2316711876 8 1209106944 69394472 570427648 67109648 169092672 19007968 3898873856 67163232 2627761410 1379927556 1778384969 20447233 1073807424 2083 3932480 8448 4 1073741824 17825824
is_linear=0
shrinkage=0.1


Tree=81
num_leaves=31
num_cat=22
split_feature=0 8 4 11 9 7 9 10 8 6 2 9 9 8 9 6 10 8 9 6 9 10 6 9 11 8 9 8 4 11
split_gain=7.63509 10.1702 6.81631 6.6358 7.873 6.16779 8.34783 6.74063 6.56426 6.91213 7.08836 5.69318 5.57981 5.11424 4.96991 4.83061 4.70781 4.58225 5.62861 5.1819 5.94792 5.13256 5.26638 9.99701 9.03012 4.74938 4.33374 11.1798 12.078 7.98561
threshold=-32.999999999999993 0 45.000000000000007 1 2 3 4 5 6 1335.5000000000002 -74.999999999999986 7 8 9 10 454.50000000000006 11 12 13 1156.5000000000002 14 15 961.50000000000011 16 17 18 19 20 105.00000000000001 21
decision_type=2 9 2 9 9 1 9 9 9 2 8 9 9 9 9 2 9 9 9 2 9 9 2 9 9 9 9 9 2 9
left_child=1 12 16 4 -3 6 -5 14 -8 -10 -11 -9 -1 -4 -7 -6 -2 18 -13 21 -21 25 -23 24 -24 -19 27 28 -15 -29
right_child=2 3 13 5 15 7 8 11 9 10 -12 17 -14 26 -16 -17 -18 19 -20 20 -22 22 23 -25 -26 -27 -28 29 -30 -31
leaf_value=-0.08491079158471132 1.0518201147880959 -2.3834620358596128 -2.5300899778638382 -2.6627514486270356 -1.6023306786169895 1.2321345852236127 -1.2196345306585603 -0.73594266825613519 0.21521110203723781 31.35167889831288 23.930570910549129 -2.0693246495847251 -1.7051548800689336 2.7995875676004527 -1.1047562113760345 -0.17087637170179582 0.23811168644745001 9.802167820356992 0.18501496973676432 -1.9307055330990606 2.1743587944680396 0.52154357064384382 18.133010598112993 0.59049772357009855 5.6033478780105126 2.9682098580579064 -0.020567482215421217 0.58314753710756229 0.46361284702325467 -1.1633029615775701
leaf_weight=2891 294 5295 3517 3138 1438 781 2236 7240 4075 27 74 1989 7979 34 4561 12692 1798 333 11960 2426 1314 11252 244 1794 806 1244 305304 7911 19716 40655
leaf_count=2891 294 5295 3517 3138 1438 781 2236 7240 4075 27 74 1989 7979 34 4561 12692 1798 333 11960 2426 1314 11252 244 1794 806 1244 305304 7911 19716 40655
internal_value=-0.000445318 -0.00129725 -0.000252594 -0.000882037 -0.00247235 -0.000325024 -0.00263599 0.000155806 -0.00056369 0.00177735 0.0276238 0.000595388 -0.00415441 -0.00028417 -0.00318012 -0.00123763 0.00543977 0.00114707 -0.000235693 0.00214024 -0.00120321 0.00293945 0.00232808 0.0061744 0.0138679 0.00833648 -0.000248376 -0.000968301 0.00103745 -0.00178401
internal_weight=465018 85789 379229 74919 19425 55494 9550 45944 6412 4176 101 40602 10870 377137 5342 14130 2092 33362 13949 19413 3740 15673 14096 2844 1050 1577 373620 68316 19750 48566
internal_count=465018 85789 379229 74919 19425 55494 9550 45944 6412 4176 101 40602 10870 377137 5342 14130 2092 33362 13949 19413 3740 15673 14096 2844 1050 1577 373620 68316 19750 48566
cat_boundaries=0 4 6 11 12 16 18 22 27 31 35 39 40 44 48 53 54 58 59 63 67 71 73
cat_threshold=287583237 206342152 809767457 111181956 976748610 2 402686208 478216448 1079001152 273354370 1 4 1241522946 153231764 143130628 2262675 1048576 2 113902154 864051366 2165441536 94480 278926340 2290156642 136424865 1073746880 2 147857410 671528099 152 2685290523 32 32 276824576 33816582 134225920 142614528 0 134217728 5898304 43123200 1107445126 1091243218 4396544 34080800 271188352 268566528 151035922 2298528513 553656960 2155872836 156550163 1 1074466819 168329504 570728448 131136 152051730 2147614856 134217728 2150637584 0 1048848 2838520032 71698464 8513288 545292944 3263245318 18351120 554713122 11638281 2684433154 24
is_linear=0
shrinkage=0.1


Tree=82
num_leaves=31
num_cat=25
split_feature=0 11 8 9 4 8 10 9 9 9 8 11 11 9 8 8 9 10 8 9 9 8 10 9 9 4 2 9 1 9
split_gain=8.24764 8.20436 8.11514 7.10733 5.54194 5.01831 8.73341 8.8083 6.16085 5.10539 10.8297 5.73453 5.71661 13.4707 8.98334 5.75811 6.65162 7.50631 9.27921 8.33053 6.41 5.20512 5.173 6.29401 5.93942 5.12483 5.98237 4.89401 4.78287 4.69974
threshold=-56.999999999999993 0 1 2 45.000000000000007 3 4 5 6 7 8 9 10 11 12 13 14 15 16 17 18 19 20 21 22 135.00000000000003 -14.999999999999998 23 63.000000000000007 24
decision_type=2 9 9 9 2 9 9 9 9 9 9 9 9 9 9 9 9 9 9 9 9 9 9 9 9 2 10 9 8 9
left_child=1 3 -3 -1 -2 6 8 -8 -6 10 -7 -12 13 -11 -15 20 -17 21 -19 -20 -14 -18 23 25 -24 26 -22 -13 -16 -4
right_child=4 2 29 -5 5 9 7 -9 -10 12 11 27 15 14 28 16 17 18 19 -21 22 -23 24 -25 -26 -27 -28 -29 -30 -31
leaf_value=-0.68689233623128276 0.35689130516305378 -1.7221487260515009 1.3148735836033074 -2.4762838626630139 -0.3658830471704041 -1.6293075557395829 -2.0401084514364847 -0.26702046293703197 1.3261694802009349 -1.1275823286009337 1.1537384744638943 -4.0341586451403417 0.51142319491691113 -0.31090786230705608 1.1733675234012182 0.61509511309475018 0.70040009539963721 -0.91277855658142149 -0.28989407901595937 0.57982314411950309 3.3629239972074938 0.10965281296338557 -0.75494524202145452 -0.18048511286931337 -0.1130030512184706 0.70422593015181167 1.2032605482415459 -0.1464902935409205 0.21581332876729384 -0.3111007051495418
leaf_weight=7294 2215 5097 3881 8118 7182 16038 13648 30374 9112 16937 7546 3255 10460 19200 5751 25792 18919 15251 21012 15582 167 48410 15679 11794 51611 6353 786 29614 8430 29510
leaf_count=7294 2215 5097 3881 8118 7182 16038 13648 30374 9112 16937 7546 3255 10460 19200 5751 25792 18919 15251 21012 15582 167 48410 15679 11794 51611 6353 786 29614 8430 29510
internal_value=-0.000423169 -0.00158627 -0.00080472 -0.00353521 -0.000270679 -0.000297701 -0.00113981 -0.00187182 0.000837829 -0.000151954 -0.00102244 -0.000149662 1.6291e-05 -0.000953348 0.00021233 0.000218088 0.000616927 0.000301716 -0.000602644 0.000261171 -0.0003789 0.000998082 -0.000662039 0.00079016 -0.0010743 0.00309458 0.00993704 -0.000720523 0.00212036 -0.000236822
internal_weight=465018 53900 38488 15412 411118 408903 60316 44022 16294 348587 56453 40415 292134 50318 33381 241816 144966 119174 51845 36594 96850 67329 86390 19100 67290 7306 953 32869 14181 33391
internal_count=465018 53900 38488 15412 411118 408903 60316 44022 16294 348587 56453 40415 292134 50318 33381 241816 144966 119174 51845 36594 96850 67329 86390 19100 67290 7306 953 32869 14181 33391
cat_boundaries=0 2 6 10 14 16 20 24 28 32 34 36 40 44 48 52 54 58 62 67 71 73 77 81 85 90
cat_threshold=414974050 2 25299969 1208486145 4199637 44269710 958466 3227558609 981467412 1209151504 1091051561 1210288160 297806338 176947286 135930372 8 2474672640 583303364 178258192 2013823168 2171998272 1074201220 2166489216 553783298 673728992 67504226 1082176776 8487572 136511744 2454217219 1143181400 4342176 2684721556 16 2957785143 17 2228356613 285278224 2301624386 558898209 706985984 286528260 1711673348 3192096 2220101126 2231379160 2148794397 69294080 1078436376 22089733 556271667 809635904 709659787 6 41943040 38551811 234979328 1081344 2148532228 3760228224 2282881092 3432744 514 538968064 421527666 2148532480 3 176160768 8405255 69402976 5243008 2248679794 8 2147516420 268960528 1179648 151014403 2147516416 268992912 5373952 134223947 16416 67239936 0 128 46703794 1837064 1141211208 815302656 1
is_linear=0
shrinkage=0.1


Tree=83
num_leaves=31
num_cat=22
split_feature=1 9 8 10 9 8 9 8 11 8 3 0 7 8 8 10 6 6 9 9 8 10 9 9 4 8 2 11 0 9
split_gain=7.61197 11.9742 8.53833 6.54621 8.02532 5.41091 4.70654 9.65415 6.19604 6.36532 6.03848 6.91721 5.31891 5.24047 5.06924 4.58508 5.97402 4.40691 8.78752 4.38566 4.34605 6.72956 7.80482 4.16275 4.06032 4.02303 3.7445 3.7396 3.64313 4.55721
threshold=-44.999999999999993 0 1 2 3 4 5 6 7 8 2.5000000000000004 387.00000000000006 9 10 11 12 437.50000000000006 499.50000000000006 13 14 15 16 17 18 1.0000000180025095e-35 19 69.000000000000014 20 -44.999999999999993 21
decision_type=8 9 9 9 9 9 9 9 9 9 2 2 1 9 9 9 2 2 9 9 9 9 9 9 2 9 8 9 2 9
left_child=1 25 15 -4 -5 17 7 12 9 26 11 -10 27 -12 -8 16 -3 18 -6 -15 21 -16 -23 -19 -22 -1 -9 -2 29 -17
right_child=6 2 3 4 5 -7 14 8 10 -11 13 -13 -14 19 20 28 -18 23 -20 -21 24 22 -24 -25 -26 -27 -28 -29 -30 -31
leaf_value=-0.72635818818944697 2.0416334275404102 17.979531940664113 -0.60981262158635996 -1.4696757132415494 9.9267444622330352 0.029091639364695637 2.0379740005418832 4.5621583967353185 -1.6067589499979051 -1.1614258370197355 0.71717000551599452 0.43715117777614393 -0.47575498549449613 0.21501607597376504 -0.018289759184584028 -1.2560294320612075 3.7556242357686673 0.041071922046665939 1.094213042249145 -2.6712000194511858 0.89666976876247684 -0.11154479362003333 -1.0423420491279551 3.1722207731045606 0.0088246795627815681 -2.942058072033654 0.70559017360363152 -0.016040764575275035 0.89953975362442928 0.54345491413753233
leaf_weight=3368 7061 68 22901 4366 122 7912 4889 1231 5408 5159 4470 692 13230 3237 50144 3420 711 1358 272 15889 66 15729 14925 965 252061 7039 2287 5469 5915 4654
leaf_count=3368 7061 68 22901 4366 122 7912 4889 1231 5408 5159 4470 692 13230 3237 50144 3420 711 1358 272 15889 66 15729 14925 965 252061 7039 2287 5469 5915 4654
internal_value=-0.000418438 -0.00143981 -0.000826596 -0.00162138 3.32984e-06 0.00148604 -0.000258171 -0.00104345 -0.00204857 0.000302749 -0.00273548 -0.00554099 0.000454014 -0.00201136 -0.000109053 0.00121261 0.00863118 0.0053282 0.0151269 -0.00273098 -0.000156039 -0.000794231 -0.00196126 0.00368919 4.8503e-05 -0.00453778 0.0035771 0.00192982 0.000793626 -0.000587072
internal_weight=465018 63071 52664 37896 14995 10629 401947 64133 38373 8677 29696 6100 25760 23596 337814 14768 779 2717 394 19126 332925 80798 30654 2323 252127 10407 3518 12530 13989 8074
internal_count=465018 63071 52664 37896 14995 10629 401947 64133 38373 8677 29696 6100 25760 23596 337814 14768 779 2717 394 19126 332925 80798 30654 2323 252127 10407 3518 12530 13989 8074
cat_boundaries=0 5 9 11 15 18 22 26 28 32 33 37 41 43 47 51 55 56 61 65 69 71 75
cat_threshold=2432128 67110081 1513125920 272665312 1 2156151872 3791650906 2902573064 69370698 575972892 14 286409220 34340884 12780036 1073754377 404357894 131072 1109393424 3361735104 71696416 8773913 3766518420 2797701124 1095799808 2701264194 5314064 2684596994 16 269623296 2250244096 2097152 75505984 112 8 514 1207961728 11012136 1610616856 1 2536 150994952 570959876 9 8388610 0 0 66560 1073741888 4194304 82192 2147483652 1115169 1628940304 902840322 110363152 2454466378 117989935 796 1140850790 271917059 1 8421379 10485760 64 2147566608 285344577 2305312000 156 1048882 2353281418 1 511852805 2285961734 2155905092 1613844480
is_linear=0
shrinkage=0.1


Tree=84
num_leaves=31
num_cat=22
split_feature=0 8 9 6 9 8 8 0 9 0 9 8 9 8 2 8 0 8 10 8 9 10 3 8 4 11 11 9 8 9
split_gain=7.95246 9.00371 5.47814 5.12937 10.6962 7.76493 5.40308 5.04609 5.63949 4.58534 10.0612 7.38955 6.77599 11.6261 6.86223 9.92203 8.10028 15.3559 6.83268 6.79998 6.66876 6.27192 6.25094 6.08057 8.25508 6.43978 5.99115 5.82986 5.5613 5.61416
threshold=-80.999999999999986 0 1 423.50000000000006 2 3 4 -32.999999999999993 5 309.00000000000006 6 7 8 9 177.00000000000003 10 177.00000000000003 11 12 13 14 15 12.500000000000002 16 105.00000000000001 17 18 19 20 21
decision_type=2 9 9 2 9 9 9 2 9 2 9 9 9 9 10 9 2 9 9 9 9 9 2 9 2 9 9 9 9 9
left_child=1 -1 -3 4 -2 -6 -7 -8 -9 12 11 -11 13 22 16 18 19 20 -16 27 -18 -15 -5 24 -23 -26 -19 -14 29 -21
right_child=3 2 -4 9 5 6 7 8 -10 10 -12 -13 14 21 15 -17 17 26 -20 28 -22 23 -24 -25 25 -27 -28 -29 -30 -31
leaf_value=-2.7975724986356134 -2.348766180584454 -1.7332465368746828 -0.22474351218844246 -1.5028093376207177 6.1593852923327237 -1.0431150172981944 -0.86259592689785003 0.67388991274043952 -0.06555209659138897 3.5811907487044787 0.02020214740262391 0.90609143603809672 -0.95203192383743984 -1.2702059161840593 -0.80609165771225433 -0.71509522420553828 2.5779148403080838 -0.59113593575724066 1.1004942631569916 4.1818806572415896 1.1560832131064556 2.4883579544669554 4.0447609716758848 -0.49622309937149434 3.1978248131141616 0.10934809780215225 0.88406814618699026 -0.17594332286769043 0.015734866243263677 0.82259399622178708
leaf_weight=5349 3288 7863 23646 9257 235 3058 1830 1990 4789 1522 44386 6557 8968 12391 5320 22032 2580 6998 8196 498 3528 29 1077 19934 3089 6289 4883 59319 180526 5591
leaf_count=5349 3288 7863 23646 9257 235 3058 1830 1990 4789 1522 44386 6557 8968 12391 5320 22032 2580 6998 8196 498 3528 29 1077 19934 3089 6289 4883 59319 180526 5591
internal_value=-0.000396933 -0.00180639 -0.00116089 -0.0002756 -0.00208032 -0.000681668 -0.00105079 0.000233203 0.00149137 -0.000209219 0.00066425 0.00390777 -0.000336336 -0.00139143 -0.000158181 -0.00146506 1.20537e-05 0.00206292 0.00066834 -0.000132681 0.00613272 -0.000647312 -0.00439289 0.000149567 0.00224381 0.00208146 -3.44822e-05 -0.000986429 0.00017977 0.00314969
internal_weight=465018 36858 31509 428160 15190 11902 11667 8609 6779 412970 52465 8079 360505 52066 308439 35548 272891 17989 13516 254902 6108 41732 10334 29341 9407 9378 11881 68287 186615 6089
internal_count=465018 36858 31509 428160 15190 11902 11667 8609 6779 412970 52465 8079 360505 52066 308439 35548 272891 17989 13516 254902 6108 41732 10334 29341 9407 9378 11881 68287 186615 6089
cat_boundaries=0 4 9 13 16 20 24 29 33 37 41 45 49 51 55 60 62 66 68 70 74 78 83
cat_threshold=92414977 3625592896 4198573 11695104 335545860 541107202 150036560 18907880 1 1209032800 274864130 3372312578 671089299 16777216 0 229632 135268448 1677928976 252997638 34605252 361628423 555254912 131104 88080680 16752 6428744 155387944 536874069 2 1056776 6291993 1090586656 2099520 6312416 71698528 176414722 268439252 1053002 2181039617 1153436176 176947302 3358851144 3263191043 1443106830 17973258 345148417 293266576 3254845444 22848 604770630 2 5775908 1227272196 268701738 53742100 17563654 1611239684 271583300 86622248 1 1091973122 10 3558877700 9048064 134276196 87098888 2219345410 24 877043334 9 42991616 35656976 3224373280 1229979680 65800 545327137 18941396 4194305 1048576 1344274432 537920000 8192 1
is_linear=0
shrinkage=0.1


Tree=85
num_leaves=31
num_cat=19
split_feature=9 0 8 9 2 8 1 8 6 10 9 9 8 8 3 8 6 9 6 11 7 5 7 7 2 6 0 8 9 10
split_gain=7.33745 6.07382 9.43971 5.29645 6.07241 7.64792 5.2186 4.96623 4.44332 7.82396 9.52695 6.63147 6.57081 5.42491 5.01105 4.93597 4.87501 11.9616 10.6017 10.1423 7.84401 6.79492 9.07872 5.50801 4.79428 4.73475 10.2434 4.72218 4.61362 4.38605
threshold=0 -122.99999999999999 1 2 -8.9999999999999982 3 159.00000000000003 4 428.50000000000006 5 6 7 8 9 11.500000000000002 10 1129.5000000000002 11 957.50000000000011 12 13 21.500000000000004 14 15 219.00000000000003 1061.5000000000002 711.00000000000011 16 17 18
decision_type=9 2 9 9 8 9 8 9 2 9 9 9 9 9 2 9 2 9 2 9 1 2 1 1 10 2 2 9 9 9
left_child=-1 2 -2 -4 -5 6 -6 -3 9 11 12 -9 -11 -12 15 28 18 27 -16 20 -20 -19 -23 24 -22 26 -25 -18 -10 -27
right_child=1 7 3 4 5 -7 -8 8 14 10 13 -13 -14 -15 16 -17 17 21 19 -21 23 22 -24 25 -26 29 -28 -29 -30 -31
leaf_value=-8.5147030571946356 -2.9586869026360207 5.1292001331842094 4.097475159231954 -2.5137016727978687 5.4636952181706198 -0.21538571549490243 39.045433623864156 -0.065467082715335509 -0.14187562547409791 2.0724654628515276 -1.6690588059059248 -1.9419872696141249 0.20773252045468316 -0.07606011990419892 0.31507997604204069 -0.077055214188804899 17.313943660624982 -5.9538636358197863 -4.5013894761617301 0.61784800088077629 28.128808666667084 30.525369853225978 -1.2221184560350422 10.193751060316 -0.063267945515878665 -1.2008308472525919 59.781866380051 3.0817680111074246 -3.8165241021812002 8.0068992286620873
leaf_weight=2517 5054 1309 1368 6975 352 8087 34 2127 3307 1063 2464 3826 2724 5684 20601 379124 440 4633 490 3359 531 278 673 2096 126 867 25 1466 3059 359
leaf_count=2517 5054 1309 1368 6975 352 8087 34 2127 3307 1063 2464 3826 2724 5684 20601 379124 440 4633 490 3359 531 278 673 2096 126 867 25 1466 3059 359
internal_value=-0.000391772 -0.000362394 -0.00198903 -0.0008475 -0.00137664 0.000421336 0.0139899 -0.000281667 -0.000300049 -0.0018437 -0.000364171 -0.00480128 0.00377403 -0.00228978 -0.000234535 -0.00033983 0.000894723 -0.00137517 0.00149223 0.00461861 0.00771758 -0.00370755 0.00398528 0.00918286 0.0175862 0.00748585 0.0103677 0.00544885 -0.00309912 0.00256117
internal_weight=465018 462501 21870 16816 15448 8473 386 440631 439322 17888 11935 5953 3787 8148 421434 385490 35944 7490 28454 7853 4494 5584 951 4004 657 3347 2121 1906 6366 1226
internal_count=465018 462501 21870 16816 15448 8473 386 440631 439322 17888 11935 5953 3787 8148 421434 385490 35944 7490 28454 7853 4494 5584 951 4004 657 3347 2121 1906 6366 1226
cat_boundaries=0 4 8 12 16 20 22 27 31 35 39 43 47 48 49 50 51 55 59 60
cat_threshold=0 0 8192 640 2432738305 2283282496 104929953 27425792 1120018739 4589568 32900 152829962 134218240 2113552 0 65538 536870912 8388608 1600 4194314 2736357400 4 2492204546 3777036808 8389152 2217096480 1 325460228 546342160 67371077 555089928 25427971 54788100 2181269666 25315776 13108482 373465370 4198402 128526916 32 32768 276824080 34340868 90709057 1348603906 3224373376 536950848 605290826 8 20 32 272637000 515 624656 1024 393224 411058178 32 3758229504 68157448
is_linear=0
shrinkage=0.1


Tree=86
num_leaves=31
num_cat=23
split_feature=0 9 8 8 9 1 8 11 9 9 10 8 4 8 4 3 8 2 9 9 10 8 9 6 8 11 8 11 9 8
split_gain=6.52045 10.1105 8.39128 7.87634 7.72937 5.33596 7.1688 5.39583 8.56591 5.83963 5.62209 6.8918 5.30838 20.813 13.1488 9.58989 13.9801 7.47483 7.58803 7.39653 5.82806 10.1075 9.23975 7.03074 6.16564 7.16047 6.08658 9.02961 6.06938 5.53703
threshold=-8.9999999999999982 0 1 2 3 21.000000000000004 4 5 6 7 8 9 165.00000000000003 10 135.00000000000003 1.5000000000000002 11 33.000000000000007 12 13 14 15 16 1368.5000000000002 17 18 19 20 21 22
decision_type=2 9 9 9 9 10 9 9 9 9 9 9 2 9 2 2 9 10 9 9 9 9 9 2 9 9 9 9 9 9
left_child=1 3 4 -1 -3 7 -7 8 -4 -9 11 -11 13 14 -2 16 -14 18 -15 -19 21 23 26 -17 25 -24 -22 -28 -23 -29
right_child=12 2 5 -5 -6 6 -8 9 -10 10 -12 -13 15 17 -16 20 -18 19 -20 -21 22 28 24 -25 -26 -27 27 29 -30 -31
leaf_value=-0.20226520961543454 0.83928500911234893 -0.013743115423787472 3.556076066805951 -2.0228817759539992 -0.88467598482738785 1.5713344103364997 -0.43601953527175674 -1.0870519860229271 -0.20834133628508802 3.8605306779224478 -0.20345225503881778 0.14574616351696743 -1.9180927214108767 0.002184834501493902 1.5515633703091609 -1.9210124950511227 -0.1637294752643654 0.25442516557180961 0.42982213474076314 -0.17573207255775522 -0.051388198644386429 0.57025650054129806 1.387300511513148 14.568437814014127 0.082084334643293622 -1.5434135065746464 -0.33095803507888943 0.74873495772341492 -0.54647034912159975 3.1627353627938302
leaf_weight=6843 744 7171 2420 10261 11090 5730 4545 11655 4304 2112 56806 7760 7192 10277 641 14521 27752 8780 10352 28192 11354 17125 5198 42 116618 24164 5696 10360 29909 5404
leaf_count=6843 744 7171 2420 10261 11090 5730 4545 11655 4304 2112 56806 7760 7192 10277 641 14521 27752 8780 10352 28192 11354 17125 5198 42 116618 24164 5696 10360 29909 5404
internal_value=-0.000368762 -0.00096766 -0.00062613 -0.00323361 -0.00258935 -0.00024984 0.00190267 -0.000509896 0.00220671 -0.000743272 -0.00038208 0.00181947 -0.000134633 0.000726272 0.0127957 -0.000319068 -0.00186699 0.000433769 0.00195889 -0.000417075 -9.40575e-05 -0.000932851 0.00019496 -0.00323407 -0.000145903 -0.00144083 0.00171094 0.00270144 -0.000219797 0.00393432
internal_weight=465018 130697 113593 17104 18261 95332 10275 85057 6724 78333 66678 9872 334321 58986 1385 275335 34944 57601 20629 36972 240391 61597 178794 14563 145980 29362 32814 21460 47034 15764
internal_count=465018 130697 113593 17104 18261 95332 10275 85057 6724 78333 66678 9872 334321 58986 1385 275335 34944 57601 20629 36972 240391 61597 178794 14563 145980 29362 32814 21460 47034 15764
cat_boundaries=0 5 9 13 18 22 24 29 34 36 40 44 48 52 57 59 63 68 72 74 78 80 85 89
cat_threshold=1084248320 71368824 1309796481 2130628 2 290990085 206971400 423890945 41949318 2349334528 1894253700 3238117576 4243474 2287084106 697337856 4194624 135528730 1 2181038594 10541056 3291515780 16786953 2168568212 9 139469916 300038 8388676 831127579 1 524360 2147747847 31461674 1346373904 1 1124600134 12 1149404490 2415984659 1073864706 1048896 270008320 276828160 32 65536 2953872428 2199937024 1832943952 34480144 135562052 1208557584 64 85360693 2199126272 2621712 279052352 86507556 1 1166225495 14 1442865965 1076006148 205828096 68256256 623113 73486720 939755688 273024260 2 5308929 8964164 287443491 50741710 17051912 4 2150910016 3241156740 268568704 58989574 3359947013 4 1073759232 3942660628 344195104 1747281986 1 289584130 101187842 3261136896 69239056
is_linear=0
shrinkage=0.1


Tree=87
num_leaves=31
num_cat=22
split_feature=0 8 9 4 10 0 2 8 9 2 8 8 9 0 8 9 11 9 8 8 6 11 8 11 9 9 8 11 8 5
split_gain=6.60019 7.51196 5.06401 4.98588 4.91561 4.80974 9.0412 13.4249 8.87824 7.60091 11.7882 9.50556 14.0914 9.6567 13.3275 7.77771 9.03405 12.3714 10.3778 8.86401 8.01513 8.04383 7.55035 7.49997 10.5005 7.07568 7.19989 6.88762 6.09012 6.03011
threshold=-122.99999999999999 0 1 45.000000000000007 2 237.00000000000003 249.00000000000003 3 4 165.00000000000003 5 6 7 147.00000000000003 8 9 10 11 12 13 1216.5000000000002 14 15 16 17 18 19 20 21 9.5000000000000018
decision_type=2 9 9 2 9 2 8 9 9 10 9 9 9 2 9 9 9 9 9 9 2 9 9 9 9 9 9 9 9 2
left_child=1 -1 -3 4 -2 9 7 8 -7 11 -11 12 -5 15 23 16 17 29 -18 20 -17 -22 -19 24 -15 26 -8 -14 -27 -13
right_child=3 2 -4 5 -6 6 25 -9 -10 10 -12 13 27 14 -16 19 18 22 -20 -21 21 -23 -24 -25 -26 28 -28 -29 -30 -31
leaf_value=-4.1612677522414776 0.96689293796990983 -2.1636522060137096 -0.12488834047046922 -1.3777275988958406 0.09946133377153249 4.0553599234971101 4.8565797320959208 0.17334556355019629 1.3467053361051855 1.4909382373904023 -0.82936879303485389 -14.763280695251877 1.4107039120979616 3.4919307220229139 0.077143159759126945 1.587218628005556 -0.05337647802389283 -0.98806755500019117 -1.7565633785074479 -0.02485456361919313 20.890231297953903 0.55459501703828329 0.67348101622064516 0.10391803762266799 1.4647692698038561 0.47142970540949175 0.33215231671819834 -0.41313794143580251 -0.38666798390227264 13.028333472906931
leaf_weight=4441 437 3781 14070 10236 1979 1371 1866 12373 4286 3886 28843 66 5089 1948 14937 3602 9799 7522 15792 210898 225 238 11886 1976 2995 14393 6887 34145 34712 339
leaf_count=4441 437 3781 14070 10236 1979 1371 1866 12373 4286 3886 28843 66 5089 1948 14937 3602 9799 7522 15792 210898 225 238 11886 1976 2995 14393 6887 34145 34712 339
internal_value=-0.000376504 -0.00205545 -0.00113712 -0.000291966 0.00423841 -0.000316825 0.00040744 0.00236273 0.00639315 -0.000467647 -0.00192154 -0.000324188 -0.00160267 -0.000100026 0.00191892 -0.000269507 -0.00145858 0.000144779 -0.00269951 -1.82837e-05 0.00460122 0.0169978 -0.000220416 0.00554337 0.00762568 -0.000201876 0.00241584 -0.000739988 -0.000668841 0.0172289
internal_weight=465018 22292 17851 442726 2416 440310 75888 18030 5657 364422 32729 331693 49470 282223 21856 260367 45404 19813 25591 214963 4065 463 19408 6919 4943 57858 8753 39234 49105 405
internal_count=465018 22292 17851 442726 2416 440310 75888 18030 5657 364422 32729 331693 49470 282223 21856 260367 45404 19813 25591 214963 4065 463 19408 6919 4943 57858 8753 39234 49105 405
cat_boundaries=0 4 9 11 15 20 24 28 32 36 41 43 46 50 54 55 59 61 66 70 74 75 79
cat_threshold=2432705537 2350383169 105519777 27409408 335547904 671127366 1077431360 2118320 1 5906880 2 305570562 2455376016 2952790082 69212480 211288352 542376000 404834368 7475984 1 3489660928 41975811 201593604 27263002 22028328 1241681411 1351876616 179568836 33591460 235178756 1244704770 1343260820 76154885 71844052 2202533921 83933440 2150125856 71501936 1099155456 604047041 1 2147688342 17 16384 0 1073741824 134661120 25186368 136314946 6152 69696 8388640 2165584 4194315 1024 310533444 18366528 2890403860 20972544 1272186378 13 276988162 3125805572 2156069568 4063488 1 541610104 4349016 2835480674 805309505 22033480 7079425 262160 34603384 2365587459 147355712 1082151174 1276678176 10093792
is_linear=0
shrinkage=0.1


Tree=88
num_leaves=31
num_cat=23
split_feature=9 11 8 4 0 8 6 6 9 10 8 8 8 4 7 9 6 9 7 10 8 9 9 8 8 6 8 7 8 10
split_gain=6.36216 10.3141 8.38992 5.75582 7.33841 5.27372 5.57545 4.1982 7.61169 8.63923 8.17963 6.73542 4.71726 4.45252 5.35146 6.82312 8.68417 5.50983 4.02558 4.76627 14.0713 9.41398 8.97723 6.05231 4.92565 4.63415 7.27167 5.05541 4.6306 6.06787
threshold=0 1 2 165.00000000000003 33.000000000000007 3 1142.5000000000002 423.50000000000006 4 5 6 7 8 3105.0000000000005 9 10 714.50000000000011 11 12 13 14 15 16 17 18 1330.5000000000002 19 20 21 22
decision_type=9 9 9 2 2 9 2 2 9 9 9 9 9 2 1 9 2 9 1 9 9 9 9 9 9 2 9 1 9 9
left_child=1 5 3 4 -3 -1 -7 8 12 10 -10 -11 -2 18 15 16 -15 -16 28 22 -21 24 -20 -24 -22 -25 27 -27 29 -9
right_child=7 2 -4 -5 -6 6 -8 13 9 11 -12 -13 -14 14 17 -17 -18 -19 19 20 21 -23 23 25 -26 26 -28 -29 -30 -31
leaf_value=-3.6619658067301204 -0.32438286275027073 -0.069055462846403598 -1.2135620261973727 0.74158299715670195 1.2663518984790443 -2.3726966374298315 2.1934361279969954 -0.034258890862281698 4.4079368009911164 0.23290996995517493 -0.002525122048483497 -0.66070824876128675 -2.5391245952421326 -2.494188211614103 -6.0514663990613871 1.5869977682852781 47.604307009196482 3.0657805211498625 0.30116860746705787 -1.1353374755736407 -1.0883441465497401 0.061460932181314314 0.23546446895079828 -0.36950717439623315 -0.23068526536898737 21.130015801405694 -0.44658402769230365 4.1415798019556647 -0.059634811194248731 0.80752555232438705
leaf_weight=4193 1784 220 10539 11098 231 7948 1693 26814 546 3680 693 6318 2818 405 1964 2308 1037 2729 28611 13928 10173 48416 19393 41684 19316 160 832 575 172678 22234
leaf_count=4193 1784 220 10539 11098 231 7948 1693 26814 546 3680 693 6318 2818 405 1964 2308 1037 2729 28611 13928 10173 48416 19393 41684 19316 160 832 575 172678 22234
internal_value=-0.000383815 -0.00166203 -0.000320393 0.00154079 0.0126164 -0.00380237 -0.00250855 -0.000276764 -0.00187449 -0.000468572 0.0073739 -0.00144684 -0.00529489 -0.000215534 0.00205732 0.00486702 0.0102479 -0.000197748 -0.000262938 -0.000609949 -0.00111854 -0.000594881 -9.80685e-05 -0.000768349 -0.00200312 -0.00142646 0.00391193 0.0110738 2.36293e-05 0.000880996
internal_weight=465018 35922 22088 11549 451 13834 9641 429096 15839 11237 1239 9998 4602 413257 8443 3750 1442 4693 404814 183088 91833 77905 91255 62644 29489 43251 1567 735 221726 49048
internal_count=465018 35922 22088 11549 451 13834 9641 429096 15839 11237 1239 9998 4602 413257 8443 3750 1442 4693 404814 183088 91833 77905 91255 62644 29489 43251 1567 735 221726 49048
cat_boundaries=0 4 6 10 14 18 20 24 28 32 33 37 41 42 44 48 52 56 60 64 68 69 73 75
cat_threshold=2097280 71565408 176814336 1342210756 1150161933 2 2316313604 1286078480 167772160 68232466 1057792 2097152 10486360 1114426 1209028705 1344280725 3245342866 134242323 272640033 8 142606410 308543492 1075839136 16844353 410116 1052801 543930640 67301640 2487234573 2300186636 2267185152 1115424 44 1442844676 7168 1630535826 32 905976836 154624 19923088 40 106 2987133896 1 3671848 1073875228 410259456 100770343 2181588002 3263236250 3222274069 1264657 2156809728 571578521 2418147360 4656129 210278144 2458000144 743182352 3211808 239140933 2487246912 3842113537 16783552 131074 128 1073741826 161792 4 3524476930 579357355 1074192 598624 823015176 2
is_linear=0
shrinkage=0.1


Tree=89
num_leaves=31
num_cat=23
split_feature=0 8 6 8 2 9 11 0 8 11 8 11 9 7 6 9 6 8 8 9 5 7 10 9 11 8 9 9 11 8
split_gain=6.37381 7.55292 7.08304 6.85787 6.15682 5.75548 7.58408 5.86016 7.01292 5.29962 3.77909 5.31575 4.1324 3.44428 3.44111 13.2796 12.1925 12.8695 10.4762 8.3803 7.60615 7.16283 8.15338 9.01912 8.00382 7.8729 7.13938 6.62677 10.0667 7.47858
threshold=-218.99999999999997 0 1029.5000000000002 1 165.00000000000003 2 3 33.000000000000007 4 5 6 7 8 9 1113.5000000000002 10 1026.5000000000002 11 12 13 21.500000000000004 14 15 16 17 18 19 20 21 22
decision_type=2 9 2 9 8 9 9 2 9 9 9 9 9 1 2 9 2 9 9 9 2 1 9 9 9 9 9 9 9 9
left_child=1 -1 -3 4 -2 6 13 -8 -9 -4 11 -7 -13 -5 16 20 27 26 -17 -19 -16 22 23 -21 25 -25 -18 28 -12 -29
right_child=3 2 9 5 -6 10 7 8 -10 -11 14 12 -14 -15 15 18 17 19 -20 21 -22 -23 -24 24 -26 -27 -28 29 -30 -31
leaf_value=-5.1097464899448122 11.820003778153605 -1.9926123813590175 0.10805978218264255 -3.7527667177018844 2.2892892129425286 3.5958703150661373 -3.3192489866106016 -1.958730186871539 0.93067050467425405 9.1203872369419958 -1.5024256562617377 -2.5206291734013107 -0.36408299965021729 4.6058461322529363 -0.89976091154352733 1.6270968975202089 16.135924831112657 -0.89630983951135912 -0.081599785779566225 0.53237856398293182 0.23311566191161989 -0.30836092110399899 -0.3577149107185707 3.0991344381771126 2.0627924723799698 14.304280243411633 2.0991979602196014 0.94447391146035875 -0.22878013212376411 -0.045567807496514956
leaf_weight=4500 272 4208 1048 310 1168 630 8393 6161 4744 681 9613 3974 3741 1519 26451 6206 687 3829 57845 7473 6071 10221 4951 580 2829 769 12591 13113 42187 218253
leaf_count=4500 272 4208 1048 310 1168 630 8393 6161 4744 681 9613 3974 3741 1519 26451 6206 687 3829 57845 7473 6071 10221 4951 580 2829 769 12591 13113 42187 218253
internal_value=-0.000370698 -0.00281403 -0.000465783 -0.0003146 0.00655172 -0.000336557 -0.00194777 -0.0025316 -0.00100413 0.00492192 -0.00025772 -0.00236386 -0.00308738 0.00419249 -0.00021618 -0.000740686 -6.13299e-05 0.00148873 9.50633e-05 0.000361357 -0.00238596 0.000986469 0.00226824 0.00371237 0.00743075 0.0137675 0.0040879 -0.000301804 -0.00132407 -7.28708e-05
internal_weight=465018 10437 5937 454581 1440 453141 21127 19298 10905 1729 432014 8345 7715 1829 423669 96573 327096 43930 64051 30652 32522 26823 16602 11651 4178 1349 13278 283166 51800 231366
internal_count=465018 10437 5937 454581 1440 453141 21127 19298 10905 1729 432014 8345 7715 1829 423669 96573 327096 43930 64051 30652 32522 26823 16602 11651 4178 1349 13278 283166 51800 231366
cat_boundaries=0 4 8 12 14 18 20 24 26 30 31 35 39 43 47 48 49 54 56 60 64 69 71 75
cat_threshold=2169570561 2333605953 52562624 18940954 536870912 8388608 512 10 1075839104 71303168 176220161 1073742532 537143552 8 5192 2099714 1084229632 177734004 2655811 2 32 1073905664 269484048 33816580 11 8 1049096 178268292 2147553280 822121472 12 227016992 8390809 1677919066 135356435 2296911872 2450014742 201556168 20447888 341924936 67083 788481 655457 12596297 3255173190 2167600 882936064 114 2249197064 2617425952 565217825 1611661376 18763808 1 1681916418 5 256 14592 1665404932 40192 163872 4096 536871072 67174400 2185320772 398626 1078988930 2692815904 2 541108538 6 1109460036 264241 539754944 65
is_linear=0
shrinkage=0.1


Tree=90
num_leaves=31
num_cat=17
split_feature=0 8 8 9 11 0 0 8 8 8 0 2 0 6 4 0 2 8 2 8 0 8 1 8 9 8 10 9 10 9
split_gain=6.28759 6.13812 5.18003 5.33106 7.65302 7.17923 6.2932 5.66953 5.08036 4.92066 4.58846 4.16442 4.04694 3.93922 3.88602 3.53299 5.76735 9.11688 5.44242 8.35623 6.8965 9.32217 6.7734 10.5155 6.83776 6.65177 5.99133 7.0411 5.96122 10.4789
threshold=-218.99999999999997 0 1 2 3 507.00000000000006 639.00000000000011 4 5 6 597.00000000000011 165.00000000000003 27.000000000000004 667.50000000000011 1485.0000000000002 309.00000000000006 321.00000000000006 7 159.00000000000003 8 123.00000000000001 9 111.00000000000001 10 11 12 13 14 15 16
decision_type=2 9 9 9 9 2 2 9 9 9 2 8 2 2 2 2 10 9 10 9 2 9 8 9 9 9 9 9 9 9
left_child=1 -1 11 4 7 8 10 -4 -6 -3 -7 14 -10 -9 -2 18 17 -17 20 -20 28 -22 23 24 -23 -24 27 -21 29 -5
right_child=2 9 3 15 5 6 -8 13 12 -11 -12 -13 -14 -15 -16 16 -18 -19 19 26 21 22 25 -25 -26 -27 -28 -29 -30 -31
leaf_value=22.142018475233797 4.9846261695957033 -5.7436582697935039 -1.7958165600336065 -0.50307099828468516 -5.0615544501331611 3.0895592011082398 -0.63185911521503935 -0.77995187092003304 -4.3974497052823063 -1.1028533830870131 13.727306705047475 2.0603602916482764 -0.21430711390859047 1.4657657900110435 25.224848564931381 1.9106133779340226 -0.04402725229837709 0.27124220427668055 -0.99787972906449807 -0.69911548386582512 -0.92399654962950484 1.1470413461345235 1.1420004293691803 0.51137373955781373 3.7087175375919936 -0.00014456559236263809 -0.67405556978165027 0.45167495832183646 -0.13376898114710889 0.69473322908744362
leaf_weight=101 202 2730 2781 12963 3497 170 358 2375 4447 7606 56 1168 4881 6222 70 3696 34778 11283 10147 6692 5918 1022 4458 8562 1495 23310 17238 15842 249694 21256
leaf_count=101 202 2730 2781 12963 3497 170 358 2375 4447 7606 56 1168 4881 6222 70 3696 34778 11283 10147 6692 5918 1022 4458 8562 1495 23310 17238 15842 249694 21256
internal_value=-0.000368117 -0.00279487 -0.0003124 -0.000331481 -0.00175707 -0.00337507 0.00746575 0.000151034 -0.00387135 -0.00304079 0.020531 0.00565517 -0.00264297 0.00142093 0.0168382 -0.00024895 0.000543238 0.00218372 -0.000353069 -0.00132595 -0.00020531 0.000948283 0.00151144 0.00360231 0.00927186 0.000677756 -0.000671663 0.000401878 -0.000387198 0.000850446
internal_weight=465018 10437 454581 453141 24787 13409 584 11378 12825 10336 226 1440 9328 8597 272 428354 49757 14979 378597 49919 328678 44765 38847 11079 2517 27768 39772 22534 283913 34219
internal_count=465018 10437 454581 453141 24787 13409 584 11378 12825 10336 226 1440 9328 8597 272 428354 49757 14979 378597 49919 328678 44765 38847 11079 2517 27768 39772 22534 283913 34219
cat_boundaries=0 3 7 11 13 17 21 25 29 33 37 41 46 50 52 57 59 63
cat_threshold=134234624 0 1074806784 536870912 8388608 512 10 2101440 71303168 180414465 33476 571779843 9 70259200 133642 4263940 134742016 8 2097152 1082132480 36766000 2169570561 2333605952 52562624 18941184 302165506 470823824 318771232 76624 79699713 338199620 558465113 67146272 18964768 1615169579 268781698 44827140 33587210 2517262464 2252349440 17840384 4374560 3775430660 1076887620 695470130 1 268599298 67110096 2165833764 11264 2320772185 12 508649472 539401479 4096 469827883 2 1346906565 1 55083266 2829222021 2168324 1361334288
is_linear=0
shrinkage=0.1


Tree=91
num_leaves=31
num_cat=23
split_feature=0 8 4 9 4 9 8 8 8 10 9 8 9 8 11 8 8 11 8 9 11 9 0 2 8 9 0 8 8 4
split_gain=6.23638 7.85862 5.82165 5.531 4.68634 14.0207 5.73935 5.40009 5.35306 8.14599 5.48057 4.61075 4.2874 10.1547 8.3319 7.04098 6.90305 5.66377 5.18157 4.59794 4.20226 4.00504 3.78425 7.78138 7.94849 7.39382 7.15082 6.98997 5.7818 5.20469
threshold=-98.999999999999986 0 285.00000000000006 1 75.000000000000014 2 3 4 5 6 7 8 9 10 11 12 13 14 15 16 17 18 21.000000000000004 51.000000000000007 19 20 63.000000000000007 21 22 165.00000000000003
decision_type=2 9 2 9 2 9 9 9 9 9 9 9 9 9 9 9 9 9 9 9 9 9 2 10 9 9 2 9 9 2
left_child=1 -1 11 -4 5 6 -2 -7 9 10 -6 -3 13 17 16 -16 -15 -10 19 -14 -12 -17 25 24 26 27 -24 -20 -27 -26
right_child=4 2 3 -5 8 7 -8 -9 12 -11 20 -13 18 14 15 21 -18 -19 22 -21 -22 -23 23 -25 29 28 -28 -29 -30 -31
leaf_value=-3.35150915563817 1.478343005832202 -0.24584293153219636 1.8714648946460142 -0.5752770175868539 -1.0062639409020713 -0.093598663611342753 0.45872258255648446 0.52858044789041614 -0.51786387187262595 -2.0324718081348512 -2.2657663930225662 -3.4128477495990626 -0.064055192195889787 2.2568765145410263 -1.3851265844237979 0.061573368784683759 -0.94078751242294689 0.77872330598236639 -0.81756484738155177 0.49828155957274051 0.43054820328349586 -2.2207656519736125 0.27295471731363996 -0.11321483637772245 0.34327550630280101 0.16316863669516951 1.214476195631681 -0.094982502523655143 -0.25738927205849021 -0.11696553934040894
leaf_weight=4537 261 2983 3563 15133 8279 4973 579 2781 14921 4750 906 2763 25794 4891 16945 10448 6082 18018 18049 36455 10742 11050 11749 107289 6185 28889 5262 13729 33278 33734
leaf_count=4537 261 2983 3563 15133 8279 4973 579 2781 14921 4750 906 2763 25794 4891 16945 10448 6082 18018 18049 36455 10742 11050 11749 107289 6185 28889 5262 13729 33278 33734
internal_value=-0.000363171 -0.00178371 -0.00107231 -0.000217161 -0.000268763 0.00204328 0.0142353 0.000703243 -0.000315248 -0.00174465 -0.000856199 -0.0038566 -0.000227622 -0.000871125 -0.00177761 -0.00247133 0.000652825 0.000488935 -6.22014e-05 0.000756675 0.000542115 -0.00126837 -0.000259672 2.98967e-05 0.000974879 -0.000765876 0.00278421 -0.00200642 -0.000131401 0.000203108
internal_weight=465018 28979 24442 18696 436039 8594 840 7754 427445 24677 19927 5746 402768 82355 49416 38443 10973 32939 320413 62249 11648 21498 258164 164219 56930 93945 17011 31778 62167 39919
internal_count=465018 28979 24442 18696 436039 8594 840 7754 427445 24677 19927 5746 402768 82355 49416 38443 10973 32939 320413 62249 11648 21498 258164 164219 56930 93945 17011 31778 62167 39919
cat_boundaries=0 4 8 12 16 20 24 26 30 34 39 43 45 49 53 55 59 63 64 68 72 77 81 85
cat_threshold=360752387 3357016129 105124001 10628100 39330103 164046864 536904704 546964482 1 269025280 68 17825792 1048576 2101248 4194304 147456 83886087 287309824 1006637056 128 1048608 1208125440 297796112 172753028 2685445956 8 305266849 293732373 2451771392 285381832 168297024 10485888 196682 68206593 2296385988 67373090 1216406786 8454806 2 3298919172 299106320 2785181701 70321672 2166567687 29 168304640 2250261505 1076168712 8405298 268967936 2216693760 1073807362 12624 2033721857 5 1208570130 8405569 136908256 25298218 665608 2585887296 33624796 2703639560 1342189845 2151678208 0 8438784 65556 320995328 605561232 33554434 79872 1075364896 2286092692 101713985 675814496 1 306185796 101724544 1175736329 69220432 310674504 34145448 3255222277 67154001
is_linear=0
shrinkage=0.1


Tree=92
num_leaves=31
num_cat=22
split_feature=9 0 8 8 0 9 8 8 9 8 3 11 9 8 8 2 8 11 0 8 0 9 10 8 9 4 9 3 8 11
split_gain=5.9094 4.96136 5.67172 5.51004 4.77601 9.15756 6.88294 5.99002 5.22929 9.30026 5.65701 5.16547 7.47113 5.19283 4.78763 4.93175 5.47679 5.13029 6.21996 4.48162 7.7088 4.17487 4.00149 3.95501 5.12426 4.79536 21.9608 8.00932 13.3252 7.28423
threshold=0 -242.99999999999997 1 2 381.00000000000006 3 4 5 6 7 3.5000000000000004 8 9 10 11 381.00000000000006 12 13 477.00000000000006 14 -356.99999999999994 15 16 17 18 135.00000000000003 19 1.5000000000000002 20 21
decision_type=9 2 9 9 2 9 9 9 9 9 2 9 9 9 9 10 9 9 2 9 2 9 9 9 9 2 9 2 9 9
left_child=-1 3 -3 -2 7 6 -6 -4 9 10 -9 21 -13 -14 -7 16 17 18 -16 20 -5 -11 -21 24 -10 26 29 28 -27 -25
right_child=1 2 4 19 5 14 -8 8 23 11 -12 12 13 -15 15 -17 -18 -19 -20 22 -22 -23 -24 25 -26 27 -28 -29 -30 -31
leaf_value=-7.0319406118549894 -6.6147455466035128 3.1993446038708822 -2.3789161102533076 24.177680669996832 3.5598220028670919 -0.82608971003002607 1.1317350728993387 -0.91619294872447665 -0.063154066963144947 3.5988610269474481 -1.3261818821854863 0.025879329847973323 -3.0305029682685736 -0.50677881506733269 3.2417473517818745 -0.074371821313404182 0.17769130791096172 1.826519766383629 14.289718474771911 27.548236425419056 7.5807708608193627 0.07714397016315766 -1.008265931920594 2.1111356920325459 0.31774220186980856 -1.0737600511076972 0.043182530528687514 -0.10339974534720604 -0.1248410914520206 0.9523313224328197
leaf_weight=2517 2362 2475 2657 22 1770 5189 5447 7404 45658 3613 13514 19571 5670 6132 139 18643 3819 2358 112 105 107 10571 6185 244 31279 8602 30893 192523 35127 310
leaf_count=2517 2362 2475 2657 22 1770 5189 5447 7404 45658 3613 13514 19571 5670 6132 139 18643 3819 2358 112 105 107 10571 6185 244 31279 8602 30893 192523 35127 310
internal_value=-0.000349408 -0.000323043 -0.000277486 -0.00267737 -0.000303711 0.000777274 0.00397537 -0.000401628 -0.000370964 -0.00118298 -0.00292814 -0.000381199 -0.00109709 -0.00308331 1.3212e-05 0.0005857 0.00297448 0.00649484 0.0198851 -0.00114948 0.0166187 0.00120191 -0.00153968 -0.000214309 0.000417558 -0.000395917 0.00076414 -0.000550347 -0.00177205 0.0203191
internal_weight=465018 462501 453720 8781 451245 37477 7217 413768 411111 66475 20918 45557 31373 11802 30260 25071 6428 2609 251 6419 129 14184 6290 344636 76937 267699 31447 236252 43729 554
internal_count=465018 462501 453720 8781 451245 37477 7217 413768 411111 66475 20918 45557 31373 11802 30260 25071 6428 2609 251 6419 129 14184 6290 344636 76937 267699 31447 236252 43729 554
cat_boundaries=0 4 8 12 17 21 25 29 33 35 39 43 47 51 52 56 60 62 66 70 75 79 80
cat_threshold=0 0 8192 640 536936448 8388608 768 10 2169569537 186122240 50987712 18875666 606586 6428752 2282817568 268504181 2 2148536841 69206017 3221225488 34081124 32 0 276824064 33816580 2707776 71437344 1255393282 1610711124 181010440 3624035842 1078204464 15205248 2684729798 21 2621760 1024 5373954 1610678288 68158720 69206016 134316040 68157520 25592906 2147518577 2971795476 218628096 67119616 86646920 1179129992 3349552 1208090626 134218304 0 16 4194304 606272 67239936 1082195968 4 68157440 4 1250853890 541083267 2115696 153223393 219319426 2129920 2147488204 405167402 32768 784 0 134217728 1 1048897 2198863872 759169028 530688 135790600
is_linear=0
shrinkage=0.1


Tree=93
num_leaves=31
num_cat=20
split_feature=0 11 8 6 9 8 10 4 0 9 8 8 3 9 11 8 8 0 6 6 7 5 7 11 10 9 2 7 9 9
split_gain=5.37053 4.77864 5.28046 4.19122 8.06791 5.15601 4.2196 4.23796 5.60003 5.36079 4.92332 4.08808 3.817 5.96934 5.81443 5.08733 5.04784 4.52527 4.21375 7.35661 11.4636 6.79204 8.82657 7.52304 7.27116 6.54964 5.97565 5.62447 6.33399 5.60831
threshold=-194.99999999999997 0 1 423.50000000000006 2 3 4 945.00000000000011 -32.999999999999993 5 6 7 7.5000000000000009 8 9 10 11 471.00000000000006 1162.5000000000002 1315.5000000000002 12 16.500000000000004 13 14 15 16 45.000000000000007 17 18 19
decision_type=2 9 9 2 9 9 9 2 2 9 9 9 2 9 9 9 9 2 2 2 1 2 1 9 9 9 10 1 9 9
left_child=1 -1 -3 4 -2 -6 -7 8 11 10 -10 -8 13 15 -14 17 -16 -5 21 25 -21 27 23 24 26 -20 -23 29 -29 -18
right_child=3 2 -4 12 5 6 7 -9 9 -11 -12 -13 14 -15 16 -17 18 -19 19 20 -22 22 -24 -25 -26 -27 -28 28 -30 -31
leaf_value=10.304775973371251 -2.1491011228255759 -7.068596185666002 -1.208732181494989 -5.144753874712122 -0.81129896889242592 7.8291900841771698 -1.6281996420571443 -2.031881195998094 1.6587437148998061 0.11181151162275565 0.36633311524738327 0.091418333990372608 -3.8613240734590479 -0.068810731403509448 2.4684398898746327 -0.33194814694840791 -0.95593187549212111 1.6220748522844777 2.2893710949541952 16.387258251363768 -0.96668963242201655 -1.1333908803251393 -0.29609941983723836 2.5996729864465897 14.800537644594957 -3.4967614003517262 31.247440740458714 1.1119298239119706 -1.4240523662410449 1.6391525552251907
leaf_weight=426 3442 1652 10158 3324 3048 314 843 2975 578 3596 713 1070 1972 336985 10801 4782 5213 366 1787 968 2193 32 5934 5146 2242 8344 83 6828 21316 17887
leaf_count=426 3442 1652 10158 3324 3048 314 843 2975 578 3596 713 1070 1972 336985 10801 4782 5213 366 1787 968 2193 32 5934 5146 2242 8344 83 6828 21316 17887
internal_value=-0.000340376 -0.00240765 -0.00278342 -0.00028451 -0.00184511 -0.000712713 0.000377263 5.10748e-06 0.00138235 0.00317782 0.00867794 -0.00320439 -0.000225196 -0.000376808 0.000351969 -0.00299694 0.000471479 -0.00578379 0.00019068 -0.00143094 0.00278076 0.000523954 0.00252511 0.00480101 0.00947613 -0.00274504 0.0332 -7.82963e-07 -0.000949779 0.00115534
internal_weight=465018 12236 11810 452782 16579 13137 10089 9775 6800 4887 1291 1913 436203 345457 90746 8472 88774 3690 77973 13292 3161 64681 13437 7503 2357 10131 115 51244 28144 23100
internal_count=465018 12236 11810 452782 16579 13137 10089 9775 6800 4887 1291 1913 436203 345457 90746 8472 88774 3690 77973 13292 3161 64681 13437 7503 2357 10131 115 51244 28144 23100
cat_boundaries=0 1 5 9 13 15 20 24 28 33 34 38 42 43 44 46 47 52 53 58 63
cat_threshold=2283012376 2299003905 2302165056 50528424 21038352 1209024608 1346508881 1224828946 671089362 202377506 1711483410 236210180 34603012 268437505 8 369524993 19923972 1048576 88113160 1 33849348 2166362120 3758129152 680192 302022660 2171617544 2147483648 67181328 2103424 4194304 33679360 8389316 2 268959765 135267392 515 10487828 524384 308878410 41943611 69229568 525355 20 106 553648394 7 8 4734490 1879527490 135270400 547364096 3 100 55336971 1631912658 1064960 539109381 1 38823209 1613497157 135286784 2624388 1
is_linear=0
shrinkage=0.1


Tree=94
num_leaves=31
num_cat=25
split_feature=9 1 8 9 8 9 8 11 8 9 10 3 11 9 8 8 9 4 8 6 9 8 8 10 8 6 10 8 9 8
split_gain=5.4875 4.58312 7.58749 5.362 3.87088 3.43026 8.33938 6.61211 6.85885 5.85476 4.92438 4.86234 4.31888 13.9598 8.34257 5.73269 9.09544 4.06104 4.24367 3.97817 3.88365 6.83361 5.46315 3.97792 4.68222 3.35265 3.30973 3.2754 3.24976 3.24566
threshold=0 -122.99999999999999 1 2 3 4 5 6 7 8 9 9.5000000000000018 10 11 12 13 14 315.00000000000006 15 576.50000000000011 16 17 18 19 20 1212.5000000000002 21 22 23 24
decision_type=9 8 9 9 9 9 9 9 9 9 9 2 9 9 9 9 9 2 9 2 9 9 9 9 9 2 9 9 9 9
left_child=-1 2 -2 -4 26 6 10 9 -9 25 17 -12 13 29 19 16 -14 18 -3 -15 21 -17 -22 24 -23 27 -5 -8 -10 -7
right_child=1 5 3 4 -6 12 7 8 28 -11 11 -13 15 14 -16 20 -18 -19 -20 -21 22 23 -24 -25 -26 -27 -28 -29 -30 -31
leaf_value=-5.59965389950366 -2.882991476555516 -0.032543767806752569 -1.5885604545220144 -0.67732825563521171 -0.14833169767157101 -0.72837493192356262 -0.17761709518956989 -1.346152727524399 -0.62473786792580133 -0.012542721846859848 -1.135966212184502 1.807354504162062 -1.4384490521758826 -1.0852646610993699 -0.14671461935704358 0.14327584587694497 -0.06092700108273566 -1.272752985821586 3.2657803165569024 3.205591927627228 -0.090162693661545945 -2.213888687193506 0.22255175545314843 -0.12566223322540693 -0.081543255698676764 -1.1841416888804035 2.919367890955157 3.2934902074233117 0.41531382667284805 -2.2438146344136913
leaf_weight=3207 3146 1590 5364 502 9874 4755 1358 13564 13000 18202 11472 1264 13153 538 12707 46123 50167 9861 943 2588 41385 4441 118325 44484 3898 1102 1751 6737 13002 6515
leaf_count=3207 3146 1590 5364 502 9874 4755 1358 13564 13000 18202 11472 1264 13153 538 12707 46123 50167 9861 943 2588 41385 4441 118325 44484 3898 1102 1751 6737 13002 6515
internal_value=-0.000319947 -0.000291262 -0.00174783 -0.000931949 0.000233169 -0.000223134 -0.000765976 -0.000182906 -0.00100971 0.00101098 -0.00231902 -0.00369999 -7.98961e-05 -0.001292 0.000622986 2.21725e-05 -0.000830572 -0.0008981 0.00267272 0.00524234 0.000230952 -0.000261331 0.000535936 -0.0010378 -0.00304109 0.00306614 0.00396376 0.00377393 -5.8437e-05 -0.0039805
internal_weight=465018 461811 20637 17491 12127 441174 92095 66965 39566 27399 25130 12736 349079 27103 15833 321976 63320 12394 2533 3126 258656 98946 159710 52823 8339 9197 2253 8095 26002 11270
internal_count=465018 461811 20637 17491 12127 441174 92095 66965 39566 27399 25130 12736 349079 27103 15833 321976 63320 12394 2533 3126 258656 98946 159710 52823 8339 9197 2253 8095 26002 11270
cat_boundaries=0 4 8 13 17 21 25 27 31 35 37 39 44 48 52 56 60 65 69 73 75 79 81 85 89 93
cat_threshold=0 67108864 8192 640 2298511400 2283408512 12655296 51409953 1049612 822214852 2390808576 275294297 1 1451386432 100700180 1157627906 75729408 2560645504 4457508 1086477834 3229712464 1208092162 2550794754 1094720528 174998400 2166865344 17 378273792 73670676 196672 83887192 136331264 4 1082261504 64 1879575323 4 2968006691 17 72353293 855876096 2166358272 543300611 1 2172125193 1076024320 16842764 25231408 2152734816 1208194049 831782934 43847700 72482848 572528770 2720071808 155324418 0 268435456 1077936128 131584 34152514 3366980360 403701780 336879916 2 405032962 294396808 2322106624 57666 287588352 562045320 2319515649 16384 2500329492 8 33554440 6307840 1073807360 1024 1485064 2 75497472 1073747008 135135232 65536 144724224 1024 12582912 32768 26280199 3288494352 1627389952 17859632
is_linear=0
shrinkage=0.1


Tree=95
num_leaves=31
num_cat=22
split_feature=0 4 8 11 9 8 9 4 9 8 9 11 8 10 9 3 8 11 6 9 9 8 2 11 11 2 9 4 9 9
split_gain=5.27645 7.08354 8.10774 5.82407 5.60423 5.99933 5.37482 4.81581 15.5557 8.44149 6.14576 6.0651 6.69185 6.05872 5.86837 5.36963 17.0874 5.32893 5.47939 5.39215 4.915 4.72085 4.64743 4.56412 4.50885 4.46534 4.35416 7.53858 4.2506 3.99667
threshold=-56.999999999999993 285.00000000000006 0 1 2 3 4 135.00000000000003 5 6 7 8 9 10 11 1.5000000000000002 12 13 688.50000000000011 14 15 16 279.00000000000006 17 18 -86.999999999999986 19 195.00000000000003 20 21
decision_type=2 2 9 9 9 9 9 2 9 9 9 9 9 9 9 2 9 9 2 9 9 9 8 9 9 10 9 2 9 9
left_child=1 2 -1 6 5 -5 -3 8 13 10 -10 12 25 22 23 16 29 18 -17 -20 -18 -6 -2 -11 26 -12 -22 -28 -13 -9
right_child=7 3 -4 4 21 -7 -8 15 9 14 11 28 -14 -15 -16 17 20 -19 19 -21 24 -23 -24 -25 -26 -27 27 -29 -30 -31
leaf_value=-2.5500511604464617 3.7444458732615744 -0.1926355072241559 -0.41660187363847245 6.7502844262425299 -2.1456338727646038 0.6212985929466317 -2.1482048338131507 -2.9558573980952314 -0.48221516095251843 3.8895150758436454 6.8822659767981822 -1.6485098498293138 4.4512639893914925e-05 0.95808584998086332 0.1414471091839313 1.2820310790980907 -0.29756602812342065 -0.021297327452840326 -0.032515803852690761 -3.6969818334820452 0.056087825197577205 0.0043650221553336978 1.2904753537877678 0.93536269848091713 -0.014490434141674608 1.0356426862092964 1.9943582813928076 0.51932218015763765 -0.03482232629568352 -0.65522718569259508
leaf_weight=3155 61 5627 9732 522 3588 7079 6547 2374 5732 135 32 1401 8562 585 20212 1435 14451 290136 2438 4303 1641 17650 71 1712 39341 2346 322 1146 1913 10769
leaf_count=3155 61 5627 9732 522 3588 7079 6547 2374 5732 135 32 1401 8562 585 20212 1435 14451 290136 2438 4303 1641 17650 71 1712 39341 2346 322 1146 1913 10769
internal_value=-0.000320162 -0.00125047 -0.00329557 -0.000607858 0.000166728 0.00249507 -0.00244091 -0.000198194 0.000806321 0.000555223 -0.000933189 0.00017947 0.00131507 0.0153095 0.00190357 -0.000314807 -0.00110274 -0.000129799 -0.00264598 -0.00384365 -0.000351604 -0.000667359 0.0343662 0.00728594 0.000190765 0.00599665 0.00385059 0.00779431 -0.00356198 -0.0043511
internal_weight=465018 53900 12887 41013 28839 7601 12174 411118 42762 42045 19986 14254 10940 717 22059 368356 70044 298312 8176 6741 56901 21238 132 1847 42450 2378 3109 1468 3314 13143
internal_count=465018 53900 12887 41013 28839 7601 12174 411118 42762 42045 19986 14254 10940 717 22059 368356 70044 298312 8176 6741 56901 21238 132 1847 42450 2378 3109 1468 3314 13143
cat_boundaries=0 4 6 10 14 18 23 27 31 33 36 37 41 45 46 50 55 59 61 63 68 70 74
cat_threshold=17827329 2348818692 709365809 18029288 1002176707 2 274243768 403442304 3289120864 811352066 1074266628 83898384 65536 67119104 401414 2154857369 981532948 1209159688 0 268436240 65536 134217728 1 453017602 422207488 1476464642 559616 142606850 2147549188 269484032 263218 437657176 2 268435456 16793600 1073741824 1140851456 2157051904 4 131072 17833992 536905005 3272606720 230686804 34347280 273162289 2147614817 429981718 8490316 1091649554 7508196 403179266 1074300134 1346404368 2 69126 1074403459 21237975 94405636 8200 12 2420703488 20 201326592 41092 402718720 136445954 1 67108865 16818176 134615040 164134912 196612 786496
is_linear=0
shrinkage=0.1


Tree=96
num_leaves=31
num_cat=24
split_feature=0 9 8 8 10 9 6 6 9 8 7 6 11 8 9 9 11 8 9 1 8 9 9 0 9 8 10 7 8 8
split_gain=4.84544 7.96079 7.12418 5.36753 4.50222 6.11627 5.64931 6.66099 13.9643 24.2104 13.9932 7.56687 7.01175 5.0979 6.81966 5.44347 4.84486 4.39849 5.40619 5.37333 11.08 8.20447 6.95818 5.33229 4.95478 6.08444 5.48109 9.39673 7.98937 7.1777
threshold=-14.999999999999998 0 1 2 3 4 507.50000000000006 552.50000000000011 5 6 7 523.50000000000011 8 9 10 11 12 13 14 -1.0000000180025095e-35 15 16 17 423.00000000000006 18 19 20 21 22 23
decision_type=2 9 9 9 9 9 2 2 9 9 1 2 9 9 9 9 9 9 9 10 9 9 9 2 9 9 9 1 9 9
left_child=1 2 -1 -3 5 16 -6 8 9 10 -8 -12 -13 15 -15 -9 -5 18 23 20 21 -19 -22 -2 25 -21 -26 29 -29 -28
right_child=17 3 -4 4 6 -7 7 13 -10 -11 11 12 -14 14 -16 -17 -18 19 -20 24 22 -23 -24 -25 26 -27 27 28 -30 -31
leaf_value=-3.8961576871323857 -2.5191489107358733 -0.63415370953027594 -0.48327766600844707 5.437798252845921 -0.58539773068885526 -0.030799001261012343 -2.1456586358630103 0.9414252706690398 -0.54112502383448846 0.76163937334059739 8.0211733691904978 19.835418224057086 15.297530170592076 0.25586770700842026 -0.54732623151209214 -0.11505679872254403 1.3063457078998559 1.5855749148105645 0.16952927517467917 0.16656709317468432 -1.1231145307216193 0.58972415917336696 0.13940424154619899 1.1709104124317518 0.16581286863018904 -0.48300002651588891 0.70709869579576223 0.03441762278320052 -0.46341775924732254 -0.06356675543521105
leaf_weight=5329 5212 10225 10805 185 11900 14878 106 5260 2135 1381 116 127 113 10839 29442 10578 5810 3188 5441 22019 6485 9678 42369 1118 66336 43793 21986 36438 52507 29219
leaf_count=5329 5212 10225 10805 185 11900 14878 106 5260 2135 1381 116 127 113 10839 29442 10578 5810 3188 5441 22019 6485 9678 42369 1118 66336 43793 21986 36438 52507 29219
internal_value=-0.00031156 -0.000861286 -0.00292617 -0.000537804 -0.000298237 0.000994587 -0.000673131 -0.000279051 0.00367521 0.0100216 0.0296186 0.0391803 0.0504167 -0.000559349 -0.00115684 0.000960371 0.00368859 -0.000122013 -0.00202105 -5.50277e-05 0.000787425 0.00339702 9.94573e-05 -0.00400631 -0.000245983 -0.00100149 -5.13566e-06 -0.000359591 -0.000980835 0.000719513
internal_weight=465018 119229 16134 103095 92870 20873 71997 60097 3978 1843 462 356 240 56119 40281 15838 5995 345789 11771 334018 61720 12866 48854 6330 272298 65812 206486 140150 88945 51205
internal_count=465018 119229 16134 103095 92870 20873 71997 60097 3978 1843 462 356 240 56119 40281 15838 5995 345789 11771 334018 61720 12866 48854 6330 272298 65812 206486 140150 88945 51205
cat_boundaries=0 4 8 12 14 19 23 27 28 29 33 37 41 42 46 51 55 60 64 68 72 74 75 79 83
cat_threshold=2183424 71631976 1242687619 2196164 36218373 2185365505 675551284 17826284 288360461 1277600264 273953793 41943174 1648931287 5 2390885412 1879606160 104 2434402339 1 243434500 570433541 64 1226572856 2156396544 2165309440 69304832 272 4 8 134411072 8391687 2768765444 590856 4989660 302561927 293602320 609484800 403843080 680005888 2686582804 687886345 8 1073807392 1073842177 293601920 34340871 303038464 853549077 2854297856 2437422368 2 151045379 12992664 1074889760 84124416 2147516416 1675141120 402753808 403188776 1 1314880 5780700 230785794 297797248 2625644706 1140983846 8524576 679485651 2194463044 286392914 67110912 26250312 2587888808 14 14 2152203840 2226136386 207915281 16926992 485115200 528518 3221391362 223856
is_linear=0
shrinkage=0.1


Tree=97
num_leaves=31
num_cat=23
split_feature=9 0 8 9 2 8 0 8 9 9 11 2 8 9 9 7 9 8 9 9 1 8 9 7 9 8 6 10 1 8
split_gain=4.76244 3.9373 6.52229 5.28998 5.24371 10.1816 7.52106 10.1778 7.34966 6.78524 6.21357 5.63832 9.0585 6.60479 5.61299 5.4816 5.43561 9.78557 5.3076 5.07329 4.74255 4.66236 7.97987 5.17026 14.2262 6.81587 5.97967 8.59825 7.45929 5.90845
threshold=0 297.00000000000006 1 2 219.00000000000003 3 183.00000000000003 4 5 6 7 141.00000000000003 8 9 10 11 12 13 14 15 471.00000000000006 16 17 18 19 20 1345.5000000000002 21 9.0000000000000018 22
decision_type=9 2 9 9 10 9 2 9 9 9 9 10 9 9 9 1 9 9 9 9 10 9 9 1 9 9 2 9 10 9
left_child=-1 4 3 -3 6 14 11 9 -7 -8 -9 16 13 15 20 -13 17 -2 -12 -4 -6 22 -18 24 26 -26 29 28 -28 -23
right_child=1 2 19 -5 5 8 7 10 -10 -11 18 12 -14 -15 -16 -17 21 -19 -20 -21 -22 23 -24 -25 25 -27 27 -29 -30 -31
leaf_value=-3.0995700644949973 -1.6313916636086423 2.6522730258181895 0.51777147268173052 0.46673029289941437 1.7202020020375635 -0.067091271510029679 2.209873508137933 -0.50000874830434128 -1.2273958943777099 0.69654353539654335 1.3342660012473821 16.773689573354385 -0.91121853881081138 -0.29183221322734154 -0.18658098165139414 1.5756326852027585 -0.70087092805263151 -0.18898748168731036 -0.0021430050369287902 -0.2110535281043629 25.98006376955172 -0.32379066500658676 0.021920973878528812 0.059171670103945688 1.3253706336302655 -0.039590841251920757 6.0551158348726135 -0.58399574958930767 23.261887952993604 -1.3950892123775176
leaf_weight=6499 10314 2553 11135 9365 2431 4778 2897 8116 10471 6223 3564 228 17116 3814 6415 1619 23404 34287 7180 32166 38 5507 30362 198141 3734 13017 70 211 50 9313
leaf_count=6499 10314 2553 11135 9365 2431 4778 2897 8116 10471 6223 3564 228 17116 3814 6415 1619 23404 34287 7180 32166 38 5507 30362 198141 3734 13017 70 211 50 9313
internal_value=-0.000308335 -0.000270192 0.000521738 0.00259222 -0.000378629 -0.0018079 -0.000287659 0.0012902 -0.0033744 0.00403067 -3.70983e-05 -0.000413372 -0.00193485 0.00153236 0.000883739 0.00642434 -0.000307849 -0.00133398 0.00153989 -4.87198e-05 0.00492537 -0.000146539 -0.000984828 4.9421e-05 -0.00113187 0.000876437 -0.00335136 0.00993957 0.03 -0.00365047
internal_weight=465018 458519 55219 11918 403300 24133 379167 27980 15249 9120 18860 351187 22777 5661 8884 1847 328410 44601 10744 43301 2469 283809 53766 230043 31902 16751 15151 331 120 14820
internal_count=465018 458519 55219 11918 403300 24133 379167 27980 15249 9120 18860 351187 22777 5661 8884 1847 328410 44601 10744 43301 2469 283809 53766 230043 31902 16751 15151 331 120 14820
cat_boundaries=0 4 8 12 16 20 25 30 32 36 40 44 45 49 53 57 62 66 70 71 76 80 81 85
cat_threshold=128 67108864 33611776 704 578317832 44323608 1048752 41976032 16793952 2185631937 158533696 408987648 2298748937 2189432899 3456372998 26347016 336599054 22154706 2147553290 19074368 288880 270737506 3087007808 695275536 3 8425732 6000916 405997892 1142425608 1 608870020 17 3395813380 176196739 136413957 18948121 10523905 155262017 1610680326 1075369993 18487556 2464355472 2299660292 16911360 4 6313312 4398176 1211304074 1610648580 40896776 1074933251 4460581 8912966 168986411 420225302 1342179392 2098185 2152260920 6363216 198722 536890421 2 1077951013 1249935428 1343226380 60033684 1108901890 303301397 293601376 301797424 4 2282758668 2972983440 276824324 201547803 1 176178432 528385 52562130 4194345 262154 135513152 71442456 170115073 73499747
is_linear=0
shrinkage=0.1


Tree=98
num_leaves=31
num_cat=22
split_feature=0 11 8 10 9 9 4 8 0 8 2 9 11 8 10 6 2 8 11 9 10 8 10 8 9 8 10 4 2 9
split_gain=4.75195 6.82133 7.09526 4.44214 5.65643 4.28001 4.23372 3.5771 3.57635 5.72276 4.14885 3.36822 8.63346 7.32566 6.37207 4.07682 4.5499 4.47709 3.98777 4.10969 3.77285 3.55976 4.1114 3.52485 3.36011 3.32916 3.27884 3.24965 3.22851 3.21582
threshold=-68.999999999999986 0 1 2 3 4 45.000000000000007 5 -356.99999999999994 6 75.000000000000014 7 8 9 10 1090.5000000000002 87.000000000000014 11 12 13 14 15 16 17 18 19 20 195.00000000000003 -26.999999999999996 21
decision_type=2 9 9 9 9 9 2 9 2 9 8 9 9 9 9 2 10 9 9 9 9 9 9 9 9 9 9 2 10 9
left_child=1 25 29 5 -5 -4 26 -7 10 -10 -6 12 15 14 -14 16 17 -8 19 27 -15 22 -13 -22 -11 -1 28 -16 -2 -3
right_child=6 2 3 4 8 7 11 -9 9 24 -12 21 13 20 18 -17 -18 -19 -20 -21 23 -23 -24 -25 -26 -27 -28 -29 -30 -31
leaf_value=-0.16304055133926693 2.1420752680939734 -2.8120597053366048 -0.52215341419477057 -2.4855053090713839 -6.7267935211655931 6.5139356734379623 10.826411274246007 1.1615877407581749 2.4354518314799063 -1.2793942343204094 -0.090349448566257956 -0.28486390963683778 3.8612315496035934 0.31808401377997686 3.5586218380470345 8.7780301057577788 -0.78074645795380548 2.654961990162271 -2.2062616157091823 -1.3676316072319157 -1.4710965945322438 -0.0096015683576733488 -2.6083852469796907 0.055543897933105019 0.18487362867752333 -2.4348673833291485 0.16526985510239395 1.2022651316286108 0.58159452933507672 -0.96804064534204137
leaf_weight=1214 63 2188 1269 2850 1642 507 107 1404 3672 7339 2465 12810 594 17798 85 449 883 696 8819 5802 14630 340321 2313 11794 12090 3632 1794 1664 395 3729
leaf_count=1214 63 2188 1269 2850 1642 507 107 1404 3672 7339 2465 12810 594 17798 85 449 883 696 8819 5802 14630 340321 2313 11794 12090 3632 1794 1664 395 3729
internal_value=-0.000306829 -0.00129565 -0.000856635 -0.00028814 -0.000664496 0.00326019 -0.000203486 0.00624154 -0.00021971 0.000263623 -0.00293889 -0.000226741 -0.000898614 -0.00111707 -0.00288324 0.00533799 0.00310795 0.00855541 -0.00325397 -0.00156197 -0.000439051 -0.00010702 -0.00160775 -0.00119695 -0.00042132 -0.00483114 0.00412078 0.00267766 0.0115812 -0.00404421
internal_weight=465018 44001 39155 33238 30058 3180 421017 1911 27208 23101 4107 418765 63321 61186 16964 2135 1686 803 16370 7551 44222 355444 15123 26424 19429 4846 2252 1749 458 5917
internal_count=465018 44001 39155 33238 30058 3180 421017 1911 27208 23101 4107 418765 63321 61186 16964 2135 1686 803 16370 7551 44222 355444 15123 26424 19429 4846 2252 1749 458 5917
cat_boundaries=0 2 6 8 13 17 21 25 29 31 35 36 40 42 46 48 52 54 58 62 66 68 73
cat_threshold=447807522 2 84943875 3357026305 21237909 126058628 2165119488 1 16708 604045396 8404992 2359944 1 2214758912 721466304 3145856 141558833 436224000 83902592 2147549192 2064 1078002440 545259520 2684355106 1048602 2296404384 71698432 42644738 813761152 2147553410 16 537395969 2250778113 14680912 172638898 1073750018 8704 16777216 0 67108864 3015488 13 12599296 0 8388608 276824064 4033390920 14 1092624480 1208123392 285477376 42205196 2147919692 8 91260936 272766998 167774212 75571520 1275068960 10649857 436996116 3242907667 134251520 41943104 32768 67321872 5906624 10 287313956 1921550084 404777024 1083351104 1
is_linear=0
shrinkage=0.1


Tree=99
num_leaves=31
num_cat=19
split_feature=0 8 4 9 11 6 6 9 8 4 11 8 0 11 11 8 5 4 9 10 0 7 8 9 8 2 4 9 11 9
split_gain=4.37134 6.05831 4.37097 4.35952 3.73674 4.00476 5.27233 3.26363 6.85518 6.66216 5.56791 5.02579 4.67266 4.44057 4.18797 7.85731 3.91473 3.86735 3.33501 3.49312 3.09861 3.09537 3.01457 3.86826 3.00085 5.62259 2.99892 3.11939 2.98667 3.54316
threshold=-122.99999999999999 0 1.0000000180025095e-35 1 2 1345.5000000000002 1373.5000000000002 3 4 165.00000000000003 5 6 279.00000000000006 7 8 9 6.5000000000000009 225.00000000000003 10 11 45.000000000000007 12 13 14 15 -206.99999999999997 195.00000000000003 16 17 18
decision_type=2 9 2 9 9 2 2 9 9 2 9 9 2 9 9 9 2 2 9 9 2 1 9 9 9 10 2 9 9 9
left_child=1 -1 20 -3 5 24 -7 8 9 16 11 -10 13 -11 18 -16 -4 -13 21 -20 -2 -12 23 -9 25 -5 -17 -28 29 -25
right_child=2 3 7 4 -6 6 -8 22 10 12 14 17 -14 -15 15 26 -18 -19 19 -21 -22 -23 -24 28 -26 -27 27 -29 -30 -31
leaf_value=-3.4143416241942215 1.8061065252425643 -1.7261744010565558 3.8495045127022496 21.883018801956613 -0.43732624664298475 27.801608531232702 -5.887422975343223 -0.097087610701477992 -1.7957884329997347 -1.1271651805833829 0.31402621279877269 5.9837683539022244 0.1930162491961642 -2.9501112261953253 -2.7519355913719945 1.4965808817140147 0.48872120195035118 5.7787357358857134 -2.7400148163135625 0.78331841941246849 0.77599760065160428 -0.78464575227937883 -0.046285395526437435 -0.23083131022336631 0.6018476088055067 9.9008523226443312 -1.2419977504476454 0.57410465022372648 0.3790180269387351 6.3415043091360488
leaf_weight=3128 21 3990 38 20 13230 34 20 21124 221 6002 9606 29 3186 9119 7163 631 858 553 533 14459 52 10209 322715 365 1669 201 2821 6936 25581 504
leaf_count=3128 21 3990 38 20 13230 34 20 21124 221 6002 9606 29 3186 9119 7163 631 858 553 533 14459 52 10209 322715 365 1669 201 2821 6936 25581 504
internal_value=-0.000289841 -0.0016562 -0.000221042 -0.000987798 -0.000213385 0.00386898 0.0307407 -0.000225077 -0.000839254 -0.00245823 -0.000254088 0.00795818 -0.00287158 -0.00360492 -0.000381533 -0.00164057 0.00595982 0.0128041 0.000253609 0.00137848 0.0242466 -0.000597733 -0.000105026 0.000638027 0.00312169 0.0138095 0.000117328 -0.000314648 0.00144369 0.00717861
internal_weight=465018 22292 442726 19164 15174 1944 54 442653 72364 19203 53161 803 18307 15121 52358 17551 896 582 34807 14992 73 19815 370289 47574 1890 221 10388 9757 26450 869
internal_count=465018 22292 442726 19164 15174 1944 54 442653 72364 19203 53161 803 18307 15121 52358 17551 896 582 34807 14992 73 19815 370289 47574 1890 221 10388 9757 26450 869
cat_boundaries=0 4 9 11 15 19 21 25 27 29 33 37 39 40 44 49 53 57 58 62
cat_threshold=2432738305 2350391296 105644193 25312512 352324608 536940614 1076907600 10490544 1 2386962697 9 2296402336 71698468 176332802 1619034820 273684232 3221369857 14684196 179191908 2147553280 18 33587200 16 3892314120 66568 2215019158 9 538324934 8 603981825 237013522 2717909000 67174672 2294288640 393216 131072 512 1094715397 2 98 7504 545260080 141118948 146932042 872417799 419509330 1073742153 21252361 2 134217728 272 150994944 48 8405024 67108864 8388610 4 1611143188 32768 42467328 2148532224 134217760
is_linear=0
shrinkage=0.1


end of trees

feature_importances:
target_location=871
vantage_location=828
current_delay_sec=329
TrainDestination=195
vantage_minute_of_day=162
horizon_route_stops=152
TrainOrigin=134
horizon_sched_sec=119
day_of_week=77
prev2_delay_sec=69
prev_delay_sec=52
vantage_hour=12

parameters:
[boosting: gbdt]
[objective: quantile]
[metric: quantile]
[tree_learner: serial]
[device_type: cpu]
[data_sample_strategy: bagging]
[data: ]
[valid: ]
[num_iterations: 100]
[learning_rate: 0.1]
[num_leaves: 31]
[num_threads: 0]
[seed: 42]
[deterministic: 1]
[force_col_wise: 0]
[force_row_wise: 1]
[histogram_pool_size: -1]
[max_depth: -1]
[min_data_in_leaf: 20]
[min_sum_hessian_in_leaf: 0.001]
[bagging_fraction: 1]
[pos_bagging_fraction: 1]
[neg_bagging_fraction: 1]
[bagging_freq: 0]
[bagging_seed: 400]
[bagging_by_query: 0]
[feature_fraction: 1]
[feature_fraction_bynode: 1]
[feature_fraction_seed: 30056]
[extra_trees: 0]
[extra_seed: 12879]
[early_stopping_round: 0]
[early_stopping_min_delta: 0]
[first_metric_only: 0]
[max_delta_step: 0]
[lambda_l1: 0]
[lambda_l2: 0]
[linear_lambda: 0]
[min_gain_to_split: 0]
[drop_rate: 0.1]
[max_drop: 50]
[skip_drop: 0.5]
[xgboost_dart_mode: 0]
[uniform_drop: 0]
[drop_seed: 17869]
[top_rate: 0.2]
[other_rate: 0.1]
[min_data_per_group: 100]
[max_cat_threshold: 32]
[cat_l2: 10]
[cat_smooth: 10]
[max_cat_to_onehot: 4]
[top_k: 20]
[monotone_constraints: ]
[monotone_constraints_method: basic]
[monotone_penalty: 0]
[feature_contri: ]
[forcedsplits_filename: ]
[refit_decay_rate: 0.9]
[cegb_tradeoff: 1]
[cegb_penalty_split: 0]
[cegb_penalty_feature_lazy: ]
[cegb_penalty_feature_coupled: ]
[path_smooth: 0]
[interaction_constraints: ]
[verbosity: -1]
[saved_feature_importance_type: 0]
[use_quantized_grad: 0]
[num_grad_quant_bins: 4]
[quant_train_renew_leaf: 0]
[stochastic_rounding: 1]
[linear_tree: 0]
[max_bin: 255]
[max_bin_by_feature: ]
[min_data_in_bin: 3]
[bin_construct_sample_cnt: 200000]
[data_random_seed: 175]
[is_enable_sparse: 1]
[enable_bundle: 1]
[use_missing: 1]
[zero_as_missing: 0]
[feature_pre_filter: 1]
[pre_partition: 0]
[two_round: 0]
[header: 0]
[label_column: ]
[weight_column: ]
[group_column: ]
[ignore_column: ]
[categorical_feature: 7,8,9,10,11]
[forcedbins_filename: ]
[precise_float_parser: 0]
[parser_config_file: ]
[objective_seed: 16083]
[num_class: 1]
[is_unbalance: 0]
[scale_pos_weight: 1]
[sigmoid: 1]
[boost_from_average: 1]
[reg_sqrt: 0]
[alpha: 0.9]
[fair_c: 1]
[poisson_max_delta_step: 0.7]
[tweedie_variance_power: 1.5]
[lambdarank_truncation_level: 30]
[lambdarank_norm: 1]
[label_gain: ]
[lambdarank_position_bias_regularization: 0]
[eval_at: ]
[multi_error_top_k: 1]
[auc_mu_weights: ]
[num_machines: 1]
[local_listen_port: 12400]
[time_out: 120]
[machine_list_filename: ]
[machines: ]
[gpu_platform_id: -1]
[gpu_device_id: -1]
[gpu_device_id_list: ]
[gpu_use_dp: 0]
[num_gpu: 1]

end of parameters

pandas_categorical:null
