tree
version=v4
num_class=1
num_tree_per_iteration=1
label_index=0
max_feature_idx=11
objective=quantile
feature_names=current_delay_sec prev_delay_sec prev2_delay_sec horizon_route_stops horizon_sched_sec vantage_hour vantage_minute_of_day day_of_week vantage_location target_location TrainOrigin TrainDestination
feature_infos=[-15720:35424] [-15720:35274] [-15720:35424] [1:29] [0:10470] [0:23] [0:1439] -1:4:6:0:1:5:2:3 -1:95:117:27:105:52:63:31:53:56:114:111:17:44:66:15:110:109:39:108:45:92:40:58:112:46:101:123:107:90:20:57:36:103:91:2:28:96:86:25:94:55:26:106:8:34:113:82:9:0:80:51:49:81:87:18:116:23:1:24:59:77:19:13:60:102:14:10:104:54:121:118:47:76:120:6:32:33:22:3:72:122:65:84:38:97:99:98:100:89:73:62:69:42:43:83:71:50:68:16:35:37:67:21:41:70:11:12:5:74:30:85:78:48:79:124:61:119:88:93:75:4:7:64:115 -1:100:27:45:66:55:123:31:59:110:120:17:116:70:56:15:114:115:40:97:113:41:47:61:117:48:112:106:95:87:128:60:14:20:91:108:101:96:2:53:26:28:36:111:99:8:34:9:118:62:84:0:25:107:51:85:109:92:24:18:57:63:19:1:81:94:122:23:39:54:10:124:13:126:80:50:125:49:33:103:32:105:72:104:102:75:6:78:3:38:22:89:43:93:68:88:65:69:127:44:5:71:76:58:16:7:42:12:52:129:21:73:46:4:11:35:67:119:86:37:30:77:90:82:79:98:64:29:83:74 -1:3:20:26:10:9:18:17:8:27:6:1:15:31:29:35:22:19:25:36:30:11:13:28:7:33:24:12:16:4:37:0:2:23:5:34:21:32 -1:3:20:26:10:9:18:8:17:27:6:15:1:30:32:19:13:11:22:31:34:25:35:29:7:12:33:24:16:36:0:4:28:2:23:5:21
tree_sizes=3129 3306 3195 3335 3371 3377 3411 3383 3386 3373 3341 3310 3321 3366 3497 3420 3430 3389 3362 3447 3344 3496 3364 3456 3417 3467 3459 3377 3492 3503 3512 3380 3453 3527 3379 3477 3492 3459 3425 3471 3474 3427 3437 3469 3428 3531 3531 3373 3451 3517 3351 3426 3476 3423 3496 3445 3437 3445 3373 3374 3506 3480 3396 3395 3444 3415 3345 3507 3322 3487 3464 3314 3400 3588 3353 3337 3367 3436 3543 3408 3348 3334 3455 3181 3226 3450 3361 3301 3356 3362 3489 3509 3484 3370 3515 3432 3627 3471 3278 3459

Tree=0
num_leaves=31
num_cat=20
split_feature=9 0 0 8 9 9 0 9 8 9 9 8 0 10 9 0 8 0 0 8 9 10 11 0 8 0 10 8 4 11
split_gain=5724.16 2800.75 2056.59 784.48 492.963 488.916 559.046 446.926 409.715 276.246 273.196 258.384 174.711 169.362 137.209 121.914 115.063 132.963 109.592 104.726 101.353 90.5053 89.8533 89.229 84.7508 87.4375 104.194 81.3579 79.0211 75.4386
threshold=0 -50.999999999999993 93.000000000000014 1 2 3 27.000000000000004 4 5 6 7 8 27.000000000000004 9 10 273.00000000000006 11 183.00000000000003 -86.999999999999986 12 13 14 15 -20.999999999999996 16 153.00000000000003 17 18 795.00000000000011 19
decision_type=9 2 2 9 9 9 2 9 9 9 9 9 2 9 9 2 9 2 2 9 9 9 9 2 9 2 9 9 2 9
left_child=2 3 7 9 19 6 8 -1 21 18 15 12 -9 14 -6 -4 17 -12 28 -5 -10 -3 -11 27 25 26 -8 -7 -2 -14
right_child=1 5 10 4 13 23 24 11 20 22 16 -13 29 -15 -16 -17 -18 -19 -20 -21 -22 -23 -24 -25 -26 -27 -28 -29 -30 -31
leaf_value=-109.80000000000001 -96.599999999999994 -76.200000000000003 -101.5199990004301 -77.400000000000006 -73.200000000000003 -73.200000000000003 -82.799999999999997 -90 -78 -85.200000000000003 -87.599999999999994 -84 -83.400000000000006 -71.400000000000006 -82.799999999999997 -81 -70.200000000000003 -77.400000000000006 -78.599999999999994 -82.200000000000003 -72.599999999999994 -81.599999999999994 -74.400000000000006 -66 -66.599999999999994 -66 -74.400000000000006 -70.200000000000003 -94.799999999999997 -78.599999999999994
leaf_weight=5744 2786 4067 1119 7404 5714 7585 693 6723 1638 3538 706 6921 1591 18354 5576 631 9716 1557 2797 6178 19724 3019 2021 277835 47595 3704 3091 28960 647 1556
leaf_count=5744 2786 4067 1119 7404 5714 7585 693 6723 1638 3538 706 6921 1591 18354 5576 631 9716 1557 2797 6178 19724 3019 2021 277835 47595 3704 3091 28960 647 1556
internal_value=-72 -71.997 -72.0383 -72.0181 -72.0119 -71.994 -72.0008 -72.0569 -72.0122 -72.041 -72.0078 -72.0485 -72.059 -72.0046 -72.0143 -72.0445 -72.0023 -72.0226 -72.0555 -72.0276 -72.0053 -72.0331 -72.0247 -71.9922 -71.995 -72.0049 -72.0156 -71.9969 -72.0675 -72.0396
internal_weight=489190 452926 36264 55015 43226 397911 83531 22535 28448 11789 13729 16791 9870 29644 11290 1750 11979 2263 6230 13582 21362 7086 5559 314380 55083 7488 3784 36545 3433 3147
internal_count=489190 452926 36264 55015 43226 397911 83531 22535 28448 11789 13729 16791 9870 29644 11290 1750 11979 2263 6230 13582 21362 7086 5559 314380 55083 7488 3784 36545 3433 3147
cat_boundaries=0 4 8 13 17 21 25 30 34 38 40 44 48 52 55 56 58 62 64 68 70
cat_threshold=1073758336 71565345 1245837312 1082133184 286261765 2367299908 344991746 37894464 176203072 411107604 28311641 2692113 1 134750560 301990096 28835897 268537873 0 71303168 26624 704 507772932 3223506176 3263701026 71500360 2164294145 1898447748 9568276 7070752 1 0 67108864 24576 704 311461956 71311363 84019536 423641224 3562242150 19 4194306 2148151936 268437024 3108405518 10485824 35651586 50331649 286261256 3254993984 12582960 2286092548 146048036 320 0 8388608 2332179968 675554882 14 4525160 3223372802 16384 92275464 21233737 2 18359813 3376296520 546840584 135360 1077969928 2
is_linear=0
shrinkage=1


Tree=1
num_leaves=31
num_cat=19
split_feature=9 0 0 8 9 9 0 1 8 8 9 4 0 9 0 9 0 11 11 9 0 9 9 8 1 8 0 8 9 8
split_gain=4949.33 2088.77 1748.88 637.051 476.122 400.182 412.991 317.431 251.135 240.803 201.383 187.88 165.449 159.395 147.624 115.019 112.752 104.832 97.2867 96.6084 89.3542 88.0798 88.0206 216.319 79.3336 78.5062 79.5292 73.5704 68.3665 68.0183
threshold=0 -62.999999999999993 99.000000000000014 1 2 3 39.000000000000007 -86.999999999999986 4 5 6 645.00000000000011 39.000000000000007 7 9.0000000000000018 8 -116.99999999999999 9 10 11 255.00000000000003 12 13 14 39.000000000000007 15 177.00000000000003 16 17 18
decision_type=9 2 2 9 9 9 2 8 9 9 9 2 2 9 2 9 2 9 9 9 2 9 9 9 8 9 2 9 9 9
left_child=2 3 4 13 -1 6 8 11 18 12 20 16 -6 -2 17 -9 -5 19 -3 -7 -4 -13 23 29 -11 26 -12 -17 -20 -19
right_child=1 5 10 7 9 14 -8 15 -10 24 25 21 -14 -15 -16 27 -18 22 28 -21 -22 -23 -24 -25 -26 -27 -28 -29 -30 -31
leaf_value=-33.420000000000002 -6.1799999999999997 -13.32 -26.448000099956989 -22.140000000000001 -16.199999999999999 -4.2000000000000002 4.2599999999999998 -7.8599999999999994 -1.3799999999999999 -13.200000000000001 -14.640000000000001 -21.719999999999999 -9.0600000000000005 0.47999999999999976 7.2000000000000002 -7.7400000000000011 -5.8799999999999999 -6.2400000000000011 -3.8400000000000007 1.2000000000000002 -11.100000000000001 -6.6600000000000001 2.2200000000000002 1.0200000000000002 -6.6000000000000005 2.2200000000000002 -5.46 -2.4599999999999995 -2.5800000000000001 -3.7799999999999998
leaf_weight=5874 3587 1635 1001 3557 6687 6085 40277 5592 19889 4586 603 1606 2410 15999 245952 1984 2179 209 3151 7257 702 2240 63630 15175 3209 9317 1471 7151 3563 2612
leaf_count=5874 3587 1635 1001 3557 6687 6085 40277 5592 19889 4586 603 1606 2410 15999 245952 1984 2179 209 3151 7257 702 2240 63630 15175 3209 9317 1471 7151 3563 2612
internal_value=0.00068685 0.00351613 -0.0350711 -0.0172149 -0.051829 0.00573876 -0.00123532 -0.0280238 -0.0105078 -0.0432067 -0.00596151 -0.042202 -0.0543132 -0.00378342 0.00714018 -0.0188178 -0.0536681 0.00379159 -0.025052 -0.0044248 -0.0379276 -0.0251014 0.0051345 -0.00104076 -0.0301922 -0.00114814 -0.0186948 -0.0118589 -0.019655 -0.0264182
internal_weight=489190 453330 35860 43895 22766 409435 68515 24309 28238 16892 13094 9582 9097 19586 340920 14727 5736 94968 8349 13342 1703 3846 81626 17996 7795 11391 2074 9135 6714 2821
internal_count=489190 453330 35860 43895 22766 409435 68515 24309 28238 16892 13094 9582 9097 19586 340920 14727 5736 94968 8349 13342 1703 3846 81626 17996 7795 11391 2074 9135 6714 2821
cat_boundaries=0 4 8 12 16 20 24 28 32 37 39 41 46 51 56 60 64 68 72 75
cat_threshold=1073758336 71565345 1241643008 1082133184 3364442560 549453827 2288718760 8388628 0 71303168 26624 704 134750528 301990096 33031193 268537857 507510796 1080200218 1116233762 71500360 43026432 71311363 83888464 423641224 0 67108864 57344 704 167785472 268435472 11534360 4113 184582464 950075776 7340572 274952193 1 2684429107 30 637535240 1 47349792 696488704 2147614724 4080640 1 17826817 1881211344 2150629376 275460096 1 2173737992 2754572 2214593186 4202544 1 136578052 2149736704 2290089984 67108928 10485824 35651586 50331649 17825800 131590 18538560 8396804 17182784 524544 192 3145728 98304 0 0 2147483648
is_linear=0
shrinkage=0.1


Tree=2
num_leaves=31
num_cat=18
split_feature=9 0 0 9 9 9 0 8 8 8 8 9 0 11 1 11 10 1 0 8 9 4 4 9 11 10 0 8 0 0
split_gain=4022.42 1737.69 1477.32 550.57 416.496 310.402 309.919 296.228 286.277 269.51 253.292 213.137 172.622 112.862 110.603 103.182 100.413 98.1897 95.8901 109.074 86.0657 75.2641 74.6765 73.0884 78.239 73.0837 97.9853 77.4557 69.7939 65.4854
threshold=0 -44.999999999999993 81.000000000000014 1 2 3 69.000000000000014 4 5 6 7 8 -116.99999999999999 9 -8.9999999999999982 10 11 -74.999999999999986 189.00000000000003 12 13 765.00000000000011 345.00000000000006 14 15 16 45.000000000000007 17 -8.9999999999999982 363.00000000000006
decision_type=9 2 2 9 9 9 2 9 9 9 9 9 2 9 8 9 9 8 2 9 9 2 2 9 9 9 2 9 2 2
left_child=2 3 4 8 -1 6 9 15 21 16 12 29 22 -10 -9 -6 -3 20 19 -13 -12 -2 -5 24 -11 26 27 -7 -17 -4
right_child=1 5 11 10 7 25 -8 14 13 23 17 18 -14 -15 -16 28 -18 -19 -20 -21 -22 -23 -24 -25 -26 -27 -28 -29 -30 -31
leaf_value=-34.277999999999999 -13.926 -13.308000000000002 -26.340599625259774 -22.926000000000002 -16.98 -3.1200000000000006 6.234 -12.18 -1.8275997251272196 -8.766 0.010800066947937422 -14.375999999999999 -2.723999619394541 -10.127999850600958 -7.1400000000000006 -16.277999999999999 -3.4560000000000004 0.42240047389268887 5.5980000000000008 -2.9687997563481336 -7.3631999588012711 -12.467999509960414 -20.525999117553233 0.19799999999999898 -0.40200000000000102 3.9780000000000002 8.2799999999999994 1.3980000000000006 -7.8779999999999974 -4.5899992758035664
leaf_weight=3481 3325 955 1026 842 4179 6387 48709 3672 5125 2094 3745 926 7096 8356 5130 1833 8188 26503 7127 4543 4609 2031 1411 29943 3129 216074 57111 19709 1660 271
leaf_count=3481 3325 955 1026 842 4179 6387 48709 3672 5125 2094 3745 926 7096 8356 5130 1833 8188 26503 7127 4543 4609 2031 1411 29943 3129 216074 57111 19709 1660 271
internal_value=0.00111593 0.00358848 -0.0321378 -0.0118216 -0.0495791 0.00606499 0.00101883 -0.0428452 -0.0261331 -0.00503306 -0.00571603 -0.00710934 -0.0203238 -0.01833 -0.0302292 -0.0572611 -0.0203179 -0.00179339 -0.0031128 -0.0130755 -0.0112473 -0.0457026 -0.0444607 -0.00105299 -0.0119568 0.00763307 0.00511278 3.67876e-05 -0.044125 -0.0455471
internal_weight=489190 455342 33848 63043 19955 392299 93018 16474 18837 44309 44206 13893 9349 13481 8802 7672 9143 34857 12596 5469 8354 5356 2253 35166 5223 299281 83207 26096 3493 1297
internal_count=489190 455342 33848 63043 19955 392299 93018 16474 18837 44309 44206 13893 9349 13481 8802 7672 9143 34857 12596 5469 8354 5356 2253 35166 5223 299281 83207 26096 3493 1297
cat_boundaries=0 4 9 13 17 21 25 29 33 37 39 41 43 47 52 56 58 60 64
cat_threshold=1073758336 71565345 1241643008 8391360 150995777 419496404 15728665 1080136704 1 0 67108864 24576 704 135805280 268566736 33031224 1342280721 34604032 102768643 16779600 424673944 269484556 252322112 1451272962 4395072 443285508 3223489792 2156421162 71500360 286524933 3342758144 8396802 50378816 0 67108864 24576 640 1079916808 6 1083180040 2 272892040 18 8 35651586 16777216 353370120 381683774 2147638272 620757378 2885681418 2 320 64 13631504 4096 201367561 9 3225660246 18 2186536450 1142007232 142606336 136368328
is_linear=0
shrinkage=0.1


Tree=3
num_leaves=31
num_cat=19
split_feature=9 0 0 9 8 0 9 11 8 9 8 9 0 4 9 1 1 8 9 11 8 9 1 8 0 9 0 11 1 8
split_gain=3420.94 1354.56 1312.17 508.691 431.941 326.817 311.779 300.086 272.384 223.427 192.708 188.181 159.687 123.736 114.45 112.884 105.687 105.643 99.9489 99.4408 85.3358 84.5978 83.0281 77.1106 88.332 74.6319 71.6475 67.5732 60.0179 57.6269
threshold=0 -68.999999999999986 75.000000000000014 1 2 -1.0000000180025095e-35 3 4 5 6 7 8 -170.99999999999997 825.00000000000011 9 -8.9999999999999982 153.00000000000003 10 11 12 13 14 -50.999999999999993 15 159.00000000000003 16 -14.999999999999998 17 279.00000000000006 18
decision_type=9 2 2 9 9 2 9 9 9 9 9 9 2 2 9 8 8 9 9 9 9 9 8 9 2 9 2 9 10 9
left_child=2 4 3 -1 12 6 10 -5 19 27 25 28 -2 -7 -14 -10 17 -13 23 26 21 -8 -11 24 -15 -3 -9 -6 -4 -29
right_child=1 5 11 7 9 13 20 8 15 22 -12 16 14 18 -16 -17 -18 -19 -20 -21 -22 -23 -24 -25 -26 -27 -28 29 -30 -31
leaf_value=-31.450199999999995 -29.933400000000002 -5.8218000000000005 -23.84394003747402 -2.6440796937623028 -10.753200014939905 5.4821999999999997 -2.8674000000000008 -14.96219941304326 -11.459999999999997 -4.633200014939904 -1.0218000000000005 -9.0738000000000003 -9.1734000000000009 -3.5237996166586871 -3.87624004738927 -6.426000000000001 3.7506000000000004 -0.65712002436518591 3.9401999999999995 -15.1854 1.4775363651898201 0.65274009450375625 0.44975995261073082 1.9919999999999995 4.3506 -3.1763999999999997 -7.2407998751968154 -0.45684003559475395 -10.715939372286188 -4.7412000149399054
leaf_weight=3406 1788 2156 984 2690 3565 214597 5000 1314 4024 9586 14990 2997 3513 7147 3361 5057 8907 3761 65240 4647 59495 10424 14495 23298 4855 2813 1552 1749 373 1406
leaf_count=3406 1788 2156 984 2690 3565 214597 5000 1314 4024 9586 14990 2997 3513 7147 3361 5057 8907 3761 65240 4647 59495 10424 14495 23298 4855 2813 1552 1749 373 1406
internal_value=0.00145261 0.00393844 -0.0266774 -0.0424284 -0.0137564 0.00564162 0.000496217 -0.0360713 -0.0411021 -0.00819805 -0.0106069 -0.00569733 -0.0334732 0.00719075 -0.0265871 -0.0293576 -0.00258692 -0.0120183 0.0042958 -0.0552399 0.00345514 -0.00317222 -0.00369391 8.49655e-06 -0.00650017 -0.0276582 -0.0401043 -0.0243091 -0.0412802 -0.0135387
internal_weight=489190 449478 39712 22690 39463 410015 94878 19284 16594 30801 19959 17022 8662 315137 6874 9081 15665 6758 100540 7513 74919 15424 24081 35300 12002 4969 2866 6720 1357 3155
internal_count=489190 449478 39712 22690 39463 410015 94878 19284 16594 30801 19959 17022 8662 315137 6874 9081 15665 6758 100540 7513 74919 15424 24081 35300 12002 4969 2866 6720 1357 3155
cat_boundaries=0 4 8 12 17 19 23 28 32 36 41 45 49 50 54 58 62 67 69 73
cat_threshold=1073758336 71565345 1250031616 8391360 0 67108864 24576 704 286262785 2401116488 343943170 4655680 134754624 269615312 24249369 1342287889 1 2164472582 24 1049600 102768643 16779600 424690344 151036224 411631892 18874393 1076630528 1 508559876 3221409024 3397394466 4326472 0 67108864 24576 640 2315289120 966886276 5242880 1080226848 1 8 102768643 50331648 353387048 228075873 1377828992 2167407672 110641 4489280 1582597 3242074690 579887136 67244616 2190509056 16843012 2147483936 6816800 206376012 3221376018 268525600 119931144 524288 268435456 5373952 1073778704 1 2147780099 25 2315796480 2097172 2152005636 1072
is_linear=0
shrinkage=0.1


Tree=4
num_leaves=31
num_cat=22
split_feature=9 0 0 9 10 9 9 11 8 0 9 9 8 0 8 0 8 11 10 4 9 8 8 0 8 1 8 8 9 9
split_gain=2852.33 1113.53 1092.23 472.833 401.305 279.54 229.303 229.164 239.023 215.063 267.912 204.892 168.803 119.798 117.22 109.411 102.432 89.4312 85.8386 84.7668 83.8806 72.5848 71.6638 70.2731 69.1463 69.0731 63.7125 60.8271 58.3526 56.0011
threshold=0 51.000000000000007 -38.999999999999993 1 2 3 4 5 6 45.000000000000007 7 8 9 141.00000000000003 10 -128.99999999999997 11 12 13 1575.0000000000002 14 15 16 171.00000000000003 17 -8.9999999999999982 18 19 20 21
decision_type=9 2 2 9 9 9 9 9 9 2 9 9 9 2 9 2 9 9 9 2 9 9 9 2 9 8 9 9 9 9
left_child=1 3 4 -1 5 14 23 -5 20 10 12 16 29 17 -2 -16 -6 22 21 -11 -9 -12 -8 -3 -13 -10 -17 -15 -7 -4
right_child=2 6 9 7 11 28 13 8 25 19 18 24 -14 27 15 26 -18 -19 -20 -21 -22 -23 -24 -25 -26 -27 -28 -29 -30 -31
leaf_value=-30.105179999999997 -10.297687010767442 -21.78474612368791 -1.6900199999999999 -3.2689920306237696 -5.2348620159914496 1.0063296396543435 -9.0310199999999998 -17.063460000000003 -10.416 8.3683800000000002 -8.2162199999999999 -1.2058666274397052 -0.31962000000000046 -9.3712199714253313 -22.783439957919672 -3.6773663318136158 -2.6173978662306405 -1.8394080219286679 1.9861800000000003 1.6679889091014861 -11.455980058695673 0.64494000000000118 -2.9853599852810664 -13.972866027793476 1.0922160355842716 -6.0233999999999996 -9.548759809782208 4.6631400000000012 -5.1070797978430456 -3.8647799862368433
leaf_weight=2575 4754 932 3205 2349 2458 3412 1949 2610 3744 207505 1854 11038 27560 1359 2120 1240 10122 3870 89205 24385 4648 21943 1195 760 25875 4277 2504 9444 6681 3617
leaf_count=2575 4754 932 3205 2349 2458 3412 1949 2610 3744 207505 1854 11038 27560 1359 2120 1240 10122 3870 89205 24385 4648 21943 1195 760 25875 4277 2504 9444 6681 3617
internal_value=0.00166459 -0.0240214 0.00393443 -0.0404826 -0.00752322 -0.0192071 -0.00698703 -0.0345685 -0.0390483 0.00605536 0.00306845 -0.00262954 -0.00466039 -0.00363101 -0.0305344 -0.040034 -0.0136457 -0.0138095 0.00541996 0.00795377 -0.0522455 8.27491e-05 -0.0263031 -0.0420564 0.00112748 -0.0270564 -0.0298237 0.00297417 -0.0072721 -0.0187324
internal_weight=489190 39712 449478 20203 70204 20711 19509 17628 15279 379274 147384 49493 34382 17817 10618 5864 12580 7014 113002 231890 7258 23797 3144 1692 36913 8021 3744 10803 10093 6822
internal_count=489190 39712 449478 20203 70204 20711 19509 17628 15279 379274 147384 49493 34382 17817 10618 5864 12580 7014 113002 231890 7258 23797 3144 1692 36913 8021 3744 10803 10093 6822
cat_boundaries=0 4 8 10 15 19 21 25 30 35 39 43 47 49 51 55 59 63 67 71 75 79 84
cat_threshold=1073758336 71565345 1250031616 8391360 0 67108864 24576 640 3233907318 18 16941377 2040627972 2148532224 1080423440 1 0 67108864 57344 640 2164472578 24 34606084 102768643 2384 491799224 134757696 268566736 24249400 1342288913 1 168338752 269619648 23199769 1344376833 1 509870084 3221391617 3263717410 84025352 2219016256 2113574 2420512836 50630827 135266816 38172937 1376823424 35794944 68191240 2 3225660246 18 0 4194304 142606336 64 2152817664 1140925824 0 201412680 32840 69214210 0 353370792 269951247 2234675456 143130628 33864192 17825793 235405312 67109120 1024 10485760 33554434 50331649 83886088 384313346 2181176320 50 2684354824 134233408 131088 16777232 1073742849 1
is_linear=0
shrinkage=0.1


Tree=5
num_leaves=31
num_cat=21
split_feature=9 0 0 9 1 9 11 9 9 0 9 8 0 8 8 0 8 9 8 9 8 11 11 8 0 9 4 4 8 9
split_gain=2397.6 904.831 812.068 553.821 282.081 223.297 220.719 216.963 190.938 181.294 190.621 174.191 137.343 129.65 119.821 112 113.937 105.832 99.3697 81.528 79.5767 75.716 73.9953 65.7001 65.2524 62.1228 57.6037 54.1683 53.9999 65.1771
threshold=0 45.000000000000007 -32.999999999999993 1 -86.999999999999986 2 3 4 5 75.000000000000014 6 7 -254.99999999999997 8 9 189.00000000000003 10 11 12 13 14 15 16 17 147.00000000000003 18 1575.0000000000002 315.00000000000006 19 20
decision_type=9 2 2 9 8 9 9 9 9 2 9 9 2 9 9 2 9 9 9 9 9 9 9 9 2 9 2 2 9 9
left_child=1 3 4 8 7 24 23 12 13 10 18 17 -2 -1 -8 16 -7 -6 -4 -13 -14 -18 25 -5 -3 27 -11 -12 29 -24
right_child=2 5 9 6 11 15 14 -9 -10 26 22 19 20 -15 -16 -17 21 -19 -20 -21 -22 -23 28 -25 -26 -27 -28 -29 -30 -31
leaf_value=-8.1810600000000004 -31.369952884274227 -19.606271511319122 -2.7565881245112793 -11.417861994130433 -5.50118401902178 -14.097299962574354 -7.8505535779126348 -2.5617036538162221 -27.694662000000001 10.225541999999999 0.86748600000000098 -1.3481534737997427 -5.0481113123691701 -15.6744 -3.9744000000000002 5.9707023817491764 -5.2057978585259912 -2.6386612374506275 -0.28765800000000041 0.89556235379123028 -8.1562500334943291 -1.1261678445742906 2.2971419999999996 -8.474400000000001 -14.482390923420027 2.2459523634810181 2.5834754311899526 -4.5756179999999995 2.3875620000000004 -0.66463800000000006
leaf_weight=3226 1135 910 4997 1716 2089 790 4313 8977 2509 169950 3940 14387 3246 2916 7749 9881 2328 8734 28993 35496 2676 9015 14208 1928 849 8836 19334 5739 97904 10419
leaf_count=3226 1135 910 4997 1716 2089 790 4313 8977 2509 169950 3940 14387 3246 2916 7749 9881 2328 8734 28993 35496 2676 9015 14208 1928 849 8836 19334 5739 97904 10419
internal_value=0.00186574 -0.0193249 0.00417848 -0.0328747 -0.00517071 -0.0054503 -0.0216365 -0.0169677 -0.0531913 0.00614789 0.00382813 -0.00205482 -0.0300736 -0.0434948 -0.0150911 -0.00269978 -0.00913789 -0.0135484 -0.00289412 0.000441545 -0.0240088 -0.00655069 0.00544791 -0.043202 -0.0396326 -0.000445344 0.00829304 -0.00597688 0.00633837 0.00215002
internal_weight=489190 48130 441060 24357 76740 23773 15706 16034 8651 364320 175036 60706 7057 6142 12062 22014 12133 10823 33990 49883 5922 11343 141046 3644 1759 18515 189284 9679 122531 24627
internal_count=489190 48130 441060 24357 76740 23773 15706 16034 8651 364320 175036 60706 7057 6142 12062 22014 12133 10823 33990 49883 5922 11343 141046 3644 1759 18515 189284 9679 122531 24627
cat_boundaries=0 4 8 12 14 19 23 27 31 35 39 43 47 51 56 60 61 63 67 72 76 81
cat_threshold=1073758400 71565345 1250031624 1082137280 0 71303168 134342656 704 0 67108864 57344 640 201326728 10 152076801 2065760644 2150629889 7054336 1 0 4194304 134318080 64 134757664 268568788 24249520 805413921 271853060 3306596400 1922048000 4329664 135266368 13107201 71303168 35651600 334505992 67141633 69208466 415252680 0 32770 16777216 352321544 2182119680 287310096 2154954752 32800 2622468 1073877248 8937512 84353032 151565577 403767760 2155349522 268501009 1 1087898697 671633430 71729152 168067488 67141640 2687050530 18 32768 69214208 0 134218276 2189590528 729907968 2147483908 4079632 1 5842113 3758251522 2821734400 86115400 2214986264 161588226 262148 201736206 2
is_linear=0
shrinkage=0.1


Tree=6
num_leaves=31
num_cat=20
split_feature=9 0 0 9 9 9 0 8 8 11 11 8 8 0 0 8 8 4 11 8 0 9 8 9 0 9 9 8 4 1
split_gain=1996.59 881.752 496.009 385.779 348.782 276.766 225.052 192.012 180.959 170.431 157.979 155.298 130.421 111.069 100.715 88.7414 83.8238 83.3583 86.7462 83.1431 78.1935 77.3162 80.4123 75.6907 75.1549 69.1552 64.1185 75.7367 59.5946 54.7987
threshold=0 -26.999999999999996 123.00000000000001 1 2 3 123.00000000000001 4 5 6 7 8 9 -164.99999999999997 105.00000000000001 10 11 465.00000000000006 12 13 -188.99999999999997 14 15 16 -1.0000000180025095e-35 17 18 19 825.00000000000011 99.000000000000014
decision_type=9 2 2 9 9 9 2 9 9 9 9 9 9 2 2 9 9 2 9 9 2 9 9 9 2 9 9 9 2 8
left_child=2 3 4 7 29 6 8 28 9 19 11 20 -6 16 17 -4 -9 -7 23 -3 -5 22 -12 -19 -14 -22 27 -20 -2 -1
right_child=1 5 15 10 12 14 -8 13 -10 -11 21 -13 24 -15 -16 -17 -18 18 26 -21 25 -23 -24 -25 -26 -27 -28 -29 -30 -31
leaf_value=-24.325195800000003 -9.0760757947173882 -8.2105278005869593 -13.3113839423663 -26.624720715780612 -14.689674000000004 2.5934898000000004 6.5122474133141317 -20.925992908267958 -0.30929220000000157 -1.5970122000000004 -2.7356780298892254 -1.3737402381257686 -8.889344642208739 -2.4240518526426844 12.228787800000001 -0.026368241032383822 -7.2708246298223518 -5.0163036411745665 -1.7459741999999991 -5.380335742878696 -1.4439215841030912 1.1005887591973136 -0.12714359998124847 0.063114746397445895 -3.597217563113936 -6.8455590156723449 2.2781958629759997 1.195072163481018 -8.8413384292743302 -13.993750060556408
leaf_weight=2867 2003 1481 1223 607 3056 77221 28631 1161 27918 6640 3276 17925 4143 14450 135875 5104 2153 3294 8693 3159 2459 32396 12040 7947 2984 3043 51495 22894 2680 372
leaf_count=2867 2003 1481 1223 607 3056 77221 28631 1161 27918 6640 3276 17925 4143 14450 135875 5104 2153 3294 8693 3159 2459 32396 12040 7947 2984 3043 51495 22894 2680 372
internal_value=0.00199779 0.00330835 -0.0291417 -0.0053419 -0.0400373 0.00547979 -0.000302333 -0.0167801 -0.00522527 -0.0159079 -0.00176069 -0.00837049 -0.0308418 -0.0120153 0.00675535 -0.00607397 -0.0285335 0.00514469 0.00315013 -0.0306021 -0.0221294 0.00156993 -0.00428292 -0.00509199 -0.0233473 -0.0184079 0.00426539 0.000717474 -0.0347901 -0.0686396
internal_weight=489190 469441 19749 94193 13422 375248 67829 22447 39198 11280 71746 24034 10183 17764 307419 6327 3314 171544 94323 4640 6109 47712 15316 11241 7127 5502 83082 31587 4683 3239
internal_count=489190 469441 19749 94193 13422 375248 67829 22447 39198 11280 71746 24034 10183 17764 307419 6327 3314 171544 94323 4640 6109 47712 15316 11241 7127 5502 83082 31587 4683 3239
cat_boundaries=0 4 9 13 17 21 25 27 29 33 37 41 45 47 51 56 60 65 69 74 78
cat_threshold=128 71565312 167897088 8389312 1224757569 268501153 1106383385 1073847296 1 0 67108864 24576 640 1209559392 268435681 1106777144 268475392 445677836 1141022976 310389138 138543176 424706052 1143126275 8921106 222364456 1409846280 8 2164860722 10 17827331 2234921344 1082138628 84245184 1088 33554435 17826080 353370248 2097153 167772176 301989897 85983240 2147484672 186138629 72679424 66720 3760790016 26 0 1075847169 8192 67109664 2156506144 655632 2147485120 807927857 2 402718733 2221432832 2218786816 33567232 42107904 545293060 4 8323072 1 2416451590 3221889088 268435520 156114962 21009417 1126369296 2147614850 1631068217 1 205334276 3624452352 3356033064 2097737
is_linear=0
shrinkage=0.1


Tree=7
num_leaves=31
num_cat=21
split_feature=9 9 0 0 0 8 9 8 8 1 4 1 11 11 1 9 9 8 11 0 8 8 8 9 9 0 8 9 8 9
split_gain=1612.85 683.219 609.233 470.463 252.096 239.268 188.809 170.238 163.072 159.539 118.933 117.453 110.898 106.672 100.266 80.1187 78.8099 77.9473 76.3021 72.9535 95.4336 68.3438 66.6946 64.054 60.1104 56.9674 52.297 51.9126 51.5418 46.9414
threshold=0 1 -80.999999999999986 1.0000000180025095e-35 33.000000000000007 2 3 4 5 93.000000000000014 735.00000000000011 153.00000000000003 6 7 -206.99999999999997 8 9 10 11 -74.999999999999986 12 13 14 15 16 -218.99999999999997 17 18 19 20
decision_type=9 9 2 2 2 9 9 9 9 8 2 8 9 9 8 9 9 9 9 2 9 9 9 9 9 2 9 9 9 9
left_child=1 9 5 7 6 -2 8 -3 16 -1 -6 13 -9 15 25 -5 -4 -17 22 29 -21 -12 -8 -16 -24 -7 -20 -15 -25 -14
right_child=2 3 4 11 10 14 18 12 -10 -11 21 -13 19 27 23 17 -18 -19 26 20 -22 -23 24 28 -26 -27 -28 -29 -30 -31
leaf_value=-21.892676219999998 -0.076619857775317268 -5.2740195357791269 -1.4858295666298023 0.090293476640382189 6.8215090199999997 -24.44133693657658 1.3050834229503012 -2.773340413555172 -0.052213476520856263 -13.391931325758637 -0.7736208269149234 2.8602006614041771 -20.329028151203001 2.7120483924386067 -6.6507008903054556 -9.5292921109100686 -3.3712586119794228 -4.9838082815674785 2.3991696012344677 -8.9187066000000019 -6.516026172012471 3.6009682137024002 -6.3078252194358289 -6.3102301075459541 -1.2175257368664063 -5.1385369776886183 0.7734179149261351 -3.2761131933497043 -2.0889284443256573 -11.106282355602012
leaf_weight=2875 14602 6629 6014 1605 158449 1077 10296 1149 31031 1223 16903 11440 1346 4864 6654 1792 4131 2890 36432 1083 4938 71038 1282 1452 9080 731 65400 5207 6414 1163
leaf_count=2875 14602 6629 6014 1605 158449 1077 10296 1149 31031 1223 16903 11440 1346 4864 6654 1792 4131 2890 36432 1083 4938 71038 1282 1452 9080 731 65400 5207 6414 1163
internal_value=0.00216521 -0.0152001 0.00406367 -0.0115636 0.00508457 -0.00946977 0.00204233 -0.0250503 -0.00381537 -0.0542162 0.0071054 -0.00365566 -0.0335029 -0.00909158 -0.0177819 -0.0192997 -0.0148154 -0.0259122 0.00401143 -0.0374473 -0.0315213 0.00415631 -0.0015299 -0.0150275 -0.00719051 -0.04 0.0051356 -0.00269715 -0.00888014 -0.0518175
internal_weight=489190 48204 440986 44106 410056 30930 163666 16308 41176 4098 246390 27798 9679 16358 16328 6287 10145 4682 122490 8530 6021 87941 20658 14520 10362 1808 101832 10071 7866 2509
internal_count=489190 48204 440986 44106 410056 30930 163666 16308 41176 4098 246390 27798 9679 16358 16328 6287 10145 4682 122490 8530 6021 87941 20658 14520 10362 1808 101832 10071 7866 2509
cat_boundaries=0 4 8 12 17 21 25 27 29 33 37 41 43 47 51 55 60 64 68 72 76 80
cat_threshold=1073758400 71565345 1250555912 1082137280 0 67108864 49152 640 1208500680 549453835 2188088288 8388628 134789376 302123216 91358768 268542993 1 27787328 549586196 39329288 42141974 440141316 3238144257 3263193122 88219656 2151751938 16 67142665 2 1073741888 1 75776 1073743872 134260992 133136 83886096 66561 8 2129920 16777232 352324392 2686532402 30 33554432 2097155 0 1049248 1090872865 3892561920 706863104 84410632 526391556 411090980 2852593664 1050017 437420066 983630080 2150629908 3089410 3 37748736 553681664 0 2097152 3355623682 281280512 1342452130 139552131 16384 32 142671872 1073745920 131584 3222409216 1149247492 425984 16384 262144 1208035328 64
is_linear=0
shrinkage=0.1


Tree=8
num_leaves=31
num_cat=20
split_feature=9 0 9 9 4 0 9 8 0 1 11 8 8 8 0 11 9 0 8 9 8 8 11 0 8 9 8 9 0 1
split_gain=1332.21 636.519 315.767 314.385 228.77 204.792 248.678 153.92 150.96 135.45 132.415 113.352 100.211 82.4878 82.4326 80.7369 79.5989 74.7814 73.2579 72.643 72.2162 71.5637 85.9011 66.7101 61.0897 59.767 83.2004 59.3326 47.3448 52.9041
threshold=0 -14.999999999999998 1 2 465.00000000000006 147.00000000000003 3 4 -14.999999999999998 117.00000000000001 5 6 7 8 237.00000000000003 9 10 -164.99999999999997 11 12 13 14 15 -218.99999999999997 16 17 18 19 -254.99999999999997 -122.99999999999999
decision_type=9 2 9 9 2 2 9 9 2 10 9 9 9 9 2 9 9 2 9 9 9 9 9 2 9 9 9 9 2 8
left_child=3 2 7 9 -3 6 21 -2 12 -1 11 23 -5 -10 20 19 18 24 -12 -8 -15 22 -6 -4 -9 26 -17 -25 29 -13
right_child=1 4 10 8 5 -7 15 17 13 -11 16 28 -14 14 -16 25 -18 -19 -20 -21 -22 -23 -24 27 -26 -27 -28 -29 -30 -31
leaf_value=-19.583528486042265 -7.4034130049136557 3.926858367652085 -23.558115038789566 -6.5241595763316447 -5.2423343945234953 9.1406862372983468 -6.498851268547333 -4.8228758371477767 1.7334437088898711 -11.227781631863067 -2.1580461267383937 -22.29821257812397 -14.775181834787354 -14.584593307451593 0.45769936429525304 -2.4085555777902137 1.1071360836800055 -1.786341187429719 0.027506123171395787 -0.28935588557567166 -5.917260481944937 -1.4227416323479134 -1.9377874060539235 -9.5458885949132437 -14.61209396962945 2.2337113923321597 0.90732968165189731 -2.701140978137468 -0.20719525949499629 -2.7089578719977867
leaf_weight=3114 5543 151599 394 2541 3612 74380 2647 1737 2833 984 4359 701 2114 567 1935 4457 41854 16816 17053 8314 3237 14014 7180 1500 1368 57567 30585 5167 19455 1563
leaf_count=3114 5543 151599 394 2541 3612 74380 2647 1737 2833 984 4359 701 2114 567 1935 4457 41854 16816 17053 8314 3237 14014 7180 1500 1368 57567 30585 5167 19455 1563
internal_value=0.00227417 0.00327428 -0.00310357 -0.0249524 0.00538937 0.00319231 0.000773198 -0.0129567 -0.0174231 -0.0491529 -0.000376292 -0.00599861 -0.0319334 -0.0095637 -0.0164394 0.00292721 0.00218187 -0.00884501 -0.00277658 -0.00518549 -0.0250158 -0.00821808 -0.0143381 -0.0169976 -0.0231079 0.00388786 0.000631063 -0.0146588 -0.00241659 -0.0161042
internal_weight=489190 471865 117510 17325 354355 202756 128376 25464 13227 4098 92046 28780 4655 8572 5739 103570 63266 19921 21412 10961 3804 24806 10792 7061 3105 92609 35042 6667 21719 2264
internal_count=489190 471865 117510 17325 354355 202756 128376 25464 13227 4098 92046 28780 4655 8572 5739 103570 63266 19921 21412 10961 3804 24806 10792 7061 3105 92609 35042 6667 21719 2264
cat_boundaries=0 4 8 12 16 20 22 26 30 34 36 41 45 50 54 58 60 64 69 73 78
cat_threshold=128 67371008 167897088 8389312 1224765760 272695457 1106383385 1073847296 0 67108864 49152 640 134242624 1080033473 1087378488 39937 458261260 1141024769 310386834 139461192 2433300274 10 2165310465 2234921360 1216348164 218200648 8 80216064 104989768 134234132 1056768 8389120 67110256 37748756 2955479568 26 2156497960 1704216 2147485122 807927861 3 151597065 2221694976 2353004544 4608 689184 545293060 2097156 4063232 1 0 0 16777216 352321544 22069352 69383442 268443664 202703657 1140884488 9 1073807424 2097248 2233888 8456208 1091607561 285411376 2166489218 2031099952 1 1208287264 1073790976 540716 69238856 34635776 687865856 2147483648 274726912 1
is_linear=0
shrinkage=0.1


Tree=9
num_leaves=31
num_cat=21
split_feature=9 9 0 1 0 9 8 8 11 1 0 9 4 11 0 8 9 8 8 4 8 9 10 8 11 9 10 8 9 0
split_gain=1076.73 472.325 430.256 279.037 251.075 192.331 164.404 157.97 136.277 117.78 103.535 94.9756 89.4991 86.898 83.0562 74.5902 72.3833 70.7954 70.5311 68.6792 69.55 62.1432 55.2483 66.7918 55.0734 48.6892 48.5462 47.6555 47.5132 46.2037
threshold=0 1 -86.999999999999986 27.000000000000004 81.000000000000014 2 3 4 5 93.000000000000014 -188.99999999999997 6 795.00000000000011 7 207.00000000000003 8 9 10 11 195.00000000000003 12 13 14 15 16 17 18 19 20 231.00000000000003
decision_type=9 9 2 8 2 9 9 9 9 10 2 9 2 9 2 9 9 9 9 2 9 9 9 9 9 9 9 9 9 2
left_child=1 9 7 8 5 6 -4 -2 11 -1 25 -3 -6 28 15 -5 19 -8 -13 -15 26 -10 23 29 -17 -9 -21 -12 -7 -14
right_child=2 3 4 14 12 13 17 10 21 -11 27 18 22 16 -16 24 -18 -19 -20 20 -22 -23 -24 -25 -26 -27 -28 -29 -30 -31
leaf_value=-17.745055749395771 -0.0038667632891886683 -4.4023199862469573 -2.9880879266776947 0.76921271680248471 9.1102020812347924 0.2274908694814215 -1.1516900917310176 -2.8608489112814199 -0.79032201764192334 -10.24069562796562 -1.6271043800980936 -15.472705256762893 -7.7639063203688181 1.3169578877006736 7.1484423306234168 -4.2073023403898873 1.5980877587769033 0.86741799903930006 -8.2108063792686306 -8.7678872865132913 -0.069496017686879713 -5.7028290542420788 5.389324996435426 2.678793553158183 -1.106562183748244 -17.926778334333211 -1.3147838869672483 -4.6130143148087432 2.1342025704169996 -1.0958525275336157
leaf_weight=2925 12949 3364 4426 7033 123445 20183 23319 660 4776 1173 6357 1688 2264 11472 8356 6050 34911 24290 4155 2538 25845 4711 41466 12554 3946 2323 7789 5672 75986 2564
leaf_count=2925 12949 3364 4426 7033 123445 20183 23319 660 4776 1173 6357 1688 2264 11472 8356 6050 34911 24290 4155 2538 25845 4711 41466 12554 3946 2323 7789 5672 75986 2564
internal_value=0.00234694 -0.0118461 0.0038976 -0.00882102 0.00471035 0.00251904 -0.0028312 -0.00810736 -0.0180946 -0.0442843 -0.0150832 -0.0267582 0.00748427 0.00407667 -0.00199527 -0.00600211 0.00169624 -0.00111531 -0.03449 -0.000838544 -0.00297689 -0.00964831 0.00427508 -0.000458831 -0.0115471 -0.03177 -0.00990906 -0.0109577 0.00611974 -0.0104423
internal_weight=489190 48177 441013 44079 413052 230759 52035 27961 18694 4098 15012 9207 182293 178724 25385 17029 82555 47609 5843 47644 36172 9487 58848 17382 9996 2983 10327 12029 96169 4828
internal_count=489190 48177 441013 44079 413052 230759 52035 27961 18694 4098 15012 9207 182293 178724 25385 17029 82555 47609 5843 47644 36172 9487 58848 17382 9996 2983 10327 12029 96169 4828
cat_boundaries=0 4 8 12 16 20 22 26 28 32 37 41 45 49 53 55 59 61 65 67 71 76
cat_threshold=1073758400 71565345 1250555912 276830912 0 67108864 49152 640 134757664 302123200 24250032 1073849393 136839168 3221356800 2155880552 67239944 1208565964 545267763 40571584 8388884 202409096 10 1073741888 33 1073811456 268437504 1599373525 5 437264644 132101 72488450 38928470 2270330888 1772163348 2147483972 19939328 1 387252740 285759512 1514684418 21309441 1024 35684352 20972560 84934892 2429641799 2222208840 276824064 67174472 16384 0 142606336 268439552 3510870356 10 310468646 604071296 3255500800 220827656 1283490825 11 4202496 68 131120 2688598272 3523284544 2 2203058433 208160768 3423635746 33569954 15826946 2147553544 2 671612928 1
is_linear=0
shrinkage=0.1


Tree=10
num_leaves=31
num_cat=19
split_feature=9 0 9 0 10 4 9 9 0 8 8 8 11 0 1 8 0 8 9 1 11 9 9 11 9 0 0 0 9 8
split_gain=851.909 379.744 356.032 235.05 185.861 151.124 132.892 125.865 115.889 107.092 100.919 92.5664 84.6671 83.0733 82.4681 75.012 71.4232 81.1947 58.4554 52.5176 52.1847 52.0242 51.5169 43.8932 43.8616 43.247 41.856 41.5159 55.6988 45.6143
threshold=0 15.000000000000002 1 15.000000000000002 2 735.00000000000011 3 4 -332.99999999999994 5 6 7 8 201.00000000000003 51.000000000000007 9 207.00000000000003 10 11 -188.99999999999997 12 13 14 15 16 -110.99999999999999 -140.99999999999997 117.00000000000001 17 18
decision_type=9 2 9 2 9 2 9 9 2 9 9 9 9 2 10 9 2 9 9 8 9 9 9 9 9 2 2 2 9 9
left_child=2 4 14 9 6 27 -2 11 19 26 -10 -6 18 15 -1 21 17 -5 -11 -8 -19 -7 -17 -24 -14 -12 -4 28 29 -3
right_child=1 5 3 16 7 13 8 -9 10 12 25 -13 24 -15 -16 22 -18 20 -20 -21 -22 -23 23 -25 -26 -27 -28 -29 -30 -31
leaf_value=-16.746901509268714 1.0348414211382249 -0.50822587816364728 -5.4734713905290624 -8.0339543400910856 -1.3940693916935074 -4.3632041789595233 -23.866655652542089 1.0519884682750538 -0.54683356051992138 -13.356540003132856 -9.6068281001320202 0.17814010721624768 -6.828295613490944 11.04411464122221 -8.641288251530689 -0.56890769779077788 6.1557583502960371 -3.0748643416992643 -6.2130548771628717 -7.7574183765676281 -0.017950195120761955 0.014073025934870743 -13.218344056335717 2.402792081414495 -3.1360188112114553 -2.9988186055815187 -0.69955611213497537 11.3659061117799 3.6000259643457051 2.9208150553829291
leaf_weight=2497 12396 12354 3729 1477 12521 4907 415 76493 13887 1792 3267 28901 1450 32354 1601 20924 9544 3449 3779 614 12865 5130 368 34682 3864 14270 5068 94549 60044 9999
leaf_count=2497 12396 12354 3729 1477 12521 4907 415 76493 13887 1792 3267 28901 1450 32354 1601 20924 9544 3449 3779 614 12865 5130 368 34682 3864 14270 5068 94549 60044 9999
internal_value=0.00247389 0.00389936 -0.00974181 -0.00727306 7.02862e-05 0.00616325 -0.00540828 0.00215434 -0.00877214 -0.0156072 -0.00769348 -0.00228519 -0.022235 0.00302089 -0.0379796 0.000986351 -0.00127492 -0.00501883 -0.0308708 -0.0417979 -0.00297476 -0.00697024 0.0024139 0.00475756 -0.0131405 -0.0127332 -0.00737254 0.0079101 0.00626928 0.00200465
internal_weight=489190 438075 51115 47017 162764 275311 44849 117915 32453 19682 31424 41422 10885 98365 4098 66011 27335 17791 5571 1029 16314 10037 55974 35050 5314 17537 8797 176946 82397 22353
internal_count=489190 438075 51115 47017 162764 275311 44849 117915 32453 19682 31424 41422 10885 98365 4098 66011 27335 17791 5571 1029 16314 10037 55974 35050 5314 17537 8797 176946 82397 22353
cat_boundaries=0 4 8 10 14 19 23 27 31 33 37 41 45 47 51 55 56 60 64 68
cat_threshold=1073758400 71565345 1250555928 1350572736 0 67108864 49152 640 3225584598 19 912272390 2148670488 268436642 2818703627 2282333984 270139800 69207105 539590673 1 19406848 549586180 41426504 42142038 610569 283723814 105710084 2425889 496508940 2234148928 3259129856 135685 202376329 8 353312 3221474368 1745354752 84410696 4194368 32770 16777216 352337928 0 0 142684160 268435456 67141641 2 18645252 4029218816 2150629408 2850841 180397091 302121428 2169635904 672211969 2148073488 128 0 33556488 276826112 2282234114 285278336 22151296 134259768 244989956 20060160 2558533636 297600
is_linear=0
shrinkage=0.1


Tree=11
num_leaves=31
num_cat=19
split_feature=9 0 9 0 10 4 9 9 0 1 8 8 8 9 0 8 11 9 1 1 9 0 8 11 10 9 4 0 11 8
split_gain=680.602 337.723 280.745 196.384 155.876 137.326 118.844 96.5571 94.8171 79.5782 76.5081 75.4454 72.5373 71.0205 68.4368 61.6821 51.1731 61.1421 49.1461 49.0282 48.7157 44.3865 44.1608 43.0719 41.5118 51.7743 64.5254 62.9953 43.9548 39.7126
threshold=0 21.000000000000004 1 105.00000000000001 2 735.00000000000011 3 4 -230.99999999999997 -56.999999999999993 5 6 7 8 207.00000000000003 9 10 11 -122.99999999999999 183.00000000000003 12 -86.999999999999986 13 14 15 16 285.00000000000006 189.00000000000003 17 18
decision_type=9 2 9 2 9 2 9 9 2 8 9 9 9 9 2 9 9 9 8 10 9 2 9 9 9 9 2 2 9 9
left_child=2 4 19 9 6 24 -2 12 18 13 -10 -11 -6 21 15 20 -13 -18 -8 -1 -7 -4 -9 -17 25 26 -3 28 -28 -15
right_child=1 5 3 -5 7 14 8 22 10 11 -12 16 -14 29 -16 23 17 -19 -20 -21 -22 -23 -24 -25 -26 -27 27 -29 -30 -31
leaf_value=-16.632218589788874 0.76346146131457049 3.6257098224435591 -16.157549579508551 1.0913515594824097 0.49381250479748717 -3.1959967902948581 -17.968916830798175 0.23040721108420997 -4.2960233509001702 -0.57335254666417679 -0.96702371771763862 -4.8925171179608311 -0.85824240969030918 -10.942736146614456 10.544176267592798 -2.1445367498281271 2.8614663055448855 -3.8611539494906917 -5.7319869733484703 -8.9325723621212472 0.72244917864975466 -7.5199715889681205 1.498002904822765 1.7873513778515389 4.9986233679111338 4.248893672574428 -0.26528167121656937 4.8990614619333224 -6.3673229812826166 -4.9408323119193911
leaf_weight=2379 15205 5072 970 17619 23379 8114 1276 27310 9064 9425 19350 5301 23852 266 30982 6637 2376 6041 1199 455 6862 1192 52962 41353 128507 30044 1465 2330 2718 5485
leaf_count=2379 15205 5072 970 17619 23379 8114 1276 27310 9064 9425 19350 5301 23852 266 30982 6637 2376 6041 1199 455 6862 1192 52962 41353 128507 30044 1465 2330 2718 5485
internal_value=0.00257773 0.00385731 -0.00829422 -0.00650816 0.000431287 0.00610957 -0.00455188 0.00223295 -0.00811385 -0.0112938 -0.00648131 -0.00833384 -0.00135454 -0.0199507 0.00304083 0.0011476 -0.0130624 -0.00819153 -0.0268889 -0.0388397 -0.00445349 -0.0353959 0.00434369 0.00289583 0.00780411 0.00505512 -0.000625269 -0.00721173 -0.0145518 -0.0140583
internal_weight=489190 437681 51509 48675 173597 264084 46094 127503 30889 31056 28414 23143 47231 7913 93948 62966 13718 8417 2475 2834 14976 2162 80272 47990 170136 41629 11585 6513 4183 5751
internal_count=489190 437681 51509 48675 173597 264084 46094 127503 30889 31056 28414 23143 47231 7913 93948 62966 13718 8417 2475 2834 14976 2162 80272 47990 170136 41629 11585 6513 4183 5751
cat_boundaries=0 4 8 10 14 19 23 27 31 35 39 41 45 49 53 55 56 60 61 65
cat_threshold=1073766592 71565345 1254750232 276830912 0 67108864 16384 128 3225584502 3 912264710 2148146192 268436642 2822897931 2315880224 270139792 69207105 1613332529 1 2552366082 1125261760 1484791906 104870472 1204740 541262852 75112002 46270486 2181219648 142607748 67469316 146073008 16384 0 1207969792 576 353313 3355692098 2022195200 84672840 67142793 2 16384 0 8388608 268439552 161382657 3525902464 2150629408 2850841 6103877 52450314 3894411268 19040292 2974366224 18 3489868560 2147516672 1906377472 4 599040 486742024 1048576 131072 20971520 67108866
is_linear=0
shrinkage=0.1


Tree=12
num_leaves=31
num_cat=20
split_feature=9 0 9 10 9 1 9 0 4 8 4 8 11 1 9 0 8 8 0 8 10 1 0 8 9 8 8 9 8 11
split_gain=547.883 319.88 227.058 186.192 155.762 147.968 120.804 112.328 89.7009 75.7647 74.4591 73.5515 71.3291 61.1412 53.5135 52.197 59.5679 49.8577 48.9052 46.7472 46.7074 46.691 42.3971 40.3161 37.52 60.7763 37.303 36.5455 35.1354 33.4408
threshold=0 117.00000000000001 1 2 3 51.000000000000007 4 -134.99999999999997 195.00000000000003 5 1575.0000000000002 6 7 33.000000000000007 8 -350.99999999999994 9 10 237.00000000000003 11 12 -128.99999999999997 -104.99999999999999 13 14 15 16 17 18 19
decision_type=9 2 9 9 9 8 9 2 2 9 2 9 9 8 9 2 9 9 2 9 9 8 2 9 9 9 9 9 9 9
left_child=2 3 13 6 20 12 17 15 9 -9 -3 -10 14 -1 -4 21 -17 -2 23 -16 -5 -6 26 -7 25 -13 -14 -24 -15 -8
right_child=1 10 5 4 7 18 29 8 11 -11 -12 24 22 28 19 16 -18 -19 -20 -21 -22 -23 27 -25 -26 -27 -28 -29 -30 -31
leaf_value=-13.83263816455044 -0.69205992702823083 9.0293991251422092 -2.8100581268974905 -2.6182981047504721 -20.050636531378501 1.5131940974548039 0.8467833168093315 -2.8111769391785888 0.67879331289462752 1.0872033620305555 0.73057897389483273 -9.1583476057187756 -4.7284747240560199 -20.476847934877814 -11.4584234441076 -1.9096566476672869 -8.70448445931574 0.52142964858594265 8.6038888097499449 -6.0578692427753804 1.4018140955044984 -5.203847905390905 1.1555299523152827 -2.2581461574535786 -1.3188182132344199 -1.7191892635868495 -8.4122552983185468 -2.9057767471265721 -1.9171443727066835 2.1339218214799618
leaf_weight=2131 17651 130519 4886 2284 408 6220 32089 493 15741 16749 15127 2292 1566 668 2071 3937 2379 38251 7948 3891 43107 430 5445 10211 43760 2954 952 4341 1179 69510
leaf_count=2131 17651 130519 4886 2284 408 6220 32089 493 15741 16749 15127 2292 1566 668 2071 3937 2379 38251 7948 3891 43107 430 5445 10211 43760 2954 952 4341 1179 69510
internal_value=0.00258223 0.00373028 -0.0071723 0.00182119 -0.000910928 -0.00524789 0.00415469 -0.00333887 -0.00229067 0.00411901 0.00755846 -0.00399756 -0.0109744 -0.0300953 -0.0168834 -0.0153564 -0.0122451 0.000420661 0.000188277 -0.0232552 0.00385696 -0.0388067 -0.0057463 -0.00292678 -0.00590705 -0.0138965 -0.0173233 -0.00277335 -0.0168544 0.006209
internal_weight=489190 437681 51509 292035 134534 47531 157501 89143 81989 17242 145646 64747 23152 3978 10848 7154 6316 55902 24379 5962 45391 838 12304 16431 49006 5246 2518 9786 1847 101599
internal_count=489190 437681 51509 292035 134534 47531 157501 89143 81989 17242 145646 64747 23152 3978 10848 7154 6316 55902 24379 5962 45391 838 12304 16431 49006 5246 2518 9786 1847 101599
cat_boundaries=0 4 8 10 14 19 23 27 29 33 37 41 45 47 51 55 59 63 67 71 72
cat_threshold=1073766592 71565345 1254750232 276830912 0 67108864 16384 640 557587593 12 920684036 2148185600 268436480 2823684366 140084258 268632528 2217870593 1745420336 1 0 0 2155872256 134217728 39176 13369902 609164032 33852450 202409097 10 1073741888 4194337 1073811456 268437504 22610249 145227890 2185370144 33687586 1100743200 1342848002 2181709828 425984 1024 102793216 16778288 83888876 3221291012 32 303046916 196621 72488450 38928438 1576960 320864256 32 9216 2282750977 17842176 134217760 67108936 16384 69206272 4199424 134301796 16384 0 142671888 268439552 1048577 16 268435456 2097152 1646528264
is_linear=0
shrinkage=0.1


Tree=13
num_leaves=31
num_cat=21
split_feature=0 9 4 9 2 0 0 4 8 9 9 0 8 8 8 9 11 8 9 0 8 9 11 9 11 9 0 10 8 9
split_gain=461.355 284.293 278.366 195.207 103.986 102.737 99.1541 98.4054 112.283 91.9833 87.7242 79.4598 71.3154 64.1211 59.8094 58.1161 57.4852 52.1717 51.4893 48.6473 48.5934 45.3174 43.3678 41.0448 38.9323 38.6701 35.8718 32.7039 30.7705 61.1199
threshold=-20.999999999999996 0 735.00000000000011 1 -68.999999999999986 237.00000000000003 165.00000000000003 195.00000000000003 2 3 4 -128.99999999999997 5 6 7 8 9 10 11 -434.99999999999994 12 13 14 15 16 17 327.00000000000006 18 19 20
decision_type=2 9 2 9 8 2 2 2 9 9 9 2 9 9 9 9 9 9 9 2 9 9 9 9 9 9 2 9 9 9
left_child=1 16 6 14 11 10 7 28 9 -9 17 19 -6 21 26 -14 20 -5 24 -3 -1 -12 -15 -13 -10 -21 -4 -24 29 -2
right_child=2 4 3 5 12 -7 -8 8 18 -11 13 23 15 22 -16 -17 -18 -19 -20 25 -22 -23 27 -25 -26 -27 -28 -29 -30 -31
leaf_value=-5.5645295427404662 -2.4754294902195739 -17.975101930017541 -14.249374348095399 -7.8286614062880462 0.85360482724011044 10.50124967952584 13.054859212627989 -1.6565674724858674 -6.3892719259430359 0.64607373881913199 1.1994829715420046 -1.9429952869455616 -1.763413288393104 -5.7075698155905981 -3.8505466936512862 0.0029900969479598419 -2.5399787005751899 -1.2540723863715002 2.2232788957665361 -2.1528341249860117 -10.69684124912343 -1.8411749346867503 -8.0203573239730712 0.10835708379874164 0.43243505191925352 -6.8444630607984385 -1.1916303324213402 1.6103134679826436 2.761948791023987 1.6232788957665361
leaf_weight=3304 749 467 1907 1472 35072 30325 76817 11763 927 19741 8031 5681 14650 1299 4180 30461 3000 29044 52920 2602 3305 10856 404 9428 16067 3643 366 58273 50222 2214
leaf_count=3304 749 467 1907 1472 35072 30325 76817 11763 927 19741 8031 5681 14650 1299 4180 30461 3000 29044 52920 2602 3305 10856 404 9428 16067 3643 366 58273 50222 2214
internal_value=0.00258897 -0.00305941 0.00425865 0.00084204 -0.0015092 0.0016279 0.00641647 0.00495741 0.00313041 -0.00182649 0.00020013 -0.00762981 0.000156268 0.00196176 -0.0161488 -0.00247313 -0.0194937 -0.0043517 0.00536354 -0.0166836 -0.0247182 -0.00311848 0.00356183 -0.00360778 0.000572807 -0.0143555 -0.0292028 0.00396289 0.00844129 -0.0014699
internal_weight=489190 111613 377577 146157 102004 139704 231420 154603 101418 31504 109379 21821 80183 78863 6453 45111 9609 30516 69914 6712 6609 18887 59976 15109 16994 6245 2273 58677 53185 2963
internal_count=489190 111613 377577 146157 102004 139704 231420 154603 101418 31504 109379 21821 80183 78863 6453 45111 9609 30516 69914 6712 6609 18887 59976 15109 16994 6245 2273 58677 53185 2963
cat_boundaries=0 4 8 12 17 21 25 29 33 38 40 44 49 53 58 60 65 67 71 72 75 79
cat_threshold=16512 71565344 1220667392 8391360 128 67371008 134266880 8389312 412631052 19986946 2878365716 335544352 2290614466 302064128 36864080 407901232 1 135323969 1346502832 3268426808 6177 201900160 545325188 2152039312 145835380 861734 3641395267 680009746 557312 1049665 16 269484032 18874504 3372749632 285279184 52433680 1342268417 1 748160712 2 1073750048 68159744 0 67108872 2148008192 1094778888 24121344 18935832 1 453027140 210239494 67109088 33685504 10485776 160447554 285278336 2168734982 1 2148073488 20 2358935872 807411989 34603080 19574800 3 32770 1 20979801 276828230 572658464 3091251457 1073807360 0 0 2155872256 0 0 0 16
is_linear=0
shrinkage=0.1


Tree=14
num_leaves=31
num_cat=21
split_feature=0 4 9 9 10 0 8 0 8 0 8 9 9 8 8 8 9 9 11 0 0 9 9 0 9 8 9 8 1 9
split_gain=405.753 263.026 230.138 172.107 91.8699 88.8638 88.3007 84.1634 81.7216 69.4279 58.6619 54.337 48.8998 48.5261 48.4805 47.1607 46.8561 45.5106 44.9343 42.0872 40.9277 41.1881 38.0579 37.6306 41.1484 45.8541 30.7602 30.4517 28.3045 28.2981
threshold=-8.9999999999999982 465.00000000000006 0 1 2 291.00000000000006 3 171.00000000000003 4 -434.99999999999994 5 6 7 8 9 10 11 12 13 351.00000000000006 -104.99999999999999 14 15 57.000000000000007 16 17 18 19 -98.999999999999986 20
decision_type=2 2 9 9 9 2 9 2 9 2 9 9 9 9 9 9 9 9 9 2 2 9 9 2 9 9 9 9 8 9
left_child=2 23 13 5 10 8 12 14 16 -8 19 -11 -4 -1 -6 26 -3 27 -19 -5 -17 -22 -12 24 25 -2 -13 -16 -15 -10
right_child=1 3 6 4 7 -7 9 -9 29 11 22 15 -14 28 17 20 -18 18 -20 -21 21 -23 -24 -25 -26 -27 -28 -29 -30 -31
leaf_value=-10.269647526538872 -1.8436137567502744 -9.2227696341605139 -0.31822304171588955 -8.5396216333562691 3.0590680209845367 8.5044585201269314 -16.255904410751736 10.679346694998344 -4.9562979146179531 0.49374284780324873 -1.6931800063536562 -1.0986651074313931 1.2651223666273768 -9.3510548371409552 -0.98447568371259742 -6.2039200095147402 -2.5653593823681904 -6.9999544235486386 1.3433800103179774 6.8323883507190004 -0.16627922178501139 -1.3656604013892684 1.63333050063758 5.9717661484557079 1.658226159023263 0.61778268390780944 0.48572132654231193 0.78641967165600524 -2.6684885593783778 -0.79962991859398613
leaf_weight=2880 2365 2502 15600 1685 18408 8487 425 41530 2273 18256 11707 10390 30669 1666 13125 6441 5703 872 45580 623 12974 14553 14221 100209 40783 6154 16303 11660 5514 25632
leaf_count=2880 2365 2502 15600 1685 18408 8487 425 41530 2273 18256 11707 10390 30669 1666 13125 6441 5703 872 45580 623 12974 14553 14221 100209 40783 6154 16303 11660 5514 25632
internal_value=0.00264049 0.00442463 -0.00200846 0.00208953 0.00362568 -0.00340148 -0.000842136 0.00473949 -0.00556632 -0.00286672 -0.00154854 -0.00265 0.00262949 -0.0165541 0.00301578 -0.0040891 -0.0143335 0.00183264 0.00367871 -0.0167903 -0.00656072 -0.00488357 -0.000185827 0.00761088 0.00534907 -0.000974323 -0.00094259 -0.00162734 -0.012114 -0.00298227
internal_weight=489190 353519 135671 204008 159411 44597 125611 131175 36110 79342 28236 78917 46269 10060 89645 60661 8205 71237 46452 2308 33968 27527 25928 149511 49302 8519 26693 24785 7180 27905
internal_count=489190 353519 135671 204008 159411 44597 125611 131175 36110 79342 28236 78917 46269 10060 89645 60661 8205 71237 46452 2308 33968 27527 25928 149511 49302 8519 26693 24785 7180 27905
cat_boundaries=0 4 8 10 14 18 22 26 31 35 39 43 47 51 53 58 62 66 70 75 79 83
cat_threshold=16512 71565344 1245833217 8391360 135293376 1415970944 1250478088 8394433 3508773138 34 3422601602 549781634 2147845056 145834256 1074791528 5394 269484032 487653544 33644576 67117440 65538 134844480 308543518 2147535882 805306658 2887123226 1246273824 268960520 2225603402 1210126384 1 1048577 169877521 268440464 19923656 1073840456 67371332 1075091328 458440753 59183689 403198988 276435968 295972 1065088 67371008 134234120 192 2151781408 16845153 22094288 2031101960 2684424192 18 85010241 1218060804 2147614932 2183168 2 2525495299 578822992 2150629476 17596472 540672 268443648 5378129 268477488 143654918 17825792 2155872256 67239936 1292440896 3678336 25301716 18965504 3 160432133 192421891 2349400092 2131968 128 67502080 34816 8389248
is_linear=0
shrinkage=0.1


Tree=15
num_leaves=31
num_cat=22
split_feature=0 4 9 9 9 0 9 8 8 0 8 11 0 11 9 8 8 8 4 8 11 10 8 8 1 0 10 11 9 9
split_gain=360.06 231.46 185.888 103.014 78.0691 74.6242 79.598 66.4507 60.4471 80.2604 54.524 51.4197 50.3805 49.5261 57.715 48.239 40.5595 40.0023 36.3036 52.0444 40.0785 35.746 34.5441 34.4109 33.9134 33.7145 32.8119 32.2833 64.8857 44.3744
threshold=1.0000000180025095e-35 735.00000000000011 0 1 2 177.00000000000003 3 4 5 -350.99999999999994 6 7 261.00000000000006 8 9 10 11 12 225.00000000000003 13 14 15 16 17 9.0000000000000018 297.00000000000006 18 19 20 21
decision_type=2 2 9 9 9 2 9 9 9 2 9 9 2 9 9 9 9 9 2 9 9 9 9 9 8 2 9 9 9 9
left_child=2 5 11 10 16 6 7 -2 -6 -10 21 17 13 14 -5 -8 -4 -1 -9 26 -21 -3 -11 -15 -19 -12 -20 28 -24 -29
right_child=1 3 4 12 8 -7 15 18 9 22 25 -13 -14 23 -16 -17 -18 24 19 20 -22 -23 27 -25 -26 -27 -28 29 -30 -31
leaf_value=-3.8379902004434863 2.4178074714834761 -18.596403094646888 -0.44173088533536697 -9.4416312309978263 0.40157894600845351 12.29159701902695 0.096664972267774069 0.64333543322484532 -12.702698003231463 -2.6971720549086937 -1.186848987394137 -1.4312300347134652 13.316678722656105 -0.38552791975419565 -0.72593514102789214 2.929595815868641 1.0971800684878659 -10.30601290875396 -5.2585998204199962 -2.8103123746760654 0.81719574290817576 -3.5023319745832953 -0.68148582436048322 1.7357466903902932 -1.9187279715576837 9.9253452905639712 -1.66455041901033 0.030447715940037059 1.0559742224245325 -1.7722295703208832
leaf_weight=4097 13000 1059 11010 1205 30662 71986 10689 7477 795 6306 22136 5773 20558 14958 11366 81774 36732 3329 522 3559 8273 6273 11458 44562 1153 4757 4672 11839 18329 18881
leaf_count=4097 13000 1059 11010 1205 30662 71986 10689 7477 795 6306 22136 5773 20558 14958 11366 81774 36732 3329 522 3559 8273 6273 11458 44562 1153 4757 4672 11839 18329 18881
internal_value=0.00265418 0.00454879 -0.0012307 0.00120151 -0.000162852 0.00665168 0.00522106 0.00133367 -0.00177452 -0.00344464 -0.0034862 -0.0120861 0.00293323 0.00168828 -0.00401319 0.0067969 0.00315421 -0.0169996 -0.00173255 -0.00428404 -0.000614761 -0.011125 -0.00306931 0.00289266 -0.0235485 -0.00140022 -0.0126172 -0.00233372 1.24177e-05 -0.00460787
internal_weight=489190 328826 160364 126874 146012 201952 129966 37503 98270 67608 34225 14352 92649 72091 12571 92463 47742 8579 24503 17026 11832 7332 66813 59520 4482 26893 5194 60507 29787 30720
internal_count=489190 328826 160364 126874 146012 201952 129966 37503 98270 67608 34225 14352 92649 72091 12571 92463 47742 8579 24503 17026 11832 7332 66813 59520 4482 26893 5194 60507 29787 30720
cat_boundaries=0 4 8 12 17 21 25 29 31 33 38 42 46 50 54 56 58 62 66 67 69 73 78
cat_threshold=16576 71565472 1338107905 2752 135293120 1413873796 3380922376 8393441 879099926 3229666306 805568772 2350252298 2282234306 289472640 236097680 402699320 1 285475083 2428584020 1145442304 35718177 3221405768 817954946 3113280 143999284 1076954212 68157456 276905992 220725384 1049101512 10 3762891344 18 163872 536904512 2097152 3407872 1 16384 20488 2717909008 6291616 311501380 320885290 705708036 17176616 452994376 9043980 67273840 37881860 210780164 16781314 2433744916 335806464 3221267202 5 4325378 2 6301696 1073917441 679502002 88080456 1113924646 4181870595 402792450 67142208 2148140096 2135956868 16 159416585 287318792 1184776 1074274336 33657609 288367381 131200 543784996 2
is_linear=0
shrinkage=0.1


Tree=16
num_leaves=31
num_cat=23
split_feature=0 4 9 10 9 9 9 9 0 0 9 8 8 10 8 10 8 11 9 9 0 8 4 8 0 8 10 8 11 8
split_gain=329.539 182.151 177.18 90.4065 79.0465 71.73 70.7998 65.8485 63.4406 63.3997 61.2763 65.0786 60.0116 44.8887 49.7623 44.7563 43.7617 37.3806 52.3861 50.2654 36.0097 56.9038 36.0425 35.8198 34.6141 30.7162 30.4885 34.4839 27.679 26.905
threshold=51.000000000000007 1005.0000000000001 0 1 2 3 4 5 -368.99999999999994 213.00000000000003 6 7 8 9 10 11 12 13 14 15 -122.99999999999999 16 375.00000000000006 17 231.00000000000003 18 19 20 21 22
decision_type=2 2 9 9 9 9 9 9 2 2 9 9 9 9 9 9 9 9 9 9 2 9 2 9 2 9 9 9 9 9
left_child=2 5 7 6 29 9 8 -1 -4 12 23 -12 -2 14 -6 -7 -10 18 -13 28 21 -9 -22 -5 -15 -24 27 -14 -19 -3
right_child=1 4 3 10 13 15 -8 20 16 -11 11 17 26 24 -16 -17 -18 19 -20 -21 22 -23 25 -25 -26 -27 -28 -29 -30 -31
leaf_value=-10.522124179653771 -1.601700161106993 -6.7890283775200464 -18.102270253070657 0.22706662143215578 -8.5196125318268301 0.32646888896061999 0.42862888780273067 -1.7725568097586661 -1.8416273691124787 8.8366136780435962 0.70277615729456289 1.4018846973585184 -4.754819870458741 0.7338673144398925 -0.30408513034609297 5.3408034880996187 -6.4286941401369369 -5.7266690637558622 -0.353667406238386 -0.13277409341119817 0.52733966618367922 -10.463513734918061 -3.0117983968557902 1.4773828590109992 9.9970211482544649 -0.96717873094439932 2.2093266516120171 0.75192405560685205 -1.1912599183336237 -1.804235031502347
leaf_weight=2020 6462 4162 297 24224 1652 7398 8563 2985 5553 16380 49296 15503 1416 29496 7211 127230 3670 2321 13238 30540 6306 1862 8091 43955 15721 14267 15264 2989 13735 7383
leaf_count=2020 6462 4162 297 24224 1652 7398 8563 2985 5553 16380 49296 15503 1416 29496 7211 127230 3670 2321 13238 30540 6306 1862 8091 43955 15721 14267 15264 2989 13735 7383
internal_value=0.00266481 0.00527978 8.87085e-05 0.0011894 0.000779429 0.00694703 -0.00556956 -0.00644298 -0.0115005 0.00336328 0.00182355 0.000504882 0.000306533 0.00238307 -0.00412149 0.00807781 -0.0100477 -0.00134352 0.00149247 -0.00309273 -0.0053814 -0.0133547 -0.00403503 0.00423367 0.00365866 -0.00591824 0.00305351 -0.00426954 -0.00762106 -0.00672869
internal_weight=489190 242764 246426 210895 65625 177139 18083 35531 9520 42511 192812 124633 26131 54080 8863 134628 9223 75337 28741 46596 33511 4847 28664 68179 45217 22358 19669 4405 16056 11545
internal_count=489190 242764 246426 210895 65625 177139 18083 35531 9520 42511 192812 124633 26131 54080 8863 134628 9223 75337 28741 46596 33511 4847 28664 68179 45217 22358 19669 4405 16056 11545
cat_boundaries=0 5 7 11 15 19 23 28 32 36 38 42 43 47 49 53 57 61 65 69 71 73 75 79
cat_threshold=134234304 71565536 1255405592 1082133184 1 3225419862 35 1459620293 1443102740 2357250056 8389288 1209033160 88146048 176461824 402658448 353534214 1344348420 2147483904 21476411 128 67108864 24576 128 823525909 3357590532 805568517 205922314 2 2181202184 8454598 337944580 177562788 65568 2147520514 2164260884 336953352 1493401876 42 8642594 1140925568 3254779906 203788288 1090593040 17990405 168299040 205789188 167951394 1280316544 20 2248672290 562036752 2149581120 822137857 2148008992 33751041 2166358336 18355200 134234624 10633334 9582080 18484 282141444 2181222534 748683268 16956448 2467342852 234889491 13639696 220204200 2718042624 18 2214592512 17825792 557058 9 19464769 67112466 302546952 2624136
is_linear=0
shrinkage=0.1


Tree=17
num_leaves=31
num_cat=23
split_feature=0 9 4 10 9 4 0 9 11 9 8 8 8 11 11 8 9 6 8 8 0 8 10 8 9 11 9 9 9 4
split_gain=315.57 192.659 135.205 99.7388 115.725 99.0187 82.023 71.6816 68.8944 51.894 50.3343 48.2144 43.4581 43.2215 42.9608 40.8794 39.5556 39.03 33.7541 30.7036 29.9051 29.8193 29.2002 28.9507 28.8628 27.7576 42.4587 24.8078 24.5036 30.7575
threshold=141.00000000000003 0 195.00000000000003 1 2 1605.0000000000002 -38.999999999999993 3 4 5 6 7 8 9 10 11 12 469.50000000000006 13 14 -278.99999999999994 15 16 17 18 19 20 21 22 1485.0000000000002
decision_type=2 9 2 9 9 2 2 9 9 9 9 9 9 9 9 9 9 2 9 9 2 9 9 9 9 9 9 9 9 2
left_child=1 9 6 7 8 16 12 13 17 -1 27 22 -3 23 -12 -15 21 -5 28 -8 -13 -2 -10 -4 -7 -9 -27 -6 29 -11
right_child=5 2 3 4 10 24 19 25 11 18 14 20 -14 15 -16 -17 -18 -19 -20 -21 -22 -23 -24 -25 -26 26 -28 -29 -30 -31
leaf_value=-9.1025393988516008 -3.3632165906218021 -1.1729867674805259 -0.40659354559633515 -14.225772640728056 -1.5049668445372903 -5.1241932038227072 0.15631848622444247 1.441838491496177 -21.646917344868058 -17.040317992629056 -6.1686767322809839 -9.6512782196318412 0.52051775320985183 -1.6825542987315747 0.94729337454278095 -0.10236712696707038 8.2799147778089388 -5.7161560848531643 -0.82451922810206912 1.9598398609804921 -0.72195206374162746 2.6442787274989419 -3.0952763507040251 1.7971705246962182 1.4572029570332441 -0.91111252616769201 1.0654019285315079 -0.021217918736927164 -2.2624192211680336 -5.7810403283898069
leaf_weight=2522 1763 4438 6069 242 7771 4111 6611 63858 194 225 738 980 9115 8043 46940 16569 109751 1229 27046 48090 30866 14454 9850 10454 11795 8346 15393 10407 10532 788
leaf_count=2522 1763 4438 6069 242 7771 4111 6611 63858 194 225 738 980 9115 8043 46940 16569 109751 1229 27046 48090 30866 14454 9850 10454 11795 8346 15393 10407 10532 788
internal_value=0.0026597 0.00103641 0.00189943 0.000774074 -0.00144863 0.00663363 0.00582296 0.00265974 -0.00545964 -0.00539041 0.00119272 -0.00470883 -0.00114144 -0.000783813 0.00289968 -0.0034392 0.0075724 -0.0266644 -0.0044789 0.00754849 -0.00280136 0.00295618 -0.010748 0.00317123 -0.000800955 0.00427671 0.00135543 -0.00328348 -0.00900476 -0.0238221
internal_weight=489190 347316 306203 237949 109217 141874 68254 128732 43361 41113 65856 41890 13553 41135 47678 24612 125968 1471 38591 54701 31846 16217 10044 16523 15906 87597 23739 18178 11545 1013
internal_count=489190 347316 306203 237949 109217 141874 68254 128732 43361 41113 65856 41890 13553 41135 47678 24612 125968 1471 38591 54701 31846 16217 10044 16523 15906 87597 23739 18178 11545 1013
cat_boundaries=0 4 6 11 16 18 22 26 30 34 35 36 40 44 48 52 56 58 62 67 68 72 76 79
cat_threshold=134242496 71565537 1246493720 8391360 557587625 12 2165833737 1537277954 2148532548 1362195457 1 1103725602 268568832 78643200 2015899708 1 2151677954 1 128 67108864 16384 128 134242308 3556982120 983050240 203493376 2160133121 342921569 1476526178 100728905 2206466048 2603618436 134479876 2401824 1212425224 2214658080 142614530 1114114050 100663300 2394912 680552648 340000768 176160800 268436608 287345728 235024643 1371537816 84018200 4 4096 2147483648 8192 167842848 16 16777217 269484040 0 2 1515979008 2894598528 2283814912 10551552 369131972 1780744340 2281750540 11272808 1 1276283985 269615104 16777216 2147483712 17908736 268603648 788 544 950328 0 0 167776256
is_linear=0
shrinkage=0.1


Tree=18
num_leaves=31
num_cat=23
split_feature=0 4 9 11 8 0 10 9 4 8 11 8 8 0 9 8 4 10 8 9 11 9 0 9 8 8 8 9 9 10
split_gain=295.708 191.209 134.023 94.0768 91.6267 89.4062 74.6962 73.862 73.3289 66.519 52.9663 47.4226 42.5908 39.3093 36.6049 58.0691 102.945 35.3295 33.5416 31.1589 31.1004 30.8422 29.9931 29.7678 37.5114 33.378 26.7076 25.1082 24.5076 28.9799
threshold=189.00000000000003 195.00000000000003 0 1 2 -56.999999999999993 3 4 1575.0000000000002 5 6 7 8 -350.99999999999994 9 10 105.00000000000001 11 12 13 14 15 -122.99999999999999 16 17 18 19 20 21 22
decision_type=2 2 9 9 9 2 9 9 2 9 9 9 9 2 9 9 2 9 9 9 9 9 2 9 9 9 9 9 9 9
left_child=1 5 6 4 -4 11 12 -5 19 21 18 -1 -3 -13 15 16 -7 -11 20 -2 -8 -9 -14 24 28 -25 -12 -6 29 -19
right_child=8 2 3 7 27 14 10 9 -10 17 26 13 22 -15 -16 -17 -18 23 -20 -21 -22 -23 -24 25 -26 -27 -28 -29 -30 -31
leaf_value=0.89080275408599174 -3.2805991518090973 -12.810411808084011 -5.6201199716854511 1.2155839580118961 0.89370180990251535 -0.10856982902985557 -3.0406176449610647 2.2753624946469939 0.17353738834852958 -13.589555964148341 -1.3588263034653325 -16.621870258390825 -13.189288835225648 -1.2546691691678715 1.6810162063913545 0.51214326949135514 -5.7087189139753081 -1.7732394306896886 -0.92294142714198291 9.9393982876984825 -9.1454105684006439 0.38448937302327157 -2.7042262070491461 -0.46540892695913816 -0.2192666130210551 0.86951299108309787 0.77729383381828088 -1.1407381348501826 -1.2866184788069814 -5.2773103132594015
leaf_weight=4753 1282 1773 5916 66674 7271 628 6179 18683 13164 679 7804 108 526 4909 60073 6294 192 2807 5030 94343 804 42912 4239 27507 33031 33220 12780 15798 8806 1005
leaf_count=4753 1282 1773 5916 66674 7271 628 6179 18683 13164 679 7804 108 526 4909 60073 6294 192 2807 5030 94343 804 42912 4239 27507 33031 33220 12780 15798 8806 1005
internal_value=0.00263844 0.00132363 0.000194567 0.0010033 -0.00437144 0.00577556 -0.00526632 0.00166546 0.00723593 0.000551406 -0.00330696 -0.00316274 -0.0150153 -0.00993236 0.00707533 0.000286356 -0.0245783 -0.000955027 -0.00858105 0.00819922 -0.0130659 0.00316939 -0.0100419 -0.000808753 -0.0027379 0.000641619 -0.000226279 -0.0015213 -0.00737409 -0.0140712
internal_weight=489190 380401 303444 264309 28985 76957 39135 235324 108789 168650 32597 9770 6538 5017 67187 7114 820 107055 12013 95625 6983 61595 4765 106376 45649 60727 20584 23069 12618 3812
internal_count=489190 380401 303444 264309 28985 76957 39135 235324 108789 168650 32597 9770 6538 5017 67187 7114 820 107055 12013 95625 6983 61595 4765 106376 45649 60727 20584 23069 12618 3812
cat_boundaries=0 4 6 10 12 17 21 23 27 31 35 38 40 44 47 49 53 57 61 65 69 73 77 79
cat_threshold=17326272 71631008 1247407128 8398528 2418082336 26 2148556800 1097889152 4 134606880 139071696 6 843448852 2291189262 805568516 2219180292 2 2164441354 146932164 299776 43348020 545268043 11 403309313 75637000 80879808 196615 41943041 16777240 403832832 2097160 134251010 0 131072 48 0 0 2147483648 0 2 305168901 2400198658 289411272 184552064 2184 71303168 33554432 8520 9 2224029698 271056896 135520 18382848 1073778945 1344274497 27399136 1362659384 1219502180 3221243907 545810616 85983752 306778208 272162328 3624075300 67141697 411062344 78152050 4722832 331440672 372248588 3241164291 822215106 286261256 0 268435457 2232320 268468272 609231888 16
is_linear=0
shrinkage=0.1


Tree=19
num_leaves=31
num_cat=21
split_feature=0 4 0 1 9 0 9 10 8 9 8 11 9 8 9 0 9 8 9 8 1 11 9 5 8 11 8 5 9 11
split_gain=285.899 204.529 118.987 102.332 85.7049 71.1558 66.3495 65.0889 68.6373 53.1859 49.1047 47.2879 46.4738 42.6039 40.7137 37.0523 30.2274 29.7438 29.3435 42.9181 29.4985 29.2061 44.6378 30.9113 27.9278 28.2055 27.3968 27.2224 27.1404 26.8804
threshold=27.000000000000004 465.00000000000006 327.00000000000006 -50.999999999999993 0 -104.99999999999999 1 2 3 4 5 6 7 8 9 -470.99999999999994 10 11 12 13 135.00000000000003 14 15 5.5000000000000009 16 17 18 10.500000000000002 19 20
decision_type=2 2 2 8 9 2 9 9 9 9 9 9 9 9 9 2 9 9 9 9 10 9 9 2 9 9 9 2 9 9
left_child=3 18 4 5 13 6 17 8 28 29 16 27 24 -3 -7 -8 -11 -1 19 20 -2 22 23 -12 -13 -26 -17 -9 -6 -5
right_child=1 2 -4 9 7 14 15 11 -10 10 21 12 -14 -15 -16 26 -18 -19 -20 -21 -22 -23 -24 -25 25 -27 -28 -29 -30 -31
leaf_value=-3.985359542131174 -2.1836419033970862 -2.8361900889223008 16.112644311315176 0.19363331334923953 -11.771368608170025 -1.36785395920368 -11.569289176715721 -16.206369407980976 -0.018378102163419716 0.0034021513587532133 -16.439921166655584 -1.30725253973987 2.8337936730697559 -0.44070382375062178 0.03051668074241078 0.79514770668310297 -1.4194403599224203 -9.0655092571424252 4.1095472291947805 2.3768706431730542 1.4899275247146804 0.36305195502757714 0.41723403060496783 -2.3744998148856014 -9.918826006507949 1.1294846896536712 -3.5284524429852198 -3.9581633337238906 -4.6837406164367659 1.8371194059149982
leaf_weight=1852 1096 8923 31350 14148 539 8483 359 257 15004 9919 111 5513 49561 21418 25805 3448 13028 1987 82297 36033 903 79056 14772 8493 542 24925 6962 1136 2772 18498
leaf_count=1852 1096 8923 31350 14148 539 8483 359 257 15004 9919 111 5513 49561 21418 25805 3448 13028 1987 82297 36033 903 79056 14772 8493 542 24925 6962 1136 2772 18498
internal_value=0.002581 0.00465085 0.00233049 -0.000242556 0.00100237 -0.00424043 -0.0100849 0.00241165 -0.00297681 0.000994463 5.81394e-05 0.00361637 0.00393304 -0.00365359 -0.00175047 -0.00604045 -0.00412205 -0.0213588 0.0077736 0.0054708 -0.00876555 0.000994905 -0.00210981 -0.00783144 0.000893837 0.00229109 -0.00495677 -0.0145902 -0.0159861 0.00458905
internal_weight=489190 282269 161940 206921 130590 48896 14608 100249 18315 158025 125379 81934 80541 30341 34288 10769 22947 3839 120329 38032 1999 102432 23376 8604 30980 25467 10410 1393 3311 32646
internal_count=489190 282269 161940 206921 130590 48896 14608 100249 18315 158025 125379 81934 80541 30341 34288 10769 22947 3839 120329 38032 1999 102432 23376 8604 30980 25467 10410 1393 3311 32646
cat_boundaries=0 4 9 11 15 20 24 26 30 34 38 43 47 51 55 57 62 66 67 71 75 77
cat_threshold=2282760648 340131968 1251003400 8394433 2550808578 939622656 1208051712 3543746 1 3506675986 34 302081060 1140974976 1208156166 168407112 849608727 3221275648 839125280 2232582406 2 275776517 2083431953 1250951432 4198464 2684358656 18 1094832161 1092683781 2164326578 1762666514 1076974632 67147026 271081480 487915560 134267072 610280032 1243631712 285878980 84017472 672213507 8593616 404834392 1 1208484160 2200965590 8454148 506928 671105408 331415568 2320732176 1342227568 75497472 0 2164260865 339869696 2693374962 25 134792416 756220672 2149777556 2891264 1 243531776 692600834 134250524 136609864 268435714 3276275716 2896699713 168002336 134283316 268599296 2097154 16777218 19005456 3928889896 16
is_linear=0
shrinkage=0.1


Tree=20
num_leaves=31
num_cat=20
split_feature=0 4 9 0 4 10 9 9 11 9 8 8 10 8 9 9 1 8 8 0 9 8 8 0 5 9 8 4 8 3
split_gain=262.545 183.072 104.464 85.2969 73.7402 65.5688 80.7761 72.7277 67.0256 95.3346 63.1415 52.1995 44.7204 42.0405 41.6861 40.1637 33.9735 30.3666 30.119 29.6799 27.9861 27.5076 25.6907 25.1554 24.7985 24.0514 34.1275 70.6348 25.9528 21.993
threshold=213.00000000000003 195.00000000000003 0 -8.9999999999999982 1095.0000000000002 1 2 3 4 5 6 7 8 9 10 11 -104.99999999999999 12 13 1.0000000180025095e-35 14 15 16 51.000000000000007 5.5000000000000009 17 18 105.00000000000001 19 10.500000000000002
decision_type=2 2 9 2 2 9 9 9 9 9 9 9 9 9 9 9 8 9 9 2 9 9 9 2 2 9 9 2 9 2
left_child=1 3 15 11 -2 6 13 -7 9 24 19 -1 21 -4 -12 -3 17 -17 -18 20 -10 -6 -8 -16 -9 26 27 -5 -29 -21
right_child=4 2 5 25 12 7 22 8 10 -11 14 -13 -14 -15 23 16 18 -19 -20 29 -22 -23 -24 -25 -26 -27 -28 28 -30 -31
leaf_value=-0.61704604715600808 11.377209731611316 -17.34183124507447 -6.0352559709839202 0.16702207983193032 -8.7954312211250372 1.3689716155126606 -1.2233093280758129 -16.22931189002087 -0.50625826118355632 1.1973033920488838 -1.1340479780228587 0.51151584387689808 5.3854653884350645 -2.2032696664331257 -0.13067117441696965 -7.3713451712633109 0.41721623530548213 -2.0665428024512194 -1.2750114369892389 2.2438255753193634 0.70589187939342857 -1.2231238155729887 0.75669372476802099 1.1258381637109556 -7.1551956588791761 2.3620709548179528 1.001879855790746 -1.4493456835426508 -4.7009542037838905 -0.070571376400628036
leaf_weight=5976 71878 939 4111 715 1422 49412 10192 52 7224 3215 16671 19381 17622 9505 50758 2433 13038 3131 30714 28689 23160 4809 21994 29983 3128 47637 5731 161 173 5336
leaf_count=5976 71878 939 4111 715 1422 49412 10192 52 7224 3215 16671 19381 17622 9505 50758 2433 13038 3131 30714 28689 23160 4809 21994 29983 3128 47637 5731 161 173 5336
internal_value=0.00254564 0.00140292 0.000315125 0.0056803 0.00724227 0.00111221 -0.00232646 0.00183598 0.000845054 -0.00918813 0.0012421 0.00089009 0.00242443 -0.00878027 -0.000364188 -0.00386253 -0.00346957 -0.0108303 -0.00253428 0.00367112 0.00140008 -0.00485339 0.000405641 0.000575968 -0.021442 0.00791242 0.00232695 -0.0141737 -0.0522754 0.00570022
internal_weight=489190 393459 313685 79774 95731 263430 45802 217628 168216 6395 161821 25357 23853 13616 97412 50255 49316 5564 43752 64409 30384 6231 32186 80741 3180 54417 6780 1049 334 34025
internal_count=489190 393459 313685 79774 95731 263430 45802 217628 168216 6395 161821 25357 23853 13616 97412 50255 49316 5564 43752 64409 30384 6231 32186 80741 3180 54417 6780 1049 334 34025
cat_boundaries=0 4 6 11 16 18 23 27 31 33 37 41 43 47 51 56 60 64 68 71 74
cat_threshold=151019713 71631008 1243208728 276832960 3494093078 35 337281292 815833922 2149581060 19271721 1 849609236 2291713102 805568516 2218950912 2 2418020610 18 33792 822086400 2164260864 2968576 1 2181203210 9700736 37785856 194342934 268697608 186650624 2156134404 42240 3494084884 42 369124356 86024640 42537088 239161419 0 131089 8397280 1074792464 128 67108864 2181070848 17834048 88216992 241303768 3229622592 536953956 2216826464 39981140 590880 537006352 6291459 136577024 1 42034214 67182976 33685504 153178120 269484294 3273794848 1518409732 2699912 2281702144 16 131072 48 0 0 2155872256 0 0 8388608
is_linear=0
shrinkage=0.1


Tree=21
num_leaves=31
num_cat=22
split_feature=0 4 0 4 0 8 8 9 9 8 10 9 4 0 9 8 0 9 8 9 9 8 9 11 8 11 8 9 9 9
split_gain=253.349 174.359 90.2361 76.6319 72.8092 62.2942 55.8404 58.4774 50.6112 45.3492 42.1916 55.6293 64.8568 45.8054 40.716 36.7966 36.2648 35.7516 35.4233 33.4076 32.9243 32.8212 31.7061 30.9001 30.6296 28.2263 27.0773 26.4488 25.809 24.7806
threshold=63.000000000000007 735.00000000000011 -86.999999999999986 165.00000000000003 345.00000000000006 0 1 2 3 4 5 6 285.00000000000006 285.00000000000006 7 8 -230.99999999999997 9 10 11 12 13 14 15 16 17 18 19 20 21
decision_type=2 2 2 2 2 9 9 9 9 9 9 9 2 2 9 9 2 9 9 9 9 9 9 9 9 9 9 9 9 9
left_child=2 10 5 15 8 27 20 9 21 -8 11 12 -2 23 26 22 -7 -9 29 -18 -5 -3 -4 -14 -10 -26 -12 -1 -20 -19
right_child=1 4 3 6 -6 16 7 17 24 -11 14 -13 13 -15 -16 -17 19 18 28 -21 -22 -23 -24 -25 25 -27 -28 -29 -30 -31
leaf_value=-2.0513137868107285 2.5948100368917952 -4.2870133019003438 -0.71964794222786521 -0.17436798334249648 12.843351297892667 -10.199770640682587 -15.506983534998831 0.82382085161539131 -2.1414939785513361 -1.8937636377139844 -0.64087593294399503 3.7065530469693777 -5.519796295764051 6.5711392736872929 4.9300861079899709 1.2035318351390047 -4.4547311791226347 0.092974278988154566 -0.34776785767289553 -1.2944457536297109 1.5725003196763205 -0.88162313060642306 0.36429037566651129 -1.2669798662793601 -15.205948411767015 1.4377552346159619 2.4999119205438891 0.72619841543321517 0.28680348748325901 -1.0767485631777483
leaf_weight=3988 6007 4946 2196 10746 19223 1948 515 20112 6300 6829 4492 23513 2947 1649 86179 26201 4094 9596 33613 11996 26881 12137 9828 1917 262 43378 12366 13319 62923 19089
leaf_count=3988 6007 4946 2196 10746 19223 1948 515 20112 6300 6829 4492 23513 2947 1649 86179 26201 4094 9596 33613 11996 26881 12137 9828 1917 262 43378 12366 13319 62923 19089
internal_value=0.00249187 0.00495464 0.000388974 0.00111623 0.00142221 -0.0043132 0.000295528 -0.000554926 -0.000133834 -0.00925483 0.00714532 0.00419582 -0.00118915 -0.00810226 0.00817559 0.00520209 -0.00842309 -0.000114694 -0.000743346 -0.00686762 0.00374552 -0.00483063 0.000618249 -0.0129852 0.00147347 0.00241466 0.00367441 -2.48307e-05 0.000173596 -0.00382819
internal_weight=489190 225316 263874 228529 86246 35345 190304 152677 67023 7344 139070 36033 12520 6513 103037 38225 18038 145333 125221 16090 37627 17083 12024 4864 49940 43640 16858 17307 96536 28685
internal_count=489190 225316 263874 228529 86246 35345 190304 152677 67023 7344 139070 36033 12520 6513 103037 38225 18038 145333 125221 16090 37627 17083 12024 4864 49940 43640 16858 17307 96536 28685
cat_boundaries=0 4 8 12 16 20 22 26 30 34 39 43 47 51 55 59 60 64 65 69 73 78 82
cat_threshold=1208550028 545261666 1114347144 8519702 37122 545357988 4693952 34693398 192 67633312 1111674912 277880960 143812801 335937680 2357251080 8393441 131072 3 293601312 2359296 3510844180 34 2147647744 696320256 33554452 269112384 134242498 272760832 243306497 402690068 41943044 455217152 2415919108 41984 577045012 2148549634 805380098 2348941574 2 73991172 3224005184 1786773562 84017736 437272614 33914930 3356588544 70516898 1260976256 541329696 201409554 137232897 1075905568 69241107 302006280 86315528 134775296 16777216 0 16 2147485442 1091395618 3359720450 671776784 76030216 2147483648 524288 16814082 16777220 336855072 4196297 2428579904 1109477400 265753 1275076865 38019656 76548936 1613240929 1 285212675 402794500 25167944 1616911936
is_linear=0
shrinkage=0.1


Tree=22
num_leaves=31
num_cat=23
split_feature=0 4 9 0 4 10 9 8 8 11 10 9 9 8 9 10 6 9 9 11 11 8 9 0 8 11 5 8 8 9
split_gain=239.212 171.166 84.2844 83.289 70.6305 69.8166 68.7921 51.3251 47.0563 44.4897 42.7481 41.0912 38.674 29.754 28.068 26.5602 26.062 26.002 25.7069 24.8394 23.9146 23.1865 23.0195 22.5913 22.1764 31.7143 22.5617 22.1728 22.1428 21.4614
threshold=243.00000000000003 195.00000000000003 0 -1.0000000180025095e-35 1665.0000000000002 1 2 3 4 5 6 7 8 9 10 11 426.50000000000006 12 13 14 15 16 17 -62.999999999999993 18 19 12.500000000000002 20 21 22
decision_type=2 2 9 2 2 9 9 9 9 9 9 9 9 9 9 9 2 9 9 9 9 9 9 2 9 9 2 9 9 9
left_child=1 3 9 8 -2 11 19 12 17 -3 14 16 -8 -12 -11 18 -4 -1 -9 -7 21 -13 -6 28 -17 26 -26 -18 -15 -5
right_child=4 2 5 29 22 6 7 15 -10 10 13 20 -14 23 -16 24 27 -19 -20 -21 -22 -23 -24 -25 25 -27 -28 -29 -30 -31
leaf_value=0.011351711235060267 11.499501802005955 1.9188390082971574 -1.1632302128775995 0.21340692042113363 -6.7563357624159597 -1.9084632040678224 -4.6240553706046041 -5.4727713680470487 0.56452651039745982 -16.639874254945521 -4.7269630017521598 -1.6588778688050085 -1.168282158014492 -6.164348359971382 -2.7617721303275307 -0.44694163309561719 0.66057559639841912 -0.81771585017373316 1.0141888606467231 1.2992671006299343 1.9104974408502955 0.768833375106039 2.4757808027146808 -0.59140236711468241 -18.284627949417469 0.60438625996115414 -5.4609898257250142 -0.06254673137907503 -1.7110702273012928 2.261426737674364
leaf_weight=4841 73446 6234 2758 5789 2059 1903 2350 1937 18836 962 1594 2686 25495 2583 801 35817 31520 4175 1214 38005 41706 9775 6579 36770 144 47102 342 27721 4920 49126
leaf_count=4841 73446 6234 2758 5789 2059 1903 2350 1937 18836 962 1594 2686 25495 2583 801 35817 31520 4175 1214 38005 41706 9775 6579 36770 144 47102 342 27721 4920 49126
internal_value=0.00248043 0.00148748 0.000451657 0.00554653 0.0074051 0.00117104 -0.000222979 -0.00147005 0.0010922 -0.00316034 -0.00420025 0.00302266 -0.00520373 -0.00361031 -0.0194416 -0.000268465 0.00126417 -0.004846 -0.00926605 0.00335137 0.00503479 0.00118756 -0.00114841 -0.00312467 7.25293e-05 0.00148704 -0.0236694 0.00170676 -0.00812608 0.0078057
internal_weight=489190 407106 324339 82767 82084 270475 154309 114401 27852 53864 47630 116166 27845 45867 1763 86556 61999 9016 3151 39908 54167 12461 8638 44273 83405 47588 486 59241 7503 54915
internal_count=489190 407106 324339 82767 82084 270475 154309 114401 27852 53864 47630 116166 27845 45867 1763 86556 61999 9016 3151 39908 54167 12461 8638 44273 83405 47588 486 59241 7503 54915
cat_boundaries=0 4 6 11 15 19 21 23 28 32 36 39 41 45 49 51 52 56 61 65 66 70 74 78
cat_threshold=134242497 1413873696 1318702105 8397440 557582473 12 845152788 34135558 809501090 2822897920 2 4284448 3312510209 2047344688 201531904 2156134408 186781824 2416181252 304400 3238213904 20 131088 2 3239608580 572531600 6291520 137105470 3 32 18874640 4096 268702720 2097153 0 16777216 301989928 0 335544320 1207959552 3221225476 34 2148401153 2147557376 268435460 1720449 68321536 2097168 2149580800 17109049 2150107168 4 271112 2281701376 2148532608 805306368 2163200 369199372 44040342 2281701388 15205096 1 2293764684 302979610 2223046728 2097344 2147483648 2248835328 2452636048 105054208 3308160 2282792192 103948289 67113312 153094656 134218496 16 131072 48
is_linear=0
shrinkage=0.1


Tree=23
num_leaves=31
num_cat=21
split_feature=0 4 2 4 0 0 9 8 9 10 11 5 8 8 9 8 4 0 8 9 9 9 10 9 10 8 8 9 8 9
split_gain=235.166 151.017 81.1857 71.7866 57.739 51.8725 47.3198 44.9127 43.1552 45.12 40.9284 61.5041 40.2367 39.7362 37.4139 36.3022 34.9686 34.917 39.5051 34.6845 32.4449 28.0563 27.9071 27.0096 26.8529 26.5196 22.5363 22.1131 21.4734 21.3747
threshold=87.000000000000014 765.00000000000011 -50.999999999999993 195.00000000000003 405.00000000000006 -434.99999999999994 0 1 2 3 4 5.5000000000000009 5 6 7 8 255.00000000000003 273.00000000000006 9 10 11 12 13 14 15 16 17 18 19 20
decision_type=2 2 8 2 2 2 9 9 9 9 9 2 9 9 9 9 2 2 9 9 9 9 9 9 9 9 9 9 9 9
left_child=2 14 5 15 12 -1 25 20 9 -9 11 -10 21 -8 16 27 -2 18 -18 -14 -5 -3 -16 26 -21 -7 -13 -4 -11 -12
right_child=1 4 3 7 -6 6 13 8 10 28 29 23 19 -15 22 -17 17 -19 -20 24 -22 -23 -24 -25 -26 -27 -28 -29 -30 -31
leaf_value=-12.291456661835031 3.6416700527867607 -5.2009189753705245 0.74595390576024667 2.3318980346330611 16.127481452004897 -11.901446960856219 -1.6400068364913052 -10.208209472539362 -14.083922347629676 -2.1865428923423078 0.78860094515074675 -4.8533754299705008 -1.4316682794290019 0.10949229780673614 0.34071455280138552 1.086006711798821 -1.7361860339086506 8.0524769627309762 0.60866437137005525 -7.3404093357780855 0.25799265208167771 -0.98542420021379429 5.1487341365667341 0.032102366871212172 2.172895565755169 -1.6688261111801221 -1.3713008378983345 -0.18830370439511912 -0.36529377100814686 0.032418044733106395
leaf_weight=515 12680 3678 6259 15334 14175 391 9116 1466 218 3941 32523 2651 10971 29989 4510 34579 2794 6876 10904 288 27594 8376 86470 9478 32798 8909 5384 8903 11427 85993
leaf_count=515 12680 3678 6259 15334 14175 391 9116 1466 218 3941 32523 2651 10971 29989 4510 34579 2794 6876 10904 288 27594 8376 86470 9478 32798 8909 5384 8903 11427 85993
internal_value=0.00241092 0.0051095 0.000629518 0.00137009 0.00140512 -0.00309076 -0.00275488 0.00050911 -0.000292571 -0.00506768 0.000297747 -0.00418184 -3.5465e-05 -0.00122843 0.00720527 0.00476287 0.00433021 0.00178575 -0.00113301 0.00136542 0.00336718 -0.00515252 0.00825475 -0.00352709 0.00298103 -0.00916219 -0.00778745 0.000680201 -0.00346079 0.000968227
internal_weight=489190 194520 294670 245750 70286 48920 48405 196009 153081 16834 136247 17731 56111 39105 124234 49741 33254 20574 13698 44057 42928 12054 90980 17513 33086 9300 8035 15162 15368 118516
internal_count=489190 194520 294670 245750 70286 48920 48405 196009 153081 16834 136247 17731 56111 39105 124234 49741 33254 20574 13698 44057 42928 12054 90980 17513 33086 9300 8035 15162 15368 118516
cat_boundaries=0 5 9 14 15 17 21 25 29 33 37 41 45 49 50 54 56 60 64 68 72 77
cat_threshold=168317056 876687400 1321254984 84017796 1 1157662090 549519492 361344 13722710 535777 1143210208 1073871360 1353720448 1 134885656 2153779750 27 1090871328 3894528018 805486608 92807560 273678916 1145180304 2160132272 67393227 2818597322 21037060 176394257 402654288 2164260872 153227264 2558525508 134226944 1024 16781314 2164260868 336625824 474048717 71696528 159426560 9437859 344065042 19056128 814024192 2970654032 3297771659 69206528 144719880 2759224 1090593024 139493890 964796692 2318401540 672091136 1073741824 32 1024 131072 16777472 8 2182234112 2201485376 2617246724 136610305 262145 598016 268500992 23592967 8394821 201856259 2214592584 419430408 34865684 2281719831 2954887224 2353463558 2
is_linear=0
shrinkage=0.1


Tree=24
num_leaves=31
num_cat=23
split_feature=0 4 4 0 10 9 9 10 9 8 9 8 8 9 0 4 9 11 10 8 8 8 8 9 10 7 0 11 8 8
split_gain=220.836 112.809 91.4348 54.1693 51.2714 65.9064 50.9266 45.6732 39.0267 35.5122 35.2836 34.8941 34.8484 32.9673 31.6112 43.8103 41.5445 30.0543 28.8499 29.0425 28.3742 26.7507 25.0254 23.9469 23.3155 23.2073 22.8458 22.5337 22.502 21.7613
threshold=135.00000000000003 975.00000000000011 195.00000000000003 -8.9999999999999982 0 1 2 3 4 5 6 7 8 9 297.00000000000006 285.00000000000006 10 11 12 13 14 15 16 17 18 19 -104.99999999999999 20 21 22
decision_type=2 2 2 2 9 9 9 9 9 9 9 9 9 9 2 2 9 9 9 9 9 9 9 9 9 1 2 9 9 9
left_child=2 14 3 9 6 17 21 8 -3 -1 22 -12 23 -9 15 -2 18 28 19 -17 -20 -4 -7 -5 -18 -24 -13 -8 -6 -28
right_child=1 7 4 12 5 10 27 13 -10 -11 11 26 -14 -15 -16 16 24 -19 20 -21 -22 -23 25 -25 -26 -27 29 -29 -30 -31
leaf_value=-0.35067876109418211 5.2574323752551324 -7.5384199084564578 0.99217266013557648 -0.53154975314553288 -2.6978018900983609 -4.6672035002751642 0.097134337559574874 -1.8159937520848795 -0.73607317013545626 0.54802028657751201 0.74339586351559128 -4.4617633723964252 1.6026336425824639 3.7337337858136923 16.539666868688414 1.856342919597658 -2.6679751534259082 1.716350176594845 -0.8920301981972989 -4.8202952162920774 4.6485892114947438 -0.3526342451694881 -3.1101448490288073 0.79307442713980625 3.6487286093030669 -0.83480804280369858 -1.198307895696098 1.0394743571210412 0.22259122056186481 -0.080238614770498373
leaf_weight=9262 23269 2803 8480 2730 2102 3407 19854 6916 7389 16095 22038 6130 33713 23524 45654 1373 1329 21499 3598 2737 4584 33818 5068 6857 23749 28479 16330 53634 11201 41568
leaf_count=9262 23269 2803 8480 2730 2102 3407 19854 6916 7389 16095 22038 6130 33713 23524 45654 1373 1329 21499 3598 2737 4584 33818 5068 6857 23749 28479 16330 53634 11201 41568
internal_value=0.00238619 0.00562906 0.000994113 0.00425696 0.000175361 -0.000997136 0.00177346 0.00114737 -0.00464419 0.000586426 -0.00208404 -0.000974023 0.00640647 0.00308703 0.00734225 0.00584591 0.00372491 0.00284442 -0.00103886 -0.00786408 0.00239502 -0.000990829 -0.00466833 0.00108055 0.00605788 -0.00383616 -0.00215528 0.00336445 -0.000891609 -0.00154099
internal_weight=489190 146925 342265 68657 273608 157822 115786 40632 10192 25357 123020 86066 43300 30440 106293 60639 37370 34802 12292 4110 8182 42298 36954 9587 25078 33547 64028 73488 13303 57898
internal_count=489190 146925 342265 68657 273608 157822 115786 40632 10192 25357 123020 86066 43300 30440 106293 60639 37370 34802 12292 4110 8182 42298 36954 9587 25078 33547 64028 73488 13303 57898
cat_boundaries=0 2 7 12 14 19 23 28 32 35 39 43 45 47 51 55 59 63 67 69 70 71 75 79
cat_threshold=566048809 12 845218332 571524622 813695264 2823028992 2 1208000640 308554188 1287192577 136843280 1 3510870292 42 444776716 369140290 134217792 155062321 1 2424569864 455086208 3355705348 134522128 2164932833 209788928 172018764 9462401 1 16951594 145031750 397120 33817653 2147483652 16912384 2558525440 21047489 1147535492 2306918408 549464768 2282774730 96665604 178335792 402670659 2385058466 28 2957127492 42 67650336 100679685 2353270784 35785792 16416 69210128 4 152338592 2223538470 2199077908 1477181440 1180673 8406025 33554520 285212936 302006280 134218240 0 131136 48 1359020292 32 4 262920 9469954 1048768 2156396556 19263488 139526212 2232608128 1786773520 69414920
is_linear=0
shrinkage=0.1


Tree=25
num_leaves=31
num_cat=21
split_feature=0 4 0 9 9 8 11 9 9 8 1 10 9 0 0 4 8 9 4 8 9 8 9 8 10 9 0 8 11 9
split_gain=214.442 187.887 95.3917 59.3207 47.829 43.0996 41.0435 58.8302 38.0343 37.7043 35.3249 35.2808 46.3938 34.3579 34.0645 37.0181 34.7554 28.3421 27.6716 26.9118 27.6347 24.679 24.9047 23.7019 23.5076 31.3548 23.4681 23.0492 21.5427 19.9399
threshold=21.000000000000004 465.00000000000006 369.00000000000006 0 1 2 3 4 5 6 -50.999999999999993 7 8 -470.99999999999994 219.00000000000003 105.00000000000001 9 10 2985.0000000000005 11 12 13 14 15 16 17 153.00000000000003 18 19 20
decision_type=2 2 2 9 9 9 9 9 9 9 8 9 9 2 2 2 9 9 2 9 9 9 9 9 9 9 2 9 9 9
left_child=4 11 3 28 5 -1 7 -5 27 -10 13 17 14 -6 15 -13 -17 23 -4 20 -12 22 -15 26 25 -11 -2 -8 -3 -26
right_child=1 2 18 6 10 -7 8 -9 9 24 19 12 -14 21 -16 16 -18 -19 -20 -21 -22 -23 -24 -25 29 -27 -28 -29 -30 -31
leaf_value=-0.28277681783436964 -1.2772077841221379 -8.129797112256087 15.818702215423528 -4.560338132346315 -12.811315035124544 0.95859107195269255 -0.49115558500789558 -0.21911656299111729 -1.4258815737381414 -7.0702025787651763 -0.21195169612807718 1.9158998213213707 3.1208237728079511 -2.9825401697581517 5.5467681152317345 0.8158535496540037 -1.7455144993895986 2.7383877644337815 -4.6549707906977416 -0.2096468209994713 1.2462360007695703 -0.40499596759181522 -0.68929023771653553 2.0614659123623356 1.9918228032102854 -0.15550553877515022 1.2785605239283504 2.0953034210347949 3.4842969964049937 -0.031361823274030906
leaf_weight=17036 1385 333 24365 6639 320 38334 7306 15838 15310 1478 13780 2739 20867 5053 6125 3509 6865 77815 1732 73539 18027 24379 5408 4107 16915 3414 1451 25197 20801 29123
leaf_count=17036 1385 333 24365 6639 320 38334 7306 15838 15310 1478 13780 2739 20867 5053 6125 3509 6865 77815 1732 73539 18027 24379 5408 4107 16915 3414 1451 25197 20801 29123
internal_value=0.00234285 0.00405381 0.00187479 0.000855895 -0.00021922 0.00226977 3.29989e-06 -0.00385245 0.00088129 -0.000493585 -0.00120015 0.00699351 0.00454568 -0.00394482 0.00100166 -0.00187371 -0.00460382 0.00815025 0.00743266 -0.000284206 0.00214571 -0.00364523 -0.00770604 0.00201783 0.000814684 -0.00576907 -0.00500351 0.00368253 0.00574347 0.00151538
internal_weight=489190 293314 168451 142354 195876 55370 121220 22477 98743 66240 140506 124863 40105 35160 19238 13113 10374 84758 26097 105346 31807 34840 10461 6943 50930 4892 2836 32503 21134 46038
internal_count=489190 293314 168451 142354 195876 55370 121220 22477 98743 66240 140506 124863 40105 35160 19238 13113 10374 84758 26097 105346 31807 34840 10461 6943 50930 4892 2836 32503 21134 46038
cat_boundaries=0 5 9 13 15 20 25 29 31 35 39 43 47 51 55 60 64 66 70 74 75 79
cat_threshold=572785172 2719536682 809763328 2483159300 2 821428244 3221277696 806617344 2370863386 10358788 33706592 3132104708 84313160 2689116676 19 142770304 75497920 36749316 683415696 1 348783904 134349248 36835592 1617807360 1 1279345768 539017234 1384218676 226787336 792495289 4 2281865472 463536384 168955925 1362117744 167905026 16468 430084 2397312 16512 268435456 33652736 20 1208537344 8458246 2418374148 45367318 1242063617 910438816 2307407962 131104 2214593025 83235201 2428506272 117449450 2315781120 891355652 142700640 2299584 1 134217728 0 2164260864 268697600 268569105 2 1048579 1361125376 2164260866 16778257 2174558209 2416575496 2684362802 3145728 2147483648 1048576 1369514001 2214592624 134222953
is_linear=0
shrinkage=0.1


Tree=26
num_leaves=31
num_cat=19
split_feature=0 4 4 1 8 0 9 0 9 10 8 4 0 9 9 9 8 9 9 10 8 5 9 8 5 8 9 8 8 3
split_gain=211.046 109.25 80.271 43.4501 50.5904 41.3116 40.0233 37.5069 37.048 35.2302 34.8539 34.4631 44.0975 41.6609 34.0702 33.8374 33.8372 29.3371 29.1764 28.6844 27.3014 25.2286 36.3751 28.7516 27.768 24.9372 23.6336 25.5578 23.1095 44.4859
threshold=129.00000000000003 975.00000000000011 165.00000000000003 -38.999999999999993 0 -32.999999999999993 1 489.00000000000006 2 3 4 255.00000000000003 321.00000000000006 5 6 7 8 9 10 11 12 6.5000000000000009 13 14 5.5000000000000009 15 16 17 18 2.5000000000000004
decision_type=2 2 2 8 9 2 9 2 9 9 9 2 2 9 9 9 9 9 9 9 9 2 9 9 2 9 9 9 9 2
left_child=2 11 5 15 6 25 -5 9 -7 10 -3 -2 13 20 28 -4 18 -11 -17 -15 -13 22 23 24 -16 -1 -23 -28 29 -6
right_child=1 7 3 4 14 8 -8 -9 -10 17 -12 12 -14 19 21 16 -18 -19 -20 -21 -22 26 -24 -25 -26 -27 27 -29 -30 -31
leaf_value=-0.79042125338277536 5.7164735242200031 -7.8458134204390833 0.82251324818553018 -0.37352304228927835 -2.9019370015707668 0.11492765964409984 1.3951232307654038 19.28792302230449 1.2110660865463261 -2.5747955959199347 -1.204065892021267 -2.39188802383048 14.415846082437936 -2.3214905495249201 -11.692442957795727 -4.6596692715325787 -0.42623566057002144 2.1167332591616717 -0.87001938223613573 3.7743056062209313 0.33216204510880004 0.90331131669708287 0.16867764877619698 -1.4031288309674015 -3.2901179037261112 0.26590185469979605 0.51658749160260409 -0.17428773466956074 -0.33446082875161043 -1.4752248580006313
leaf_weight=3034 39016 2613 10328 10768 415 11241 34113 7602 31563 6262 5877 1046 26397 1993 189 3967 39540 19690 6271 26376 15359 31365 4093 1874 724 9755 43381 70601 17472 6265
leaf_count=3034 39016 2613 10328 10768 415 11241 34113 7602 31563 6262 5877 1046 26397 1993 189 3967 39540 19690 6271 26376 15359 31365 4093 1874 724 9755 43381 70601 17472 6265
internal_value=0.00228459 0.00537479 0.000888506 0.000202441 0.000850131 0.0043608 0.00384732 0.00103796 0.00585086 -0.000365251 -0.00595294 0.0070296 0.00572017 0.00380891 8.72507e-05 -0.00218181 -0.00326223 0.00146445 -0.00838407 0.00612742 -0.000204081 0.000640909 -0.00527616 -0.0140615 -0.0285699 -0.000626319 0.000921038 0.000251948 -0.00340121 -0.0084006
internal_weight=489190 152231 336959 281366 221260 55593 44881 42044 42804 34442 8490 110187 71171 44774 176379 60106 49778 25952 10238 28369 16405 152227 6880 2787 913 12789 145347 113982 24152 6680
internal_count=489190 152231 336959 281366 221260 55593 44881 42044 42804 34442 8490 110187 71171 44774 176379 60106 49778 25952 10238 28369 16405 152227 6880 2787 913 12789 145347 113982 24152 6680
cat_boundaries=0 4 9 13 15 19 23 28 32 36 40 45 47 51 55 59 63 68 72 76
cat_threshold=35208 608239812 4560770 43082006 1208247429 570689536 151618590 143475202 1 2349368066 16777216 0 134243376 3494093076 42 448881668 1677746576 3523411970 161550344 2281726408 96665620 178335744 402662491 12352 67895408 1079204608 1370503328 1 1078199869 135285892 822476802 2831155465 67175233 67265408 289420170 84935371 155265729 1420165120 2172700716 1619010176 2450522112 1950384690 2281718556 1156738 1 1493762304 32 1088 2 50331648 336592936 402685956 188850308 2097152 116051 2155872256 3659008017 2281701376 35328 2181038090 320868480 402718724 136348704 847577622 1090536454 335552536 2349007174 2 2476872259 269484802 607666188 153128064 29360197 269488403 142606408 136315904
is_linear=0
shrinkage=0.1


Tree=27
num_leaves=31
num_cat=22
split_feature=0 4 0 4 11 9 9 10 8 8 9 8 8 4 9 9 10 9 8 9 8 4 8 6 8 9 9 6 9 8
split_gain=203.15 125.721 71.0928 59.2808 50.9098 89.3332 53.9108 44.4993 40.982 38.2656 53.0936 35.5018 34.673 33.0217 36.8785 32.0332 26.8267 26.1532 25.629 25.493 32.7727 48.1725 30.4837 24.9978 22.951 22.0948 21.7127 19.4605 18.519 18.4584
threshold=261.00000000000006 195.00000000000003 15.000000000000002 1575.0000000000002 0 1 2 3 4 5 6 7 8 405.00000000000006 9 10 11 12 13 14 15 105.00000000000001 16 363.50000000000006 17 18 19 974.50000000000011 20 21
decision_type=2 2 2 2 9 9 9 9 9 9 9 9 9 2 9 9 9 9 9 9 9 2 9 2 9 9 9 2 9 9
left_child=1 2 8 17 5 7 12 -3 25 10 16 -9 15 29 -15 -6 27 -2 -7 20 21 -4 -23 -13 -16 -1 -5 -8 -10 -11
right_child=3 4 19 26 6 18 9 11 28 13 -12 23 -14 14 24 -17 -18 -19 -20 -21 -22 22 -24 -25 -26 -27 -28 -29 -30 -31
leaf_value=0.54212256390505409 -9.5805299265943038 -0.90713997684050129 -0.12952370819435188 -7.1678202198497747 -0.91636484831231724 -1.553359967617812 -16.583511491138172 -7.9971745046882283 1.557760766396608 1.5597437501062306 0.096987007710693601 -13.060019649269259 1.4616322175872691 -1.1099359448862323 0.90340731146481135 0.73023932369692024 -1.5170137689028156 10.291517386742335 0.39598598499437188 1.9411414743636854 0.65070925095750598 -0.67434458364181615 -4.7231520671268266 -3.8132816646065004 0.064044527743364207 -0.37281640285958989 2.7059131100245835 5.234432474851844 0.21495874983668323 0.13625161484208501
leaf_weight=3008 786 6502 559 2290 6095 7693 208 3344 7700 17506 30429 67 44929 22577 29276 9795 17356 64927 33160 44357 3821 109 142 5340 81569 8677 7024 67 15935 13942
leaf_count=3008 786 6502 559 2290 6095 7693 208 3344 7700 17506 30429 67 44929 22577 29276 9795 17356 64927 33160 44357 3821 109 142 5340 81569 8677 7024 67 15935 13942
internal_value=0.00224248 0.00137514 0.00482137 0.0070304 0.000494308 -0.00224963 0.00105673 -0.00877744 0.00140147 0.00030666 -0.00217599 -0.0134334 0.00368229 0.00103045 0.000343422 -0.000333333 -0.00654101 0.00808866 0.000189169 0.00728709 0.000217626 -0.0179268 -0.0545418 -0.00838656 0.00109377 -0.00344164 -0.000435903 -0.0370175 0.00379573 0.00394556
internal_weight=489190 414163 84308 75027 329855 56106 273749 15253 35320 212930 48060 8751 60819 164870 133422 15890 17631 65713 40853 48988 4631 810 251 5407 110845 11685 9314 275 23635 31448
internal_count=489190 414163 84308 75027 329855 56106 273749 15253 35320 212930 48060 8751 60819 164870 133422 15890 17631 65713 40853 48988 4631 810 251 5407 110845 11685 9314 275 23635 31448
cat_boundaries=0 2 7 12 13 17 21 25 29 33 37 41 43 46 50 54 57 59 63 67 71 75 79
cat_threshold=2695373346 27 134906944 1015251712 2184265732 137386128 1 48497172 672776718 807665664 2235729152 2 3389599750 2147745801 186650624 3489923076 134259984 5260832 1140903939 4211212468 352321737 219152512 1344547073 2332168680 405811217 2484240386 19947666 263252 323636 134963777 1342585098 580460544 136839680 29834 6559888 1233702546 10944 41943040 1049094 270532608 2168487936 0 2 2248 67108864 33562624 2148564996 186254336 947912708 17056512 134218496 0 131072 48 0 131072 2147483648 0 131072 9011202 396612 9812288 146350612 268697605 1073750016 0 532609 339937548 581181590 2298482700 25199272 152469504 4044390912 273678352 140542225 2298650882 13107204 71565378 167832100
is_linear=0
shrinkage=0.1


Tree=28
num_leaves=31
num_cat=22
split_feature=0 4 0 9 0 4 11 8 8 9 8 9 9 8 11 8 10 9 9 8 1 8 4 9 9 8 8 9 4 8
split_gain=200.176 152.244 78.5829 50.1592 46.8399 43.5797 42.156 47.0452 40.9405 38.8521 34.9769 32.6571 29.8408 32.3352 31.5387 27.7217 26.7706 26.4136 25.1891 36.7258 23.6865 23.3164 30.7913 22.8967 22.6875 22.2473 21.3462 20.5655 20.1908 19.9728
threshold=57.000000000000007 465.00000000000006 405.00000000000006 0 -56.999999999999993 135.00000000000003 1 2 3 4 5 6 7 8 9 10 11 12 13 14 207.00000000000003 15 315.00000000000006 16 17 18 19 20 2865.0000000000005 21
decision_type=2 2 2 9 2 2 9 9 9 9 9 9 9 9 9 9 9 9 9 9 10 9 2 9 9 9 9 9 2 9
left_child=4 12 3 15 8 25 7 -5 24 26 11 -7 13 20 21 -3 23 -10 19 -12 -2 22 -14 -11 -1 -6 -8 -9 -4 -18
right_child=1 2 28 6 5 10 9 27 17 16 18 -13 14 -15 -16 -17 29 -19 -20 -21 -22 -23 -24 -25 -26 -27 -28 -29 -30 -31
leaf_value=1.8393473583082365 -1.8524302862057416 -2.7899610156871812 15.42182079677451 -4.3279386412015652 0.011825389209909904 -0.2786732170246376 -1.1054105193624764 -1.3824332560651507 -2.4015839781804775 -19.074077635408251 -0.25432835549625182 1.3257207377792042 1.250342699808811 1.1181410685939082 3.3720629016603789 -0.5076236291441506 1.0065300764395786 -0.82338430097339155 -0.11466802212131072 1.2402074316935978 1.0963791377687253 3.3730777230008941 -2.7212454554157794 -1.0591256482453504 -0.2756328287704245 1.2392081054202866 1.114817308647599 2.3439766428680295 -4.1295418271155624 3.3411188469585116
leaf_weight=6373 770 5156 20797 4659 5561 8774 9608 5819 7271 151 11689 22559 8103 12202 63176 20347 12825 28009 120676 16705 542 12908 2508 421 14449 13426 16266 7874 1605 27961
leaf_count=6373 770 5156 20797 4659 5561 8774 9608 5819 7271 151 11689 22559 8103 12202 63176 20347 12825 28009 120676 16705 542 12908 2508 421 14449 13426 16266 7874 1605 27961
internal_value=0.00216685 0.00428194 0.00207051 0.000980943 0.00023218 0.000950399 0.0021408 -0.00210652 -0.00232042 0.00330032 0.00047078 0.00350732 0.00722779 0.00284975 0.007909 -0.00291106 0.00520161 -0.00439501 -0.000167695 0.00251162 -0.0120121 0.00477666 0.00130025 -0.0161168 0.00119624 0.00550745 0.000260393 0.00084872 0.00747344 0.00550446
internal_weight=489190 233698 133489 111087 255492 199390 85584 18352 56102 67232 180403 31333 100209 13514 86695 25503 41358 35280 149070 28394 1312 23519 10611 572 20822 18987 25874 13693 22402 40786
internal_count=489190 233698 133489 111087 255492 199390 85584 18352 56102 67232 180403 31333 100209 13514 86695 25503 41358 35280 149070 28394 1312 23519 10611 572 20822 18987 25874 13693 22402 40786
cat_boundaries=0 4 6 10 14 18 22 27 31 35 37 41 42 46 51 55 59 64 68 72 76 80 84
cat_threshold=2282776776 340000788 176540680 8394433 3765058052 25 17981440 69235072 3087007748 137212448 3624403084 545265674 38506120 8519990 1094713345 1092814977 3238015202 1762680890 37184 8487076 4693952 47267863 153418112 2420381953 83919894 136577027 1 16768 306184192 169054225 1342178416 67108864 0 2147483649 339738624 2149727010 20 1075925096 6419 2204123144 470876200 134226176 1375750144 2254733424 152136192 79442048 562299409 2415969282 2953158658 2349892870 2 1125714061 152179729 3499114500 16945224 2148040704 2335186944 301989892 287264 0 536870912 0 2097152 1 2432731670 1074957394 538181696 143782146 268435458 421543936 3221233668 295200 1410662436 2837496848 2449580084 2130120 378143746 679510208 1076887556 139053088 3382272608 2570589194 872546306 10486272
is_linear=0
shrinkage=0.1


Tree=29
num_leaves=31
num_cat=24
split_feature=0 4 0 4 9 10 9 8 8 10 9 8 9 8 8 8 9 4 9 8 0 8 9 8 11 8 9 11 9 8
split_gain=194.399 131.298 66.8338 48.9759 45.9504 41.8085 40.0275 37.9307 36.5048 35.6965 55.8387 30.759 34.3794 30.5017 27.4188 25.4237 33.0033 50.5669 23.356 26.1325 23.2528 22.9983 21.1085 20.6565 20.4774 23.3079 21.4487 21.0506 19.982 19.6988
threshold=93.000000000000014 465.00000000000006 477.00000000000006 135.00000000000003 0 1 2 3 4 5 6 7 8 9 10 11 12 105.00000000000001 13 14 -98.999999999999986 15 16 17 18 19 20 21 22 23
decision_type=2 2 2 2 9 9 9 9 9 9 9 9 9 9 9 9 9 2 9 9 2 9 9 9 9 9 9 9 9 9
left_child=3 29 4 15 23 8 7 -5 22 10 21 12 -11 -12 -7 16 17 -1 19 -13 -15 -8 -6 -3 -20 26 -26 -28 -10 -2
right_child=1 2 -4 6 5 14 9 -9 28 11 13 18 -14 20 -16 -17 -18 -19 24 -21 -22 -23 -24 -25 25 -27 27 -29 -30 -31
leaf_value=-0.056418760247006074 0.84430330579150847 -2.8207745599906762 20.20432512031455 -0.15424375709939897 -1.9092781512142427 0.098070028880862609 -7.3135404700099187 0.85567540410042386 -1.8979054774864215 -4.2177262997748421 -3.1928760268928151 -0.8370056968277787 -0.31548306653485542 -2.6374758030338699 2.6344252360196716 1.077691075263808 0.30941235950669582 -1.6999387579942085 0.21419204370705103 0.59733619776564584 0.68926299843578731 -4.5747546451196603 -6.2115538387396327 -0.32045709981891246 -0.36311274312148573 0.065414139747011685 -3.7567540800910439 -1.4903881713083109 4.2483359168227208 3.7111380956554942
leaf_weight=733 8771 6371 16487 21098 2666 16622 1074 43584 4253 259 3418 4108 42957 5447 40970 17569 10149 276 41760 52503 13905 5503 2244 12439 8943 20263 1478 6585 4748 72007
leaf_count=733 8771 6371 16487 21098 2666 16622 1074 43584 4253 259 3418 4108 42957 5447 40970 17569 10149 276 41760 52503 13905 5503 2244 12439 8943 20263 1478 6585 4748 72007
internal_value=0.00214109 0.00466888 0.00236798 0.00056901 0.00129915 0.00245592 0.00015556 0.00232826 -0.00246318 -0.000519516 -0.0037514 1.09583e-05 -0.00231203 -0.00140474 0.00364432 0.00449647 0.000759313 -0.0163984 0.000751198 0.00230144 0.000135317 -0.0118612 -0.00939024 -0.00309777 -0.000359442 -0.00206309 -0.00479196 -0.0085309 0.00132172 0.00771101
internal_weight=489190 187578 106800 301612 90313 71503 272885 64682 13911 208203 29347 178856 43216 22770 57592 28727 11158 1009 135640 56611 19352 6577 4910 18810 79029 37269 17006 8063 9001 80778
internal_count=489190 187578 106800 301612 90313 71503 272885 64682 13911 208203 29347 178856 43216 22770 57592 28727 11158 1009 135640 56611 19352 6577 4910 18810 79029 37269 17006 8063 9001 80778
cat_boundaries=0 4 6 11 15 19 21 25 29 33 37 41 45 49 53 57 61 65 69 71 75 79 81 86 90
cat_threshold=1209034952 342229012 176475144 8390337 3507204356 34 851705878 537970178 805568800 2370863366 2 68755781 1083314282 2693801988 204637184 2449563648 1143006594 1510146050 151622184 3493986518 2 164096 1411391808 1213333504 140336 6297601 3244567040 4185919640 318845440 0 18874368 8 4096 301989892 268829841 1384251392 67117248 1092116513 2310193162 941662228 67142408 343932930 423120896 3355451460 99616 75497728 0 0 1040 2235173641 1226899920 2162163720 8586264 134414336 268435456 0 262144 201327620 8328 2290352128 16392 390595076 1745390336 1074921472 557875258 1102139488 16783378 2197995528 473235624 1700668548 20 2231665164 177754374 4194368 136449440 134324288 2416320516 152191040 537395201 142639378 8 377487367 713040450 3224371268 151900208 1 3163140 8388624 2207289425 473956480
is_linear=0
shrinkage=0.1


Tree=30
num_leaves=31
num_cat=22
split_feature=0 4 0 4 8 8 0 9 9 9 9 8 9 8 9 8 10 9 8 9 9 4 11 8 0 11 9 6 9 8
split_gain=185.478 98.7638 68.1939 77.2896 52.5271 42.6902 36.5062 35.2927 34.1142 32.4466 31.6224 31.0545 30.1475 25.5247 24.3555 24.0753 22.6687 24.1563 26.2393 23.2549 20.4909 20.4019 32.5272 52.3992 24.1915 19.8937 23.1252 22.5893 18.3358 17.116
threshold=159.00000000000003 765.00000000000011 -14.999999999999998 255.00000000000003 0 1 489.00000000000006 2 3 4 5 6 7 8 9 10 11 12 13 14 15 285.00000000000006 16 17 393.00000000000006 18 19 875.50000000000011 20 21
decision_type=2 2 2 2 9 9 2 9 9 9 9 9 9 9 9 9 9 9 9 9 9 2 9 9 2 9 9 2 9 9
left_child=2 12 9 5 7 8 11 -5 -4 15 -6 20 -2 14 -11 -1 19 18 -18 -12 -3 -14 23 24 28 27 -27 -13 -23 -19
right_child=1 6 3 4 10 -7 -8 -9 -10 13 16 25 21 -15 -16 -17 17 29 -20 -21 -22 22 -24 -25 -26 26 -28 -29 -30 -31
leaf_value=-0.37589667898384915 -2.4146004590601935 -4.725836543173064 -0.21961616089948635 -0.40623643390302777 1.1552498024253564 1.291164465014226 15.315023462398102 1.7275682994593726 0.63271576135690177 -1.8354878035800259 -6.30317923279729 -16.49116768217193 5.6959321223816266 -0.20723370126085106 -0.5164921582222135 0.79994347660115894 -1.0803505596465108 -0.26617251402221004 0.053317350553476722 -0.57456110109692593 -0.54975171926433741 -5.6585194791918614 4.7471989619296151 4.1397394288119207 7.7082404962320599 8.7667203055284819 0.49741618783640357 -0.63983776476458298 -0.0019242556812656812 0.63693696900247998
leaf_weight=11082 914 3984 8764 8290 20699 31358 9918 26551 18828 5182 2176 194 35326 73876 12297 21350 11328 16999 19199 31047 6269 2224 33738 7823 986 5363 20135 292 987 42011
leaf_count=11082 914 3984 8764 8290 20699 31358 9918 26551 18828 5182 2176 194 35326 73876 12297 21350 11328 16999 19199 31047 6269 2224 33738 7823 986 5363 20135 292 987 42011
internal_value=0.00208181 0.00535009 0.000921706 0.00191444 0.000876613 0.00505344 0.00164988 0.00435884 0.00218173 -0.000980959 3.05993e-05 0.000178547 0.00743286 -0.00194549 -0.0053811 0.00173602 -0.000579131 0.000248697 -0.00203458 -0.00280956 -0.0044792 0.00763608 0.00624328 0.00177057 -0.00723318 0.00201739 0.00240238 -0.0178226 -0.0114575 0.00143002
internal_weight=489190 128153 361037 237250 178300 58950 46155 34841 27592 123787 143459 36237 81998 91355 17479 32432 122760 89537 30527 33223 10253 81084 45758 12020 4197 25984 25498 486 3211 59010
internal_count=489190 128153 361037 237250 178300 58950 46155 34841 27592 123787 143459 36237 81998 91355 17479 32432 122760 89537 30527 33223 10253 81084 45758 12020 4197 25984 25498 486 3211 59010
cat_boundaries=0 4 8 12 16 20 25 29 33 37 41 45 47 52 56 60 64 66 70 71 76 80 84
cat_threshold=39296 67109028 4595650 441540631 2416443396 2301759488 3632267284 134230528 2281728000 268697601 135300118 680084483 2290123520 16777232 131136 48 2687762452 1082147846 806748464 2823864602 848060980 34882562 818160130 2214789124 2 1094787105 3425233170 404897800 84410760 128 4194304 33554432 268435456 292830209 1143996561 1753219234 83894696 285771776 224395296 2308976648 344331392 336987972 170033184 2292197376 67542600 3489870802 2 3221226688 2105345 237062489 286268112 1 160448584 3242741762 2684387344 297224 17825792 1679819264 134221840 1344282880 113306763 3290694144 2290106368 10754712 2151820034 25 2147483648 2302177282 268435460 49696 2148009988 9180178 2719012361 809501232 2220884264 1 2281701632 159449344 4 16794624 1142775840 578973720 3892330512 69206056
is_linear=0
shrinkage=0.1


Tree=31
num_leaves=31
num_cat=21
split_feature=0 4 4 0 9 11 8 8 8 5 9 9 9 9 9 8 4 9 10 8 10 9 0 8 4 8 9 7 4 8
split_gain=181.448 103.253 60.8292 57.9835 38.8105 41.5153 65.6309 40.0854 36.798 35.2183 35.0239 33.5584 31.8296 28.9811 28.3329 32.0468 40.444 34.6888 34.468 27.2046 25.7446 25.5412 25.4948 23.8706 23.2604 24.4138 27.8644 22.831 21.6513 32.2996
threshold=267.00000000000006 195.00000000000003 1905.0000000000002 1.0000000180025095e-35 0 1 2 3 4 5.5000000000000009 5 6 7 8 9 10 105.00000000000001 11 12 13 14 15 1.0000000180025095e-35 16 1845.0000000000002 17 18 19 165.00000000000003 20
decision_type=2 2 2 2 9 9 9 9 9 2 9 9 9 9 9 9 2 9 9 9 9 9 2 9 2 9 9 1 2 9
left_child=1 3 13 19 8 6 9 10 -3 -6 20 -8 -9 -2 15 16 -5 -18 28 -1 -7 27 23 -10 25 -14 -27 -11 -17 -30
right_child=2 4 -4 14 5 7 11 12 22 21 -12 -13 24 -15 -16 18 17 -19 -20 -21 -22 -23 -24 -25 -26 26 -28 -29 29 -31
leaf_value=-0.14965539927069607 0.8181790734428902 -0.25733451344702707 -2.8276053951869149 -0.00353797799605195 -11.188952287345524 -13.037017571578275 -1.9346978771539078 1.3524784420004856 -0.53261907384250384 -11.088331526203616 0.071006952374753338 0.29291351356454881 0.94691951513576678 9.645598915889197 1.6330621170779791 0.16471607306231775 -0.38226434952364885 -4.426674449791828 1.0487369827316027 0.57788778488309445 -1.0836285250297741 -1.6559827179360529 2.3561610738834249 0.89155381758151653 -1.6712085448738199 -0.66775249905117628 0.18928391803137315 -4.2651574340738732 -1.9094292157639037 1.7032047521571902
leaf_weight=15743 7069 15600 6284 636 183 253 11954 27073 4589 887 26913 32381 33254 59458 29685 6136 144 159 16775 14599 19198 7178 25517 11854 11574 16255 83903 2993 535 408
leaf_count=15743 7069 15600 6284 636 183 253 11954 27073 4589 887 26913 32381 33254 59458 29685 6136 144 159 16775 14599 19198 7178 25517 11854 11574 16255 83903 2993 535 408
internal_value=0.00203643 0.00123107 0.00664199 0.00434449 0.000434584 -6.1348e-05 -0.00250135 0.000559577 0.00279486 -0.00932273 -0.00204986 -0.000770098 0.00126281 0.00753033 0.00629575 0.00379511 -0.014236 -0.0444554 0.00451056 0.000841079 -0.00528185 -0.00861096 0.00433643 0.0012668 0.000674916 0.00104803 0.00026835 -0.0151414 -0.00134151 -0.0154507
internal_weight=489190 416379 72811 84820 331559 273999 55576 218423 57560 11241 46364 44335 172059 66527 54478 24793 939 303 23854 30342 19451 11058 41960 16443 144986 133412 100158 3880 7079 943
internal_count=489190 416379 72811 84820 331559 273999 55576 218423 57560 11241 46364 44335 172059 66527 54478 24793 939 303 23854 30342 19451 11058 41960 16443 144986 133412 100158 3880 7079 943
cat_boundaries=0 5 7 11 15 19 23 28 32 36 41 44 48 50 54 56 61 65 69 73 74 78
cat_threshold=841220624 1627662 805568802 2235728132 2 2426970882 27 2147483648 2203066498 939525212 268752916 5325856 1688262657 3810656400 83886314 168911680 1074212728 546318336 203948544 2299527240 3624143105 2326876360 405807105 2156561536 511901952 1076903936 1333904 1 1048576 2298675200 2228224 537940992 135276744 71696388 2323656704 704 2281734914 195559444 131140 25652 1 0 131072 2147483648 512 0 0 4 3259153216 32 2508455945 523251840 4026531844 134522672 0 2 2281832832 620757008 35717120 10555520 1 67239936 67112964 1073741824 140289 3246424840 140378116 76878658 34750740 8396800 73662496 76025857 1073816120 12 2147483653 0 142606336 512
is_linear=0
shrinkage=0.1


Tree=32
num_leaves=31
num_cat=21
split_feature=0 4 0 6 9 8 9 11 9 4 8 8 6 8 9 10 11 9 9 0 8 8 9 9 9 8 9 9 4 4
split_gain=170.097 104.879 67.9894 43.6201 47.864 43.6193 53.5757 41.2678 43.9672 39.0429 38.311 37.7948 34.3051 40.2024 38.6141 32.8155 30.9337 40.2836 27.293 25.7172 23.3734 23.1947 22.5385 21.7345 21.617 22.3584 21.0915 20.755 19.3635 19.0735
threshold=345.00000000000006 195.00000000000003 39.000000000000007 633.50000000000011 0 1 2 3 4 1575.0000000000002 5 6 1155.5000000000002 7 8 9 10 11 12 -56.999999999999993 13 14 15 16 17 18 19 20 75.000000000000014 165.00000000000003
decision_type=2 2 2 2 9 9 9 9 9 2 9 9 2 9 9 9 9 9 9 2 9 9 9 9 9 9 9 9 2 2
left_child=1 2 10 5 -5 6 15 11 -9 -2 28 27 14 -14 -10 -3 22 20 -13 -20 -18 -16 -7 -12 25 29 -11 -6 -1 -4
right_child=9 3 24 4 7 16 -8 8 12 26 23 18 13 -15 21 -17 17 -19 19 -21 -22 -23 -24 -25 -26 -27 -28 -29 -30 -31
leaf_value=0.69408414567537768 13.307524931938488 -14.255750912389994 -0.22608628263276387 1.2340190048678275 0.27912898263908481 -0.42400400164572427 -0.36898989436374374 0.7360746519380843 -4.8940058904979713 -6.561786063659655 0.19936127819444738 1.4158349372752916 -5.4583277357749411 -1.4512375395830444 -1.8132855063082793 -3.1131204042860832 -3.2541326485863693 0.034017313944287829 -1.0311731887508457 0.42113538950828738 -0.76700583636128661 0.46813958197480698 1.7670475542200774 1.2313849317942394 1.9049044738267522 1.2502682000266554 5.702638582624143 -1.1635521592205074 -0.24992529225539287 -1.9814254628861208
leaf_weight=2410 44432 202 1716 39089 9387 5345 12786 20750 1657 1924 15935 28835 3310 7549 12597 6848 4272 46755 9484 88691 9289 19236 11049 11615 39694 3644 4485 11692 14320 192
leaf_count=2410 44432 202 1716 39089 9387 5345 12786 20750 1657 1924 15935 28835 3310 7549 12597 6848 4272 46755 9484 88691 9289 19236 11049 11615 39694 3644 4485 11692 14320 192
internal_value=0.00199125 0.0013562 0.00440945 0.000572583 0.00126436 -0.00123506 -0.00541368 0.000674397 -0.00142392 0.00746661 0.00162376 0.00159684 -0.00320138 -0.00808638 -0.00161839 -0.0124079 -0.000153806 -0.00120081 0.00224768 0.00145287 -0.00599735 -0.000840687 0.00369666 0.00391509 0.00713566 0.00128012 0.000170074 -0.00232396 -0.00215054 -0.00746611
internal_weight=489190 438349 89526 348823 252277 96546 19836 213188 65099 50841 44280 148089 44349 10859 33490 7050 76710 60316 127010 98175 13561 31833 16394 27550 45246 5552 6409 21079 16730 1908
internal_count=489190 438349 89526 348823 252277 96546 19836 213188 65099 50841 44280 148089 44349 10859 33490 7050 76710 60316 127010 98175 13561 31833 16394 27550 45246 5552 6409 21079 16730 1908
cat_boundaries=0 5 9 13 15 19 23 27 31 35 37 39 44 48 52 56 60 65 69 72 76 80
cat_threshold=839123476 538498094 809762850 2216853764 2 209978400 1342252064 3112182058 69730634 270025220 4099940996 3397386336 272732184 1834290202 4 7434250 2149845520 1098907848 22086698 2147745801 187699200 2415919108 134522128 307314788 1075892241 35864720 92274728 2182218756 2167558274 1125122180 33833632 688128 67109184 0 786432 0 2 537276868 6 268452582 642318340 415302404 1088459784 1 77071362 461504721 2294020 809521793 2147647488 2215641305 529024 134269568 2167411201 2317893898 394789976 268437920 34612224 219425008 2301626432 1265281 2517108483 176234752 144769280 3040298 1 134218496 16 131072 8240 4 131072 3229614080 507709708 572522514 2306871302 679773736 1140859170 29499600 202507648 541133019
is_linear=0
shrinkage=0.1


Tree=33
num_leaves=31
num_cat=23
split_feature=0 4 0 0 4 10 8 9 9 8 9 9 9 10 8 8 8 11 9 8 8 9 8 8 0 8 9 9 4 8
split_gain=163.855 112.181 53.4768 47.8554 51.1292 40.4413 43.5008 40.3642 33.7157 31.7953 31.3464 29.3065 27.753 27.5142 27.3902 23.7858 22.8481 20.7351 20.3298 20.3052 20.1766 19.9555 23.7279 18.0652 17.9829 17.9411 22.6515 16.9297 16.3157 16.3087
threshold=135.00000000000003 465.00000000000006 501.00000000000006 -32.999999999999993 165.00000000000003 0 1 2 3 4 5 6 7 8 9 10 11 12 13 14 15 16 17 18 -266.99999999999994 19 20 21 105.00000000000001 22
decision_type=2 2 2 2 2 9 9 9 9 9 9 9 9 9 9 9 9 9 9 9 9 9 9 9 2 9 9 9 2 9
left_child=3 19 5 12 8 6 -3 29 13 10 -6 -8 15 23 27 -1 17 -9 -19 -2 -15 22 -11 28 -16 26 -23 -14 -5 -7
right_child=1 2 -4 4 9 7 11 16 -10 21 -12 -13 14 20 24 -17 -18 18 -20 -21 -22 25 -24 -25 -26 -27 -28 -29 -30 -31
leaf_value=-1.9752885468806776 -1.1378434679993166 3.3330375095432689 17.714275345526193 -0.42629178257047667 -0.24724485063460555 0.37126561506932099 -5.7768750700771685 -5.3047982988328375 1.1773466644061192 -0.4401133465176793 1.6747552563929187 -1.9594244100438569 1.6366482104497262 -0.032172856049277866 -5.3337893425882301 -0.41171886141165737 3.0784161359309028 3.5349085575450987 -0.55172318127176778 3.8953452978177938 0.70858789979058712 -0.89330957205297978 0.91666070467254945 -0.056105582699660476 -0.28528692715245946 0.10901092468761589 -0.10189705854030309 0.16636297823790852 -3.5564368560731738 -2.6494595123675446
leaf_weight=5847 1016 4544 15036 825 8914 4346 3475 1568 20999 4069 20696 5747 7049 7196 1744 14282 27724 6789 8799 62412 10424 10821 25292 3653 42408 101569 37988 17804 685 5469
leaf_count=5847 1016 4544 15036 825 8914 4346 3475 1568 20999 4069 20696 5747 7049 7196 1744 14282 27724 6789 8799 62412 10424 10821 25292 3653 42408 101569 37988 17804 685 5469
internal_value=0.00195364 0.00474698 0.00233865 0.000754533 0.0014562 0.00115263 -0.00369048 0.00237181 0.00456398 0.000806262 0.003842 -0.00763431 -0.00123814 0.00189664 -0.00028472 -0.0045042 0.00364224 0.000772458 0.00187716 0.00791732 0.00377765 0.000305927 0.00269007 -0.00451769 -0.00177936 -0.00015972 -0.00173518 0.00237019 -0.0136842 -0.00343511
internal_weight=489190 146925 83497 342265 253131 68461 13766 54695 43782 209349 29610 9222 89134 22783 69005 20129 44880 17156 15588 63428 17620 179739 29361 5163 44152 150378 48809 24853 1510 9815
internal_count=489190 146925 83497 342265 253131 68461 13766 54695 43782 209349 29610 9222 89134 22783 69005 20129 44880 17156 15588 63428 17620 179739 29361 5163 44152 150378 48809 24853 1510 9815
cat_boundaries=0 2 6 10 14 18 23 27 32 34 38 42 46 48 52 56 60 65 69 73 77 82 87 91
cat_threshold=3506675988 42 70785792 306319943 80748832 4623488 22046920 1145438340 176289928 545267904 2366145283 2308964612 64 153248820 6400 98469 4595682 445726743 151284108 545523968 134222874 145310723 1 3363880970 1554055442 134217796 137319425 168312960 743478016 138534913 11405956 2 2450014016 32 3356016778 545523721 2453771208 10485782 89238530 2382897169 1551893248 137364136 20717569 2302332930 1006641172 67404680 2684361218 25 9208102 2835464978 3145732 74286112 1024 0 50331649 335544448 16777216 19009536 3489660932 13312 848036409 2148549634 2420474371 201523460 2 851968 1082393602 805306388 41024 25165824 19922944 3221225472 262656 1144012901 2701144640 3665870872 67242760 2101248 346037137 33685824 1107048 1 2147751956 1082328082 537133060 2214716769 1 138447882 1077993472 110237136 54667842
is_linear=0
shrinkage=0.1


Tree=34
num_leaves=31
num_cat=19
split_feature=0 4 4 0 8 9 0 8 9 0 8 9 8 8 10 9 4 8 9 11 8 4 9 6 6 9 8 9 9 2
split_gain=159.204 77.403 63.0073 53.1468 36.3334 35.7176 31.1304 36.8281 32.8179 28.5316 28.7976 25.8751 26.2068 25.2118 24.8245 25.9586 23.2209 23.756 22.8599 22.4889 23.8713 34.2458 22.4696 20.0077 19.6313 34.8682 20.7892 17.928 16.397 15.7407
threshold=279.00000000000006 195.00000000000003 765.00000000000011 39.000000000000007 0 1 -92.999999999999986 2 3 573.00000000000011 4 5 6 7 8 9 105.00000000000001 10 11 12 13 135.00000000000003 14 656.50000000000011 435.50000000000006 15 16 17 18 -110.99999999999999
decision_type=2 2 2 2 9 9 2 9 9 2 9 9 9 9 9 9 2 9 9 9 9 2 9 2 2 9 9 9 9 8
left_child=1 3 -2 4 -1 -3 13 8 -8 10 27 12 16 -7 18 -16 -5 -18 23 20 21 -13 -6 -9 25 26 -17 -4 -26 -15
right_child=2 5 9 11 22 6 7 14 -10 -11 -12 19 -14 29 15 24 17 -19 -20 -21 -22 -23 -24 -25 28 -27 -28 -29 -30 -31
leaf_value=-0.15042243417631132 9.2913722765255624 3.3203400899071092 -6.4893734985333937 -0.20026036876455963 1.2477733234549202 -3.4470512922807579 -0.16811051703475843 -9.2321196374739589 1.2620055421006799 20.23165393468561 2.1830505018430015 0.13050370465859845 0.44766729226142243 -3.1173731158300608 -1.9323966548912759 -0.62099881841953986 -0.97598396130424236 -4.1820870414655671 -0.83372243849868044 1.7274305197525892 1.9169620254780704 -3.191366364310575 0.15775128032558855 -2.7436394610599928 0.4371331686684185 -0.087421940696448056 -3.5399135772847297 -1.5573024489007605 0.0026290024915653926 -0.098634565734002477
leaf_weight=14721 44057 10160 1925 582 10001 4257 16966 492 35506 7296 12135 2639 4550 4435 5984 1403 282 123 2208 28909 3625 692 19558 913 61807 10422 1915 3329 161882 16416
leaf_count=14721 44057 10160 1925 582 10001 4257 16966 492 35506 7296 12135 2639 4550 4435 5984 1403 282 123 2208 28909 3625 692 19558 913 61807 10422 1915 3329 161882 16416
internal_value=0.00185368 0.00112423 0.00631521 0.00380617 0.00139792 0.000437799 0.000254948 0.000538501 0.00294425 0.00227061 6.84344e-05 0.00638182 1.26198e-05 -0.00312729 2.73648e-05 0.000149658 -0.014674 -0.0332099 -0.00818935 0.00736307 0.00224806 -0.00385813 0.00341878 -0.0181272 0.000313723 -0.00335517 -0.0122656 -0.00610942 0.000539097 -0.00169167
internal_weight=489190 420448 68742 85682 44280 334766 324606 299498 52472 24685 17389 41402 5537 25108 247026 243413 987 405 3613 35865 6956 3331 29559 1405 237429 13740 3318 5254 223689 20851
internal_count=489190 420448 68742 85682 44280 334766 324606 299498 52472 24685 17389 41402 5537 25108 247026 243413 987 405 3613 35865 6956 3331 29559 1405 237429 13740 3318 5254 223689 20851
cat_boundaries=0 4 9 13 18 22 26 29 33 35 39 42 46 48 52 56 60 64 68 72
cat_threshold=2147745800 186650624 2415919108 134522128 537133072 17410 805568512 2214592768 2 39170 8454820 4628416 303129622 2282252416 541327616 204702743 671498755 1 17904673 220760850 1912741896 151060744 134218496 16 131072 9264 0 131072 2155872256 9610499 1079148801 2214592742 157565449 2147483664 2 4224 67108864 34099240 277872640 0 131072 8388608 17826053 1344274448 134217744 41 2147496706 20 2156036096 422584704 8388608 389632 152469504 4044390916 273809424 139493649 134217728 55648292 1076887552 16810065 301989892 122823747 3221757952 32801 79718600 69337110 2292187136 10819745 302059022 2853175340 2149687296 671547471
is_linear=0
shrinkage=0.1


Tree=35
num_leaves=31
num_cat=20
split_feature=0 4 0 4 9 0 9 8 4 10 9 9 8 8 9 1 8 9 8 4 4 8 8 8 8 6 9 8 9 11
split_gain=154.444 91.467 62.4437 40.6144 33.893 33.4093 53.8933 33.0978 33.1666 29.7457 39.4354 30.0417 30.9971 29.7696 29.3509 25.0763 23.9689 21.8029 24.4764 29.9556 21.2693 28.1512 26.0637 20.2818 19.8198 18.4009 24.0236 30.7541 19.4178 18.6024
threshold=351.00000000000006 195.00000000000003 69.000000000000014 1605.0000000000002 0 1.0000000180025095e-35 1 2 915.00000000000011 3 4 5 6 7 8 183.00000000000003 9 10 11 105.00000000000001 675.00000000000011 12 13 14 15 1159.5000000000002 16 17 18 19
decision_type=2 2 2 2 9 2 9 9 2 9 9 9 9 9 9 8 9 9 9 2 2 9 9 9 9 2 9 9 9 9
left_child=1 2 4 -2 24 14 23 8 -8 11 13 12 -9 15 16 -11 -3 18 19 -4 21 -13 -22 -7 -1 28 27 -27 -16 -30
right_child=3 5 17 -5 -6 6 7 9 -10 10 -12 20 -14 -15 25 -17 -18 -19 -20 -21 22 -23 -24 -25 -26 26 -28 -29 29 -31
leaf_value=-0.28799425995791517 11.357849753546455 -1.2063049215356785 -0.18407584535466529 -0.88139324835096911 0.50093994920236473 -0.42251580897731622 2.5263109261891326 -1.2726176903921571 -0.14299861359581312 -2.1010128579012624 0.030656714860155351 -0.12560754477748476 0.26440467005662643 -0.56028893128127588 0.65242173858459585 -6.6114922670327765 -0.3989039074739239 2.029278538820396 0.59027675412046154 -3.5975496561444085 1.7730878531598169 1.2738901918666929 -0.20871594448225458 1.869001413943213 0.15003692983717742 -3.7511302459215132 0.065086870942254113 -0.63527119039726543 -4.7182735335096631 -0.021372417666539783
leaf_weight=9735 43670 6558 428 5875 28712 4087 16430 11257 11777 6441 31882 9076 15798 9623 27398 2398 19952 31308 4288 125 7503 30487 33789 29271 15208 2357 10811 5903 1672 55371
leaf_count=9735 43670 6558 428 5875 28712 4087 16430 11257 11777 6441 31882 9076 15798 9623 27398 2398 19952 31308 4288 125 7503 30487 33789 29271 15208 2357 10811 5903 1672 55371
internal_value=0.00180666 0.00121018 0.00405706 0.00709961 0.00189265 0.00047939 0.00123097 0.000568507 0.00372364 5.93982e-06 -0.00200103 0.000942365 -0.00194162 -0.00567778 -0.00079125 -0.00986665 -0.00375943 0.00726963 0.00101216 -0.0185968 0.0019075 0.00356469 0.000320159 0.00493227 -0.000804312 -3.07177e-05 -0.00283624 -0.00689238 0.000602907 -0.000448179
internal_weight=489190 439645 89804 49545 53655 349841 219819 186461 28207 158254 50344 107910 27055 18462 130022 8839 26510 36149 4841 553 80855 39563 41292 33358 24943 103512 19071 8260 84441 57043
internal_count=489190 439645 89804 49545 53655 349841 219819 186461 28207 158254 50344 107910 27055 18462 130022 8839 26510 36149 4841 553 80855 39563 41292 33358 24943 103512 19071 8260 84441 57043
cat_boundaries=0 5 10 14 16 21 26 30 34 39 43 47 50 54 58 62 66 70 74 78 80
cat_threshold=2366144835 153690388 68 218121380 1 906233364 2719008266 809501219 2214723844 2 16812288 8454828 72622048 33645591 792462347 12 2148569097 226566416 2281766980 1370227769 1 16785600 4980737 1320175896 558924434 1 167788544 2319597890 25337876 136579712 2458461190 2502979601 1342308360 67141672 50348161 1682473768 1215356929 2239168 2 117507585 1143744784 806388480 70280200 134742784 16 131072 8240 0 0 2147483648 77332484 4112 2147483668 134221824 369100296 1111656704 139264 156242624 134570016 1082734080 671621128 67108864 33554945 153096192 1342177284 75009 3355672616 295708882 16845120 1347190787 1375733060 101851344 1178796064 33690181 537139224 8408214 537266436 2572206355 25165874 10
is_linear=0
shrinkage=0.1


Tree=36
num_leaves=31
num_cat=22
split_feature=0 4 4 0 9 9 8 0 4 9 10 9 9 9 11 8 4 9 8 9 8 8 9 9 11 11 3 8 8 8
split_gain=141.949 93.2521 53.5481 37.7854 46.0736 35.6402 35.0227 34.9329 30.5025 27.7008 26.7825 37.3097 28.6066 26.4794 25.8128 26.094 31.3474 25.6065 24.5168 29.9166 23.2674 23.171 21.3103 19.7636 20.4078 18.6401 26.6509 19.0255 18.3345 18.2739
threshold=195.00000000000003 735.00000000000011 135.00000000000003 15.000000000000002 0 1 2 591.00000000000011 435.00000000000006 3 4 5 6 7 8 9 75.000000000000014 10 11 12 13 14 15 16 17 18 4.5000000000000009 19 20 21
decision_type=2 2 2 2 9 9 9 2 2 9 9 9 9 9 9 9 2 9 9 9 9 9 9 9 9 9 2 9 9 9
left_child=2 5 14 9 -5 -2 13 10 17 20 11 28 -12 21 15 16 -1 -8 19 -11 -4 -6 -18 -10 -25 26 -7 -28 -3 -14
right_child=1 7 3 4 6 25 8 -9 23 18 12 -13 29 -15 -16 -17 22 -19 -20 -21 -22 -23 -24 24 -26 -27 27 -29 -30 -31
leaf_value=0.50506976361177625 -0.52195374800872318 -4.3562750505738546 1.8504368383911673 1.4413352449006551 -2.3784181662456283 3.9713003721848681 0.2902602496959007 19.629841848465357 -0.44405514365318127 -1.0762742457692835 -2.187336279519672 -0.75554967433774944 -0.60935993408075118 -0.062817516388110894 0.75840926201109693 0.89149187821361642 -1.5773416909587619 1.4260053895393909 -0.094839461958897392 -0.19165662169840209 0.029750045354394673 -0.96502723596780982 -0.45476743438161055 -0.3860141121315051 1.0518689585847336 6.0433930525524353 -4.9660633135318015 2.8406907384488713 -9.0723990159352166 3.9475646980476977
leaf_weight=2242 3545 1055 11119 27429 590 14648 16794 7163 23250 11242 5777 5611 6180 40123 22815 8996 1037 14767 102753 16849 26072 8330 2880 14152 32356 44395 1548 1331 1148 12993
leaf_count=2242 3545 1055 11119 27429 590 14648 16794 7163 23250 11242 5777 5611 6180 40123 22815 8996 1037 14767 102753 16849 26072 8330 2880 14152 32356 44395 1548 1331 1148 12993
internal_value=0.00174717 0.00499782 0.000854517 0.000463123 0.00147932 0.00732079 0.000791504 0.00118892 0.00185327 -0.000612074 -0.000194115 -0.00529908 0.00140625 -0.00140195 0.00441928 0.00121662 -0.00379478 0.004433 -0.00129656 -0.0039141 0.00179592 -0.00632699 -0.00919837 0.000686373 0.00187626 0.00787832 0.00510749 -0.00368531 -0.0162991 0.00326487
internal_weight=489190 105394 383796 345826 177791 65467 150362 39927 101319 168035 32764 7814 24950 49043 37970 15155 6159 31561 130844 28091 37191 8920 3917 69758 46508 61922 17527 2879 2203 19173
internal_count=489190 105394 383796 345826 177791 65467 150362 39927 101319 168035 32764 7814 24950 49043 37970 15155 6159 31561 130844 28091 37191 8920 3917 69758 46508 61922 17527 2879 2203 19173
cat_boundaries=0 5 9 13 17 19 23 27 32 34 38 43 47 51 55 59 63 68 70 72 76 80 84
cat_threshold=914621456 2685453866 817898016 2483159300 2 16576 4325376 176238592 268439616 33636388 2299698200 4202700820 80216584 538185748 1074809874 806748464 3092284690 3494093060 42 1543684108 343974162 134217792 138301489 29386945 1147537540 142698504 545295040 17829888 1151865089 2315387072 1074827296 1 2156050386 20 276987908 422600704 1073741828 320256 135823620 413671680 2282749973 4251674 1 272960001 3308298753 813695010 385888872 2168457344 365461792 2313244680 68112512 2152202376 2158004243 1086849986 47252148 4 0 8388608 67108864 25166081 0 4 263176 2281742531 201590800 1209256988 142614674 1 2957883416 27 2153986818 25 2281701376 2167431168 268435456 278560 2319991112 2148732422 2315255808 18875008 1105921 2302205954 2080374784 67412744
is_linear=0
shrinkage=0.1


Tree=37
num_leaves=31
num_cat=23
split_feature=0 4 0 8 8 6 9 8 8 9 0 9 9 8 11 9 9 9 8 0 9 10 9 9 10 9 8 11 8 5
split_gain=137.681 78.8795 72.5004 40.3734 36.6076 35.0852 39.2901 32.774 32.6367 38.5501 33.8216 32.0494 31.7132 28.3451 28.0294 36.5634 27.0399 25.2163 33.8586 23.9679 26.3548 22.2196 21.9521 21.583 20.8867 22.5887 22.3983 19.2712 25.8556 18.7027
threshold=375.00000000000006 225.00000000000003 69.000000000000014 0 1 633.50000000000011 2 3 4 5 27.000000000000004 6 7 8 9 10 11 12 13 -182.99999999999997 14 15 16 17 18 19 20 21 22 5.5000000000000009
decision_type=2 2 2 9 9 2 9 9 9 9 2 9 9 9 9 9 9 9 9 2 9 9 9 9 9 9 9 9 9 2
left_child=1 2 4 22 -1 7 13 12 9 -8 16 -12 -3 -7 -9 24 -10 18 -4 -6 -21 -15 -2 -14 25 -16 -26 -13 -29 -25
right_child=3 5 17 -5 19 6 8 14 10 -11 11 27 23 21 15 -17 -18 -19 -20 20 -22 -23 -24 29 26 -27 -28 28 -30 -31
leaf_value=1.0271792333033676 6.3996409002255312 -8.3601104260558596 -0.54958876189512884 11.521440270402293 -4.0448969274008402 0.89703978426146314 1.6511166658466636 0.85756653214939282 0.85867569368494401 -0.55303122180469821 2.6393742855358369 1.1805043680819995 0.58295531745639451 -8.7331201557303313 -20.215180381634354 -0.042214259784812073 -0.083475479932295121 1.7163929711778652 0.54310767727933607 0.91121857300460973 -0.058080003150359265 -1.0299576940023409 -10.504015291618714 -6.6595929646374161 -3.6371683024707155 -6.9914095590685852 -0.30840571716126142 -1.2270254309334452 1.1356392457669449 -1.1542173278183849
leaf_weight=16470 1765 1067 563 41253 927 7845 11936 16630 22847 38604 19474 46685 4710 1027 133 46759 55412 35651 4452 6662 35988 21138 1894 341 2834 518 3801 10931 13518 17355
leaf_count=16470 1765 1067 563 41253 927 7845 11936 16630 22847 38604 19474 46685 4710 1027 133 46759 55412 35651 4452 6662 35988 21138 1894 341 2834 518 3801 10931 13518 17355
internal_value=0.00170874 0.00117535 0.00363637 0.00698522 0.00142838 0.000453917 0.00107479 -0.00119089 0.00153894 -0.000690405 0.00220616 0.00352154 -0.00442746 -0.00231845 -0.0001153 -0.00122005 0.0006835 0.00689667 0.000248757 -9.01641e-05 0.000255569 -0.00414656 -0.00308258 -0.00361974 -0.00780428 -0.0247958 -0.00610233 0.00253626 0.000261254 -0.00522083
internal_weight=489190 444278 100713 44912 60047 343565 249417 94148 219407 50540 168867 90608 23473 30010 70675 54045 78259 40666 5015 43577 42650 22165 3659 22406 7286 651 6635 71134 24449 17696
internal_count=489190 444278 100713 44912 60047 343565 249417 94148 219407 50540 168867 90608 23473 30010 70675 54045 78259 40666 5015 43577 42650 22165 3659 22406 7286 651 6635 71134 24449 17696
cat_boundaries=0 4 8 12 16 20 25 30 33 37 39 44 48 52 55 59 61 66 70 72 77 81 82 86
cat_threshold=2166816 1082166786 52428809 276824072 185779520 109576476 72818704 3276814 16787649 1143209985 1310321689 142615232 2373977120 2415993888 3103793450 70779210 1125474404 3240940544 581976064 83886632 344630 17852580 272760832 608272397 2 839255060 538498570 817894176 2216820992 2 270008320 603982336 1207959552 1158211876 2697004032 171740512 4194818 138817988 6 33571520 604504068 1357971456 1084228608 1 2156134420 143674418 558105126 2215662898 134218496 16 131072 8240 0 0 2147483648 302268416 1610646020 411238656 4456577 131088 32 24186960 154624 17825922 536872960 2 2225484802 33559557 67606 3363963653 134414338 8 0 536870912 0 2097152 1 304257024 1144258715 13107712 134251041 1580535001 2348941312 173023698 1543569412 2488320
is_linear=0
shrinkage=0.1


Tree=38
num_leaves=31
num_cat=23
split_feature=0 4 0 9 9 8 8 6 11 8 9 11 9 4 8 8 6 10 8 11 8 8 11 4 9 11 8 9 9 9
split_gain=126.117 79.9884 86.3839 39.5052 37.7066 35.6803 32.5655 31.81 34.865 31.1733 30.6232 28.7611 38.8664 26.5649 33.3113 25.8927 28.6321 34.541 25.0805 24.5048 29.9281 25.1895 24.4682 23.5224 34.4473 31.7484 22.9117 21.5939 21.4381 20.0336
threshold=417.00000000000006 405.00000000000006 93.000000000000014 0 1 2 3 613.50000000000011 4 5 6 7 8 135.00000000000003 9 10 593.50000000000011 11 12 13 14 15 16 75.000000000000014 17 18 19 20 21 22
decision_type=2 2 2 9 9 9 9 2 9 9 9 9 9 2 9 9 2 9 9 9 9 9 9 2 9 9 9 9 9 9
left_child=1 2 4 5 -1 26 28 8 -5 23 18 29 13 -13 -15 16 -10 -18 -9 20 27 -21 -11 -6 25 -25 -3 -12 -2 -4
right_child=6 3 11 7 9 -7 -8 10 15 22 19 12 -14 14 -16 -17 17 -19 -20 21 -22 -23 -24 24 -26 -27 -28 -29 -30 -31
leaf_value=0.74239012135427263 7.9951759325551564 -17.945043964194202 0.126767016976393 -13.794847039602573 1.5084342652716765 -0.49085742470809746 13.844640879270054 -0.080983830493595199 -0.78565451053884983 -0.41245993262902653 0.44105373853261765 1.209975912921232 2.4861488033255394 0.63102395887705331 -1.8860133659862361 0.028365893766615798 -1.5789459161672827 -11.835730519833175 1.8518545328091471 -1.6322361087320101 0.74429993085909008 0.10773049119578489 0.2934927106231584 -3.0505850626643407 -0.1891401813362267 -0.70778145456538588 -3.0754152493895055 -0.63505674852174021 -11.326258753933423 2.4734202311624531
leaf_weight=25732 1926 101 3752 226 2073 43151 34105 10305 14314 11378 12780 4279 11663 3916 3971 46567 777 569 28194 13892 68140 32304 39869 257 21854 1709 5748 17238 1420 26980
leaf_count=25732 1926 101 3752 226 2073 43151 34105 10305 14314 11378 12780 4279 11663 3916 3971 46567 777 569 28194 13892 68140 32304 39869 257 21854 1709 5748 17238 1420 26980
internal_value=0.00165457 0.00119226 0.00301163 0.000219024 0.0013057 -0.00237298 0.00723105 0.000736846 -0.00121163 0.000199612 0.00140238 0.00622808 0.0036155 -0.000340013 -0.00378217 -0.00106576 -0.004582 -0.018529 0.00390792 0.00073384 0.00162762 -0.00116522 0.00162846 -0.00262788 -0.00351805 -0.016164 -0.00969619 -0.00100306 -0.00218713 0.00824995
internal_weight=489190 451739 157433 294306 102872 49000 37451 245306 62453 77140 182853 54561 23829 12166 7887 62227 15660 1346 38499 144354 98158 46196 51247 25893 23820 1966 5849 30018 3346 30732
internal_count=489190 451739 157433 294306 102872 49000 37451 245306 62453 77140 182853 54561 23829 12166 7887 62227 15660 1346 38499 144354 98158 46196 51247 25893 23820 1966 5849 30018 3346 30732
cat_boundaries=0 4 8 12 16 17 21 26 28 33 37 41 42 46 48 52 56 58 62 63 66 71 76 80
cat_threshold=1225812161 73662480 1317588488 8397504 1467408 1109688464 1889665584 1413443 2149594368 16 286261256 472907816 2166816 1082134018 34078729 285212680 2147483648 394821636 218534144 2432739396 340038664 839123476 537974314 809500898 2216722700 2 639467737 10 2281865472 427884816 135462917 1344228464 1 2583708416 540820 1275494432 69243912 2306867714 2560163888 2013278266 688458 1108478730 134307904 1090919456 167976960 201327104 1867648155 4 1078411332 3253264393 1107511300 17072168 2570084354 275394966 340262928 136333472 2684881794 16 150995205 553648128 0 1073750016 1280 2147492096 0 16777216 12615968 184754624 1179648 541983776 1 6361168 268590080 1091567746 536872960 2 256 301989888 33620048 65552
is_linear=0
shrinkage=0.1


Tree=39
num_leaves=31
num_cat=22
split_feature=0 4 0 9 10 0 8 9 9 8 4 8 0 9 9 9 4 8 8 11 10 9 8 9 9 9 9 8 11 5
split_gain=125.851 119.365 51.4134 44.972 35.8339 35.7908 33.6564 38.2254 33.573 26.4945 26.2717 25.4027 30.5108 26.1516 25.0777 23.6483 23.1404 24.4565 21.899 21.6946 19.6505 18.6731 18.4796 23.8382 19.9468 18.3076 18.217 16.6422 16.637 19.6984
threshold=147.00000000000003 465.00000000000006 615.00000000000011 0 1 -14.999999999999998 2 3 4 5 135.00000000000003 6 -176.99999999999997 7 8 9 2415.0000000000005 10 11 12 13 14 15 16 17 18 19 20 21 5.5000000000000009
decision_type=2 2 2 9 9 2 9 9 9 9 2 9 2 9 9 9 2 9 9 9 9 9 9 9 9 9 9 9 9 2
left_child=5 21 3 9 -5 11 7 -7 -6 19 15 25 13 -13 18 20 17 -10 -12 -3 -8 27 24 -24 -16 -1 -14 -2 29 -26
right_child=1 2 -4 4 8 6 10 -9 16 -11 14 12 26 -15 22 -17 -18 -19 -20 -21 -22 -23 23 -25 28 -27 -28 -29 -30 -31
leaf_value=1.4356139701974933 -0.86218771570535457 -10.155246964514937 23.735443407103947 2.808340674876002 -3.7620399806245568 -0.21746282095333236 -0.88738422108593706 1.5567435177601618 -0.70936612061386772 -0.34179708703709122 -0.71048713260824636 -10.168948445724565 -0.48858880006259153 -3.4576151183059523 -0.59447959351614565 0.68454043707359746 -4.0103849087711367 4.1953150587026098 0.031916036925210965 -2.0373264387771775 0.15880962886093181 3.5564102513068114 1.1092480787691179 0.26414097092703698 -11.104092089902231 0.038186863061910659 -0.061691215089010515 1.3801214264396959 0.424193227905451 -0.81354342098157972
leaf_weight=9351 1258 667 9928 22893 4173 9449 1129 24407 7371 13180 18264 283 19587 3955 14048 16388 4358 9708 28810 5575 3256 53404 10976 69917 82 24577 66034 4485 25115 6562
leaf_count=9351 1258 667 9928 22893 4173 9449 1129 24407 7371 13180 18264 283 19587 3955 14048 16388 4358 9708 28810 5575 3256 53404 10976 69917 82 24577 66034 4485 25115 6562
internal_value=0.00161737 0.00418905 0.00161625 0.000633788 0.00226187 0.000616997 0.00135913 0.00426859 -0.000308352 -0.00343145 0.000852553 -0.00075234 -0.00163249 -0.00991505 0.000450816 0.00421364 0.00129016 0.00295041 -0.00151984 -0.00879399 -0.00230944 0.00757553 0.00118302 0.00209176 -0.000421895 0.00157876 -0.00122271 0.00214323 0.000966036 -0.00348061
internal_weight=489190 137000 77853 67925 48503 352190 228403 33856 25610 19422 194547 123787 89859 4238 173774 20773 21437 17079 47074 6242 4385 59147 126700 80893 45807 33928 85621 5743 31759 6644
internal_count=489190 137000 77853 67925 48503 352190 228403 33856 25610 19422 194547 123787 89859 4238 173774 20773 21437 17079 47074 6242 4385 59147 126700 80893 45807 33928 85621 5743 31759 6644
cat_boundaries=0 4 6 10 15 19 23 27 31 36 40 44 48 50 51 55 59 64 69 74 79 83 85
cat_threshold=3355470024 71565316 193001480 160437456 777257099 20 33152 1082196132 5644258 303120439 2283858176 2323910724 268440726 671172099 1 8552706 696361728 68 3031041 136396868 18925842 2604990476 206082208 1210597504 545590311 2186122112 10485782 134217728 0 134285312 64 2149614784 78389321 1124223321 4235282 1 218759425 16842752 0 17835020 3508207653 2317025282 243474432 83890824 234882115 118363154 2559090704 134385280 558367235 2 2181169728 16768 4194304 167968768 268437584 3238617092 554973768 3128950808 77599240 612630544 17875202 805314560 2148533536 2 1452281867 1375867138 136347648 29294688 2 2214860820 1619133590 537133124 2147610985 1 1376518304 643858720 23122436 69611648 1 67109888 0 2147483713 336593024 2688551686 11
is_linear=0
shrinkage=0.1


Tree=40
num_leaves=31
num_cat=22
split_feature=0 4 0 9 0 4 11 8 8 4 9 10 9 9 8 9 3 8 8 8 10 8 8 9 8 8 9 0 8 9
split_gain=123.506 96.0644 44.5109 45.8934 34.4849 34.4673 51.9799 43.0676 32.228 30.4568 27.1433 26.3683 24.076 23.5598 30.9343 22.4092 21.7278 28.5816 21.7 20.8074 19.9752 20.3812 20.1157 18.1472 17.2943 17.1951 28.0419 18.4046 28.3198 17.1564
threshold=231.00000000000003 735.00000000000011 27.000000000000004 0 687.00000000000011 435.00000000000006 1 2 3 105.00000000000001 4 5 6 7 8 9 1.5000000000000002 10 11 12 13 14 15 16 17 18 19 -104.99999999999999 20 21
decision_type=2 2 2 9 2 2 9 9 9 2 9 9 9 9 9 9 2 9 9 9 9 9 9 9 9 9 9 2 9 9
left_child=2 12 13 11 10 6 8 -8 29 -9 -3 -4 24 14 -1 -11 17 -17 23 -13 22 -22 -12 -7 -2 26 -15 28 -27 -5
right_child=1 4 3 5 -6 18 7 9 -10 15 20 19 -14 25 -16 16 -18 -19 -20 -21 21 -23 -24 -25 -26 27 -28 -29 -30 -31
leaf_value=1.8736891467258883 -1.2894702968676466 5.7612400269705155 -1.9114622006269777 -0.4993777310310763 25.629766925338238 -1.6887671616772579 0.84389236772351417 0.5137281122265076 1.0148759430240157 0.032837608231719252 -8.5161077336441036 -0.12516211862631257 5.9206336400854624 -3.1109467040222483 0.059116197968779718 -2.5337223314149182 -1.0699656868327934 -1.1982583111204377 0.32099496830936813 1.6625876401772104 -2.5816804866056819 1.2042052925411562 -3.764754544749279 -0.19742762519232124 3.3847012521484938 0.020030813464099115 -0.24927507848367125 0.064775867634318737 -2.8990633169177364 0.4309289357243441
leaf_weight=10052 2215 5758 1143 2528 5113 7707 9813 3513 32688 3456 764 4588 48387 772 40067 1001 4445 2252 67627 27817 5912 11602 3888 23479 3593 12075 39652 96742 7561 2980
leaf_count=10052 2215 5758 1143 2528 5113 7707 9813 3513 32688 3456 764 4588 48387 772 40067 1001 4445 2252 67627 27817 5912 11602 3888 23479 3593 12075 39652 96742 7561 2980
internal_value=0.0015681 0.00497891 0.000827898 0.00191179 0.000728577 0.00121233 0.00304678 -0.000551245 0.00535152 -0.00398106 -0.000653917 0.00527683 0.00756989 -0.000193745 0.00169343 -0.00654115 -0.00953814 -0.0157608 4.88806e-05 0.00580441 -0.00224296 -0.000693905 -0.00806092 -0.00213297 0.00147473 -0.000797005 -0.00257358 -0.000179743 -0.00297107 -0.00172526
internal_weight=489190 87232 401958 195037 33037 161489 62676 24480 38196 14667 27924 33548 54195 206921 50119 11154 7698 3253 98813 32405 22166 17514 4652 31186 5808 156802 40424 116378 19636 5508
internal_count=489190 87232 401958 195037 33037 161489 62676 24480 38196 14667 27924 33548 54195 206921 50119 11154 7698 3253 98813 32405 22166 17514 4652 31186 5808 156802 40424 116378 19636 5508
cat_boundaries=0 5 7 11 15 20 21 25 29 33 37 41 45 49 51 55 59 63 67 71 75 79 84
cat_threshold=864289812 3759194666 805315104 2214985996 2 1692237913 10 402679563 4915270 205987872 69338408 16385 134221824 2702180368 6144 2888752 2702758985 838992528 2216689920 3 3238076416 134242504 4325376 176238592 268442688 806617116 1074842644 806617392 2295365907 2147483784 28345603 71304170 317719216 2215116800 2629636 2296381505 134217731 0 2301624320 276824064 4218880 134438976 2446334042 2717982740 212369416 2282315776 142643200 941621248 83888200 3493994756 42 24186945 2351450947 336592904 84187400 301990912 83894528 196610 136384521 72442051 369369233 2149580992 22646784 1024 18911235 16777297 336593568 291766273 86287249 537935926 336638216 23070848 335544320 134217728 335544320 1107886656 680005730 442646016 8782870 0 0 65600 16 1
is_linear=0
shrinkage=0.1


Tree=41
num_leaves=31
num_cat=22
split_feature=0 4 0 4 9 10 9 9 8 8 10 9 8 9 8 11 8 8 0 9 0 8 4 8 9 8 7 9 4 10
split_gain=116.336 91.8284 42.0777 40.1183 38.3084 27.9996 27.6887 27.3491 36.8072 26.8121 25.6647 33.2636 43.5124 23.5046 22.7502 19.2795 19.029 18.5031 18.4962 18.3996 23.312 21.9912 19.2862 18.2298 18.0577 17.0192 16.4866 22.3423 16.2825 15.7205
threshold=195.00000000000003 465.00000000000006 615.00000000000011 135.00000000000003 0 1 2 3 4 5 6 7 8 9 10 11 12 13 33.000000000000007 14 39.000000000000007 15 1155.0000000000002 16 17 18 19 20 105.00000000000001 21
decision_type=2 2 2 2 9 9 9 9 9 9 9 9 9 9 9 9 9 9 2 9 2 9 2 9 9 9 1 9 2 9
left_child=3 -2 4 9 14 -6 -7 8 15 -1 11 12 26 28 -3 -5 -8 24 25 -19 21 -21 -22 -13 -12 -10 27 -9 -11 -28
right_child=1 2 -4 7 5 6 16 10 18 13 17 23 -14 -15 -16 -17 -18 19 -20 20 22 -23 -24 -25 -26 -27 29 -29 -30 -31
leaf_value=1.104567547402987 4.0772927687022218 1.3997454778303036 20.210154853623834 -0.60226498545041451 2.8172387565147621 -4.2622378153627052 4.2586673432590185 -6.3699988451425993 0.024829339793423943 -0.20557696628312705 1.2906416480297118 1.4654695468508885 -0.75043638794221423 0.21372259796020751 -2.5038571381865444 0.46087717406969264 -0.96833201339180508 -0.22717561839168071 1.4962878131431474 0.37039855778395347 0.75063139422231739 -0.20974254026998593 -0.33962483540675809 -0.31475094263204761 0.10749406522745282 1.1450695426692545 -10.426161816351968 -5.0712638617418513 -1.3235491400155337 -2.7426070098674171
leaf_weight=17232 45516 4239 9928 16049 20093 2680 4432 633 18320 1004 14741 9289 18416 19247 9130 9190 9376 57808 20347 23131 32972 42649 11002 34949 18460 12054 159 787 487 4870
leaf_count=17232 45516 4239 9928 16049 20093 2680 4432 633 18320 1004 14741 9289 18416 19247 9130 9190 9376 57808 20347 23131 32972 42649 11002 34949 18460 12054 159 787 487 4870
internal_value=0.0015493 0.0044921 0.00191857 0.000741175 0.000736737 0.0024107 -0.000643714 0.000402399 0.00207845 0.00382671 -6.94389e-05 -0.00173151 -0.00465729 0.00140158 -0.00384259 -0.00104202 0.0011637 0.000502707 0.00363111 7.53113e-05 0.000835794 -0.000355731 0.00261837 -8.63312e-05 0.00265906 0.00206888 -0.0117216 -0.0212587 -0.0106529 -0.00899186
internal_weight=489190 105394 59878 383796 49950 36581 16488 345826 75960 37970 269866 69103 24865 20738 13369 25239 13808 200763 50721 167562 109754 65780 43974 44238 33201 30374 6449 1420 1491 5029
internal_count=489190 105394 59878 383796 49950 36581 16488 345826 75960 37970 269866 69103 24865 20738 13369 25239 13808 200763 50721 167562 109754 65780 43974 44238 33201 30374 6449 1420 1491 5029
cat_boundaries=0 4 5 9 14 18 22 24 29 33 37 41 43 47 51 56 60 64 68 72 73 77 79
cat_threshold=3359729864 71696388 176175104 142614225 785650827 8552450 2340463362 65604 19808256 914621980 2148582914 813957152 2500887808 2 246227008 10097192 2756454408 137368064 2283438340 2189558020 281477184 3158529 3493991382 35 1212417 2107646208 2286027076 2957353 1 2449507333 22028432 268566658 234971721 67764480 0 0 1040 2449903114 2152857600 2160071986 52569154 3290697422 22 2628354 272646485 1146360608 6425635 3338732808 9569357 224169024 9438464 134783042 2893869 35703896 1073810066 1 143155270 4030732306 1117790352 174391428 3175424 101270432 537133520 170256418 22675459 1093206021 6424590 1749352505 4243974 354680852 1511194660 67495937 12 131072 1627390208 4 2097160 268435456 2
is_linear=0
shrinkage=0.1


Tree=42
num_leaves=31
num_cat=22
split_feature=0 4 4 0 9 8 9 11 10 9 9 8 9 8 11 9 8 4 9 8 9 0 9 8 9 8 6 8 4 8
split_gain=115.715 55.7841 55.3854 41.5908 30.2599 28.2518 27.1672 26.3195 24.8212 47.2739 32.0962 26.9308 25.8098 27.8436 25.6964 52.9061 23.7634 29.1161 27.8954 20.7462 24.2418 20.8901 36.2479 20.7355 23.9107 19.1319 17.2795 16.5841 15.8689 27.4938
threshold=339.00000000000006 165.00000000000003 735.00000000000011 39.000000000000007 0 1 2 3 4 5 6 7 8 9 10 11 12 105.00000000000001 13 14 15 51.000000000000007 16 17 18 19 581.50000000000011 20 75.000000000000014 21
decision_type=2 2 2 2 9 9 9 9 9 9 9 9 9 9 9 9 9 2 9 9 9 2 9 9 9 9 2 9 2 9
left_child=1 3 -2 5 -3 28 -4 16 9 -6 -11 -12 13 -10 15 -14 17 -5 -19 20 -16 -21 25 24 -9 -23 -8 -24 -1 -30
right_child=2 4 6 7 8 -7 26 23 12 10 11 -13 14 -15 19 -17 -18 18 -20 21 -22 22 27 -25 -26 -27 -28 -29 29 -31
leaf_value=0.55082026436720921 9.1967022961918481 2.157971664571757 -4.5148526815852437 0.24934225913949698 0.70961379747353992 0.55910293451378268 -5.5435531319559397 -0.47676129663753675 1.2611781539606834 -4.4955248259754823 -2.368133277948556 -0.37560918722579717 -5.5958018376685494 0.14473149742004446 -1.3202691296491431 0.29372478044957973 1.1914172360612276 -2.7992096281315373 -1.2275276229800682 -0.019987437605013186 -0.0071505249948950718 0.41446872121404088 -0.47314541317976194 1.3308985612105257 0.84906629241249909 1.6317957187275625 4.3990512780181419 0.50523180149300229 -2.4296587543639312 -0.13167340483227846
leaf_weight=2758 32425 10404 2808 1867 22993 16875 1349 1640 29118 2681 11894 35879 3124 45034 9883 5801 4315 260 1174 95368 21181 9096 16075 24920 2699 18775 15594 26352 120 16728
leaf_count=2758 32425 10404 2808 1867 22993 16875 1349 1640 29118 2681 11894 35879 3124 45034 9883 5801 4315 260 1174 95368 21181 9096 16075 24920 2699 18775 15594 26352 120 16728
internal_value=0.00150105 0.000969626 0.00595216 0.0034852 0.000462193 0.00109125 0.00177763 0.00585356 0.000305551 -0.00133044 -0.00304296 -0.00244376 0.000735016 0.00233435 0.000158267 -0.00508674 0.000611068 -0.00576563 -0.0164993 0.000396463 -0.00197464 0.00084116 0.00214914 0.00721548 0.000825477 0.00494997 0.00328732 0.000307986 -0.00149062 -0.00264245
internal_weight=489190 437014 52176 73356 363658 36481 19751 36875 353254 73447 50454 47773 279807 74152 205655 8925 7616 3301 1434 196730 31064 165666 70298 29259 4339 27871 16943 42427 19606 16848
internal_count=489190 437014 52176 73356 363658 36481 19751 36875 353254 73447 50454 47773 279807 74152 205655 8925 7616 3301 1434 196730 31064 165666 70298 29259 4339 27871 16943 42427 19606 16848
cat_boundaries=0 4 8 12 14 16 20 24 28 33 37 39 44 48 52 56 60 64 68 72 76 80 82
cat_threshold=537133072 1065984 805568512 2214592768 59015179 456142976 2147549188 134538529 406857800 71698436 25165824 8389312 2147492610 20 3494084950 34 15234626 2164463621 25170594 537660418 264 67141698 0 19005472 372245511 287343104 169541704 84632072 395313677 3357540426 2153775360 423866400 2 1225818368 2250265668 71647232 193348833 2424311831 26 169056 553747200 51380228 2884736 1 8421888 154152960 1342177280 356864 134217729 16809984 4 786448 1091580420 2315930114 3921698840 302123008 1408 25172881 248008 548405264 197698 856392500 33654784 540804745 293601280 167772160 2147483648 8192 67665920 0 0 8208 2282242113 17838096 0 6291969 444612609 71307520 67371012 138724480 16777216 134217728
is_linear=0
shrinkage=0.1


Tree=43
num_leaves=31
num_cat=23
split_feature=0 4 0 4 8 9 9 10 10 9 8 0 9 8 8 9 1 8 4 9 8 9 11 8 9 9 8 9 11 10
split_gain=113.177 58.0682 66.0547 35.6856 30.4617 24.1332 23.3161 23.0452 22.4772 39.3442 23.0036 22.1328 43.3203 24.892 23.6289 22.4997 21.9774 21.1834 20.9624 20.5253 20.0864 19.502 25.7532 21.7828 17.2579 16.8023 19.5023 16.0069 15.8232 15.7873
threshold=435.00000000000006 195.00000000000003 147.00000000000003 2985.0000000000005 0 1 2 3 4 5 6 39.000000000000007 7 8 9 10 -26.999999999999996 11 1155.0000000000002 12 13 14 15 16 17 18 19 20 21 22
decision_type=2 2 2 2 9 9 9 9 9 9 9 2 9 9 9 9 8 9 2 9 9 9 9 9 9 9 9 9 9 9
left_child=1 2 4 24 6 -3 7 -1 9 17 -11 15 14 -14 -13 28 19 -7 20 -6 -15 -22 23 -23 -2 26 -12 -18 -10 -27
right_child=3 5 -4 -5 16 8 -8 -9 11 10 25 12 13 18 -16 -17 27 -19 -20 -21 21 22 -24 -25 -26 29 -28 -29 -30 -31
leaf_value=-0.65910133400421678 -2.2601260350021524 2.9510478985802511 2.1465090207237894 -9.4771334855124696 -0.61991509281602752 -0.96617296344250969 0.18441513778649235 -0.050062684346837853 -4.6614201063162124 0.090925808592393034 -11.135881889884244 -0.044580578908125841 -0.58012578759473221 2.8896124005583159 1.5794251018982204 0.10192853128057583 0.26353217520485545 1.2523478517836286 -0.47517906295530266 0.36801731532126936 -0.30625502763938517 -4.0830438374476925 1.1664249313682677 0.51316895994319778 12.717154634751841 -6.9161706158768501 -3.2167046403566233 1.2258718649850102 -0.27758324278757857 -1.1418837516313682
leaf_weight=3614 1488 7469 22122 1345 2227 5122 21600 12234 1560 17124 107 7715 18503 8854 26615 111520 9660 17340 23472 5603 15810 2361 27885 4248 31974 774 3946 15876 31081 29941
leaf_count=3614 1488 7469 22122 1345 2227 5122 21600 12234 1560 17124 107 7715 18503 8854 26615 111520 9660 17340 23472 5603 15810 2361 27885 4248 31974 774 3946 15876 31081 29941
internal_value=0.00144177 0.00102079 0.00325019 0.0069374 0.0017601 0.000447563 -0.000198088 -0.0031101 0.000328769 -0.00121645 -0.00272976 0.000739682 0.0016575 0.000615268 0.00472627 -0.00012271 0.00395674 0.00227928 0.0013577 -0.000676883 0.00236113 0.00158684 0.00291966 -0.00269074 0.00757934 -0.00420726 -0.010256 0.00537907 -0.00243147 -0.00340602
internal_weight=489190 454383 92936 34807 70814 361447 37448 15848 353978 74354 51892 279624 135463 101133 34330 144161 33366 22462 82630 7830 59158 50304 34494 6609 33462 34768 4053 25536 32641 30715
internal_count=489190 454383 92936 34807 70814 361447 37448 15848 353978 74354 51892 279624 135463 101133 34330 144161 33366 22462 82630 7830 59158 50304 34494 6609 33462 34768 4053 25536 32641 30715
cat_boundaries=0 4 8 13 15 17 22 26 31 35 39 43 47 51 55 60 62 66 70 74 78 82 84 86
cat_threshold=2508456457 254808064 3623878660 134587664 537133072 17408 537133056 2214592768 218136896 162004996 2147483712 218112016 1 2516587328 32 3494019414 35 6321666 2701334549 293610154 805309440 1 2148147744 282660902 2223250196 35948546 386007591 3794830122 272629760 4628520 2 1110986784 536875266 161538076 142639232 2286444576 2702389256 3089137664 2098432 33557698 559383336 79741953 539102848 2416082950 3310355553 243466240 86790664 269090820 65536 134217984 917512 21005577 1217 106435776 50491477 8448 4202628 9439360 19923984 1 2688596738 17 2214723584 2203066368 268435456 262688 75912 71567360 50339840 536871040 164104 67108930 4352 24248337 134217728 131072 134225952 524288 2223768323 2190024960 196608 525346 2147551235 10 4 2
is_linear=0
shrinkage=0.1


Tree=44
num_leaves=31
num_cat=24
split_feature=0 4 0 8 6 9 8 9 10 9 10 11 9 8 10 11 9 9 9 8 8 11 8 8 3 9 8 0 9 8
split_gain=107.474 53.2331 50.0682 30.3578 27.8854 36.4397 30.7717 29.1955 34.2962 40.6274 28.6961 28.0436 26.8418 26.3586 23.1317 22.7638 45.342 28.7592 22.5197 21.996 21.6013 20.9213 21.0542 20.3608 19.9362 19.7422 36.4023 20.3501 19.6469 19.161
threshold=459.00000000000006 165.00000000000003 99.000000000000014 0 647.50000000000011 1 2 3 4 5 6 7 8 9 10 11 12 13 14 15 16 17 18 19 2.5000000000000004 20 21 249.00000000000003 22 23
decision_type=2 2 2 9 2 9 9 9 9 9 9 9 9 9 9 9 9 9 9 9 9 9 9 9 2 9 9 2 9 9
left_child=1 2 12 28 7 -6 18 8 9 10 -3 21 -1 -13 -14 17 -17 -8 24 -9 -16 -10 -23 -18 -7 26 27 -4 -2 -19
right_child=3 4 25 -5 5 6 15 19 11 -11 -12 13 14 -15 20 16 23 29 -20 -21 -22 22 -24 -25 -26 -27 -28 -29 -30 -31
leaf_value=0.62963857302466619 -12.35031561865266 -6.4384609390067542 -1.1759790586753187 13.189682708221051 0.85893576098267721 -2.0951580103685048 1.5114603102444877 1.4565869253602375 -14.973457173782018 -2.0023908728410142 -17.144133865895594 -1.2207580555256168 -0.76169814005126613 0.8247649539339067 0.45476388844456822 0.72427174121830007 -1.4486682006161864 0.60983855598404491 -0.011964629725736581 -0.1095042261199414 -0.056237097164384409 -2.2515363416889049 -0.27428065828319087 -0.17658117446281371 -1.077893376778859 1.5977579715730927 2.0205916322079887 0.31890441531106434 7.6575209988105373 -0.012541996078920137
leaf_weight=14160 1172 374 321 28810 47655 1471 22114 11097 220 3557 254 4307 5164 8865 15252 25987 16984 39417 22559 70287 15921 3945 5550 26699 13880 24532 1360 176 1590 55510
leaf_count=14160 1172 374 321 28810 47655 1471 22114 11097 220 3557 254 4307 5164 8865 15252 25987 16984 39417 22559 70287 15921 3945 5550 26699 13880 24532 1360 176 1590 55510
internal_value=0.00138596 0.000996639 0.00339672 0.00702901 0.000511962 0.00105209 0.000519118 -0.000844029 -0.00368806 -0.0120024 -0.0352978 -0.00216317 0.00155197 0.000843575 0.000111977 0.00104654 -0.000384615 0.0018984 -0.00207806 0.000102465 0.0011394 -0.0062365 -0.00550763 -0.00235209 -0.00503157 0.00692675 -0.00301553 -0.0258974 -0.00298701 0.00114149
internal_weight=489190 457618 76886 31572 380732 272276 224621 108456 27072 4185 628 22887 50497 13172 36337 186711 69670 117041 37910 81384 31173 9715 9495 43683 15351 26389 1857 497 2762 94927
internal_count=489190 457618 76886 31572 380732 272276 224621 108456 27072 4185 628 22887 50497 13172 36337 186711 69670 117041 37910 81384 31173 9715 9495 43683 15351 26389 1857 497 2762 94927
cat_boundaries=0 4 9 13 18 20 25 26 28 33 37 39 40 45 49 53 57 61 62 66 70 74 77 81 85
cat_threshold=2175008 1082134018 33554441 285212680 839123476 17880110 811597858 2221048068 2 7684165 2154523 1269366800 360710177 1343504580 604512804 149946912 77610056 1 2566979778 2 1048576 536871424 134217728 2097152 1 65600 2215155866 5 34996228 1879605776 148045824 32825 1 2307130409 563609872 3634368770 77594730 2449486784 32 3344106521 74010697 3760718480 25165960 135069755 1 13640992 135200769 1075249408 822107816 2307002497 2124414993 2181792004 28834 7368 545622022 36967872 293604532 2617901056 2157461504 2818899968 21025 2147483648 469797376 35659842 2562981888 137367329 2147487744 2270695808 268828740 134312576 134742528 0 0 16 0 0 2147483648 370215304 2097170 2318401536 8388648 2575335458 836370564 71310144 2318608
is_linear=0
shrinkage=0.1


Tree=45
num_leaves=31
num_cat=23
split_feature=0 4 0 0 9 9 8 11 8 4 10 8 9 9 8 9 9 8 9 8 8 0 9 10 8 9 3 10 8 8
split_gain=102.095 86.1324 40.37 38.5507 36.7796 36.3038 29.1099 26.6386 24.7108 27.2823 30.9674 31.1957 26.0288 22.344 21.3879 19.2472 18.2413 20.9011 17.4314 17.2439 15.3697 31.1825 16.1239 15.3245 14.9092 15.548 19.9041 21.1214 14.5621 14.4048
threshold=231.00000000000003 465.00000000000006 639.00000000000011 -1.0000000180025095e-35 0 1 2 3 4 405.00000000000006 5 6 7 8 9 10 11 12 13 14 15 -230.99999999999997 16 17 18 19 3.5000000000000004 20 21 22
decision_type=2 2 2 2 9 9 9 9 9 2 9 9 9 9 9 9 9 9 9 9 9 2 9 9 9 9 2 9 9 9
left_child=3 28 5 16 6 14 -5 13 15 10 12 -12 -10 29 -3 -6 17 -1 -11 -9 -18 22 -22 -8 25 -20 27 -27 -2 -7
right_child=1 2 -4 4 8 7 23 19 9 18 11 -13 -14 -15 -16 -17 20 -19 24 -21 21 -23 -24 -25 -26 26 -28 -29 -30 -31
leaf_value=-0.42839130146412607 -0.58761331244120674 1.9099988401142278 18.208494319188695 0.0095643797882131835 -0.42276059784364572 -9.9404609862762712 -1.4143954212495657 -0.85345863775986519 0.09834459968643916 1.0351571328845381 -1.0740417167055665 0.50181037441820553 1.0131880503509201 0.71214387631339882 -2.8677728449772175 0.088372210482493913 0.23416044396139607 0.68484875488429431 -0.028617299531556385 3.2197243768865391 -13.560463614553578 -0.20778351419306748 -3.9083366958023804 1.2613430370016332 0.24584192689973605 -4.2044851794644371 -0.91282386114817382 -2.139444541446311 5.0674480987050083 -2.822208240517853
leaf_weight=9430 1360 2953 9170 13608 20772 666 619 4631 13924 23987 4806 9295 25838 5166 7550 31205 24272 23494 20775 17249 475 88790 1469 31676 45442 427 10830 824 36289 2198
leaf_count=9430 1360 2953 9170 13608 20772 666 619 4631 13924 23987 4806 9295 25838 5166 7550 31205 24272 23494 20775 17249 475 88790 1469 31676 45442 427 10830 824 36289 2198
internal_value=0.0013459 0.00444699 0.00170885 0.000672906 0.00142024 0.00034964 0.0039821 0.00212567 0.000854974 0.00148363 0.00330524 -0.000722131 0.00473248 -0.00279851 -0.0047056 -0.00103353 -0.000610423 0.00146475 0.000524515 0.0039333 -0.00120453 -0.00180243 -0.0143313 0.00561678 -0.000198191 -0.00182073 -0.00467207 -0.0166187 0.00805307 -0.00986778
internal_weight=489190 87232 49583 401958 254028 40413 45903 29910 208125 156148 53863 14101 39762 8030 10503 51977 147930 32924 102285 21880 115006 90734 1944 32295 78298 32856 12081 1251 37649 2864
internal_count=489190 87232 49583 401958 254028 40413 45903 29910 208125 156148 53863 14101 39762 8030 10503 51977 147930 32924 102285 21880 115006 90734 1944 32295 78298 32856 12081 1251 37649 2864
cat_boundaries=0 4 8 12 14 18 19 23 28 32 36 41 45 49 54 58 62 66 68 72 76 77 81 85
cat_threshold=1912865812 3222323714 818164512 2484470016 1224763592 73662468 1249933312 25173713 137453568 1167921160 3154706440 92280840 2706057988 26 1116291584 688001368 3816824852 80355336 1031668952 353533952 103809024 1048576 134334977 2300051456 270541064 134217728 23077920 1 2182254592 2608898368 2166358276 1480540160 2156039690 5374980 80221618 33711122 2157478147 872415253 1261600770 1749057554 1 2687506456 16795669 807272464 3896549651 325456128 1241645728 2283806736 67542209 77140776 838993293 35651714 541100072 3 1132027940 188252162 2310162 84017672 1207976192 679545380 2318130768 8519702 134218752 131072 142606596 6720 3506503680 32 205660238 2422785158 269582376 136349825 2151809152 12660768 1209139264 136340615 68419656 1024 8388608 16777297 469762184 2147483649 203440384 436273152 134217760
is_linear=0
shrinkage=0.1


Tree=46
num_leaves=31
num_cat=24
split_feature=0 4 0 4 9 10 8 8 0 9 8 9 9 8 8 8 9 8 11 9 8 8 0 11 11 9 8 9 9 9
split_gain=99.8302 67.9341 39.035 41.3422 36.832 40.0829 29.1796 28.2168 27.3006 26.5587 25.6368 21.8371 20.6382 23.3823 19.6131 18.9569 18.5287 29.2876 15.9875 30.4267 23.2434 14.5061 19.24 14.2212 13.9998 13.986 13.8036 13.3099 13.2624 12.7972
threshold=285.00000000000006 705.00000000000011 15.000000000000002 1095.0000000000002 0 1 2 3 735.00000000000011 4 5 6 7 8 9 10 11 12 13 14 15 16 -434.99999999999994 17 18 19 20 21 22 23
decision_type=2 2 2 2 9 9 9 9 2 9 9 9 9 9 9 9 9 9 9 9 9 9 2 9 9 9 9 9 9 9
left_child=2 12 16 4 7 10 -7 -4 9 -3 -6 -5 13 -2 -11 -13 17 -1 19 26 25 -18 -23 27 -19 -20 -8 -17 -25 -24
right_child=1 8 3 11 5 6 18 -9 -10 14 -12 15 -14 -15 -16 23 21 24 20 -21 -22 22 29 28 -26 -27 -28 -29 -30 -31
leaf_value=2.0685686852493883 -1.6266598207595568 -3.0739939098044111 -0.20455688959406701 -1.9851405979114092 -1.8219142191293543 1.844161832079426 -2.0575726011687907 0.55176104091746836 22.68151802675505 -2.5462762470395783 0.1233095182828567 -0.97010769495556615 6.527275624924413 4.6231156616639755 3.3215659932040982 -3.899001286628307 0.21258653770401922 1.0225573016686373 0.85620460775438856 0.90088701088880685 0.84387698729049632 -9.0976338163666171 -0.5873429635249946 3.0749908730546016 -0.19892169741239185 0.016704063943979826 -0.58076493924486117 0.16107865039552108 0.37159566575540676 -0.10545200303857367
leaf_weight=11098 2602 6216 31572 11113 2663 21764 1352 32709 4754 4881 8763 14318 34109 3299 10976 1473 33042 3812 5916 5628 43072 247 15286 7565 22181 20474 4147 2168 23151 98839
leaf_count=11098 2602 6216 31572 11113 2663 21764 1352 32709 4754 4881 8763 14318 34109 3299 10976 1473 33042 3812 5916 5628 43072 247 15286 7565 22181 20474 4147 2168 23151 98839
internal_value=0.00130399 0.00489504 0.000735712 0.00158244 0.0023464 0.00342731 0.00405449 0.000432565 0.0010016 -0.000478865 -0.00218958 -0.000692781 0.00750562 0.00203181 0.00169345 0.000220808 -0.000355817 0.00164174 0.00317609 -0.000343898 0.00373992 -0.000858476 -0.00139165 0.00149475 -0.000194977 0.00140152 -0.00562897 -0.00440701 0.00219554 -0.00133143
internal_weight=489190 66837 422353 237848 178060 113779 102353 64281 26827 22073 11426 59788 40010 5901 15857 48675 184505 37091 80589 11127 69462 147414 114372 34357 25993 26390 5499 3641 30716 114125
internal_count=489190 66837 422353 237848 178060 113779 102353 64281 26827 22073 11426 59788 40010 5901 15857 48675 184505 37091 80589 11127 69462 147414 114372 34357 25993 26390 5499 3641 30716 114125
cat_boundaries=0 5 7 11 15 19 23 27 31 35 39 43 47 51 53 57 61 65 67 68 72 76 81 86 91
cat_threshold=3356008704 86515888 236324929 134227154 1 3223396614 36 1094878595 132228 5314498 302202947 109069828 2703241488 3516956676 4302985 138438728 67504150 159410176 160467673 369098756 70262848 65536 134834689 2534429061 1413742864 1073761308 524320 2281726400 4325508 1118908416 268440640 469763076 53514243 50331713 470811168 38903841 3375949826 176816130 151061256 3477102854 2312701072 1610678288 31232 537922584 17424 806813976 3904942355 2215183496 2175796234 335809426 15729204 2151682338 23 70385667 2323743488 1075904644 4079616 1925156 149213210 2818572308 85990440 1212172544 679598628 2150340288 8520832 3758700560 23 1766332672 269762565 538279942 0 604012552 76021760 235940096 20 309248 8388640 570426052 2228480 6391936 1 8390192 2718451298 587203266 2232550662 2 88342752 90314794 151015936 67239940 1
is_linear=0
shrinkage=0.1


Tree=47
num_leaves=31
num_cat=20
split_feature=0 4 0 9 4 4 10 8 9 8 4 9 11 9 4 8 9 9 9 0 8 4 9 8 4 8 11 10 10 9
split_gain=96.8766 53.3456 33.7643 54.8411 31.8286 28.4953 36.5715 55.845 25.989 23.845 23.3479 48.3886 21.5978 21.2239 27.8004 20.838 23.4933 20.5867 18.6677 18.1499 18.0975 17.1104 16.1511 20.5348 15.4585 19.0841 15.4084 14.4345 14.12 26.549
threshold=459.00000000000006 135.00000000000003 63.000000000000007 0 1095.0000000000002 435.00000000000006 1 2 3 4 75.000000000000014 5 6 7 105.00000000000001 8 9 10 11 -38.999999999999993 12 405.00000000000006 13 14 1095.0000000000002 15 16 17 18 19
decision_type=2 2 2 9 2 2 9 9 9 9 2 9 9 9 2 9 9 9 9 2 9 2 9 9 2 9 9 9 9 9
left_child=1 9 18 12 -2 6 17 26 -6 10 -1 -12 -4 14 -13 16 -7 -5 -3 -11 21 -19 23 -20 25 -17 27 -8 29 -25
right_child=4 2 3 5 8 15 7 -9 -10 19 11 13 -14 -15 -16 24 -18 20 22 -21 -22 -23 -24 28 -26 -27 -28 -29 -30 -31
leaf_value=0.59152827728544577 12.609623012058051 7.8636746997041742 -0.33654218171290801 1.3242279635977199 -7.269348357284648 0.21272773351489427 -0.90505912815778533 0.65936447138929966 5.9163941497896646 0.024294632726093113 -2.5173367529650634 -0.11314457713337012 1.8981811952722749 0.16842060202423978 -1.6232235710226608 0.085517540166159062 -1.5318501224485643 -0.21517887323186946 -1.4774690181999242 1.0794866233214069 0.64824403880419301 -3.2435910507530532 0.037609406308791907 -14.603256092125822 -0.4560787962632894 2.0234464016209328 -0.38790120235583847 -3.1556747425237188 -0.1036527819902569 -1.3698875467925224
leaf_weight=5561 23690 2535 4812 13658 2276 13915 1930 10859 5606 4614 304 2017 29018 8821 762 22727 14895 3100 1740 24008 10575 204 172795 117 28034 14696 2076 1828 56583 5434
leaf_count=5561 23690 2535 4812 13658 2276 13915 1930 10859 5606 4614 304 2017 29018 8821 762 22727 14895 3100 1740 24008 10575 204 172795 117 28034 14696 2076 1828 56583 5434
internal_value=0.00129132 0.000921686 0.000560371 0.00162755 0.00664893 0.000745594 0.0028397 -0.000854337 0.00114438 0.00414802 0.00123319 -0.00126512 0.00523641 -0.000215331 -0.00782001 -0.00023688 -0.00247745 0.0050775 -0.000208441 0.00592414 0.00236086 -0.00409173 -0.000300026 -0.00165863 0.000749538 0.00207974 -0.00873717 -0.0125584 -0.00135749 -0.00616616
internal_weight=489190 457618 411531 172327 31572 138497 44230 16693 7882 46087 17465 11904 33830 11600 2779 94267 28810 27537 239204 28622 13879 3304 236669 63874 65457 37423 5834 3758 62134 5551
internal_count=489190 457618 411531 172327 31572 138497 44230 16693 7882 46087 17465 11904 33830 11600 2779 94267 28810 27537 239204 28622 13879 3304 236669 63874 65457 37423 5834 3758 62134 5551
cat_boundaries=0 4 6 10 14 18 22 24 28 32 37 41 45 49 54 58 62 64 66 67 72
cat_threshold=914752566 2685457930 805307136 2751856896 1142719544 4 2215804928 2234515584 411041860 4221569 507709804 67373072 1093664770 563118712 360710150 421556224 3221233668 295200 25166080 0 268435456 8192 3764984320 20 67633153 2147557376 0 1049624 1228955712 1093177362 2466308116 481034248 2149679112 163776516 1284636844 582729 2 20979913 186974464 4194324 423106048 536870928 16384 537133056 2147483904 142622724 2148532224 2164260880 134225920 2181432001 617362760 33801 70131840 1 2359296 293733392 8388616 33562624 2158101284 3025299777 1208221696 22118945 2155878280 1 541196354 10 436347377 0 536870912 0 2097152 1
is_linear=0
shrinkage=0.1


Tree=48
num_leaves=31
num_cat=21
split_feature=0 4 9 9 8 0 10 1 8 1 0 4 8 9 9 8 9 6 8 8 8 9 8 10 8 4 9 11 11 9
split_gain=95.8898 85.9365 39.0764 33.0241 31.7917 31.5875 28.1272 21.9825 21.2466 20.4034 25.7682 24.9049 23.7109 23.2208 22.0216 22.906 21.2826 18.982 36.7582 18.654 18.2731 16.6915 15.7359 15.1149 16.9638 14.95 14.8328 14.0749 14.0678 18.9522
threshold=129.00000000000003 465.00000000000006 0 1 2 693.00000000000011 3 333.00000000000006 4 -32.999999999999993 -470.99999999999994 75.000000000000014 5 6 7 8 9 465.50000000000006 10 11 12 13 14 15 16 285.00000000000006 17 18 19 20
decision_type=2 2 9 9 9 2 9 10 9 8 2 2 9 9 9 9 9 2 9 9 9 9 9 9 9 2 9 9 9 9
left_child=9 3 20 4 7 8 -6 -2 -4 10 25 -11 13 -13 15 -12 19 18 -10 -14 -3 27 26 24 -23 -1 -16 -19 -18 -30
right_child=1 2 5 -5 6 -7 -8 -9 17 11 14 12 16 -15 22 -17 28 21 -20 -21 -22 23 -24 -25 -26 -27 -28 -29 29 -31
leaf_value=-12.375653818669146 -2.9594563500403552 -0.4913075664773815 1.9193985700110325 2.211029956484218 -0.23881120928163568 16.644524841759992 1.6330627956589361 2.461469345258013 -11.199309410698524 1.2133169277362457 -1.1138540226769396 1.9471117526501329 1.0331639218425053 0.30102778847982248 1.4006809103766491 -0.36980529974480791 0.024003258373808862 -6.2734290030628683 -1.8636436913483914 0.07709710946271936 4.1993448204677035 1.0150346544144975 -0.18681413480679351 0.47028726220094397 -4.1476975293606113 -5.3550212656340967 0.12026963021656306 -1.0003064382409557 -1.4437172083597063 -0.16488343962007568
leaf_weight=117 554 3373 11275 39008 7617 5421 18271 308 460 4400 3808 10208 15994 27008 4871 10860 135252 1426 1651 26959 15184 2788 45950 28953 3862 327 13306 12080 7782 30117
leaf_count=117 554 3373 11275 39008 7617 5421 18271 308 460 4400 3808 10208 15994 27008 4871 10860 135252 1426 1651 26959 15184 2788 45950 28953 3862 327 13306 12080 7782 30117
internal_value=0.00123245 0.00331542 0.00124351 0.00604003 0.0033296 0.000131909 0.00396092 -0.0154587 -0.00050324 0.000291401 -0.00111195 0.000722878 0.000593321 0.0029243 -0.000976584 -0.00447064 0.000191751 -0.00136834 -0.0106537 0.00218397 0.00530888 -0.000969476 -0.000176653 0.000166513 -0.00412913 -0.0251351 0.00231319 -0.00396123 -0.00030255 -0.00200506
internal_weight=489190 152231 86473 65758 26750 67916 25888 862 62495 336959 79239 257720 253320 37216 78795 14668 216104 51220 2111 42953 18557 49109 64127 35603 6650 444 18177 13506 173151 37899
internal_count=489190 152231 86473 65758 26750 67916 25888 862 62495 336959 79239 257720 253320 37216 78795 14668 216104 51220 2111 42953 18557 49109 64127 35603 6650 444 18177 13506 173151 37899
cat_boundaries=0 5 9 13 15 19 23 28 33 37 42 46 50 54 58 62 64 68 72 74 76 80
cat_threshold=2360372 2719012425 872415888 2485518592 1 2282242432 299958288 2329083908 1342270576 67109888 0 2147483649 268435456 1380072325 32 2248181002 272891916 72619488 33702935 1073776000 8456262 4986818 328221078 1187864 16777731 562432800 2170591704 3 17242240 2791354369 134239784 84279940 2 4572161 16778000 2953314348 1116552 847599636 2147532802 277159960 537920414 2 143130688 1073749058 2148007948 2400256 2152213064 1097503104 1141909504 140705889 302015008 21823744 780795920 129 1103161792 67379344 35743752 25169554 411304971 2701705241 1107870506 2146324 1073914132 42 274203200 33765394 2290622464 2394240 1069 1234323494 805601664 2161125632 541597699 3 1849005404 4 4882497 881862144 2283798532 19073024
is_linear=0
shrinkage=0.1


Tree=49
num_leaves=31
num_cat=23
split_feature=0 4 0 4 9 8 11 9 9 9 10 0 8 9 3 9 8 9 9 8 11 9 4 11 9 9 8 8 8 8
split_gain=92.0687 81.4431 34.6701 30.633 30.276 22.1007 21.5734 26.8574 20.9266 19.6096 18.986 18.1853 24.4354 24.456 24.4074 71.116 19.8298 25.2032 17.9801 17.5984 17.312 22.9526 23.917 16.7626 26.812 24.0717 17.2951 15.4471 14.5613 14.2129
threshold=219.00000000000003 465.00000000000006 681.00000000000011 135.00000000000003 0 1 2 3 4 5 6 -38.999999999999993 7 8 1.5000000000000002 9 10 11 12 13 14 15 105.00000000000001 16 17 18 19 20 21 22
decision_type=2 2 2 2 9 9 9 9 9 9 9 2 9 9 2 9 9 9 9 9 9 9 2 9 9 9 9 9 9 9
left_child=3 9 4 5 -3 10 7 -6 -5 28 -1 16 14 27 15 -13 17 -10 -8 -9 21 22 -7 24 -15 26 -25 -14 -2 -20
right_child=1 2 -4 8 6 20 18 19 11 -11 -12 12 13 23 -16 -17 -18 -19 29 -21 -22 -23 -24 25 -26 -27 -28 -29 -30 -31
leaf_value=-0.47899093163181816 -0.48962879694518674 3.0476827136748934 16.999220415480163 9.2729667571847454 -0.17867302106148267 0.63280987742113481 2.3822503973500653 -8.0650970828436144 -2.2051457549075968 4.2398320166095491 0.12736054527577365 -3.1564352787885106 0.044337686172190721 -0.61093702994318222 -0.0029676824375997057 -0.17822360778014487 -0.095963469730831752 -0.47194588845952351 1.2273215971645737 -3.3116341195696415 0.79434357349465823 1.3066067262578267 -1.3166973178431152 0.24934320720582567 0.28724303566147025 0.0599710033733208 1.6305945144412695 0.84293529059084027 2.4640144592526498 -1.4546562549657309
leaf_weight=3125 3054 10802 7896 3050 5740 1787 9093 1819 2414 33192 12463 391 10846 23034 82064 15859 57791 10630 5181 2873 17221 3029 1727 11181 32134 62354 16563 28662 3860 9355
leaf_count=3125 3054 10802 7896 3050 5740 1787 9093 1819 2414 33192 12463 391 10846 23034 82064 15859 57791 10630 5181 2873 17221 3029 1727 11181 32134 62354 16563 28662 3860 9355
internal_value=0.00121855 0.00405266 0.00147065 0.00055447 0.000395204 0.00320238 -0.00106806 -0.00485348 0.000262569 0.00744926 0.000274395 0.000191364 0.000549935 0.0012276 -0.000723729 -0.00426461 -0.00124162 -0.00476176 0.00060451 -0.0104594 0.00512072 0.000737067 -0.00475596 0.000627496 -0.000745224 0.00146802 0.00391799 0.00343337 0.00259099 -0.00157707
internal_weight=489190 92865 52759 396325 44863 39352 34061 10432 356973 40106 15588 353923 283088 184774 98314 16250 70835 13044 23629 4692 23764 6543 3514 145266 55168 90098 27744 39508 6914 14536
internal_count=489190 92865 52759 396325 44863 39352 34061 10432 356973 40106 15588 353923 283088 184774 98314 16250 70835 13044 23629 4692 23764 6543 3514 145266 55168 90098 27744 39508 6914 14536
cat_boundaries=0 5 9 11 15 19 23 25 29 34 38 42 46 50 54 56 60 62 67 71 75 79 83 87
cat_threshold=2883636 572053065 809631888 2217083136 3 394789382 153645056 1208033284 134488353 537570055 19 269554432 67734 3380611138 1363771435 536870928 16384 536870912 2147483904 2147500416 4259840 180552192 268438608 2516725829 32 269304325 2164527192 3128950804 76067336 344065036 2165407806 310714912 68288616 2 134217728 10518528 0 524304 17972480 1209171969 1149247586 223432969 268435456 425886212 151003136 881104008 2663515394 2307072256 36716800 1611162664 2148532228 53506048 2667577352 2380448 2156532546 18 134905856 681582592 4 286720 2974464521 11 803328 1015677376 2149745676 23435392 1 38027840 948046016 2283802634 557880321 3427927136 5406977 1074815264 57935296 2214633472 349710849 22544392 2099200 201327616 17825792 2164260945 471073409 2156168450 307238032 2218791776 38037634
is_linear=0
shrinkage=0.1


Tree=50
num_leaves=31
num_cat=20
split_feature=0 4 4 9 0 8 9 4 9 11 8 11 9 8 4 8 9 8 10 8 0 8 1 5 9 8 10 9 9 5
split_gain=91.9403 62.9412 36.9663 30.0709 28.6853 21.2412 21.8787 21.4445 21.1366 19.5242 22.2328 19.4473 54.9027 25.8217 20.5355 18.4564 24.5366 18.3268 17.5716 15.8315 14.5097 14.0677 13.791 13.411 30.7475 15.0073 14.4915 38.7411 18.0453 17.4186
threshold=309.00000000000006 465.00000000000006 135.00000000000003 0 747.00000000000011 1 2 105.00000000000001 3 4 5 6 7 8 165.00000000000003 9 10 11 12 13 39.000000000000007 14 -14.999999999999998 6.5000000000000009 15 16 17 18 19 8.5000000000000018
decision_type=2 2 2 9 2 9 9 2 9 9 9 9 9 9 2 9 9 9 9 9 2 9 8 2 9 9 9 9 9 2
left_child=2 21 5 -3 9 -1 7 -7 19 10 -5 12 13 14 -10 16 22 -11 -15 -4 -8 -2 -13 24 -17 -26 27 -25 29 -29
right_child=1 3 8 4 -6 6 20 -9 11 17 -12 15 -14 18 -16 23 -18 -19 -20 -21 -22 -23 -24 26 25 -27 -28 28 -30 -31
leaf_value=0.91854380743567698 -18.035562769422825 5.4971554024846334 2.9649355871817562 -5.704311799598738 18.135944654307483 -0.10917235626123728 0.00039807277229922042 -1.6017729909445091 -2.9545661947332036 -1.5483029355087718 -0.5800119445105224 0.16977060939440558 0.12250339492125878 -2.8054745882052408 -3.3333802068162512 -4.4101302109976963 0.053390148177291125 2.9766747584195823 0.065914082641499644 0.29890142130717406 0.48096838157516331 6.8209488331107977 1.5744649977054392 -17.599118859779448 0.62022637155257032 -0.70577198584017575 0.069761032156746269 1.4335636886381731 0.37899442941419792 -3.9940008299196914
leaf_weight=17589 133 9583 6505 3633 4360 1806 11315 564 451 4523 5573 7399 35407 5131 5150 892 31898 6339 5832 13325 11750 25725 16783 109 3252 6103 240335 1042 3832 2851
leaf_count=17589 133 9583 6505 3633 4360 1806 11315 564 451 4523 5573 7399 35407 5131 5150 892 31898 6339 5832 13325 11750 25725 16783 109 3252 6103 240335 1042 3832 2851
internal_value=0.00119095 0.00486212 0.000679003 0.00203493 0.000171045 0.00345946 0.00160935 -0.00752101 0.000369328 -0.00142615 -0.0048112 0.000197202 -0.00159462 -0.00634488 -0.0118678 0.000493345 0.00213764 0.00144592 -0.00351499 0.00354839 0.00255038 0.00858071 0.00453952 0.000136442 -0.0034088 -0.00170315 0.000282832 -0.00394697 -0.00307046 -0.00785806
internal_weight=489190 59869 429321 34011 24428 43024 25435 2370 386297 20068 9206 366467 51971 16564 5601 314496 56080 10862 10963 19830 23065 25858 24182 258416 10247 9355 248169 7834 7725 3893
internal_count=489190 59869 429321 34011 24428 43024 25435 2370 386297 20068 9206 366467 51971 16564 5601 314496 56080 10862 10963 19830 23065 25858 24182 258416 10247 9355 248169 7834 7725 3893
cat_boundaries=0 5 9 13 17 19 23 25 30 34 38 42 46 47 51 55 60 64 66 71 75
cat_threshold=11272240 538494793 805372048 2217615616 3 2182250753 2457993476 818282496 137433600 67633408 0 0 1057816 805568528 1065994 805568512 2214625540 17480527 3 135286785 3342346368 1593835520 140857473 2158502432 27 2286028352 747275200 2183266308 20123792 1 2232942593 293220354 448857108 16834581 83951624 148676 6139328 43205653 72483360 555950597 1117783088 1901204608 1524840 18923779 1179654 219513448 198408 307234957 2654209 4199394 289407155 0 0 1 268435456 0 21037060 8388640 268435459 2 307503717 27296003 1285689346 20971746 138412049 2 0 536871424 0 2097152 1 202391811 1344307456 2281701376 987139
is_linear=0
shrinkage=0.1


Tree=51
num_leaves=31
num_cat=21
split_feature=0 0 4 9 8 9 8 8 10 9 9 9 11 8 0 11 9 8 10 9 5 11 8 9 6 4 8 8 1 0
split_gain=89.4458 46.6326 65.2438 38.3996 28.5578 26.4644 24.8461 24.1854 21.1045 32.1549 29.087 19.6205 18.8224 21.7283 18.3372 16.9167 16.6066 35.634 17.1802 15.8733 15.2438 14.741 14.3791 14.0981 14.5585 13.991 13.7355 13.0831 13.3001 12.4729
threshold=567.00000000000011 69.000000000000014 255.00000000000003 0 1 2 3 4 5 6 7 8 9 10 315.00000000000006 11 12 13 14 15 1.0000000180025095e-35 16 17 18 1167.5000000000002 675.00000000000011 19 20 153.00000000000003 -110.99999999999999
decision_type=2 2 2 9 9 9 9 9 9 9 9 9 9 9 2 9 9 9 9 9 2 9 9 9 2 2 9 9 8 2
left_child=1 16 5 21 23 6 14 11 9 20 12 -5 -10 -14 15 -3 17 18 -1 -17 -9 -4 -19 -2 -25 -11 -12 -15 -29 -18
right_child=4 2 3 7 -6 -7 -8 8 10 25 26 -13 13 27 -16 19 29 22 -20 -21 -22 -23 -24 24 -26 -27 -28 28 -30 -31
leaf_value=-1.3592756597134832 6.3760688245089048 -1.1435246256292739 2.0387308583285004 -0.28269918918320563 16.534096973114867 1.3020006512098874 0.85928427325222467 -11.74220194872195 -0.43031350889154396 1.8866605401619321 1.0233061758060724 2.4019135159278839 -0.5781834883239324 -6.9203609010701035 3.3433270179565571 0.41827412765442329 -0.8450914306209576 0.24052587534361944 -0.094493238164945842 -0.3223931379322702 -0.44794042220725772 -0.24226453283784499 1.4266159901289202 -16.800812752027326 7.4826959585711954 0.40547561886656952 -0.52087461899310206 -1.03976268408039 -4.3515445949033866 -0.016123648606086047
leaf_weight=3533 1009 624 21295 7482 19142 23563 15463 59 8811 12093 14324 12669 4107 309 1985 3137 19197 21754 13625 5076 16361 4389 16475 686 336 10650 27729 2192 3658 197457
leaf_count=3533 1009 624 21295 7482 19142 23563 15463 59 8811 12093 14324 12669 4107 309 1985 3137 19197 21754 13625 5076 16361 4389 16475 686 336 10650 27729 2192 3658 197457
internal_value=0.00114884 0.00086123 0.00203729 0.000971614 0.00750626 0.00516129 0.00297585 0.000222824 -0.00041245 0.00139969 -0.00157344 0.00338327 -0.00481113 -0.0077209 -0.000699778 -0.00265135 1.40056e-05 0.00155911 -0.00222623 -0.00143135 -0.001972 0.0044812 0.00325819 -0.00376776 -0.0119961 0.00383378 -0.000103891 -0.0114784 -0.0103754 -0.00038105
internal_weight=489190 468017 195976 146128 21173 49848 26285 120444 100293 39163 61130 20151 19077 10266 10822 8837 272041 55387 17158 8213 16420 25684 38229 2031 1022 22743 42053 6159 5850 216654
internal_count=489190 468017 195976 146128 21173 49848 26285 120444 100293 39163 61130 20151 19077 10266 10822 8837 272041 55387 17158 8213 16420 25684 38229 2031 1022 22743 42053 6159 5850 216654
cat_boundaries=0 5 9 13 17 21 23 28 32 36 37 41 42 47 51 53 57 59 63 68 72 76
cat_threshold=914626096 2685457930 872415744 2751856896 2 6363232 1082134018 34078729 285212672 2894627584 159916304 167968836 20996208 27788292 19009536 3632267281 12417 427266 537199268 71573440 34677782 724832425 4 134242304 272892128 1217527872 137367575 1 3238004992 226557968 33642573 1368411673 3358189704 274860032 134317076 142622802 2617456712 154143232 1275235649 1119002656 6422624 1073750272 538181660 1073790994 807280928 2550174045 2 274170432 839008416 2217738276 67554569 2432991568 16 2222981120 17309712 131072 16384 521569609 9 260063495 2151945236 1241724928 42012740 7409745 1342329858 16777346 536870912 2 10498568 1384795153 271581190 272931169 335544320 0 16777232 67125256
is_linear=0
shrinkage=0.1


Tree=52
num_leaves=31
num_cat=19
split_feature=0 4 0 9 9 4 11 8 4 8 0 9 0 8 8 9 4 9 8 8 2 0 8 4 9 9 8 11 9 9
split_gain=87.3337 70.5651 28.6067 26.3053 25.7322 23.4634 19.6095 21.6733 23.5024 18.5737 18.7994 17.3593 17.2486 25.2568 19.9828 18.2292 16.4847 16.3379 17.7538 16.0349 22.0278 15.9533 15.4181 15.2407 15.1723 15.1524 14.8213 14.5673 19.0692 18.5194
threshold=195.00000000000003 465.00000000000006 747.00000000000011 0 1 75.000000000000014 2 3 135.00000000000003 4 381.00000000000006 5 -98.999999999999986 6 7 8 2325.0000000000005 9 10 11 231.00000000000003 471.00000000000006 12 405.00000000000006 13 14 15 16 17 18
decision_type=2 2 2 9 9 2 9 9 2 9 2 9 2 9 9 9 2 9 9 9 10 2 9 2 9 9 9 9 9 9
left_child=5 3 4 9 26 -1 7 8 -5 10 23 -7 13 -13 25 -15 22 18 -16 27 24 -10 -6 -2 -21 -14 -3 28 -19 -29
right_child=1 2 -4 6 16 11 -8 -9 21 -11 -12 12 14 15 17 -17 -18 19 -20 20 -22 -23 -24 -25 -26 -27 -28 29 -30 -31
leaf_value=0.5632474872140566 -0.81847312874736644 -2.3210135940467977 18.200649942366059 1.5497542285323951 2.9097006140183264 7.9534474162386068 3.3853617919208632 2.9055953402751999 -2.5614174841957369 1.0700244814118349 2.5554190217046791 0.31005646158706984 2.5861962029162666 -3.0266025110936123 -0.41976164568875546 -0.84690384512480943 -5.1553634873897511 -0.18629692733388808 0.015675798485393373 -0.1513230100662156 -2.4686135186238047 9.6027537080658281 -0.29012709606854498 -5.3158191726796593 0.10958089738294939 0.41448468476939593 3.2300983010702247 0.80329261638648974 1.0042741487788376 -0.011217656846618721
leaf_weight=7642 931 1492 6482 1890 5261 2931 29647 6197 2002 3297 870 13258 8048 3628 20234 11545 4289 5875 30690 62404 1101 522 31611 160 103331 15943 10743 20491 19442 57233
leaf_count=7642 931 1492 6482 1890 5261 2931 29647 6197 2002 3297 870 13258 8048 3628 20234 11545 4289 5875 30690 62404 1101 522 31611 160 103331 15943 10743 20491 19442 57233
internal_value=0.00111879 0.00366852 0.00141254 0.00663635 0.000650985 0.000418608 0.00750422 0.00380473 -0.00155063 -2.27787e-05 -0.00770675 0.000307162 0.000246843 -0.00212057 0.000442064 -0.00490483 -0.000546258 0.000233814 -0.00140888 0.000543821 -6.19729e-05 -0.00786846 0.000136147 -0.0164895 3.16774e-05 0.00322528 0.00467538 0.00152459 0.00360761 0.000845705
internal_weight=489190 105394 59878 45516 53396 383796 40258 10611 4414 5258 1961 376154 373223 28431 344792 15173 41161 320801 50924 269877 166836 2524 36872 1091 165735 23991 12235 103041 25317 77724
internal_count=489190 105394 59878 45516 53396 383796 40258 10611 4414 5258 1961 376154 373223 28431 344792 15173 41161 320801 50924 269877 166836 2524 36872 1091 165735 23991 12235 103041 25317 77724
cat_boundaries=0 4 9 11 15 19 23 27 31 35 40 44 48 52 57 62 66 68 72 77
cat_threshold=16768 4194304 181604352 268437584 44303408 2719536649 805306512 2485518592 3 2151815942 24 2147483648 2200977536 268435456 2384416 469763072 2097152 2164260929 470810752 16 16384 536870912 2147483904 1342767621 635449442 442500738 8585236 1073749256 8454180 22454208 319815702 404439296 2315624450 1495491076 1056906 1140854881 70004993 1109023208 1073752192 1 295699040 1547704347 2483028020 10820672 2287108160 1107347459 2215182392 140594401 113773834 4456460 71833560 33704978 2287633408 1610746076 150994944 627688000 2 68694056 33555587 43059616 1346943128 1 306209792 17301584 1040318480 512 1828724804 10 138412808 16779968 25165824 945816080 2965505672 2164261086 142614530 742490636 2
is_linear=0
shrinkage=0.1


Tree=53
num_leaves=31
num_cat=20
split_feature=0 4 4 8 11 8 4 9 1 9 9 6 10 9 6 10 9 6 8 9 10 8 8 9 8 6 9 0 9 9
split_gain=87.0712 61.1096 29.6831 27.002 21.0363 21.9892 28.0875 36.0944 20.5459 18.4501 18.1723 17.3684 27.3348 26.1157 27.0059 32.2864 29.0371 24.0227 23.4606 27.3355 32.4379 23.2274 21.2103 21.0502 19.4917 18.6763 18.2262 16.7479 15.8643 15.8261
threshold=303.00000000000006 465.00000000000006 135.00000000000003 0 1 2 75.000000000000014 3 21.000000000000004 4 5 613.50000000000011 6 7 1143.5000000000002 8 9 1340.5000000000002 10 11 12 13 14 15 16 597.50000000000011 17 687.00000000000011 18 19
decision_type=2 2 2 9 9 9 2 9 8 9 9 2 9 9 2 9 9 2 9 9 9 9 9 9 9 2 9 2 9 9
left_child=2 -2 4 28 8 6 -6 -8 -1 -5 -4 12 18 21 24 16 17 -16 -12 20 -20 -13 25 -17 26 -14 -15 -11 -3 -27
right_child=1 3 10 9 5 -7 7 -9 -10 27 11 13 22 14 15 23 -18 -19 19 -21 -22 -23 -24 -25 -26 29 -28 -29 -30 -31
leaf_value=0.086001437655777446 5.4178295011737321 2.2498989809304901 7.3510688032291531 5.7868231857951198 0.24995882929001745 0.59035491953874475 -2.6849516109170866 -0.49783917086449625 0.79372952131478869 0.17628231651599191 0.12896564132730029 -0.069684320628204746 -0.15763641236581466 0.27314550854885911 -6.2101869022722953 0.33662655692327204 -0.52441067034975208 0.4467544372352748 -10.615235781941665 -0.33466752942198452 -1.6237214919992242 0.87658009479709487 0.68359610243721569 -0.42861537246862103 0.28388714933407722 -10.685398117011204 -0.46058475203435328 12.040189450574463 -3.346573899474715 -0.27184539650258954
leaf_weight=9786 26566 2688 3208 7272 3917 8540 133 5335 15126 14800 21215 16461 10363 17961 1538 18001 3326 446 438 35343 9932 37768 21309 36759 122570 354 27467 4015 6197 356
leaf_count=9786 26566 2688 3208 7272 3917 8540 133 5335 15126 14800 21215 16461 10363 17961 1538 18001 3326 446 438 35343 9932 37768 21309 36759 122570 354 27467 4015 6197 356
internal_value=0.00109446 0.00461146 0.000588376 0.00186492 0.00308542 0.000471146 -0.00286855 -0.00750183 0.00496429 0.00348584 0.000310409 0.00024729 -0.000890142 0.000647439 0.00017836 -0.00164142 -0.00907895 -0.0186359 -0.00204398 -0.00331934 -0.00783237 0.0026197 0.00149481 -0.000918386 0.000829058 -0.0020545 -0.000940182 0.00183001 -0.00289488 -0.0177465
internal_weight=489190 61538 427652 34972 42837 17925 9385 5468 24912 26087 384815 381607 99310 282297 228068 60070 5310 1984 66928 45713 10370 54229 32382 54760 167998 11073 45428 18815 8885 710
internal_count=489190 61538 427652 34972 42837 17925 9385 5468 24912 26087 384815 381607 99310 282297 228068 60070 5310 1984 66928 45713 10370 54229 32382 54760 167998 11073 45428 18815 8885 710
cat_boundaries=0 4 6 10 14 19 23 25 30 32 36 40 45 47 51 55 59 63 67 72 76
cat_threshold=20000865 1336428546 454041608 75563528 2140473357 9 293765126 2570084352 1073750020 134279937 16777216 0 0 8192 315425824 2685977096 838861104 2217345320 1 16 16384 536870912 2147483904 3092515790 2 847511556 1087150 283116066 69243980 2 3355443584 32 2281832448 8388608 68 17825795 269512708 1180850949 106367040 134545440 294928388 1881768068 3385852032 69251080 1 2147483648 2 407494728 85234691 177471520 202381568 495108865 1556166912 2172649472 136397057 1146709282 2986803473 2282754176 554696737 47202405 1241661707 343936020 293640224 1210057258 184617296 2164564056 4530195 11014198 3410007313 2416968352 5931008 2 1064960 2418024464 2281701440 16845312
is_linear=0
shrinkage=0.1


Tree=54
num_leaves=31
num_cat=24
split_feature=0 4 0 4 9 8 8 8 9 10 9 4 9 8 11 4 11 9 8 9 9 8 11 9 9 9 8 11 9 8
split_gain=85.3631 55.457 29.7164 41.737 28.5894 24.4017 22.7711 20.6636 18.9102 18.1103 16.3242 23.1287 14.8812 14.6703 14.66 13.9657 13.8998 17.2306 13.4873 20.9109 16.5705 27.508 15.3829 26.0538 23.4677 20.5192 15.4218 15.2026 16.9438 14.6971
threshold=393.00000000000006 765.00000000000011 93.000000000000014 195.00000000000003 0 1 2 3 4 5 6 105.00000000000001 7 8 9 45.000000000000007 10 11 12 13 14 15 16 17 18 19 20 21 22 23
decision_type=2 2 2 2 9 9 9 9 9 9 9 2 9 9 9 2 9 9 9 9 9 9 9 9 9 9 9 9 9 9
left_child=2 -2 15 6 -5 -3 8 -6 9 10 11 -4 13 14 -9 -1 17 -14 19 29 21 -20 24 -24 -22 -25 -26 -21 -29 -17
right_child=1 5 3 4 7 -7 -8 12 -10 -11 -12 -13 16 -15 -16 18 -18 -19 20 27 22 -23 23 25 26 -27 -28 28 -30 -31
leaf_value=2.832762188754498 7.540714510807323 -3.5433906203319943 -0.17099149549298512 1.5952443418946827 1.239396552088476 3.3894221285038095 1.1994977433498435 -7.1733399162688842 0.57957015725843231 0.42200725394579069 -0.30941164539062282 -2.472951066226051 -1.6320260591339482 -0.065096199590400625 -1.0732675294599445 -0.63046435066965234 0.42591672550769921 0.088835604911443586 -0.12379784404987504 0.18677873487152152 0.51376386498957827 1.3267725684545562 -1.5243564421450619 0.51519186126291439 -0.32367189910843547 -0.20839899735771597 0.14694823864050779 -0.89707096320061985 -0.089553437544398304 -0.34511049375396352
leaf_weight=1666 26625 5320 620 18486 19658 9567 19934 341 6737 1964 2128 188 8293 7413 7112 1445 36160 17032 16830 29467 31413 22953 3461 17729 25000 67201 47955 4295 17255 14942
leaf_count=1666 26625 5320 620 18486 19658 9567 19934 341 6737 1964 2128 188 8293 7413 7112 1445 36160 17032 16830 29467 31413 22953 3461 17729 25000 67201 47955 4295 17255 14942
internal_value=0.00105848 0.00539651 0.000656231 0.00182698 0.000939343 0.000508498 0.00504609 0.000245681 0.00152572 -0.00319756 -0.00816022 -0.0201956 -0.000498814 -0.00333692 -0.00646791 8.92541e-05 0.000187821 -0.00160845 3.85406e-05 -0.00120687 0.000399567 0.00225743 1.60299e-05 -0.000954627 0.000838108 -0.000607487 -0.00014596 -0.000208321 -0.00222634 -0.00431359
internal_weight=489190 41512 447678 146066 114495 14887 31571 96009 11637 4900 2936 808 76351 14866 7453 301612 61485 25325 299946 67404 232542 39783 192759 88391 104368 84930 72955 51017 21550 16387
internal_count=489190 41512 447678 146066 114495 14887 31571 96009 11637 4900 2936 808 76351 14866 7453 301612 61485 25325 299946 67404 232542 39783 192759 88391 104368 84930 72955 51017 21550 16387
cat_boundaries=0 4 8 12 16 20 22 26 31 35 37 39 43 47 51 55 59 61 65 70 74 78 80 85 89
cat_threshold=906303026 2685457928 805339810 2214723840 276107296 3316665090 1509949448 201392904 25166340 154144768 2424307716 8192 2147910402 37946020 1146361792 34668566 151027712 150994944 131136 4202544 1582433090 32 32768 16777216 0 16 1082130881 67108880 167866697 1083187286 1 137379905 2166379523 2298511420 2359425 1078069249 3 2281848580 25 2281865216 144777536 4 271340544 291772965 237110792 553656344 67418376 2271478272 1243354629 167774304 738338880 542376476 1074937894 537272352 2827006293 210960448 537153700 2394359844 16909377 1028824132 16 1120 603979776 35651584 65664 268583264 722239488 35651584 17910784 1 69240832 270548625 2173782280 1342701608 1149445130 1090560131 1421983776 306250274 1617306586 4 4096 805347584 8388610 1080300192 1 17039360 512 0 264
is_linear=0
shrinkage=0.1


Tree=55
num_leaves=31
num_cat=22
split_feature=0 4 4 0 8 6 9 8 8 9 8 9 0 11 8 9 8 8 10 9 10 2 4 9 10 11 9 10 9 9
split_gain=80.0565 37.0347 31.0597 23.7274 23.2179 21.7976 29.9921 33.2499 25.0296 23.8155 19.9586 22.5064 18.8768 19.1817 44.1293 20.9609 18.0828 17.9587 16.959 16.924 15.4276 15.1359 14.7072 33.56 13.8027 22.6007 36.1922 27.6219 14.8934 13.7991
threshold=513.00000000000011 135.00000000000003 765.00000000000011 171.00000000000003 0 613.50000000000011 1 2 3 4 5 6 129.00000000000003 7 8 9 10 11 12 13 14 1.0000000180025095e-35 105.00000000000001 15 16 17 18 19 20 21
decision_type=2 2 2 2 9 2 9 9 9 9 9 9 2 9 9 9 9 9 9 9 9 10 2 9 9 9 9 9 9 9
left_child=1 3 -2 4 -1 8 7 -7 -3 17 11 -8 29 14 -14 -15 -4 -10 19 21 -6 -13 -22 -24 25 26 27 -11 -26 -12
right_child=2 5 16 -5 20 6 10 -9 9 24 12 18 13 15 -16 -17 -18 -19 -20 -21 22 -23 23 -25 28 -27 -28 -29 -30 -31
leaf_value=0.6824394067456504 14.301160622516376 0.7514163628326278 -3.9698677633453814 1.7382822083238709 0.2327493578071157 -0.069057793514190544 0.30503656236102872 1.2742891253578377 -2.3529870102478205 -1.9017382778375556 0.32290976721131515 -2.2186703874761564 -2.9145145466468581 0.19123333063272568 0.98732034358787546 1.6200637712907089 5.1814659404087413 -0.51198675784180248 -0.97749602300203309 0.051398393524710463 0.01893102575041912 -2.7156383977603311 0.028240486195791656 -0.99863156210846926 1.1546482292146931 -0.058654766715947243 -0.75070607579357329 -10.254343935375079 -0.0779624915816063 -0.059890588307059969
leaf_weight=14390 16463 18343 3223 10487 11609 17359 23322 34596 6394 1155 51601 70 4427 17179 10070 25336 5808 10780 22667 14196 5816 51 2512 1959 7646 34371 9278 780 15435 91867
leaf_count=14390 16463 18343 3223 10487 11609 17359 23322 34596 6394 1155 51601 70 4427 17179 10070 25336 5808 10780 22667 14196 5816 51 2512 1959 7646 34371 9278 780 15435 91867
internal_value=0.00102966 0.000729703 0.00648545 0.0033979 0.00218707 0.000430368 0.000847699 0.00304147 -0.000822407 -0.00153886 0.000410513 -0.00118443 0.000890319 0.00242966 -0.00071207 0.00350029 0.00177278 -0.00486848 -0.00271828 -2.30331e-05 0.000135123 -0.0358015 -0.00268331 -0.00699843 -0.000705497 -0.00171426 -0.0056108 -0.0180206 0.00128665 0.000278669
internal_weight=489190 463696 25494 46773 36286 416923 312741 51955 104182 85839 260786 60306 200480 57012 14497 42515 9031 17174 36984 14317 21896 121 10287 4471 68665 45584 11213 1935 23081 143468
internal_count=489190 463696 25494 46773 36286 416923 312741 51955 104182 85839 260786 60306 200480 57012 14497 42515 9031 17174 36984 14317 21896 121 10287 4471 68665 45584 11213 1935 23081 143468
cat_boundaries=0 4 9 13 17 22 26 31 33 37 41 45 49 51 54 56 61 63 65 69 70 74 78
cat_threshold=1212672 42074372 3502637120 3151360 805568564 537941550 811597858 2216727820 2 4546640 1171688736 243531776 202508544 1074880712 33867783 107234496 276826292 1327108 202248356 2313158688 69285964 3 1110523940 52748315 25247761 293606048 136997642 2185439424 134250576 675348561 1 2697507590 27 2281701377 2283278720 1006632964 280577 3355992128 1080297472 1090590928 1481712338 275607648 3316141826 34209800 134283784 8425216 406856152 9974562 70256202 672406018 8 0 16777216 524288 157122714 26 2181169152 784 10485764 17432610 1 4027843534 6 2181203458 1 150994944 1879081728 1073741824 1703937 1342177354 520160256 1342242818 1879525658 2554594561 1183859008 427884560 2173764356 1895893091
is_linear=0
shrinkage=0.1


Tree=56
num_leaves=31
num_cat=20
split_feature=0 4 8 0 9 0 9 8 9 8 8 11 4 8 0 10 9 9 8 4 1 9 8 11 8 8 4 8 0 8
split_gain=76.4239 33.441 25.4837 24.379 24.2397 19.3093 35.1434 23.3879 27.9614 20.7274 18.3287 16.7928 26.6649 35.0137 21.3166 15.1322 24.0992 23.7506 23.0011 15.0186 14.8368 14.2463 21.7176 13.3286 13.2562 13.2126 14.7464 13.1565 12.905 13.7796
threshold=555.00000000000011 135.00000000000003 0 249.00000000000003 1 27.000000000000004 2 3 4 5 6 7 75.000000000000014 8 15.000000000000002 9 10 11 12 675.00000000000011 213.00000000000003 13 14 15 16 17 975.00000000000011 18 195.00000000000003 19
decision_type=2 2 9 2 9 2 9 9 9 9 9 9 2 9 2 9 9 9 9 2 8 9 9 9 9 9 2 9 2 9
left_child=1 3 -2 4 -1 21 9 8 -8 -7 -6 12 -12 -14 24 17 19 18 20 28 -9 22 -3 -11 -13 26 -21 -19 29 -17
right_child=2 5 -4 -5 10 6 7 15 -10 23 11 14 13 -15 -16 16 -18 27 -20 25 -22 -23 -24 -25 -26 -27 -28 -29 -30 -31
leaf_value=1.0935628645380211 -3.7425773062418006 1.5579005374367754 12.255131352523135 3.2945649447563876 -0.18601666433374786 0.099376677005897099 -0.34459177713842754 -1.2942337415256659 1.119086382784332 -2.8987703316430289 0.53660577482130101 -0.31967536698256965 -2.5353250991931944 -0.3280324495598933 0.62479427076839067 -0.085925920457588789 -0.051951535245214231 -0.48132707645214973 -0.41479025903828592 -5.2753784799063226 -4.1772746826418734 -0.11011115197554816 -0.016299738298782972 1.4961447272001764 0.1918339271724962 0.5238305037772254 -0.94854345083079394 0.62275288573614862 2.5376329809648444 1.0502057481542799
leaf_weight=9795 2339 11255 19713 6348 3021 11614 10762 4645 21278 620 4420 1834 252 6960 10221 5631 73406 13542 12786 401 2816 148949 28011 24549 4304 12899 1297 20410 6853 8259
leaf_count=9795 2339 11255 19713 6348 3021 11614 10762 4645 21278 620 4420 1834 252 6960 10221 5631 73406 13542 12786 401 2816 148949 28011 24549 4304 12899 1297 20410 6853 8259
internal_value=0.00100493 0.00073336 0.00675766 0.0032584 0.0023616 0.000449852 0.00106089 0.000525911 0.00299532 0.00389558 0.000990265 0.00178958 -0.00111493 -0.00486411 0.00385424 4.01955e-05 0.000720512 -0.00132469 -0.00403465 0.00286563 -0.00844465 -0.000302579 0.00139169 0.00550816 -0.000801564 0.000408989 -0.00785714 0.000292092 0.00459577 0.00284377
internal_weight=489190 467138 22052 47155 40807 419983 231768 194985 32040 36783 31012 27991 11632 7212 16359 162945 108746 54199 20247 35340 7461 188215 39266 25169 6138 14597 1698 33952 20743 13890
internal_count=489190 467138 22052 47155 40807 419983 231768 194985 32040 36783 31012 27991 11632 7212 16359 162945 108746 54199 20247 35340 7461 188215 39266 25169 6138 14597 1698 33952 20743 13890
cat_boundaries=0 4 8 13 17 21 25 29 31 35 37 41 45 49 53 57 59 63 67 71 75
cat_threshold=6371424 1082166786 34078729 285212672 2182513158 269001236 9568256 134250505 310707254 2685453866 805307168 2214723852 2 16943360 8994980 5775298 34686230 2281758848 5113856 1211171860 679821330 306012176 1150096406 3091791880 68159488 277348352 0 3221225476 134217984 665538 17 16777216 402653184 8192 16384 3493989334 42 72483592 1493239824 7569412 1617191969 1214720 494993680 33951812 1101816883 2526564390 2232427777 81965 201368065 537921852 19478 806232080 2294322451 3221749896 2150646859 138463682 290456242 2147551248 4 32768 2281713664 0 270336 2148540420 2148540416 335544320 131072 303038496 290594904 1384161284 8925896 1311237 119537680 1073741844 16781824
is_linear=0
shrinkage=0.1


Tree=57
num_leaves=31
num_cat=19
split_feature=0 0 4 4 8 8 9 10 9 9 2 9 8 0 9 4 4 0 9 0 8 2 8 8 9 9 9 8 8 8
split_gain=70.9079 30.4177 59.7402 28.2501 27.6593 25.1667 29.8863 23.7635 42.1781 33.5665 23.1053 19.7357 17.9963 17.4636 19.7856 16.3928 14.8087 14.0583 13.1981 14.6862 18.0969 18.911 28.2736 17.1544 23.0774 15.1328 14.3327 16.7449 13.465 13.1624
threshold=549.00000000000011 153.00000000000003 285.00000000000006 765.00000000000011 0 1 2 3 4 5 315.00000000000006 6 7 873.00000000000011 8 45.000000000000007 105.00000000000001 303.00000000000006 9 -26.999999999999996 10 111.00000000000001 11 12 13 14 15 16 17 18
decision_type=2 2 2 2 9 9 9 9 9 9 10 9 9 2 9 2 2 2 9 2 9 10 9 9 9 9 9 9 9 9
left_child=1 15 5 -2 11 6 16 9 10 12 -9 -4 -6 14 -5 -1 17 -3 -17 23 25 26 -23 24 -20 -21 27 -22 -28 -11
right_child=3 2 4 13 7 -7 -8 8 -10 29 -12 -13 -14 -15 -16 18 -18 -19 19 20 21 22 -24 -25 -26 -27 28 -29 -30 -31
leaf_value=2.5147894389454293 14.496540469752262 -0.32807717375405476 -0.61346755295854227 -6.453348665047276 -1.3037623399969471 1.2990502364881564 0.26628140951549378 -3.0040316690415438 -0.2608588019789474 0.37967452440843857 -9.22800012094282 3.1600066248211061 0.15456506172045623 24.813502958222475 2.3872980217575792 5.97487184113632 -8.6633620997479248 0.13149640499611934 -1.0135384208403411 1.4835548058924379 0.27036563985359624 -0.86289684272961109 0.08619114100647457 -0.031473037531445862 -0.18956865796947125 0.28304143034585894 0.39668018649933845 -0.29769938711904781 0.04229829360470988 2.5531711232011003
leaf_weight=1997 14592 187 3807 1845 6710 28927 1135 3803 20393 8773 691 11322 11315 2892 3211 2797 87 123 5328 9119 14795 11112 16876 76167 16442 20811 54714 21031 105462 12726
leaf_count=1997 14592 187 3807 1845 6710 28927 1135 3803 20393 8773 691 11322 11315 2892 3211 2797 87 123 5328 9119 14795 11112 16876 76167 16442 20811 54714 21031 105462 12726
internal_value=0.000977126 0.000712526 0.00216629 0.00645519 0.000724164 0.00593224 -0.00653696 -0.00017991 -0.00259991 0.00134416 -0.0113588 0.00457032 -0.00183809 0.00165828 -0.00188687 0.000264152 -0.0298034 -0.0203226 0.000213279 0.000158782 0.000560019 0.00025134 -0.00218022 -0.000881485 -0.00335629 0.00286907 0.000598566 -0.0012094 0.00100296 0.00401181
internal_weight=489190 466650 109999 22540 79540 30459 1532 64411 24887 39524 4494 15129 18025 7948 5056 356651 397 310 354654 351857 253920 223990 27988 97937 21770 29930 196002 35826 160176 21499
internal_count=489190 466650 109999 22540 79540 30459 1532 64411 24887 39524 4494 15129 18025 7948 5056 356651 397 310 354654 351857 253920 223990 27988 97937 21770 29930 196002 35826 160176 21499
cat_boundaries=0 4 8 12 14 18 23 27 31 35 39 43 47 51 55 60 65 69 73 77
cat_threshold=8554890 12583045 4724610 306340887 1024 0 2147483681 67108992 0 0 33554432 16 2928971915 36 3221749888 797016832 33574940 271205376 134275337 4595826 1492123712 152080403 1 2282250661 134481954 1074915340 1744928787 138760196 53528 302120972 154140832 503523656 266256 1227882562 160436443 16 16384 536870912 2147483904 34048 8454176 22749154 454099095 394545664 2368778496 1621098516 143872 17210373 1074831753 1820336162 219234312 270270465 3916595204 2566918176 881105026 873924104 537002145 2450589984 285218936 2 86049795 604255337 1142954305 88090688 1 1178743303 2490429440 203685896 71331848 2173704192 1377357782 75546640 2114144 37838912 1076149576 2726494220 17039360
is_linear=0
shrinkage=0.1


Tree=58
num_leaves=31
num_cat=20
split_feature=0 4 4 0 8 10 9 9 9 3 0 9 8 4 10 8 6 11 8 8 8 9 9 8 8 0 9 6 10 10
split_gain=69.0494 50.6709 28.7007 21.671 29.8992 39.703 47.9258 38.2708 26.8273 25.9399 20.8106 20.5671 17.6576 17.3485 17.8964 17.3431 16.8335 16.7383 15.1997 14.0974 13.4091 12.9959 11.3363 27.0608 12.649 17.0452 12.2856 10.9629 10.9377 10.6461
threshold=411.00000000000006 735.00000000000011 75.000000000000014 51.000000000000007 0 1 2 3 4 10.500000000000002 873.00000000000011 5 6 165.00000000000003 7 8 601.50000000000011 9 10 11 12 13 14 15 16 -218.99999999999997 17 461.50000000000006 18 19
decision_type=2 2 2 2 9 9 9 9 9 2 2 9 9 2 9 9 2 9 9 9 9 9 9 9 9 2 9 2 9 9
left_child=2 18 -1 22 8 6 19 12 13 15 11 -3 -7 14 -5 21 -13 -15 -2 -6 -8 -9 23 -4 -24 26 -26 28 -19 -25
right_child=1 10 3 4 5 7 20 9 -10 -11 -12 16 -14 17 -16 -17 -18 27 -20 -21 -22 -23 24 29 25 -27 -28 -29 -30 -31
leaf_value=0.57383352726829251 -19.778467292794954 -4.1940095260780383 1.6895285238145501 -0.16397930181419207 -2.329837856393755 -0.63033805653245323 -0.066384541015417228 1.037023944959762 0.10771962433550633 -0.63949656736828964 22.688848421701479 -9.5140206317608431 0.5369094050588975 -7.0065008238373778 -1.4510088940335404 1.2055583061175015 1.9952672410463634 -8.6256824799742571 7.1145318765906858 -0.89307159646894163 1.1439761262019359 0.29232563879047763 0.26167807397232212 -0.2935929736409279 -11.385775802307059 -0.09038458558694773 -2.8516242177356728 -0.44375618805213612 -2.6385548863682291 0.18364835868396043
leaf_weight=8997 129 3451 11677 718 3215 12665 24945 13684 28068 7285 3050 679 16177 264 471 32872 7300 103 23802 7952 18363 23206 33124 16910 336 152708 1847 9651 460 25081
leaf_count=8997 129 3451 11677 718 3215 12665 24945 13684 28068 7285 3050 679 16177 264 471 32872 7300 103 23802 7952 18363 23206 33124 16910 336 152708 1847 9651 460 25081
internal_value=0.000965269 0.00503528 0.000618463 0.000504593 0.00127432 0.00188272 -0.000311094 0.00301127 -0.00118128 0.00417444 0.000366022 -0.0015923 -9.63534e-05 -0.00520939 -0.0166611 0.00476793 0.0012004 -0.00391487 0.00786052 -0.00614923 0.00119535 0.00327642 -0.000132694 0.00114907 -0.000498604 -0.000877915 -0.00965185 -0.00325313 -0.0168206 -3.5475e-05
internal_weight=489190 38411 450779 441782 200099 160364 54475 105889 39735 77047 14480 11430 28842 11667 1189 69762 7979 10478 23931 11167 43308 36890 241683 53668 188015 154891 2183 10214 563 41991
internal_count=489190 38411 450779 441782 200099 160364 54475 105889 39735 77047 14480 11430 28842 11667 1189 69762 7979 10478 23931 11167 43308 36890 241683 53668 188015 154891 2183 10214 563 41991
cat_boundaries=0 4 6 11 16 21 25 29 30 34 36 40 44 48 52 56 60 64 68 69 71
cat_threshold=1136222256 134256650 2877300756 76021896 3624645398 34 180224 1031832320 2281701444 20910080 1 134242688 6692868 1220852736 1627398870 1 2340950721 1610612993 34816200 275820560 1 469903684 71761936 1090521152 160451291 134480896 2183676161 1347584032 138750497 201461256 474218497 4142801152 337690624 2144352 4196608 2 0 0 1 268435456 4358216 16785552 2 290880 2487387654 3241165904 1343225856 16782912 293864962 2291237386 270663684 269631521 542117948 16534 807338000 3355545883 3221228672 19955784 71354768 284164658 136397632 549785600 170858434 132117 2281717760 131072 142608416 2624 67108938 2487517518 58
is_linear=0
shrinkage=0.1


Tree=59
num_leaves=31
num_cat=21
split_feature=0 4 4 0 8 4 9 9 11 9 9 8 0 8 9 8 9 9 8 8 8 0 11 4 10 9 9 10 9 4
split_gain=67.5055 30.9366 22.6664 22.4422 23.4404 19.1572 23.924 17.9759 17.761 43.2042 25.6815 24.2307 19.0367 19.0101 15.3685 14.9165 18.7352 17.4475 38.9653 20.1354 14.0194 13.1164 16.2469 14.5489 13.1082 14.713 13.4854 12.8725 13.2563 12.7708
threshold=573.00000000000011 135.00000000000003 795.00000000000011 207.00000000000003 0 45.000000000000007 1 2 3 4 5 6 87.000000000000014 7 8 9 10 11 12 13 14 1.0000000180025095e-35 15 75.000000000000014 16 17 18 19 20 105.00000000000001
decision_type=2 2 2 2 9 2 9 9 9 9 9 9 2 9 9 9 9 9 9 9 9 2 9 2 9 9 9 9 9 2
left_child=1 3 -2 4 5 -1 -7 21 9 13 11 -10 -13 27 -4 16 -12 18 -17 -20 -11 29 23 -23 25 -22 -26 -3 -29 -6
right_child=2 8 14 -5 7 6 -8 -9 10 20 15 12 -14 -15 -16 17 -18 -19 19 -21 24 22 -24 -25 26 -27 -28 28 -30 -31
leaf_value=2.1309244217931607 13.380518257358283 -5.5654349201316471 -4.0706713122378018 2.0470773615302704 0.30113267616898798 -1.6323639935572161 -0.12148793723410874 1.031224693072156 1.5604941854452805 -0.50099374915729245 0.90839576278674616 -0.016305293840348452 1.0739937926676371 -1.0440488241126997 5.3937977502921548 -10.624031555080769 0.064152136926301062 0.035917718564546224 0.31377236630777094 -1.104929760592418 -1.111821785282872 1.7002033047651581 0.50955989268491064 -0.51386248703055748 -0.06399434545857044 0.64836948612015421 0.91769233982933229 -5.5802267026791323 -2.107775583067597 -0.37915961915386232
leaf_weight=1291 13669 168 2215 8651 2705 153 9042 11216 15729 14590 23552 32416 21112 12482 4826 107 46586 183193 10004 17145 7308 716 8252 2171 9039 6527 15620 850 4736 3119
leaf_count=1291 13669 168 2215 8651 2705 153 9042 11216 15729 14590 23552 32416 21112 12482 4826 107 46586 183193 10004 17145 7308 716 8252 2171 9039 6527 15620 850 4736 3119
internal_value=0.000941148 0.00069416 0.00652825 0.00311861 0.00208845 -0.00194741 -0.00355084 0.0035897 0.000421784 -0.0010164 0.000714984 0.0024394 0.00142478 -0.00521429 0.00191876 0.000289276 0.00155215 -0.000131664 -0.00249175 -0.00224272 0.000426414 0.00153361 0.0035452 -0.00290991 0.00142687 -0.00103647 0.00280879 -0.00996877 -0.00910293 -0.00231113
internal_weight=489190 468480 20710 47316 38665 10486 9195 28179 421164 71320 349844 69257 53528 18236 7041 280587 70138 210449 27256 27149 53084 16963 11139 2887 38494 13835 24659 5754 5586 5824
internal_count=489190 468480 20710 47316 38665 10486 9195 28179 421164 71320 349844 69257 53528 18236 7041 280587 70138 210449 27256 27149 53084 16963 11139 2887 38494 13835 24659 5754 5586 5824
cat_boundaries=0 4 8 12 14 18 23 27 31 35 39 43 47 50 54 58 60 62 66 70 71 75
cat_threshold=327680518 136343552 73732 134480161 0 0 0 8192 411042049 1637875968 268500996 1851414 2156470838 27 134382688 780829444 2317418496 20387984 340067892 672907790 807403552 2214626560 2 1207959688 57537 381410 306197719 2366668801 20455426 423691348 115733 373385676 395266 3240099904 680530042 2432737280 14289092 73146304 134234390 26738754 1344274449 2206334986 21172403 1090527360 337909761 126377098 8208 2 0 2147483681 329216 402657296 2129936 1190049 2450685953 2300182720 402915332 17046400 4760514 2 2214989838 32 369623812 73920 1343356928 138413099 2184189952 269490176 285231238 545800195 235929600 32 134217728 35651584 2228352
is_linear=0
shrinkage=0.1


Tree=60
num_leaves=31
num_cat=21
split_feature=0 4 0 9 9 8 1 4 8 11 8 8 11 9 4 0 9 8 8 9 8 4 9 11 9 9 8 9 6 9
split_gain=64.3925 72.8628 26.6472 26.3557 23.7643 20.6484 22.1364 18.0515 17.85 17.6256 21.7691 17.1344 15.6194 17.091 17.4412 14.6225 18.0037 20.2241 14.3258 19.6721 12.9526 16.323 18.3151 13.6467 13.3152 12.9446 12.8644 15.9043 11.2373 11.1953
threshold=219.00000000000003 465.00000000000006 873.00000000000011 0 1 2 411.00000000000006 45.000000000000007 3 4 5 6 7 8 285.00000000000006 -8.9999999999999982 9 10 11 12 13 1035.0000000000002 14 15 16 17 18 19 783.50000000000011 20
decision_type=2 2 2 9 9 9 10 2 9 9 9 9 9 9 2 2 9 9 9 9 9 2 9 9 9 9 9 9 2 9
left_child=7 3 4 5 8 6 -2 -1 -3 10 -6 -11 13 14 -5 26 17 -17 19 -18 24 22 -22 -24 -20 -23 27 -9 -10 -28
right_child=1 2 -4 12 9 -7 -8 15 28 11 -12 -13 -14 -15 -16 16 18 -19 20 -21 21 25 23 -25 -26 -27 29 -29 -30 -31
leaf_value=2.1175828670531245 -2.4810183279146605 -3.243342414510304 24.638656887046899 0.95698069350584525 -4.703997965888167 0.70615124655723249 2.410075792242401 -0.64054073314120774 -3.0899196988992532 -0.49523082575261235 0.75199651107714371 2.3522008005162651 3.0976829251259952 2.5882082903058774 -2.5226706646721979 1.7027195760251641 -0.6118066327842232 0.39334757689674898 -0.17057755704150951 -0.053696319844551477 0.93684681508988454 -1.072416989467617 -0.062218617735534887 0.41237060998658931 0.11276355725123102 0.42863944946896543 -0.2778700059146394 -0.11152222813506894 0.26440865489656967 0.085779973967021472
leaf_weight=2227 635 3701 4579 3328 3643 3361 356 8493 2785 6516 5877 17188 25814 4928 1684 7166 5969 27374 32986 27805 13519 10106 22016 36297 61203 14729 25321 21803 8470 79311
leaf_count=2227 635 3701 4579 3328 3643 3361 356 8493 2785 6516 5877 17188 25814 4928 1684 7166 5969 27374 32986 27805 13519 10106 22016 36297 61203 14729 25321 21803 8470 79311
internal_value=0.000903944 0.00327411 0.000831896 0.00648681 0.000139062 -0.000866575 -0.0134765 0.000348578 -0.00316985 0.00162905 -0.0020042 0.00308847 0.00738005 0.004 -0.000115491 0.000297845 0.000737354 0.00286252 0.000410435 -0.00148769 0.000746388 0.00155952 0.00232376 0.00155393 -8.82171e-05 -0.000650292 -0.000546365 -0.00236059 -0.00118509 -2.08326e-05
internal_weight=489190 92865 52759 40106 48180 4352 991 396325 14956 33224 9520 23704 35754 9940 5012 394098 259170 34540 224630 33774 190856 96667 71832 58313 94189 24835 134928 30296 11255 104632
internal_count=489190 92865 52759 40106 48180 4352 991 396325 14956 33224 9520 23704 35754 9940 5012 394098 259170 34540 224630 33774 190856 96667 71832 58313 94189 24835 134928 30296 11255 104632
cat_boundaries=0 4 8 12 16 18 22 26 28 32 37 41 45 50 54 58 60 64 68 72 76 81
cat_threshold=16832 4194304 181469184 268437584 3356518600 73662464 1266694148 143676050 335545344 2097152 2147483649 335544448 2184288 134795521 1493434380 135565312 2705931014 8 2147647492 3440389504 3187671052 136685697 19947521 187232256 674308176 85983816 2147629827 18 2281865216 159449344 2097156 17318921 302273596 2148581378 847319840 2415925576 2 1074408833 256 57314 55578711 1074618372 671487304 1644216374 113901576 26214656 1612715008 2097160 1096843296 1 394267234 2271225874 2415927296 310593 85590658 1610876961 2150776986 1813283329 2823232262 3 2232126144 67895521 1074923714 671178770 2365629057 641992980 2148581468 162267136 24283141 1140892288 1747984394 356598281 1344034944 1484948480 142607168 537303258 168165506 2252870146 206692363 85329920 2
is_linear=0
shrinkage=0.1


Tree=61
num_leaves=31
num_cat=22
split_feature=0 4 0 9 4 8 9 0 8 8 9 9 10 9 6 8 8 9 11 8 8 8 8 9 9 11 6 9 8 2
split_gain=63.8744 67.5777 25.2201 23.3001 21.8196 16.3273 14.0642 15.9647 22.4034 16.62 15.6142 14.2426 13.7737 30.8382 20.7377 21.2632 18.8411 13.4584 14.4135 14.1264 13.0148 12.4266 12.1007 17.1872 11.9298 11.9187 11.7164 12.7258 11.2688 10.5598
threshold=279.00000000000006 465.00000000000006 873.00000000000011 0 75.000000000000014 1 2 -122.99999999999999 3 4 5 6 7 8 461.50000000000006 9 10 11 12 13 14 15 16 17 18 19 576.50000000000011 20 21 303.00000000000006
decision_type=2 2 2 9 2 9 9 2 9 9 9 9 9 9 2 9 9 9 9 9 9 9 9 9 9 9 2 9 9 10
left_child=4 24 3 28 21 -5 -6 8 -8 10 -9 -10 13 -11 16 29 -15 18 20 -20 -14 -1 23 -19 -2 -7 27 -27 -3 -16
right_child=1 2 -4 5 6 25 7 9 11 12 -12 -13 17 14 15 -17 -18 22 19 -21 -22 -23 -24 -25 -26 26 -28 -29 -30 -31
leaf_value=0.022787826687637749 0.80897559070439984 -0.66198039874410985 22.174791198342209 -2.4731057716862619 5.4302594065515306 -11.327930897569864 0.19118421898184224 2.2318751131731798 -3.9037204759145276 0.5142579281693902 0.37149312021897202 -1.2019251439402265 -1.0040960268272197 -12.538114145215621 -2.2063941701176724 -0.43123309682170047 -2.5756258437221291 0.45768621669556925 0.093814906208712134 0.81361817459542651 0.24938084095972585 1.5358901758085146 -0.045831771343768569 -0.012060613015508669 3.9417360005230315 -8.5900295885755167 0.57378893194598424 -0.26264902091018821 3.9287404026179105 -11.5416643769071
leaf_weight=3505 5043 2113 4579 7115 3160 396 11340 7597 2529 8751 19701 7923 5026 232 2476 7301 454 44236 15637 23295 8333 4891 178101 65864 24617 580 16191 1066 7042 96
leaf_count=3505 5043 2113 4579 7115 3160 396 11340 7597 2529 8751 19701 7923 5026 232 2476 7301 454 44236 15637 23295 8333 4891 178101 65864 24617 580 16191 1066 7042 96
internal_value=0.000901286 0.00372727 0.000995855 7.0429e-05 0.000439246 -0.00149144 0.000336414 0.000284959 -0.00234857 0.000433222 0.00281163 -0.00568534 0.000252688 -0.00234472 -0.0059807 -0.00481819 -0.0227988 0.000400057 0.00187587 0.00284834 -0.000958186 0.00548595 0.00013223 0.000956317 0.00732637 9.48313e-05 0.000480193 -0.00755772 0.00439171 -0.0126181
internal_weight=489190 68742 39082 34503 420448 25348 412052 408892 21792 387100 27298 10452 359802 19310 10559 9873 686 340492 52291 38932 13359 8396 288201 110100 29660 18233 17837 1646 9155 2572
internal_count=489190 68742 39082 34503 420448 25348 412052 408892 21792 387100 27298 10452 359802 19310 10559 9873 686 340492 52291 38932 13359 8396 288201 110100 29660 18233 17837 1646 9155 2572
cat_boundaries=0 5 9 13 17 21 25 29 31 35 39 43 48 50 54 58 62 66 70 74 75 79 83
cat_threshold=111936048 2685978376 805306768 2217083136 3 16994401 3408447493 1660952590 98848 16 16384 536870912 2147483904 302580293 27267568 442510338 8847380 7424 8454692 6201280 311427094 538456160 1107296387 59771296 1344387224 168870464 578859520 3635611662 135266442 2415919190 34 2290615298 2340428800 162734086 1209030720 251691012 134348801 1073807394 59433 524288 64 2155880488 67108864 288688684 1343389710 270860336 536912929 2 2151782586 23 1091657828 1762957328 3533725696 84082696 2214593026 441470978 478216192 2049 84410373 10485760 671088640 257 3440541728 571606208 77619200 224543425 42599555 2292713040 3355475968 210850330 2147500416 65664 177279488 268438608 534533 2282864776 16785409 2281701408 134242322 372270080 83887384 973086720 134283776
is_linear=0
shrinkage=0.1


Tree=62
num_leaves=31
num_cat=21
split_feature=0 4 8 0 9 0 9 8 8 9 10 9 9 8 6 8 10 8 4 10 8 10 8 4 8 6 9 10 9 6
split_gain=62.8392 31.872 20.7803 20.7124 18.3648 17.2731 32.4457 23.1889 17.979 16.5045 15.8484 25.593 23.6079 15.3361 14.3443 14.0336 14.006 14.3412 14.8842 13.4759 13.2674 12.9345 12.8303 18.8173 44.5569 11.1003 31.2788 22.0316 22.3857 22.7192
threshold=633.00000000000011 135.00000000000003 0 237.00000000000003 1 129.00000000000003 2 3 4 5 6 7 8 9 548.50000000000011 10 11 12 105.00000000000001 13 14 15 16 105.00000000000001 17 1143.5000000000002 18 19 20 1185.5000000000002
decision_type=2 2 9 2 9 2 9 9 9 9 9 9 9 9 2 9 9 9 2 9 9 9 9 2 9 2 9 9 9 2
left_child=1 3 -2 4 19 25 8 9 -7 -8 11 -9 20 -14 21 -13 17 18 -6 -1 -12 -15 -18 -24 -25 -3 -27 28 29 -28
right_child=2 5 -4 -5 16 6 7 10 -10 -11 12 15 13 14 -16 -17 22 -19 -20 -21 -22 -23 23 24 -26 26 27 -29 -30 -31
leaf_value=-0.9770872118681988 -7.143320651009688 0.045101161617796544 11.889837552223586 2.1219686057403493 -0.14145851344314217 -1.0955714130809506 0.093642524442285532 -1.9544938358446473 1.6957553430074208 1.8462038602753825 2.1331192391607483 -1.3520740807371701 0.37026262542321675 -4.8580935268420564 -0.38406738714652772 0.9798367907148624 0.59516198358897765 0.04713307868466108 -1.0744221858409364 0.91973890212047005 0.33486392626955502 -1.0313493004947527 0.18303636744433691 -0.031498566340269846 -1.658090904316154 0.83195641935358466 -12.508400444153811 -0.25222002437244917 -0.50373324544622811 -3.7260308057682305
leaf_weight=583 1383 245965 15473 7461 2169 2413 8883 8358 19404 12508 6949 5906 14332 654 18613 8968 7673 8019 1004 9344 11878 1431 6843 4032 606 8286 358 44713 3782 1199
leaf_count=583 1383 245965 15473 7461 2169 2413 8883 8358 19404 12508 6949 5906 14332 654 18613 8968 7673 8019 1004 9344 11878 1431 6843 4032 606 8286 358 44713 3782 1199
internal_value=0.000873894 0.000659788 0.00687352 0.00310973 0.00221315 0.000384362 0.00139879 0.000625445 0.00488707 0.00353769 -0.000183011 -0.00236554 0.000758721 -0.000776255 -0.0025169 0.000123623 0.000990249 -0.00181932 -0.00749921 0.00594445 0.00361363 -0.0103837 0.00263202 0.000514316 -0.00440276 -1.66607e-05 -0.00125681 -0.00219887 -0.0082651 -0.0183344
internal_weight=489190 472334 16856 47734 40273 424600 120297 98480 21817 21391 77089 23232 53857 35030 20698 14874 30346 11192 3173 9927 18827 2085 19154 11481 4638 304303 58338 50052 5339 1557
internal_count=489190 472334 16856 47734 40273 424600 120297 98480 21817 21391 77089 23232 53857 35030 20698 14874 30346 11192 3173 9927 18827 2085 19154 11481 4638 304303 58338 50052 5339 1557
cat_boundaries=0 4 9 13 17 20 24 26 30 35 39 43 44 48 50 54 55 59 63 67 68 72
cat_threshold=4266088 1082134018 524297 268435456 2182513158 269001236 9633792 134250505 1 916718646 2685453832 872448528 2216820996 2156046594 8455684 73209728 33735702 2647056 594440 977797120 2282260872 159787170 1091649540 679528451 3242367764 42 3221260552 528547842 33751108 1083989112 2148204809 193527938 3276804 671112232 2 323487240 391118992 1610752070 21311561 1375798373 556834960 1646395398 25756232 3053599557 360710144 2552233984 3221233664 262176 3657441280 32 503907916 1196040 1350705186 3146057 135266370 67239940 2444247040 262144 2196000 268468225 8192 4 270336 315629586 2147618821 720384162 2684391744 3355476352 2281701377 1352663042 2147483716 17915906
is_linear=0
shrinkage=0.1


Tree=63
num_leaves=31
num_cat=19
split_feature=0 4 0 9 4 11 8 8 0 8 9 8 9 8 4 3 9 1 9 11 9 10 4 8 4 11 9 9 8 6
split_gain=58.8988 65.8574 24.2201 24.1305 18.8883 15.6297 15.6501 15.1882 14.393 20.5302 28.046 13.9186 13.5762 13.3099 15.7108 13.6081 30.1558 23.0191 13.4868 12.923 12.7664 13.5411 12.045 11.9325 18.7506 11.8123 28.2243 15.5693 18.6139 13.0582
threshold=315.00000000000006 465.00000000000006 1035.0000000000002 0 75.000000000000014 1 2 3 -1.0000000180025095e-35 4 5 6 7 8 315.00000000000006 1.5000000000000002 9 201.00000000000003 10 11 12 13 45.000000000000007 14 495.00000000000006 15 16 17 18 1147.5000000000002
decision_type=2 2 2 9 2 9 9 9 2 9 9 9 9 9 2 2 9 8 9 9 9 9 2 9 2 9 9 9 9 2
left_child=4 -2 3 7 11 -5 -7 -3 25 10 -10 22 -11 14 20 16 17 19 23 -15 21 -14 -1 24 -16 26 -6 28 -27 -29
right_child=1 2 -4 5 8 6 -8 -9 9 12 -12 -13 13 15 18 -17 -18 -19 -20 -21 -22 -23 -24 -25 -26 27 -28 29 -30 -31
leaf_value=1.5937703849960949 3.9739734542644216 -3.9577596252804597 38.766047980460826 2.1223203784354001 1.7932057549697669 -5.4011722106527156 0.56971131239071626 -0.67758956422374517 -0.17521611213861138 0.51190368699135724 1.1601084963325532 1.4780250476285028 0.29841303831685967 -1.7277882295468416 -5.6397618613151153 0.018156428382374336 -0.1063918685330016 -1.2632979642606568 0.35115719778225696 -0.11693064311426156 0.91980783616530037 -0.32799689688042916 -0.096659500456809752 -0.16609124929540658 -1.4175745306717038 -1.3076805725583467 -0.094836858000199697 0.057991424584771072 -0.23970298475196039 -0.39573441463190112
leaf_weight=1131 25214 3058 3203 11984 7489 2167 7512 5181 11699 34404 24811 4838 7652 175 288 96339 29592 223 38221 917 11531 4296 2614 13674 3362 7307 16071 73304 23526 17407
leaf_count=1131 25214 3058 3203 11984 7489 2167 7512 5181 11699 34404 24811 4838 7652 175 288 96339 29592 223 38221 917 11531 4296 2614 13674 3362 7307 16071 73304 23526 17407
internal_value=0.000842822 0.00382534 0.000892615 7.35774e-06 0.000439134 0.00175933 -0.00122923 -0.00459571 0.000344741 0.000767144 0.00297645 0.0050833 0.000431853 0.000125073 0.00114432 -0.000507952 -0.00233378 -0.0170943 0.000227744 -0.0112454 0.00331317 0.00101857 0.000492677 -0.00208607 -0.00715847 -0.000462151 0.00158676 -0.000859371 -0.00280031 -0.000199402
internal_weight=489190 58319 33105 29902 430871 21663 9679 8239 422288 277184 36510 8583 240674 206270 79024 127246 30907 1315 55545 1092 23479 11948 3745 17324 3650 145104 23560 121544 30833 90711
internal_count=489190 58319 33105 29902 430871 21663 9679 8239 422288 277184 36510 8583 240674 206270 79024 127246 30907 1315 55545 1092 23479 11948 3745 17324 3650 145104 23560 121544 30833 90711
cat_boundaries=0 4 6 10 14 18 23 27 32 36 40 44 45 49 51 55 57 61 66 70
cat_threshold=2281712072 71565444 195049476 143688403 1578369225 21 2365718561 3558353024 2584215560 145068289 169890817 52976916 1392771084 5605504 40320 8388768 5644258 303120471 2298538368 2193887492 1082390 680083521 1 84410373 10485760 671096832 257 1342521404 2286997506 815824914 2751463876 2 2617376800 1383688710 69206016 157287712 16777216 0 0 40976 204508291 604775713 1073743872 1495075360 132096 109084673 73728 2147483652 6439944 612107464 8 0 306708992 2097152 2097152 1617180929 16 1852928 1344340500 2424375552 1476440719 1377583232 374976512 2562719744 69603972 2 1073775617 288923792 277086208 124792360
is_linear=0
shrinkage=0.1


Tree=64
num_leaves=31
num_cat=22
split_feature=0 4 4 0 9 9 8 0 9 8 8 10 6 11 9 9 8 8 6 8 10 9 8 6 9 11 8 10 9 8
split_gain=58.2385 55.0473 22.1628 21.8619 21.4341 17.1789 14.8935 16.3823 14.0744 13.9584 12.91 12.4651 12.4538 22.2448 25.0981 21.7979 20.1031 18.2431 17.6749 20.741 17.0583 15.9685 18.7967 17.1011 26.868 29.2594 20.2724 19.3658 25.0605 18.7351
threshold=411.00000000000006 465.00000000000006 135.00000000000003 873.00000000000011 0 1 2 99.000000000000014 3 4 5 6 628.50000000000011 7 8 9 10 11 597.50000000000011 12 13 14 15 1143.5000000000002 16 17 18 19 20 21
decision_type=2 2 2 2 9 9 9 2 9 9 9 9 2 9 9 9 9 9 2 9 9 9 9 2 9 9 9 9 9 9
left_child=2 10 5 4 -3 -1 -7 -8 -4 -6 -2 -9 13 14 18 16 -15 -17 19 -10 -18 22 -14 27 25 29 -26 -23 -29 -25
right_child=1 3 8 -5 9 6 7 11 12 -11 -12 -13 21 15 -16 17 20 -19 -20 -21 -22 23 -24 24 26 -27 -28 28 -30 -31
leaf_value=0.95181792056060388 -17.339062081507926 3.3012586750665336 5.0781904275515508 18.553721045031768 -3.2909046358126099 -0.18609419583826536 0.023432881220278486 0.87010398976690029 -1.4420633644309679 -0.027652280288784567 7.636629841261513 0.082562766602421303 -0.11852201000322976 -2.1974688697582505 0.81347181417141745 0.82868976174334963 -1.2106636626180418 -0.21832026028149354 -3.8027498926579941 0.88307841419022715 0.1355621885073798 0.26179835283902408 0.85714596036304647 -8.6960390222840243 -0.54337952426666314 -0.38809077170311701 0.26664131281008724 0.58811422998980467 -0.3441510994896832 -1.8690238588872081
leaf_weight=9144 123 4455 3350 4579 4346 1537 22206 7439 2415 8385 16523 5054 15133 6367 15533 11566 6922 52561 1107 3418 7807 90154 38308 1206 14330 15090 31853 25392 59593 3294
leaf_count=9144 123 4455 3350 4579 4346 1537 22206 7439 2415 8385 16523 5054 15133 6367 15533 11566 6922 52561 1107 3418 7807 90154 38308 1206 14330 15090 31853 25392 59593 3294
internal_value=0.000834032 0.00457187 0.00051553 0.0012612 -0.000374723 0.00261128 0.00163218 0.0020597 0.000280933 -0.0024637 0.00890064 0.00495718 0.000227057 -0.000693062 0.00210515 -0.00143102 -0.00421871 -0.000513432 -0.00289209 -0.000697754 -0.00218536 0.000563711 0.00212737 0.000216751 -0.00115807 -0.0042602 0.000158682 0.000733075 -0.00035002 -0.0113304
internal_weight=489190 38411 450779 21765 17186 45380 36236 34699 405399 12731 16646 12493 402049 107696 22473 85223 21096 64127 6940 5833 14729 294353 53441 240912 65773 19590 46183 175139 84985 4500
internal_count=489190 38411 450779 21765 17186 45380 36236 34699 405399 12731 16646 12493 402049 107696 22473 85223 21096 64127 6940 5833 14729 294353 53441 240912 65773 19590 46183 175139 84985 4500
cat_boundaries=0 5 10 13 17 21 25 27 29 33 38 42 46 50 52 57 61 65 67 71 72 76 80
cat_threshold=11277360 2718991880 536871192 2490245376 3 2182480390 268476948 9633792 134250505 1 268435456 268435456 3221225472 16 16384 536870912 2147483904 22624 2233516689 1509949452 471171880 0 0 1 268435456 2769585176 10 541471172 6 34865156 162801888 2150630464 16862225 269238982 101257220 415236096 81828910 1 2281868288 2452627896 273421058 1610504 16793676 1108002922 115761152 25693344 2558787846 3523353672 2449678340 147457 2954037966 16 840172076 1054254 283116194 69243908 2 239411304 1724288000 103948320 202375424 2283798720 71305424 117827904 1476403867 268444224 10 3560178692 2201133192 4219016 2238049 3906734218 1208492032 272528 83978560 1505888851 2282750464 51515526 96665604 17062048
is_linear=0
shrinkage=0.1


Tree=65
num_leaves=31
num_cat=21
split_feature=0 4 4 9 0 8 8 9 9 9 2 8 9 0 6 8 8 9 11 9 9 11 9 8 9 9 1 8 8 1
split_gain=57.2462 41.2221 21.7915 18.6824 15.3006 14.6115 13.9758 13.135 12.201 11.8496 11.9646 21.2089 15.2786 15.872 14.9342 16.9559 15.2993 14.6413 13.8459 15.3345 13.2876 14.1331 12.8067 12.636 13.7972 12.4028 12.2879 11.9244 10.858 10.4635
threshold=471.00000000000006 735.00000000000011 135.00000000000003 0 93.000000000000014 1 2 3 4 5 -56.999999999999993 6 7 -434.99999999999994 725.50000000000011 8 9 10 11 12 13 14 15 16 17 18 219.00000000000003 19 20 1113.0000000000002
decision_type=2 2 2 9 2 9 9 9 9 9 8 9 9 2 2 9 9 9 9 9 9 9 9 9 9 9 10 9 9 8
left_child=2 28 4 29 6 7 -1 -6 -4 -10 11 12 13 -11 15 -12 17 -16 19 26 27 25 -13 24 -23 -22 -17 -18 -2 -3
right_child=1 3 8 -5 5 -7 -8 -9 9 10 14 22 -14 -15 16 18 20 -19 -20 -21 21 23 -24 -25 -26 -27 -28 -29 -30 -31
leaf_value=0.41146299184871182 -15.523396580404853 -4.7336557674488153 2.0381235125384984 2.4455639026813003 -0.31286560974950511 1.1090283644294938 -0.035889112159838636 0.21960287704426201 -7.9574005568147745 -19.472670203776609 0.56850262789523143 -1.1297860779694735 -0.3622589862949086 -1.6843116315969249 1.8258712586892571 -6.1463482286779438 0.011360843396395197 0.31883737756368113 -0.13114134282414047 2.0377642895013053 2.5681749356523023 -3.1269100573492552 0.18695861598218388 -0.061139497674173843 -0.56338446580882828 0.1357754343428868 -15.031899169251211 0.60906744904474353 7.4772535680744348 11.118176819687472
leaf_weight=11665 124 2892 6125 7746 738 11302 17062 5495 695 89 18386 5507 6538 3959 9712 284 19848 45778 109917 191 2877 1960 26077 69084 10276 48771 82 26810 18607 593
leaf_count=11665 124 2892 6125 7746 738 11302 17062 5495 695 89 18386 5507 6538 3959 9712 284 19848 45778 109917 191 2877 1960 26077 69084 10276 48771 82 26810 18607 593
internal_value=0.000831988 0.00506709 0.000555672 0.000276912 0.00261381 0.00494155 0.00119295 0.00104597 0.000325112 0.00025835 0.000280828 -0.00131373 -0.00518497 -0.0100099 0.000465581 -0.000399658 0.000939792 0.00239099 -0.000867637 -0.016455 0.000491327 -1.81981e-05 -1.45594e-05 -0.000839788 -0.00380042 0.00127531 -0.0282979 0.00194309 0.00793925 -0.00579399
internal_weight=489190 29962 459228 11231 46262 17535 28727 6233 412966 406841 406146 42170 10586 4048 363976 128860 235116 55490 110474 557 179626 132968 31584 81320 12236 51648 366 46658 18731 3485
internal_count=489190 29962 459228 11231 46262 17535 28727 6233 412966 406841 406146 42170 10586 4048 363976 128860 235116 55490 110474 557 179626 132968 31584 81320 12236 51648 366 46658 18731 3485
cat_boundaries=0 4 8 12 16 20 22 26 30 34 38 43 44 49 54 55 60 64 68 72 76 80
cat_threshold=407103564 71696656 1090519104 697303219 327156228 153108480 3489726468 134217760 9568512 42598404 3502702656 3266048 524544 0 0 1040 536870928 16384 805306368 2147483904 0 67108864 337018880 138543360 2169119146 69236378 1213440 1345228820 3389131008 1163170448 20480 1615645252 75416768 20972660 2281740546 276889760 4202378 103825503 380645440 142612008 1090536370 1141905536 1 2147483648 16384 536904448 0 2752512 1 285556782 17928230 10518544 631833612 2 3324578106 1367490948 273260545 1287653064 83889152 2 1080115268 539934729 539254784 25297952 136192 1210581184 2148204544 4198432 34611456 268697664 2148532224 36865 812040 3411327050 44040192 8434592 0 0 1 268435456
is_linear=0
shrinkage=0.1


Tree=66
num_leaves=31
num_cat=19
split_feature=0 0 4 9 8 4 8 9 4 11 8 9 9 0 4 10 9 2 8 8 0 8 10 4 9 9 10 8 9 0
split_gain=54.8433 27.4712 53.882 24.9826 17.619 16.5621 15.579 14.9241 14.6086 13.4045 26.3374 15.656 12.8161 11.3009 11.5377 14.0999 22.362 11.5284 11.2218 10.7592 10.0613 9.53629 11.9811 9.49047 8.95307 8.8775 28.704 20.2636 12.8567 10.4958
threshold=651.00000000000011 153.00000000000003 195.00000000000003 0 1 735.00000000000011 2 3 45.000000000000007 4 5 6 7 327.00000000000006 75.000000000000014 8 9 249.00000000000003 10 11 1035.0000000000002 12 13 5385.0000000000009 14 15 16 17 18 -164.99999999999997
decision_type=2 2 2 9 9 2 9 9 2 9 9 9 9 2 2 9 9 8 9 9 2 9 9 2 9 9 9 9 9 2
left_child=1 8 6 19 7 -2 13 -5 -1 10 -6 18 20 14 -3 -16 17 -17 -11 -4 23 22 -13 -7 -12 26 -10 28 -28 -27
right_child=5 2 3 4 9 12 -8 -9 25 11 24 21 -14 -15 15 16 -18 -19 -20 -21 -22 -23 -24 -25 -26 29 27 -29 -30 -31
leaf_value=1.5837119803848487 16.044779175672229 0.92567785198312835 -0.55795834829694091 -0.47061998179872611 2.5522346410679195 -5.2865281427196837 1.3291361636118713 2.3000829935779659 -12.526894904682344 0.61403412609295349 -1.7173150343280892 -3.6842558033721424 6.3353096719689814 1.7449463114168386 0.21142465873437516 -0.73306912511185085 -0.21371723660974978 -1.7547097434036176 -1.4201974468980623 1.7485672924060287 14.512354660045037 0.34363899750365595 -0.43435039714368556 -32.145668583704705 -0.088657599362402445 -0.79355701552583646 -0.64412174140128964 0.042126475025633429 -0.15285943060013774 0.068092706122397914
leaf_weight=1997 10062 839 2744 5360 7149 1188 19668 9915 250 2674 1828 1189 3973 1864 1399 346 1085 103 13051 13171 591 17870 8536 47 7887 13531 4465 37444 9805 289159
leaf_count=1997 10062 839 2744 5360 7149 1188 19668 9915 250 2674 1828 1189 3973 1864 1399 346 1085 103 13051 13171 591 17870 8536 47 7887 13531 4465 37444 9805 289159
internal_value=0.000798668 0.000604844 0.00193678 0.000805919 4.62445e-05 0.00658281 0.00602039 0.00307818 0.000169101 -0.00072366 0.00166765 -0.00165474 0.00232626 0.00137442 -0.00177094 -0.00472895 -0.0113083 -0.0298693 -0.00417223 0.00440502 -0.00459695 -0.000219163 -0.00273754 -0.00975708 -0.00172236 0.000121076 -0.00108631 -0.000919495 -0.00412465 0.000328378
internal_weight=489190 473329 116678 91374 75459 15861 25304 15275 356651 60184 16864 43320 5799 5636 3772 2933 1534 449 15725 15915 1826 27595 9725 1235 9715 354654 51964 51714 14270 302690
internal_count=489190 473329 116678 91374 75459 15861 25304 15275 356651 60184 16864 43320 5799 5636 3772 2933 1534 449 15725 15915 1826 27595 9725 1235 9715 354654 51964 51714 14270 302690
cat_boundaries=0 5 9 12 16 18 22 26 31 32 36 40 44 48 50 55 60 61 65 69
cat_threshold=371459634 2685982216 805347856 2214723844 2 2156038410 12649092 72619904 33596694 25165836 150999040 2424307713 2148190344 159385634 2179076 671205378 3423666385 12 222299200 2534441224 939524096 157368385 3225446784 218562816 170985792 1099961552 474147016 393218 3374317632 697303098 2 3892587784 16777216 16777216 0 8208 336448 8258 142745602 336724072 1080058896 1652288 575799296 16778240 1410408549 488648984 404774914 84426761 2147756294 34 64 0 142622720 136856096 1 564134080 1679299912 71869449 78258304 1 134217728 20709900 419726234 809537544 33564104 555745280 1678249984 33800 67117056
is_linear=0
shrinkage=0.1


Tree=67
num_leaves=31
num_cat=22
split_feature=0 4 10 9 9 8 4 4 8 8 11 9 8 0 4 8 9 0 8 9 8 9 9 9 8 11 6 9 8 8
split_gain=51.8027 60.9135 27.875 36.4354 25.7768 16.3388 16.1079 16.0024 12.5282 11.7514 11.2287 10.9225 10.3176 11.4176 10.2586 9.91968 9.58899 10.2095 14.3645 13.3513 13.2247 16.5951 12.6817 10.9113 16.0392 10.0044 10.2192 11.2888 10.1293 9.43721
threshold=237.00000000000003 255.00000000000003 0 1 2 3 1125.0000000000002 45.000000000000007 4 5 6 7 8 369.00000000000006 705.00000000000011 9 10 -26.999999999999996 11 12 13 14 15 16 17 18 1000.5000000000001 19 20 21
decision_type=2 2 9 9 9 9 2 2 9 9 9 9 9 2 2 9 9 2 9 9 9 9 9 9 9 9 2 9 9 9
left_child=7 12 4 5 15 -4 8 -1 -5 -8 -7 -11 13 -2 -6 -3 -9 18 19 -18 21 -19 29 24 -22 -24 -27 28 -28 -20
right_child=1 2 3 6 14 10 9 16 -10 11 -12 -13 -14 -15 -16 -17 17 20 22 -21 23 -23 25 -25 -26 26 27 -29 -30 -31
leaf_value=1.5058657491969158 -0.15332984230245922 -0.69731123612932122 -0.069522246377728816 -0.37103108953133379 2.7296814107485781 -1.9415412699041525 -4.9295666386991925 4.0855278815048592 2.4408642300646903 5.3226416307042372 -5.5099737064750771 -1.7793980397879647 2.7816301089645439 2.9185359839411102 1.3885050104318915 1.0880933270382191 0.18304265023806998 1.8037379229382198 0.015581238195039277 -0.48760516427982598 0.0086599604701908285 0.18973025933008023 0.95644193357752383 -0.010056252168693637 0.58503127038975089 0.22956723168543933 -5.13768777164172 -0.054258142996871594 -1.0046202990020354 -0.686692863228477
leaf_weight=2270 2182 6480 2063 3718 12115 1553 2527 3058 8378 2728 2779 5550 17131 2353 8346 6743 6218 9457 8672 17340 35558 23184 6406 206769 26311 33673 609 12092 3554 9373
leaf_count=2270 2182 6480 2063 3718 12115 1553 2527 3058 8378 2728 2779 5550 17131 2353 8346 6743 6218 9457 8672 17340 35558 23184 6406 206769 26311 33673 609 12092 3554 9373
internal_value=0.00077659 0.00302625 0.00145284 -0.000803248 0.00341426 -0.00747073 0.00106106 0.000305876 0.00356812 -0.00174456 -0.0109581 8.20467e-05 0.00759993 0.00333333 0.00563773 -2.796e-05 0.00025863 0.000215818 -0.000671145 -0.00282247 0.000504151 0.00240452 1.06202e-05 0.000273146 0.00143813 0.000749681 0.000271938 -0.00178714 -0.00627127 -0.00229576
internal_weight=489190 84646 62980 29296 33684 6395 22901 404544 12096 10805 4332 8278 21666 4535 20461 13223 402274 399216 97937 23558 301279 32641 74379 268638 61869 56334 49928 16255 4163 18045
internal_count=489190 84646 62980 29296 33684 6395 22901 404544 12096 10805 4332 8278 21666 4535 20461 13223 402274 399216 97937 23558 301279 32641 74379 268638 61869 56334 49928 16255 4163 18045
cat_boundaries=0 2 6 11 15 19 23 25 30 34 38 42 46 50 54 59 64 69 73 75 79 83 87
cat_threshold=781455499 4 2281867720 226591232 33562636 146689032 2281725952 272891936 146800704 156237843 3 14298632 104464 3355714608 52732932 313656389 95059968 403775504 71684736 2669314597 2333679616 3322101760 264193 3356143680 24 6305296 939456 813697968 3489669377 2 18351116 25169920 2424307825 67108996 134496256 2216710488 1342177284 137724064 16 16384 536870912 2147483904 17209349 34636168 738730026 256983049 2294375946 2156142635 5310566 134307856 40192 8454688 72556512 319815799 874132992 1192 301992352 1090631864 1 436691136 2227179520 213950497 1247400 2 1074022444 3251800066 2424635410 806617095 2 2399485958 2340171800 2415919108 8657416 1080039681 20 1288 402653250 2164611458 1359741520 1074790464 1275609088 9437184 2103296 1242046530 361110533 2185402432 10651664
is_linear=0
shrinkage=0.1


Tree=68
num_leaves=31
num_cat=16
split_feature=1 0 4 9 0 9 8 4 8 9 4 11 9 9 8 6 0 9 9 8 8 11 8 8 4 3 5 6 2 0
split_gain=51.9601 23.1216 43.5481 20.7247 18.3974 17.9523 14.5282 13.9408 13.6486 14.3612 12.9031 12.299 16.4946 14.9089 14.1635 13.4988 13.987 12.9033 11.0063 10.2675 10.1908 10.1132 9.6075 9.18453 9.10659 9.00782 8.85642 8.63094 8.94687 8.47718
threshold=639.00000000000011 153.00000000000003 225.00000000000003 0 321.00000000000006 1 2 735.00000000000011 3 4 45.000000000000007 5 6 7 8 660.50000000000011 315.00000000000006 9 10 11 12 13 14 15 405.00000000000006 1.5000000000000002 6.5000000000000009 955.50000000000011 255.00000000000003 1149.0000000000002
decision_type=10 2 2 9 2 9 9 2 9 9 2 9 9 9 9 2 2 9 9 9 9 9 9 9 2 2 2 2 10 2
left_child=1 10 4 23 5 6 -3 -2 9 -5 -1 12 20 14 24 16 19 26 29 -15 -10 27 -17 -4 -13 -26 -18 28 -11 -9
right_child=7 2 3 8 -6 -7 -8 18 11 21 -12 13 -14 15 -16 22 17 -19 -20 -21 -22 -23 -24 -25 25 -27 -28 -29 -30 -31
leaf_value=1.2747542074266724 13.414526405304935 0.85296061874738816 0.25681289507175586 -1.3658303715851356 3.2932006574182959 1.0228592254997775 -0.16863471747498815 -6.0271907811978167 2.2975315828885225 -2.811352923647223 0.018991745190128681 -0.61824172032124614 -0.47539967946764272 -2.7204701768131572 -1.4101231947133821 -1.3154660698391205 -10.177606013615664 -1.8449134361621244 5.6532081710348185 0.27278104497424155 0.14812897146854462 1.9854218431422757 0.3627749188429521 2.1397587212342217 -8.4007030705050951 -6.7070373241193639 -6.2587783303686004 0.42987316153497651 -14.311804476196272 35.769030087992093
leaf_weight=1997 9552 4289 5395 3315 9711 8257 5407 1210 7109 202 354621 283 11467 1506 4534 6011 54 795 3744 2926 6292 11542 17561 9478 112 240 680 436 79 385
leaf_count=1997 9552 4289 5395 3315 9711 8257 5407 1210 7109 202 354621 283 11467 1506 4534 6011 54 795 3744 2926 6292 11542 17561 9478 112 240 680 436 79 385
internal_value=0.000765347 0.000582734 0.00179817 0.000731751 0.00526822 0.00337158 0.000449207 0.00658183 5.64179e-05 0.00269122 0.000181651 -0.000632762 0.00106439 -0.00184893 -0.00679861 -0.000980604 -0.00523234 -0.0134794 0.00248923 -0.00238718 0.00344568 0.00427011 9.41799e-05 0.00414097 -0.0206977 -0.0317614 -0.0229301 -0.00719395 -0.0209609 -0.00445483
internal_weight=489190 474299 117681 90017 27664 17953 9696 14891 75144 15574 356618 59570 24868 34702 5169 29533 5961 1529 5339 4432 13401 12259 23572 14873 635 352 734 717 281 1595
internal_count=489190 474299 117681 90017 27664 17953 9696 14891 75144 15574 356618 59570 24868 34702 5169 29533 5961 1529 5339 4432 13401 12259 23572 14873 635 352 734 717 281 1595
cat_boundaries=0 4 9 13 17 21 23 27 31 35 40 45 49 53 54 58 62
cat_threshold=371525170 2685982216 872448768 2214592804 2366145350 151060752 134348868 16802864 1 2147893248 2157461504 262144 2540064 8554498 5310116 72615810 33662230 2148067720 142737410 3211268 679495682 3709141202 4 135446788 427827408 2184380436 1342592009 1098926464 83886144 36900864 1074794688 2449474564 524288 25165824 134217728 2282750024 142680064 2298478660 136480795 1 2655218112 401424 18876416 563086393 2 168042564 3556774144 2155880456 3670208 2634556929 2265055233 276824064 141559873 2286485506 1345323013 2284339528 404766728 16793600 1076387856 43589394 2320637964 134481024
is_linear=0
shrinkage=0.1


Tree=69
num_leaves=31
num_cat=24
split_feature=0 4 0 9 4 11 9 5 8 9 8 9 8 4 10 8 10 8 9 9 8 8 10 9 9 9 8 8 8 8
split_gain=50.2281 60.0369 22.7001 19.3853 18.5316 13.0924 39.2411 24.6609 22.6359 19.7675 14.8225 14.5043 14.4304 14.0021 16.7724 14.2503 14.3747 45.3112 12.8307 12.2889 17.5203 14.1094 12.2568 13.3457 12.0815 11.6373 11.0832 10.9342 10.659 10.641
threshold=393.00000000000006 465.00000000000006 975.00000000000011 0 75.000000000000014 1 2 5.5000000000000009 3 4 5 6 7 2055.0000000000005 8 9 10 11 12 13 14 15 16 17 18 19 20 21 22 23
decision_type=2 2 2 9 2 9 9 2 9 9 9 9 9 2 9 9 9 9 9 9 9 9 9 9 9 9 9 9 9 9
left_child=4 29 3 -3 27 6 8 11 -6 12 22 -8 -7 15 18 25 17 -17 -15 20 -18 -21 -9 -24 -19 -11 -5 -1 -16 -2
right_child=1 2 -4 26 5 9 7 10 -10 13 -12 -13 -14 14 28 16 19 24 -20 21 -22 -23 23 -25 -26 -27 -28 -29 -30 -31
leaf_value=0.0493284510193093 -14.908818257201697 -2.237417860630837 24.028802877581654 -1.3807254451091329 -1.9330378609954004 0.92002168488961866 0.24537818825905205 0.24477108312334522 -0.51745634059930035 0.10204920338772255 0.4757852884311351 -8.5409223961637277 0.23864006301488813 -9.6809656131471726 -2.4226481873309091 -9.9878667609452396 0.12883598057410098 -2.1556523022220042 -3.9327290208783299 0.3111770576327817 -0.26712530632431214 0.007914387632118821 -1.4681420788556974 0.024135414869467693 0.036878114059758313 0.93989492476867875 1.9003130981446419 1.2833961335909896 0.24547161635471257 5.4700049702105353
leaf_weight=4120 124 5837 3662 3948 7040 13637 108 8744 12961 28468 30094 183 30225 212 6245 252 33549 3573 1078 65881 31053 111890 6987 6722 6347 23772 10095 4826 9711 17846
leaf_count=4120 124 5837 3662 3948 7040 13637 108 8744 12961 28468 30094 183 30225 212 6245 252 33549 3573 1078 65881 31053 111890 6987 6722 6347 23772 10095 4826 9711 17846
internal_value=0.000739181 0.00406678 0.000744202 -0.000588531 0.000430622 0.000338749 -0.00088553 0.000542689 -0.00465694 0.000582477 0.000703561 -0.028488 0.00257385 0.000311172 -0.00246086 0.000468035 0.000156996 -0.00352387 -0.0133846 0.000311615 -0.000869498 0.000740856 -0.00124071 -0.00310591 -0.00243706 0.00197129 0.00142532 0.00493628 -0.00156833 0.00841959
internal_weight=489190 41512 23542 19880 447678 438732 72839 52838 20001 365893 52547 291 43862 322031 17246 304785 252545 10172 1290 242373 64602 177771 22453 13709 9920 52240 14043 8946 15956 17970
internal_count=489190 41512 23542 19880 447678 438732 72839 52838 20001 365893 52547 291 43862 322031 17246 304785 252545 10172 1290 242373 64602 177771 22453 13709 9920 52240 14043 8946 15956 17970
cat_boundaries=0 4 6 10 14 18 22 25 29 31 35 36 40 44 49 53 57 58 63 67 71 75 79 83 87
cat_threshold=2550147136 71385108 195045380 160437970 2148010550 27 4359265 781942788 2451570692 20338816 85098496 2285379602 2504328208 2482709 272958004 135970822 840957984 2147516672 2654109697 1226441920 1480663044 535424 2147487746 2147496960 64 3657433224 16826625 5100002 301994643 1179664 2 2415920224 9961542 6037442 121651286 138412112 16908288 134226304 0 4096 100663296 270532608 2299527170 4096 1082663048 84158593 1154187331 1090525840 1 55746560 1180725529 35651616 3292201 164758274 1912766481 1141047312 2589569 1225465856 1006654212 268444432 1225867520 138937355 1 184549379 538968832 4096 1345200131 201359425 2734760288 3360736836 152060488 1597472 3576357120 1779507224 134283304 84410373 278921216 1744838656 257 125829198 440926208 383271426 117571948 0 0 1 268435456
is_linear=0
shrinkage=0.1


Tree=70
num_leaves=31
num_cat=21
split_feature=0 4 0 4 9 8 10 9 9 9 0 9 4 9 8 2 4 8 10 8 2 8 9 9 8 9 8 8 9 8
split_gain=48.3931 33.1957 20.4321 24.5311 23.5704 19.9628 23.6257 26.477 20.7454 17.2588 16.9907 15.9061 12.537 12.0814 11.9792 12.6459 11.5565 16.6881 14.2127 10.7598 10.225 10.1316 13.0875 9.62513 15.8656 8.88123 17.6931 8.80418 9.26664 8.51403
threshold=531.00000000000011 465.00000000000006 87.000000000000014 1155.0000000000002 0 1 2 3 4 5 1101.0000000000002 6 4305.0000000000009 7 8 213.00000000000003 105.00000000000001 9 10 11 153.00000000000003 12 13 14 15 16 17 18 19 20
decision_type=2 2 2 2 9 9 9 9 9 9 2 9 2 9 9 10 2 9 9 9 8 9 9 9 9 9 9 9 9 9
left_child=2 -2 16 4 -4 9 8 27 14 -6 11 -3 19 -5 15 -7 17 18 -1 -13 -11 -15 -23 24 -18 26 -26 28 -8 -25
right_child=1 10 3 13 5 6 7 -9 -10 20 -12 12 -14 21 -16 -17 23 -19 -20 -21 -22 22 -24 29 25 -27 -28 -29 -30 -31
leaf_value=-0.90808909510456393 11.029299010907312 3.9845796332912529 1.3964857118328724 1.5011222724999418 0.32970518805341475 -0.70575804883562288 -0.74912227517929431 0.9176719889624988 0.44052084876596864 0.022446998215598771 32.925367980027225 -2.999471136516672 -17.160681700555873 0.7653713555881968 -0.14877442739374516 -2.3465011733518093 0.13549490213827128 0.58961333303742181 0.027389760852479718 0.64729178146628286 -0.61680426997532734 -5.8295386438946935 -1.1028991787687203 -0.13942884568362221 -1.2651460419329537 -0.23440772312671068 -0.92926380374340689 0.60987637622215873 0.10056748842106489 0.072067043358702565
leaf_weight=604 10513 2950 11522 7095 12229 3193 2706 35527 13421 6773 2898 2703 253 7882 6424 1594 19358 7631 3633 4586 9442 391 25773 49766 266 28996 3575 15078 11567 180841
leaf_count=604 10513 2950 11522 7095 12229 3193 2706 35527 13421 6773 2898 2703 253 7882 6424 1594 19358 7631 3633 4586 9442 391 25773 49766 266 28996 3575 15078 11567 180841
internal_value=0.000721193 0.0051094 0.000495759 0.00136663 0.00204254 0.00162033 0.00235366 0.0033547 -0.000283256 -0.000687425 0.00180732 -6.48109e-05 -0.0025 -0.000760555 -0.00345691 -0.00723994 -8.48369e-06 0.00304853 -0.00198493 -0.00174372 -0.00282589 -0.00154275 -0.00248949 -0.000136774 -0.0013629 -0.00270131 -0.00721631 0.00113109 -0.000649023 0.000140797
internal_weight=489190 23903 465287 170617 129476 117954 89510 64878 24632 28444 13390 10492 7542 41141 11211 4787 294670 11868 4237 7289 16215 34046 26164 282802 52195 32837 3841 29351 14273 230607
internal_count=489190 23903 465287 170617 129476 117954 89510 64878 24632 28444 13390 10492 7542 41141 11211 4787 294670 11868 4237 7289 16215 34046 26164 282802 52195 32837 3841 29351 14273 230607
cat_boundaries=0 4 8 10 15 19 23 28 33 37 41 43 47 51 54 59 63 67 71 75 79 83
cat_threshold=1351944248 3222576129 805339930 2214593408 11551824 1092786520 2734735415 71303296 3494460214 32 2282283456 107159600 1086464000 153690132 1 2147647744 696320912 1048644 20347913 33686533 315302272 25296933 1627737092 19661826 2852750913 536891792 1411784960 1 545592338 2181125154 570491682 2216822080 3 2533359616 68165760 1342177280 25097 352878599 270536704 1744838656 801 1108353408 8 1331200 3240680849 167772172 470909640 302022690 348260645 143004454 5832754 16384 67109376 8 42211523 2217481224 92308673 67526784 1 1224761348 2797783364 33980548 135430417 0 69211136 1024 262144 1 0 0 16384 167780868 2554339331 1350696960 152152576 134258688 33554432 1073872896 16 155658756 101320260 856686610 71483656
is_linear=0
shrinkage=0.1


Tree=71
num_leaves=31
num_cat=16
split_feature=0 4 0 4 8 0 8 9 9 4 4 9 11 8 4 10 9 9 1 8 8 1 6 8 0 0 8 8 2 8
split_gain=48.4271 31.0454 19.9324 32.9828 15.7544 15.4645 14.4729 13.7783 13.0124 12.2752 11.717 10.3322 11.2519 12.0712 13.216 10.2635 18.8918 16.8956 14.5831 11.8839 9.46584 8.97767 8.7549 11.0293 8.66471 8.49834 26.686 16.9523 13.8394 32.2173
threshold=531.00000000000011 465.00000000000006 153.00000000000003 195.00000000000003 0 1101.0000000000002 1 2 3 45.000000000000007 3045.0000000000005 4 5 6 105.00000000000001 7 8 9 225.00000000000003 10 11 315.00000000000006 544.50000000000011 12 255.00000000000003 -152.99999999999997 13 14 123.00000000000001 15
decision_type=2 2 2 2 9 2 9 9 9 2 2 9 9 9 2 9 9 9 8 9 9 10 2 9 2 2 9 9 10 9
left_child=2 -2 9 6 7 8 11 -5 -3 -1 -10 12 13 14 -4 17 18 20 -17 21 -6 -20 23 -19 -13 26 -11 -27 -29 -30
right_child=1 5 3 4 15 -7 -8 -9 10 25 -12 24 -14 -15 -16 16 -18 22 19 -21 -22 -23 -24 -25 -26 27 -28 28 29 -31
leaf_value=1.0458601047230232 9.92636910981658 3.6970026018233813 -0.25792855275409865 -0.40998984416130491 -0.0020349960878801778 29.632831182024503 1.2000280372148735 2.1734178193726987 -0.49478498638051205 -3.5601390626318636 -11.511462815377419 0.10944357034327074 0.24522278721789625 -0.045090726459383196 -2.015505184898736 -0.19539805603565247 0.0070999312086910396 -3.4223075976791564 -4.0846234350551054 -2.2868578803806074 1.9068788631806068 -7.4569525699681538 0.091113148142465045 0.14981101521532317 1.7615480050836514 1.542000873941517 -0.13339474052720462 0.033369145308666595 -1.1184450248169178 0.021731506782903209
leaf_weight=1997 10513 2877 480 4058 3330 2898 12373 10313 7019 2648 596 3828 2194 876 193 2721 25362 923 912 2111 8309 508 25428 1116 3601 11433 14704 300098 7512 18259
leaf_count=1997 10513 2877 480 4058 3330 2898 12373 10313 7019 2648 596 3828 2194 876 193 2721 25362 923 912 2111 8309 508 25428 1116 3601 11433 14704 300098 7512 18259
internal_value=0.000715469 0.00510522 0.000489956 0.00167587 0.000759305 0.00191187 0.00498832 0.00377651 0.000125811 0.000128726 -0.00203934 0.00237167 -0.00191047 -0.00840924 -0.0184041 0.000145625 -0.00119403 0.00122865 -0.00611306 -0.0103625 0.00442012 -0.0174126 -0.000124831 -0.00642962 0.00452883 8.47026e-05 -0.00207354 0.00019573 6.28765e-05 -0.00216096
internal_weight=489190 23903 465287 108636 85091 13390 23545 14371 10492 356651 7615 11172 3743 1549 673 70720 31614 39106 6252 3531 11639 1420 27467 2039 7429 354654 17352 337302 325869 25771
internal_count=489190 23903 465287 108636 85091 13390 23545 14371 10492 356651 7615 11172 3743 1549 673 70720 31614 39106 6252 3531 11639 1420 27467 2039 7429 354654 17352 337302 325869 25771
cat_boundaries=0 4 8 12 17 21 22 25 27 31 35 39 43 47 51 55 59
cat_threshold=8427914 281018501 1078728586 33734678 2441085452 19943424 3632267269 73728 2282277028 142878882 1076969476 671825920 19661826 2852685377 536891792 1411784960 1 134250816 150994944 33685504 4202544 168173896 0 16777216 2415919105 1049893035 36 3221229952 797024768 100683804 10634344 378274582 3113746952 2149580808 67322924 2214593536 2234519552 4 2359937 417792 2380104 4 262176 134742020 143360 2550136836 2101248 2282800136 2685435924 2349793654 39863808 128 8454176 4333536 41943062 386189826 221290756 547356676 16986624
is_linear=0
shrinkage=0.1


Tree=72
num_leaves=31
num_cat=21
split_feature=0 4 0 10 8 9 11 9 9 9 4 8 1 9 6 4 9 9 0 8 9 4 10 9 9 8 8 9 8 8
split_gain=48.8787 53.6828 22.0106 18.7678 23.5917 18.2368 16.3345 14.6666 14.5744 13.6995 13.5494 12.6372 12.2945 10.7829 10.6389 10.0953 9.16995 8.74387 8.2712 12.4489 17.105 12.8135 18.67 16.4251 13.4503 14.2945 10.7419 10.782 10.5925 9.67529
threshold=225.00000000000003 255.00000000000003 783.00000000000011 0 1 2 3 4 5 6 45.000000000000007 7 339.00000000000006 8 481.50000000000006 105.00000000000001 9 10 15.000000000000002 11 12 135.00000000000003 13 14 15 16 17 18 19 20
decision_type=2 2 2 9 9 9 9 9 9 9 2 9 8 9 2 2 9 9 2 9 9 2 9 9 9 9 9 9 9 9
left_child=10 11 3 5 6 -3 8 -4 -5 -6 -1 13 -10 15 17 -2 -8 -11 -12 20 28 22 -21 29 26 -26 27 -23 -20 -24
right_child=1 2 7 4 9 -7 16 -9 12 14 18 -13 -14 -15 -16 -17 -18 -19 19 21 -22 24 23 -25 25 -27 -28 -29 -30 -31
leaf_value=1.0298179034979598 -0.10442655262503991 0.043886776852010527 -15.293108509676479 -2.138903949766886 2.3544937238169159 1.6686140513628631 1.0555515386641237 12.777683858085297 -3.2763952291532257 0.31191375463363552 -0.041949317807864345 1.962377775882624 -7.7812492690519965 0.58146455849965706 -0.16654549914264302 -11.193455814512342 -3.3789627048191786 -6.7526266169453013 -0.65794964090506713 0.53521933120576648 0.076446749104814221 -0.12613152752533918 -1.8947411964512733 0.39786698861245712 1.1519667040324044 0.17707906821479411 0.071258583680048948 -0.64232424144859834 -0.20595524280377778 -0.34205689871494677
leaf_weight=2239 282 17532 289 1649 5223 14927 1971 7496 823 383 183466 18493 847 4208 13714 96 1568 565 3016 10189 41020 8719 133 2953 16252 80328 27662 4451 15243 3453
leaf_count=2239 282 17532 289 1649 5223 14927 1971 7496 823 383 183466 18493 847 4208 13714 96 1568 565 3016 10189 41020 8719 133 2953 16252 80328 27662 4451 15243 3453
internal_value=0.000707701 0.00281194 0.00137892 0.000721598 -0.00123986 0.00233731 -0.00629295 0.00637765 -0.0113277 0.000505152 0.00023286 0.00697127 -0.0179167 0.00225413 -0.00106189 -0.0137113 -0.00155255 -0.011308 0.000189098 0.000612364 -0.00061917 0.00108596 0.00369919 -0.000474881 0.00076791 0.00141112 -0.000753636 -0.00310319 -0.00316438 -0.00501668
internal_weight=489190 90066 66987 59202 26743 32459 6858 7785 3319 19885 399124 23079 1670 4586 14662 378 3539 948 396885 213419 59279 154140 16728 6539 137412 96580 40832 13170 18259 3586
internal_count=489190 90066 66987 59202 26743 32459 6858 7785 3319 19885 399124 23079 1670 4586 14662 378 3539 948 396885 213419 59279 154140 16728 6539 137412 96580 40832 13170 18259 3586
cat_boundaries=0 2 6 11 13 18 22 27 31 35 39 43 47 51 53 57 62 66 70 74 78 82
cat_threshold=1066670219 4 2533523473 2268618880 420544580 381440 2281725952 272965792 1221591108 158892051 1 536904462 10 4196488 393216 0 545259648 2 273678848 403219334 2424438784 21856258 6317584 554456084 838863250 2688581890 3 286786572 25165824 2424307761 67108992 0 0 33554432 16 135421956 3643080709 1353712128 7181352 1048577 1075972288 16908320 1342181376 1118126596 149166344 536903700 76460296 2467958784 1781006351 2418016385 222478370 1025246361 10 67272960 696320000 2097156 287777 2149616385 76292864 201370712 11280405 1 151010688 67174432 22028194 440467543 138420225 2265072194 3363860744 33636480 2147518976 270592 201326672 794625 2441216 134482176 0 67764232 16908288 0 0 16384
is_linear=0
shrinkage=0.1


Tree=73
num_leaves=31
num_cat=22
split_feature=0 4 0 9 9 8 4 1 0 8 4 10 9 9 8 8 9 8 9 8 8 9 8 9 8 8 9 9 8 2
split_gain=47.5744 54.9918 17.8314 15.1371 13.0058 15.2932 12.4714 12.4571 10.1148 13.079 12.1685 13.0729 29.2375 22.1451 15.7312 14.1618 12.2358 12.365 12.0272 10.8193 10.6625 10.2324 10.0792 11.2453 10.0348 9.84687 9.81581 9.49675 8.96603 8.83213
threshold=315.00000000000006 465.00000000000006 1191.0000000000002 0 1 2 45.000000000000007 441.00000000000006 39.000000000000007 3 1485.0000000000002 4 5 6 7 8 9 10 11 12 13 14 15 16 17 18 19 20 21 -116.99999999999999
decision_type=2 2 2 9 9 9 2 10 2 9 2 9 9 9 9 9 9 9 9 9 9 9 9 9 9 9 9 9 9 8
left_child=6 4 3 -3 5 7 -1 -2 22 18 11 13 19 14 -11 21 17 -12 -10 -13 -16 -14 23 -8 -5 -15 28 -17 -24 -28
right_child=1 2 -4 24 -6 -7 8 -9 9 10 16 12 15 25 20 27 -18 -19 -20 -21 -22 -23 26 -25 -26 -27 29 -29 -30 -31
leaf_value=1.0046593786785165 -3.2103837154245376 2.2484420066633528 30.805417505552835 -1.9405856964626691 3.1793436721519868 1.4784076909401005 -0.50800754434929718 0.58809106453615179 2.097058021284123 -0.0059376651030494561 -5.5502231668111257 0.28811636403709373 0.68131386971171271 -0.097838218975376368 -1.0719256101440793 0.22422120407351287 -0.11124918426701598 -1.5806325178797827 0.33431054422403506 1.145954923368713 -0.53114580305251569 0.095192745524555533 0.08634391630555599 -0.082820860442684233 0.073239711756262538 0.49673131578845819 -0.49417910716381047 -0.19422029475741576 -0.36991095035509547 0.12479680763509152
leaf_weight=2420 560 6591 2430 6656 19359 4782 9192 513 5642 13536 563 7521 11378 15450 517 11373 21060 5705 14267 14383 12674 21264 12697 49281 17428 20881 10322 25832 20455 124458
leaf_count=2420 560 6591 2430 6656 19359 4782 9192 513 5642 13536 563 7521 11378 15450 517 11373 21060 5705 14267 14383 12674 21264 12697 49281 17428 20881 10322 25832 20455 124458
internal_value=0.000683579 0.00336408 0.000684187 3.09702e-05 0.00688268 0.00273657 0.000320769 -0.00800554 0.000280336 0.000794671 0.00052853 0.000871978 0.0016337 -0.00023657 -0.00242099 0.000633724 -0.00141686 -0.00529149 0.00322757 0.00482066 -0.00487766 0.00215362 -0.000178662 -0.00130927 -0.0011314 0.00137063 0.000215075 -0.000699986 -0.00132622 0.000594258
internal_weight=489190 58319 33105 30675 25214 5855 430871 1073 428451 202046 182137 154809 91751 63058 26727 69847 27328 6268 19909 21904 13191 32642 226405 58473 24084 36331 167932 37205 33152 134780
internal_count=489190 58319 33105 30675 25214 5855 430871 1073 428451 202046 182137 154809 91751 63058 26727 69847 27328 6268 19909 21904 13191 32642 226405 58473 24084 36331 167932 37205 33152 134780
cat_boundaries=0 5 9 13 17 19 23 27 31 35 39 43 48 52 56 60 64 68 72 76 81 86 90
cat_threshold=111936050 2685437449 805306648 2485264648 2 2281718144 25427968 177410560 805308497 67109888 2097152 2147483649 469762176 3456 42532897 5267426 307314711 3322489702 58 272959028 3382214791 270532612 806388424 658505984 497582360 262244 22274089 143294981 805453972 4001767424 67145896 2655158369 359686144 84279296 136317760 17698849 3322225285 3489677324 68814881 65536 73400326 2155872276 2097152 370937936 3388998666 570426144 2418284968 2 311361 16781312 3623878660 17041408 16777216 138420224 0 655360 2156003595 268435472 64 205676579 88512519 102236800 537935882 356795145 2361480 1503102976 209748576 2692746442 18169953 2166905093 1804599304 277873192 505578016 3224688896 1040556036 134219904 327614659 2260734017 1073775769 68026496 2 34750464 270862856 2148565088 21299205 2 2155880960 683971585 2318011584 136347664
is_linear=0
shrinkage=0.1


Tree=74
num_leaves=31
num_cat=21
split_feature=0 4 4 0 9 9 11 8 4 8 9 0 4 10 8 8 8 0 0 9 8 8 9 10 9 9 8 10 11 10
split_gain=45.8977 42.3759 17.3354 16.5151 14.843 13.83 13.3575 14.0624 11.172 16.331 10.8094 10.4941 10.2205 11.8969 9.33592 9.06082 8.87139 8.79194 8.67833 13.8432 13.7582 13.1902 13.7372 8.52381 13.3066 12.3374 11.7055 8.23324 7.81417 7.79385
threshold=483.00000000000006 465.00000000000006 135.00000000000003 1101.0000000000002 0 1 2 3 105.00000000000001 4 5 63.000000000000007 45.000000000000007 6 7 8 9 -92.999999999999986 87.000000000000014 10 11 12 13 14 15 16 17 18 19 20
decision_type=2 2 2 2 9 9 9 9 2 9 9 2 2 9 9 9 9 2 2 9 9 9 9 9 9 9 9 9 9 9
left_child=2 15 4 5 17 -3 8 12 14 -10 -4 -9 -8 -14 -6 -2 27 -1 -12 20 -20 22 -21 24 -23 26 -25 -7 -22 -19
right_child=1 3 10 -5 6 16 7 11 9 -11 18 -13 13 -15 -16 -17 -18 29 19 21 28 23 -24 25 -26 -27 -28 -29 -30 -31
leaf_value=-0.56068698630072966 -13.40390393844811 -2.5898552017355012 3.5986055524056519 23.97245062189398 -0.28523179652468372 2.7393964545207568 0.71343339264410022 0.087400216595191066 -1.5499508718414043 -0.29066323051329718 -0.025315033382669438 0.64824440391938565 -0.98303494805770009 -0.07056333136869064 0.58376613187956961 7.443030485187859 1.9041719060569555 -1.6507949502937103 -0.015122969232217493 -1.6376229960782838 0.46806878259960893 -1.8083182390906201 -0.183973062876542 0.055516051837328641 0.072937516563267649 0.09703909354485972 0.99840231865070805 -4.1629107842749118 1.7746734837141185 0.80727648407853503
leaf_weight=766 114 3511 3553 2898 874 1067 1527 10695 505 1561 264072 9747 263 9209 2040 12396 6933 118 9988 2171 5033 3791 25153 8448 15891 49376 15062 1693 11610 9125
leaf_count=766 114 3511 3553 2898 874 1067 1527 10695 505 1561 264072 9747 263 9209 2040 12396 6933 118 9988 2171 5033 3791 25153 8448 15891 49376 15062 1693 11610 9125
internal_value=0.000668452 0.00455473 0.000427029 0.00116259 0.00225932 -0.000337776 0.00132058 0.00208292 -0.00348697 -0.00911907 0.000221612 0.00363387 -0.000800254 -0.00202492 0.000494166 0.00892086 0.00161084 0.00566823 0.000174012 0.000791207 0.00285312 0.000332939 -0.00159728 0.000902807 -0.00094353 0.00140145 0.00328656 -0.00317689 0.00461358 0.0065271
internal_weight=489190 28612 460578 16102 46430 13204 36421 31441 4980 2066 414148 20442 10999 9472 2914 12510 9693 10009 410595 146523 26631 119892 27324 92568 19682 72886 23510 2760 16643 9243
internal_count=489190 28612 460578 16102 46430 13204 36421 31441 4980 2066 414148 20442 10999 9472 2914 12510 9693 10009 410595 146523 26631 119892 27324 92568 19682 72886 23510 2760 16643 9243
cat_boundaries=0 5 9 11 15 19 23 25 29 33 37 42 46 50 55 57 62 66 70 72 74 76
cat_threshold=2182513154 805347860 9633792 134250509 1 402729160 73678992 1235224608 160453251 537403778 17 327155714 404762624 2550145028 289 0 2166513664 0 278528 536870928 16384 536870912 2147483908 37781508 24 336068612 16777216 1073741824 16384 0 0 1 268435456 811562 2234043399 168296520 201394344 311758893 2165315083 276829090 67109896 2 2659000352 621025282 438501424 205520928 1074808901 1611853848 596697116 8913536 1073742912 614465536 2572296 16912416 1 3238605590 34 33024 2015396096 2281701444 19087360 1 1162348032 136872116 2184200204 24287265 29564938 285212672 3422556162 35916096 276988430 32 2752059667 23 134225920 32
is_linear=0
shrinkage=0.1


Tree=75
num_leaves=31
num_cat=16
split_feature=0 4 4 0 9 11 4 8 8 8 0 8 0 9 2 0 4 8 3 8 8 9 9 4 9 10 9 9 0 2
split_gain=45.9486 19.9343 19.0183 14.264 13.403 12.6544 16.8644 29.6854 12.8718 12.0631 13.1574 11.7315 10.5688 11.4085 10.1474 9.81303 19.815 14.6162 12.1984 44.1707 28.7128 24.8948 18.1035 11.7999 16.558 11.4798 15.3456 14.9573 11.2329 14.1124
threshold=639.00000000000011 135.00000000000003 765.00000000000011 309.00000000000006 0 1 105.00000000000001 2 3 4 21.000000000000004 5 1215.0000000000002 6 165.00000000000003 183.00000000000003 195.00000000000003 7 1.5000000000000002 8 9 10 11 405.00000000000006 12 13 14 15 -290.99999999999994 -230.99999999999997
decision_type=2 2 2 2 9 9 2 9 9 9 2 9 2 9 10 2 2 9 2 9 9 9 9 2 9 9 9 9 2 10
left_child=1 3 -2 4 -1 9 11 -8 -9 -6 -11 -7 13 -4 -10 18 -17 -18 19 -3 21 -21 28 24 -20 27 -27 -19 29 -22
right_child=2 15 12 -5 5 6 7 8 14 10 -12 -13 -14 -15 -16 16 17 25 23 20 22 -23 -24 -25 -26 26 -28 -29 -30 -31
leaf_value=0.74311774567801725 9.8111764966465458 -1.7342939603258565 6.0298527335849466 1.8288776178207629 -0.018465708948972342 1.2502297905987869 -1.6375368915642998 0.19239249253983176 -0.58705518465570561 0.049372685220104663 0.75694171956187761 -0.020055500214289541 26.179555801988403 -3.0900388470014004 -1.5555044208330067 0.8109410355648109 1.6798765793788313 -0.21643330500670302 -0.15313183976980718 -3.2776059125069468 -13.921894368157462 -0.22237676929920622 -0.069262562618301785 0.011699696898459063 0.696048047411438 -2.2595972856019908 -0.058370592418138606 0.92538012326359742 0.63479549482065156 -1.0997918603664691
leaf_weight=6231 10805 633 1235 4741 8209 1913 524 2125 1748 5361 7745 8713 1437 3067 455 10168 11234 19246 10630 182 58 24778 24316 241398 25366 6359 20390 17907 11787 429
leaf_count=6231 10805 633 1235 4741 8209 1913 524 2125 1748 5361 7745 8713 1437 3067 455 10168 11234 19246 10630 182 58 24778 24316 241398 25366 6359 20390 17907 11787 429
internal_value=0.000655165 0.000473843 0.00583535 0.00241076 0.00183711 0.00110942 -0.00106663 -0.00595218 -0.0031858 0.00268933 0.00457152 0.00116318 0.00118313 -0.00129707 -0.00852689 0.000256096 0.00121495 0.000654281 1.52252e-05 -0.00125066 -0.000977907 -0.00359231 0.000806011 0.000298997 0.001988 6.9158e-05 -0.00151015 0.00120631 0.0039352 -0.0109446
internal_weight=489190 472646 16544 47765 43024 36793 15478 4852 4328 21315 13106 10626 5739 4302 2203 424881 85304 75136 339577 62183 61550 24960 36590 277394 35996 63902 26749 37153 12274 487
internal_count=489190 472646 16544 47765 43024 36793 15478 4852 4328 21315 13106 10626 5739 4302 2203 424881 85304 75136 339577 62183 61550 24960 36590 277394 35996 63902 26749 37153 12274 487
cat_boundaries=0 5 7 11 15 19 23 28 32 36 40 44 48 52 54 59 64
cat_threshold=2182349312 268476948 9633792 134250497 1 1599412232 14 16777216 2164916224 1342177280 16384 2382364929 4096 2156134400 2195457 276824064 136327168 2415919108 286976 2147484160 9064448 268697600 134512640 2149844482 554210901 805306512 3227689216 1 8423882 12911749 1078728578 33701910 32769 1048576 268435456 512 70123872 2535461250 2323648588 5547008 0 142606336 0 16 1078320 537266690 959906610 402653512 2517140229 73984 269484096 138551304 1049923723 4 3229616512 797025024 41963532 270689352 1 134275080 1346806050 1221591108 24154131 1
is_linear=0
shrinkage=0.1


Tree=76
num_leaves=31
num_cat=17
split_feature=0 4 0 9 9 11 4 8 2 8 9 0 0 4 11 8 9 9 8 6 9 2 3 8 8 9 8 0 4 9
split_gain=43.4247 19.0696 16.1819 12.5891 12.0383 12.2223 15.6684 19.9479 14.8364 12.585 12.2423 10.8231 10.3236 30.1158 15.4532 21.7861 14.7326 12.8741 11.6704 10.3724 13.8228 11.398 10.2155 41.7027 30.1932 17.8243 22.4672 15.2199 10.8043 16.2602
threshold=765.00000000000011 135.00000000000003 363.00000000000006 0 1 2 75.000000000000014 3 177.00000000000003 4 5 21.000000000000004 249.00000000000003 255.00000000000003 6 7 8 9 10 948.50000000000011 11 297.00000000000006 1.5000000000000002 12 13 14 15 -470.99999999999994 405.00000000000006 16
decision_type=2 2 2 9 9 9 2 9 10 9 9 2 2 2 9 9 9 9 9 2 9 10 2 9 9 9 9 2 2 9
left_child=1 2 4 -2 -1 9 -7 8 10 -6 -8 -11 22 -14 16 19 -15 -17 -18 20 -16 -22 23 -3 27 26 -26 -25 29 -24
right_child=3 12 -4 -5 5 6 7 -9 -10 11 -12 -13 13 14 15 17 18 -19 -20 -21 21 -23 28 24 25 -27 -28 -29 -30 -31
leaf_value=0.78798540652663773 -10.322495244600258 -1.6358039235433279 3.2743027380867029 12.730015994028008 -0.018947920684387221 0.16196185885888612 -0.90430225991530233 0.031869908235110565 -1.1523800839938161 0.076958751185862956 -0.063851694067006887 0.69923206004078875 1.3462720643222097 1.9267381841100719 -1.5163570109453044 1.8910544030336531 1.5101336474010763 -0.55975913656238641 -0.30376230354947231 -1.5993765851735109 -3.9714437159703468 -10.307865601167807 -0.16978328972298323 -17.106958669932844 -1.7136741825623316 -0.079816993363996794 -0.36818890181173225 0.41204596156029077 0.020818103773563412 0.61883142585273798
leaf_weight=5543 462 724 3883 10765 8307 6448 1368 5856 863 5540 2161 8361 9808 8220 851 3845 7874 12088 13897 3169 551 523 10778 65 463 42294 7841 16650 261497 28495
leaf_count=5543 462 724 3883 10765 8307 6448 1368 5856 863 5540 2161 8361 9808 8220 851 3845 7874 12088 13897 3169 551 523 10778 65 463 42294 7841 16650 261497 28495
internal_value=0.000628182 0.000483783 0.00236706 0.00677563 0.00182622 0.00120368 -0.000840416 -0.00327088 -0.00835529 0.00274012 -0.00550014 0.00457983 0.00027193 0.00147897 0.000503352 -0.00157484 0.00196027 0.000246504 0.00059731 -0.00726097 -0.0130649 -0.0205351 7.28569e-05 -0.0010337 -0.000774921 -0.00199217 -0.00622564 0.00290882 0.000323171 0.00186973
internal_weight=489190 477963 48330 11227 44447 38904 16696 10248 4392 22208 3529 13901 429633 60826 51018 21027 29991 15933 21771 5094 1925 1074 368807 68037 67313 50598 8304 16715 300770 39273
internal_count=489190 477963 48330 11227 44447 38904 16696 10248 4392 22208 3529 13901 429633 60826 51018 21027 29991 15933 21771 5094 1925 1074 368807 68037 67313 50598 8304 16715 300770 39273
cat_boundaries=0 4 9 11 15 19 23 25 29 33 38 42 46 50 54 58 62 66
cat_threshold=4278408 131072 1073741824 545260160 2182349312 268476948 9633792 134250496 1 1330972680 12 293765126 2568093696 1073750016 279073 276824064 136327168 2147483652 286976 76185857 8454144 268435456 270336 1582567640 21 2298609681 2570605712 452984900 2421056 369361188 974165512 2701131778 67327021 283141648 2735490053 276824192 2168489216 3 2214759426 1095764097 436733128 33874005 2157576960 8340 3498180672 5275666 32769 1048576 268435456 524800 1212165248 90693 5972656 234881175 294912 428343810 2163904 134250512 131072 2164260864 8388608 1310720 2517140229 8448 269488192 138551304
is_linear=0
shrinkage=0.1


Tree=77
num_leaves=31
num_cat=25
split_feature=0 0 4 8 8 9 9 4 8 9 8 10 9 9 10 4 9 9 10 8 10 11 9 8 8 8 9 8 10 9
split_gain=39.6337 18.1165 26.3506 17.7983 17.693 15.7704 13.4863 13.4195 12.2713 11.4296 10.7376 12.19 15.0994 11.137 9.65199 8.90524 16.2695 8.58378 8.18252 11.6798 7.81919 7.72353 7.66036 25.5291 8.52068 8.18459 11.142 15.7177 9.95704 12.1285
threshold=789.00000000000011 123.00000000000001 165.00000000000003 0 1 2 3 1455.0000000000002 4 5 6 7 8 9 10 105.00000000000001 11 12 13 14 15 16 17 18 19 20 21 22 23 24
decision_type=2 2 2 9 9 9 9 2 9 9 9 9 9 9 9 2 9 9 9 9 9 9 9 9 9 9 9 9 9 9
left_child=1 15 4 9 6 -5 14 10 -2 21 -7 13 -13 -12 -3 16 20 -9 19 -11 -1 -4 23 -17 -25 26 27 -24 29 -28
right_child=8 2 3 5 -6 7 -8 17 -10 18 11 12 -14 -15 -16 22 -18 -19 -20 -21 -22 -23 25 24 -26 -27 28 -29 -30 -31
leaf_value=-0.7562130633980364 -4.1153452952215952 -0.51340739498522503 -0.85444366299821783 1.3280642137625653 0.8918179694263012 1.2872945761439709 0.3477665662456918 -2.64401034103604 13.593363639565155 -4.801468150252834 -1.9340849990725557 -0.058802258081446471 0.96103740775861568 -0.054863626402591216 0.0051414008844625474 -0.31784773805891364 0.50761116242104565 -0.035906494974192009 -0.26910902204009762 -1.3076675024299331 -0.05862360018718267 1.2078515404322514 -3.4040852885935347 1.6368461747812704 0.2691818467516145 -0.0059027051056435237 1.8718481818893657 -0.81579279161392637 -0.18293378415550557 -5.0109139582224813
leaf_weight=445 1170 1219 1830 13599 14380 11863 7972 5208 9311 594 2376 18524 19319 8558 2365 19321 8770 12098 15461 5742 4287 5834 103 8929 38344 211302 204 1568 38046 448
leaf_count=445 1170 1219 1830 13599 14380 11863 7972 5208 9311 594 2376 18524 19319 8558 2365 19321 8770 12098 15461 5742 4287 5834 103 8929 38344 211302 204 1568 38046 448
internal_value=0.000606104 0.000472918 0.00139729 0.000777317 0.00428979 0.00146524 0.00137126 0.000916671 0.00668925 -0.00136032 0.00161774 0.000960707 0.00181042 -0.00197917 -0.00371731 6.35088e-05 0.00257888 -0.00153935 -0.00252809 -0.0055531 -0.00214677 0.00195986 -4.32026e-05 0.000910456 0.00216209 -0.000295572 -0.00160009 -0.00957168 -0.00125349 -0.0134139
internal_weight=489190 478709 146942 121006 25936 91545 11556 77946 10481 29461 60640 48777 37843 10934 3584 331767 13502 17306 21797 6336 4732 7664 318265 66594 47273 251671 40369 1671 38698 652
internal_count=489190 478709 146942 121006 25936 91545 11556 77946 10481 29461 60640 48777 37843 10934 3584 331767 13502 17306 21797 6336 4732 7664 318265 66594 47273 251671 40369 1671 38698 652
cat_boundaries=0 4 8 13 17 21 25 29 31 35 39 41 45 49 51 55 57 59 63 67 71 75 79 83 85 89
cat_threshold=1074814997 673249608 729825285 159908000 327155716 20058240 3489660932 41217 1355022864 2282931720 570459032 2216692128 2 218661632 150994944 64 8208 7417960 1115687426 20971529 285212800 70863483 5507526 67108864 1612153856 29399304 42009732 73205632 33562719 3242723909 56 2282250442 104931586 1220757568 17932305 1179648 85983510 134295556 1224982600 1413612294 32 360841476 1216905216 268435460 56 84085103 75767937 270532676 1083163649 2147983812 10 1056773 0 1 8912896 1644699776 8 671232201 16 1615874620 134234146 537072416 2550240048 138646080 314991236 2151227394 67539968 3221234688 1081664 1074053512 65586 3228839937 135792138 822100488 374358122 2162752 69211648 8 262144 0 0 0 33570816 403179648 2 2147484928 4 1048576 1073753152
is_linear=0
shrinkage=0.1


Tree=78
num_leaves=31
num_cat=23
split_feature=0 4 0 9 4 8 0 8 9 9 8 8 11 9 9 8 4 8 9 11 9 8 9 9 8 8 8 4 9 11
split_gain=37.9321 53.3291 18.4721 14.5451 11.6183 10.9707 9.88279 12.6959 15.1867 9.84306 13.0763 10.7426 16.842 25.9878 19.5088 11.0212 9.92538 10.3783 9.43815 9.27594 27.2816 12.0454 17.501 12.2394 10.9367 8.37744 8.29411 8.20655 7.8908 7.6709
threshold=429.00000000000006 465.00000000000006 1215.0000000000002 0 45.000000000000007 1 15.000000000000002 2 3 4 5 6 7 8 9 10 195.00000000000003 11 12 13 14 15 16 17 18 19 20 4245.0000000000009 21 22
decision_type=2 2 2 9 2 9 2 9 9 9 9 9 9 9 9 9 2 9 9 9 9 9 9 9 9 9 9 2 9 9
left_child=4 25 3 -3 -1 -5 19 8 -8 10 -9 18 13 -13 15 -14 -16 -18 29 20 -6 22 -21 24 -23 -2 -12 28 -7 -11
right_child=1 2 -4 5 6 27 7 9 -10 11 26 12 14 -15 16 -17 17 -19 -20 21 -22 23 -24 -25 -26 -27 -28 -29 -30 -31
leaf_value=0.81757735795941666 -13.536007110972125 2.6150449166882477 23.064721424112001 -2.8801809249892729 -0.34251011157361178 -1.5227535901369338 -0.15733280711388664 0.19968060331430054 1.0663617689199074 -1.3506949899683649 -1.3321257226545637 -0.22355995154573774 -0.53438485644769063 0.71919305171540238 0.51128885537304147 0.054025211842161691 -0.19804262857195495 0.68328653328585265 0.10747130576618756 -0.77678653198448888 2.1941490475970244 2.8447082973971396 -0.085880947521998277 -0.056881265160612052 0.15742357538282725 4.706483222187912 -0.39324241153791339 -14.660673612890202 1.5321724360714486 -0.11936780651790327
leaf_weight=2535 123 3817 2259 4977 6857 3055 8770 10693 19522 949 448 9643 16213 26450 10626 19632 16523 31275 48567 10021 6915 4363 32791 102867 19652 15373 11250 198 5865 36961
leaf_count=2535 123 3817 2259 4977 6857 3055 8770 10693 19522 949 448 9643 16213 26450 10626 19632 16523 31275 48567 10021 6915 4363 32791 102867 19652 15373 11250 198 5865 36961
internal_value=0.000576872 0.00371688 0.000327699 -0.000746985 0.000329929 -0.00222971 0.000291982 0.000679645 0.0026825 0.000442652 -0.00155306 0.000648793 0.00122204 0.00305875 0.000518568 -0.00131781 0.00164528 0.00103101 -0.000215408 -0.000273293 0.00222174 -0.000475887 -0.00192611 1.35552e-05 0.00204579 0.00812855 -0.00386232 -0.00016652 0.000280269 -0.00139768
internal_weight=489190 35667 20171 17912 453523 14095 450988 267522 28292 239230 22391 216839 130362 36093 94269 35845 58424 47798 86477 183466 13772 169694 42812 126882 24015 15496 11698 9118 8920 37910
internal_count=489190 35667 20171 17912 453523 14095 450988 267522 28292 239230 22391 216839 130362 36093 94269 35845 58424 47798 86477 183466 13772 169694 42812 126882 24015 15496 11698 9118 8920 37910
cat_boundaries=0 5 9 13 17 22 26 30 32 36 41 45 49 53 55 59 63 67 71 75 79 83 87 89
cat_threshold=10749488 2718991946 805310728 341975304 2 307785826 2167470340 167772184 402719272 36288 66080 5578730 307249175 2283817348 274995462 1224770580 680083969 1627397248 67896329 34437416 1094723841 1 202514955 2768783360 3333029904 67115080 37576725 757340168 2686451716 75806728 1462833217 16 202015554 34671108 159383682 403537936 67772704 679518608 2283798597 2020548 2 2151677960 2451087616 1442840576 2294144 3690988066 2147508224 142655488 134742016 2462056513 3676455686 3145920 673202226 1080045824 16 42106882 2340954560 134382600 6245377 21145862 1109418496 739254282 356535049 1310884 1912833024 411042338 4027719250 2148534328 1107444944 553787912 2692852051 3288400968 1049710 37088 9437232 0 0 1 268435456 16777216 134217728 0 8912896 134269248 71649428 34629632 697352851 2181038114 3
is_linear=0
shrinkage=0.1


Tree=79
num_leaves=31
num_cat=22
split_feature=0 4 0 4 9 1 8 9 0 8 8 10 9 8 9 9 9 11 8 4 11 11 9 5 9 9 8 8 8 10
split_gain=38.3162 43.7491 16.7908 14.4558 11.6519 10.1457 10.1231 9.59237 9.76704 18.8652 15.264 11.6686 12.4236 15.302 11.4476 10.3145 9.97806 9.75954 9.16884 8.64767 13.4613 9.43643 33.5557 21.7413 17.9608 15.8393 14.9956 14.086 13.3964 11.05
threshold=483.00000000000006 465.00000000000006 1215.0000000000002 75.000000000000014 0 -1.0000000180025095e-35 1 2 -74.999999999999986 3 4 5 6 7 8 9 10 11 12 2385.0000000000005 13 14 15 5.5000000000000009 16 17 18 19 20 21
decision_type=2 2 2 2 9 10 9 9 2 9 9 9 9 9 9 9 9 9 9 2 9 9 9 2 9 9 9 9 9 9
left_child=3 -2 4 5 18 6 -1 -5 9 15 16 12 -11 -14 -13 17 -10 -9 -3 21 -21 22 26 24 -24 27 -12 -23 -25 -30
right_child=1 2 -4 7 -6 -7 -8 8 10 11 19 14 13 -15 -16 -17 -18 -19 -20 20 -22 25 23 28 -26 -27 -28 -29 29 -31
leaf_value=-0.40381000924902777 5.8729183126090589 -0.20520756387098801 20.758249281700799 3.6770305191720691 0.60092422538903523 0.55084970387045429 0.12777521895057903 -0.12569335862488284 3.2013280189798898 0.29215715914802315 -1.6453463646122994 1.2970595703180823 -5.2441143346672199 -1.223804988471684 -0.060647369403601527 -0.9955860346069344 0.36563354565532064 -2.2335063009956406 -3.8676001920105727 -3.2871896510497542 -0.20017944895150075 -0.059191834202655613 -9.1577869392613049 0.77887730328151195 -1.1853060908489541 0.049182658663653622 -0.41787288710106785 1.1353868384925003 -1.5317737272457714 0.095639646790994334
leaf_weight=901 12510 1975 2259 2658 9929 5610 2683 562 5073 4601 5517 6021 731 5383 14770 6169 5113 1290 1939 3260 13066 9110 101 11177 231 286624 15815 21144 2803 30165
leaf_count=901 12510 1975 2259 2658 9929 5610 2683 562 5073 4601 5517 6021 731 5383 14770 6169 5113 1290 1939 3260 13066 9110 101 11177 231 286624 15815 21144 2803 30165
internal_value=0.00057401 0.00412484 0.000678177 0.000353426 -0.000626309 0.00427888 0.000122768 0.00027347 0.000237913 -0.00126319 0.000382919 -0.000159918 -0.00283916 -0.00579033 0.00122158 -0.00558959 0.00420361 -0.0121267 -0.00523955 0.000285272 -0.00196864 0.000381435 -0.000708154 0.000855756 -0.0246386 0.000607723 -0.00396776 0.00278351 0.00104768 3.27495e-05
internal_weight=489190 28612 16102 460578 13843 9194 3584 451384 448726 39527 409199 31506 10715 6114 20791 8021 10186 1852 3914 399013 16326 382687 65809 44477 332 316878 21332 30254 44145 32968
internal_count=489190 28612 16102 460578 13843 9194 3584 451384 448726 39527 409199 31506 10715 6114 20791 8021 10186 1852 3914 399013 16326 382687 65809 44477 332 316878 21332 30254 44145 32968
cat_boundaries=0 4 8 12 16 20 22 27 31 36 41 46 48 52 54 56 61 65 69 73 77 81 82
cat_threshold=402762176 1147158672 44173316 159402643 84410372 0 3355443200 1 16 16384 536870912 256 75669762 3524690948 3288334342 258211849 2304 8454176 4235200 301989910 274071630 2 8390146 4203217808 8524304 407427137 1 33555456 10486016 131584 70240 1614339 19210692 1077936258 136291352 1 269516870 327557120 402653184 538481192 1 68694625 1075840129 301996832 3491772616 1 3830448704 3 2350122248 3341815808 2416115728 52589569 420225089 6 2689108534 27 537037601 1015709700 2451636228 557207552 1 134217728 0 0 98304 1346635300 270143493 2418084498 2684359168 10649602 34611216 419692548 6676992 1347420672 2395164 2457862162 17825800 30438976 371254784 9043992 152114272 2215903244
is_linear=0
shrinkage=0.1


Tree=80
num_leaves=31
num_cat=21
split_feature=0 4 4 0 0 9 8 9 9 9 1 10 0 10 6 11 8 9 11 8 9 10 9 8 11 6 8 9 11 9
split_gain=37.054 25.661 16.2652 13.1934 11.9366 11.7708 10.1268 9.51373 9.1498 8.28539 8.16257 9.21388 10.6131 8.09486 8.00495 20.7217 22.4567 16.0746 17.0792 13.9677 12.0527 12.2054 11.6789 16.4679 15.9425 22.1372 26.0348 23.8809 19.9189 22.9604
threshold=627.00000000000011 555.00000000000011 135.00000000000003 1215.0000000000002 153.00000000000003 0 1 2 3 4 333.00000000000006 5 501.00000000000006 6 660.50000000000011 7 8 9 10 11 12 13 14 15 16 1028.5000000000002 17 18 19 20
decision_type=2 2 2 2 2 9 9 9 9 9 10 9 2 9 2 9 9 9 9 9 9 9 9 9 9 2 9 9 9 9
left_child=2 -2 4 5 8 -3 7 10 -1 -4 -6 12 -12 -10 15 16 20 18 -17 -19 21 -11 23 -16 25 27 28 -24 29 -27
right_child=1 3 9 -5 6 -7 -8 -9 13 14 11 -13 -14 -15 22 17 -18 19 -20 -21 -22 -23 24 -25 -26 26 -28 -29 -30 -31
leaf_value=-0.0038123985982633775 10.465223188164408 4.2354066868605003 3.0102365935711974 18.073551585476991 -0.15804948548866926 -1.7753278362516021 0.89616574027079232 0.21889115529513595 -0.80216045088205057 -3.0135644909411763 -1.0802805548566596 -0.075112638289532352 0.16167642997764348 0.32594811016186598 -0.097851746649507521 -12.267161724996331 0.8414476922634786 0.47872247962210657 -0.62709320689392134 -0.18447704257733324 0.086854063934409365 -0.27400420565490102 -0.47291851300255133 0.65683493111265068 0.11791813226876191 -0.69261274220520153 -0.23671560840877504 0.53012019575798963 -1.1940549352192678 -8.3533488616702893
leaf_weight=21575 8394 1700 3567 2042 532 5016 8870 3198 496 1098 92 117 29 12791 20555 232 16700 13142 20382 64043 5373 1863 18041 38595 151630 897 31560 26687 8824 1149
leaf_count=21575 8394 1700 3567 2042 532 5016 8870 3198 496 1098 92 117 29 12791 20555 232 16700 13142 20382 64043 5373 1863 18041 38595 151630 897 31560 26687 8824 1149
internal_value=0.000566038 0.00513176 0.000400138 0.00134506 0.00215094 -0.000795116 0.00475775 0.000548014 0.00119098 0.000203329 -0.00935897 -0.0248739 -0.0426718 0.00325412 0.000162579 -0.000516717 0.00204999 -0.00117382 -0.00365399 -0.000511043 -0.0021884 -0.00730057 0.000442643 0.00170047 0.00013099 -0.000946677 -0.00258308 0.000605438 -0.00680147 -0.0156809
internal_weight=489190 17152 472038 8758 47700 6716 12838 3968 34862 424338 770 238 121 13287 420771 122833 25034 97799 20614 77185 8334 2961 297938 59150 238788 87158 42430 44728 10870 2046
internal_count=489190 17152 472038 8758 47700 6716 12838 3968 34862 424338 770 238 121 13287 420771 122833 25034 97799 20614 77185 8334 2961 297938 59150 238788 87158 42430 44728 10870 2046
cat_boundaries=0 4 8 12 16 20 21 23 25 29 34 35 39 43 44 49 53 55 59 63 65 69
cat_threshold=10748448 2701760065 813695104 3559040320 2474639876 18894848 3221225476 134218017 524544 65536 0 1040 361234689 3901292544 270532676 17695798 536870928 16384 536870912 2147483904 68157440 1375739904 40 4600260 6 2634833923 1510476032 2609061888 2179329 1074545380 101192196 415301633 10501164 3 2147483664 16785481 1250609450 50208768 25167008 34604069 145238176 45090884 4210705 469764608 311705644 33560102 283116066 603986988 2 88154221 757368836 112459776 202377632 428225477 26 2165309441 1260007690 62980169 50337941 2219483138 1235558721 1107427408 1065472 159383812 10 2285896192 2176 215488 1342210577
is_linear=0
shrinkage=0.1


Tree=81
num_leaves=31
num_cat=20
split_feature=0 4 1 9 10 8 8 8 8 4 8 11 0 11 9 0 8 8 4 9 8 4 11 8 4 9 2 9 11 10
split_gain=35.9119 45.1075 17.3137 15.2283 13.0911 13.2785 12.8565 12.5198 12.0662 12.0509 14.406 8.90519 8.57822 8.39413 8.31805 8.29126 18.6112 14.8576 8.47806 8.13875 19.9998 16.6288 24.7231 7.7228 15.9891 17.4189 10.4016 9.38473 9.05287 9.01224
threshold=249.00000000000003 255.00000000000003 1215.0000000000002 0 1 2 3 4 5 105.00000000000001 6 7 -410.99999999999994 8 9 -254.99999999999997 10 11 1665.0000000000002 12 13 135.00000000000003 14 15 345.00000000000006 16 225.00000000000003 17 18 19
decision_type=2 2 10 9 9 9 9 9 9 2 9 9 2 9 9 2 9 9 2 9 9 2 9 9 2 9 10 9 9 9
left_child=9 8 3 6 5 -5 -3 -6 11 10 12 -2 -1 -14 -9 16 -11 -17 -18 20 21 22 -19 24 29 28 -25 -28 -26 -21
right_child=1 2 -4 4 7 -7 -8 14 -10 15 -12 -13 13 -15 -16 17 18 19 -20 23 -22 -23 -24 26 25 -27 27 -29 -30 -31
leaf_value=-7.8241605250724291 -0.51613163245079463 -2.4295657029320097 20.415393056182271 -3.1853647003741372 -0.15629915773989672 0.24047358445446865 -0.051296924625164157 2.4129468038536968 1.8938732771860716 -0.22010067687835716 0.47507653019161272 0.48423018102168919 -1.4335982977330846 0.027055667938693725 0.90925964912989388 2.429858886680087 -8.1011323463636611 -1.4925816330523378 -0.34297527350030327 0.30987988725829396 0.014387215734229179 -0.44954349276875444 -0.2391012631457187 0.02232733136042744 2.703025165071312 0.5814210397836207 -2.0808908912020416 -0.3922610332919706 -0.62410251304291442 1.3714434172230405
leaf_weight=27 1022 4119 2566 2852 8681 10073 8727 7867 15013 6882 9356 4317 365 7417 14339 5590 1085 251 387 6940 51623 17667 695 243196 1065 27601 1642 5893 16752 5180
leaf_count=27 1022 4119 2566 2852 8681 10073 8727 7867 15013 6882 9356 4317 365 7417 14339 5590 1085 251 387 6940 51623 17667 695 243196 1065 27601 1642 5893 16752 5180
internal_value=0.00056011 0.00250402 0.00110833 0.000744467 0.00163206 -0.00103981 -0.0022822 0.00275011 0.00656545 0.000182465 0.002776 0.00246588 -0.000397749 -0.000203032 0.00400882 6.90284e-05 -0.00304764 0.000136815 -0.0132119 6.11604e-05 -0.000910229 -0.00371959 -0.0166385 0.000282504 0.00132724 0.000466335 4.27138e-05 -0.00361646 -0.00197061 0.00455446
internal_weight=489190 79576 59224 56658 43812 12925 12846 30887 20352 409614 17165 5339 7809 7782 22206 392449 8354 384095 1472 378505 70236 18613 946 308269 57538 45418 250731 7535 17817 12120
internal_count=489190 79576 59224 56658 43812 12925 12846 30887 20352 409614 17165 5339 7809 7782 22206 392449 8354 384095 1472 378505 70236 18613 946 308269 57538 45418 250731 7535 17817 12120
cat_boundaries=0 4 6 10 14 18 22 26 27 28 32 36 40 45 49 51 55 60 64 65 67
cat_threshold=1224763592 75694080 184645632 411056849 3221793556 26 2484174920 2234540160 1048576 348672 154226757 168349969 50659332 469860552 1860609 178860106 578945040 204474984 17302532 28315648 2424307761 67108992 352878599 405798912 1744838656 4897 139586 2315780233 315621652 945324680 2954887424 2233991468 138412097 27279520 41162240 67604 0 8454176 1984 268435478 1646396611 1714421896 36360 77987974 1 203685985 2299267858 809537544 42100872 1082368 4 136392105 787203 88444968 58722464 114724 2294297104 3366010880 270022448 2 92274944 420217874 151126208 134266921 1629495296 1325998922 8
is_linear=0
shrinkage=0.1


Tree=82
num_leaves=31
num_cat=21
split_feature=0 4 0 4 9 6 4 9 0 9 8 9 9 8 11 11 8 2 8 9 10 8 9 8 9 11 9 8 6 11
split_gain=36.1636 39.4469 14.4478 13.3566 10.4902 9.77735 9.45082 9.44133 8.77275 13.7515 13.2804 12.6827 10.0971 20.2613 9.69831 9.54365 14.3038 13.9985 12.0955 8.75666 8.12924 16.8998 11.9184 11.9379 11.1789 10.2541 25.7613 12.9018 12.1874 10.1444
threshold=501.00000000000006 465.00000000000006 1203.0000000000002 75.000000000000014 0 601.50000000000011 45.000000000000007 1 99.000000000000014 2 3 4 5 6 7 8 9 177.00000000000003 10 11 12 13 14 15 16 17 18 19 807.50000000000011 20
decision_type=2 2 2 2 9 2 2 9 2 9 9 9 9 9 9 9 9 8 9 9 9 9 9 9 9 9 9 9 2 9
left_child=3 -2 5 4 6 -3 -1 -7 20 -10 11 -11 13 14 -12 16 17 -14 -17 -19 21 -5 23 -23 29 26 28 -28 -26 -22
right_child=1 2 -4 8 -6 7 -8 -9 9 10 12 -13 15 -15 -16 18 -18 19 -20 -21 24 22 -24 -25 25 -27 27 -29 -30 -31
leaf_value=0.61806911389267538 5.5243101759610607 -7.608517302898214 15.113363970818833 -0.83802945703161957 1.1696303261829915 2.7234268534686272 -0.055823945863920255 -0.75143425143324905 0.89158342168436211 1.2991883261795494 -6.0271046916580771 0.20063898622438839 -0.005730290520747681 -0.12538210003306641 -0.95583598638167955 0.4565095292077917 0.087930431022302816 -1.8115425406349859 -0.032810840511549304 -1.0843529384912913 1.1267340355966722 -0.13055102501169574 -0.14399412453918545 0.43818152962415474 -3.8997118761857226 0.034613426518630828 -1.0774129936816867 0.21064337954786452 -1.5113559156085357 0.13031718181697105
leaf_weight=1924 11705 671 2356 6788 3771 3089 3542 8920 17871 10275 106 20021 3992 13832 2362 29261 17798 2567 30821 2213 13016 10046 76215 22537 869 122984 5945 11059 1424 31210
leaf_count=1924 11705 671 2356 6788 3771 3089 3542 8920 17871 10275 106 20021 3992 13832 2362 29261 17798 2567 30821 2213 13016 10046 76215 22537 869 122984 5945 11059 1424 31210
internal_value=0.000542121 0.00411765 0.000728918 0.000335367 0.00409982 -0.000607255 0.00128926 4.91302e-05 0.000258643 0.000880697 0.00053115 0.00237115 -1.04889e-05 -0.00229307 -0.0106215 0.0004191 -0.00115877 -0.0044614 0.00111695 -0.00811715 -5.25331e-05 -0.000711443 -0.000409161 0.00119136 0.000355839 -7.58301e-05 -0.00221837 -0.000873398 -0.012145 0.00174428
internal_weight=489190 26741 15036 462449 9237 12680 5466 12009 453212 151119 133248 30296 102952 16300 2468 86652 26570 8772 60082 4780 302093 115586 108798 32583 186507 142281 19297 17004 2293 44226
internal_count=489190 26741 15036 462449 9237 12680 5466 12009 453212 151119 133248 30296 102952 16300 2468 86652 26570 8772 60082 4780 302093 115586 108798 32583 186507 142281 19297 17004 2293 44226
cat_boundaries=0 4 8 13 17 21 26 30 32 34 38 42 46 48 52 56 60 64 66 70 74 76
cat_threshold=293601284 1207959552 0 270379 95814192 2684388930 2952790408 2485264704 302321716 2148586505 813732658 2214592780 2 2147652864 281084580 72157120 36782102 2241463554 814219780 2183137416 1079253041 1635778624 67108864 168126600 1089511440 1 153116672 167774272 2298478593 131072 4195328 2 2818614150 25 26216450 2335731722 536870916 276992 469762055 2199544898 1208094752 5017536 201359488 964821504 2149580804 537023488 2520785118 2 83907072 35652608 8462336 67108936 529408 705169569 20123890 2567969104 276955140 16385 2282752000 6602752 553672988 1348616222 2697199872 1073848839 2156503059 13 1 604012800 2162688 2363392 2458065422 2320499270 1141112840 268737536 3545604369 20
is_linear=0
shrinkage=0.1


Tree=83
num_leaves=31
num_cat=14
split_feature=0 4 4 0 8 9 0 8 4 0 0 1 4 9 2 9 4 11 8 4 0 8 8 9 9 6 10 11 4 9
split_gain=35.4401 29.938 15.0438 12.2772 10.0965 12.5313 11.5308 15.6821 8.94263 8.91028 8.8306 8.48145 9.43783 8.4228 8.34875 8.05914 8.00562 9.80501 9.05617 12.3608 7.1881 17.4638 16.416 11.5674 9.78677 6.99498 6.96999 6.88394 7.51275 6.45229
threshold=585.00000000000011 465.00000000000006 135.00000000000003 1203.0000000000002 0 1 -56.999999999999993 2 5385.0000000000009 -512.99999999999989 357.00000000000006 363.00000000000006 105.00000000000001 3 393.00000000000006 4 45.000000000000007 5 6 105.00000000000001 -176.99999999999997 7 8 9 10 451.50000000000006 11 12 1515.0000000000002 13
decision_type=2 2 2 2 9 9 2 9 2 2 2 8 2 9 10 9 2 9 9 2 2 9 9 9 9 2 9 9 2 9
left_child=2 -2 4 8 -1 11 7 -7 15 -9 13 12 -6 -8 16 -3 -15 18 19 -18 21 25 23 -22 27 -4 -14 28 -23 -24
right_child=1 3 20 -5 5 6 10 9 -10 -11 -12 -13 26 14 -16 -17 17 -19 -20 -21 22 24 29 -25 -26 -27 -28 -29 -30 -31
leaf_value=0.70781055952943406 7.6510472566427667 3.1265080206195051 -9.9608232035145932 13.602027573736942 -0.0045192057123649354 -1.048340610178353 0.67078615394313079 -10.245108491202597 -21.958931099579999 0.05194344027497512 2.1896194146331456 -0.82243438350033282 -0.37153782414604175 0.62491226678920464 -1.9075391215399258 -0.86003925419234073 -0.15805585749237686 0.10963228087528827 -0.012471582183291287 -2.3013565425046636 -0.012377355272883098 -12.880559374316114 -3.5423279010174911 3.3649797356157025 0.12334014730680964 -3.6418422587337762 -2.1837940629518751 -1.9336046928514123 0.075175349337116212 0.02701430851390544
leaf_weight=6077 8779 2217 161 2356 2083 646 5278 24 103 2457 2509 198 446 1705 58 6372 1225 20659 3687 198 4187 141 1690 6650 9725 946 150 2145 85 396233
leaf_count=6077 8779 2217 161 2356 2083 646 5278 24 103 2457 2509 198 446 1705 58 6372 1225 20659 3687 198 4187 141 1690 6650 9725 946 150 2145 85 396233
internal_value=0.000542734 0.00468402 0.000367797 0.00122013 0.00205696 0.0014959 0.00197264 -0.00384714 -0.000515416 -0.000196708 0.00248846 -0.00485972 -0.00340052 0.0020512 0.00134776 -0.000164163 0.00142826 0.000989173 -0.00292969 -0.00967899 0.000178049 -0.00211846 0.000252227 0.00409053 -0.00101107 -0.0140824 -0.0144966 -0.00675766 -0.0230508 0.000147588
internal_weight=489190 19827 469363 11048 47400 41323 38446 3127 8692 2481 35319 2877 2679 32810 27532 8589 27474 25769 5110 1423 421963 13203 408760 10837 12096 1107 596 2371 226 397923
internal_count=489190 19827 469363 11048 47400 41323 38446 3127 8692 2481 35319 2877 2679 32810 27532 8589 27474 25769 5110 1423 421963 13203 408760 10837 12096 1107 596 2371 226 397923
cat_boundaries=0 4 8 12 16 20 22 26 30 34 38 42 43 45 48
cat_threshold=1048832 8519940 12976192 2167808 524544 65536 268435456 1048 32768 33554432 134217732 16384 2450653186 8720 8388608 134217734 75891328 2818610752 545264000 3563226400 2415957254 21 25296900 2164269056 268435456 16640 2283291656 1048580 2214592818 37880320 2176 8454176 4202368 33554454 1665 2684359170 2552349720 546047488 3226484905 143396866 11288616 2149677569 202375936 294930 11 0 67108864 33559584
is_linear=0
shrinkage=0.1


Tree=84
num_leaves=31
num_cat=18
split_feature=0 4 4 0 9 8 9 8 8 0 8 8 1 9 4 9 1 10 4 8 0 4 9 6 11 8 8 11 10 9
split_gain=34.6485 20.0887 14.9602 11.9185 10.9526 9.20318 8.29084 7.37546 7.25372 7.21576 9.73667 6.98666 7.42376 6.891 6.80883 8.37606 8.83004 6.78099 7.74973 8.17075 6.58094 18.8383 13.1727 11.6945 11.2934 11.9309 10.238 11.2316 10.1167 11.221
threshold=663.00000000000011 465.00000000000006 135.00000000000003 183.00000000000003 0 1 2 3 4 -62.999999999999993 5 6 177.00000000000003 7 75.000000000000014 8 333.00000000000006 9 105.00000000000001 10 225.00000000000003 195.00000000000003 11 687.50000000000011 12 13 14 15 16 17
decision_type=2 2 2 2 9 9 9 9 9 2 9 9 8 9 2 9 10 9 2 9 2 2 9 2 9 9 9 9 9 9
left_child=2 7 3 6 -3 14 9 -2 -8 10 -1 -11 -13 -4 -5 16 -16 18 19 -10 -15 22 -22 24 -23 -26 -25 -28 29 -27
right_child=1 4 13 5 -6 -7 8 -9 17 11 -12 12 -14 20 15 -17 -18 -19 -20 -21 21 23 -24 26 25 28 27 -29 -30 -31
leaf_value=0.26667574978431258 -16.233087181228104 -2.7029288058777108 2.8541407239836705 0.95594498823027407 3.049992231074333 0.97629301448113093 1.487234371916605 11.745572696382814 -0.56894716030646597 0.22043951029817249 -0.99710490834899057 -0.018294402966479061 -0.72936151118645798 -0.0031075070863095531 -0.17258960077722033 0.034694930219700285 -0.84284848048496885 0.18451509941527339 -1.6881903548352613 0.50484477592197796 -0.86468063383275851 0.9491055581273069 1.0287175066255736 -0.46002091721395105 0.64533043180395655 -1.077542204829524 -3.1381779529139067 0.67054317451422629 -1.1595882563066036 -5.1292279202879172
leaf_weight=838 112 2016 3532 860 6341 7349 3070 6693 346 8701 951 12585 410 356429 263 2119 169 9820 114 309 341 2969 7591 10903 2051 660 1111 35313 4199 1025
leaf_count=838 112 2016 3532 860 6341 7349 3070 6693 346 8701 951 12585 410 356429 263 2119 169 9820 114 309 341 2969 7591 10903 2051 660 1111 35313 4199 1025
internal_value=0.000525767 0.0052315 0.000375252 0.00205077 0.00194687 0.00498141 0.00120181 0.00926525 0.0031597 6.17156e-05 -0.00604248 0.000565081 -0.000903498 0.000186894 0.000675242 -0.00191689 -0.0144344 0.00191433 -0.00707317 -0.0029771 0.000150071 0.001066 0.00563792 0.000443235 -0.00250917 -0.00447451 0.00112346 0.00192787 -0.00676281 -0.0133038
internal_weight=489190 15162 474028 47904 8357 10760 37144 6805 13659 23485 1789 21696 12995 426124 3411 2551 432 10589 769 655 422592 66163 7932 58231 10904 7935 47327 36424 5884 1685
internal_count=489190 15162 474028 47904 8357 10760 37144 6805 13659 23485 1789 21696 12995 426124 3411 2551 432 10589 769 655 422592 66163 7932 58231 10904 7935 47327 36424 5884 1685
cat_boundaries=0 5 9 13 17 21 25 29 33 37 39 43 46 47 51 55 56 58 63
cat_threshold=138471899 36044802 1258291204 679477906 2 2474639364 19419136 3221225476 134218017 361496832 3903422720 270532676 18743350 0 8388608 1 268435456 68157697 2147622916 2294677504 32 131585 143794176 8388608 303904 2332688388 135168 134217728 3199489 16 16384 536870912 2147483904 256 0 0 8216 3254820864 40 16809988 0 0 1 134218304 134217728 33685504 169353666 2149603596 1078495041 104988962 118524930 17916933 170455104 598884352 486539680 524295 2286495244 10 268599620 1218451472 3239051266 18105385 2
is_linear=0
shrinkage=0.1


Tree=85
num_leaves=31
num_cat=22
split_feature=0 4 9 4 4 0 4 10 9 8 8 9 10 9 9 1 11 8 8 8 6 9 8 9 9 8 11 11 8 9
split_gain=33.8321 15.1296 18.4283 13.8945 13.3338 12.87 29.4449 13.4453 22.1565 11.1297 10.0323 9.89467 8.77966 14.7964 12.1483 10.6508 9.20899 9.01191 8.40911 7.21385 7.17073 24.0133 19.4787 14.2436 10.393 16.7194 11.2938 10.8231 18.2568 12.1222
threshold=813.00000000000011 105.00000000000001 0 765.00000000000011 45.000000000000007 225.00000000000003 195.00000000000003 1 2 3 4 5 6 7 8 315.00000000000006 9 10 11 12 1143.5000000000002 13 14 15 16 17 18 19 20 21
decision_type=2 2 9 2 2 2 2 9 9 9 9 9 9 9 9 8 9 9 9 9 2 9 9 9 9 9 9 9 9 9
left_child=1 2 4 -2 -1 20 7 -7 9 -9 11 -8 14 15 17 -14 -15 -12 -5 -4 24 22 -22 -23 25 -3 -27 28 -26 -30
right_child=3 5 19 18 -6 6 10 8 -10 -11 12 -13 13 16 -16 -17 -18 -19 -20 -21 21 23 -24 -25 27 26 -28 -29 29 -31
leaf_value=0.77845164296067404 16.33715221787897 -0.12594245962078066 0.19071053947083 -5.2325103946261846 -0.071024119797435795 1.1149587418829721 -0.61344724791391203 -1.8960714888910044 1.2012170348340399 -0.54745208672793677 0.65358420463794697 1.8511398474423115 -0.55063939142350615 -7.8494351944296916 0.80154892527410382 -3.8300942281639823 0.11363098521158205 -0.70727297921110999 5.3785218572053672 1.4063560031171747 -3.1188106261759341 0.73014843861051437 -0.35819711884920968 -0.079917105013148526 -1.3298724097797665 -0.20607733847325338 0.90360029131610498 0.021264827504359787 0.68516903158888176 -0.57276851300117415
leaf_weight=1841 6411 19912 4350 1111 8188 10647 2629 233 1917 1160 5055 8422 2980 295 16767 2958 16127 7654 2230 5782 3810 10231 12050 47583 7085 5959 30939 231690 5203 7971
leaf_count=1841 6411 19912 4350 1111 8188 10647 2629 233 1917 1160 5055 8422 2980 295 16767 2958 16127 7654 2230 5782 3810 10231 12050 47583 7085 5959 30939 231690 5203 7971
internal_value=0.000508187 0.000389581 0.00307078 0.00633921 2.88877e-05 0.000271884 0.00145281 0.00560794 3.01209e-05 -0.00952958 0.000530635 0.00326462 -5.28484e-05 -0.00154671 0.00108051 -0.00582044 1.21751e-06 -0.00125088 0.00111045 0.00607572 3.45947e-05 -0.000851861 -0.00429742 9.4079e-05 0.000246115 0.00146779 0.00272786 -2.94092e-05 -0.0022453 -4.24754e-05
internal_weight=489190 479438 20161 9752 10029 459277 76844 13957 3310 1393 62887 11051 51836 22360 29476 5938 16422 12709 3341 10132 382433 73674 15860 57814 308759 56810 36898 251949 20259 13174
internal_count=489190 479438 20161 9752 10029 459277 76844 13957 3310 1393 62887 11051 51836 22360 29476 5938 16422 12709 3341 10132 382433 73674 15860 57814 308759 56810 36898 251949 20259 13174
cat_boundaries=0 5 7 11 15 19 23 25 29 34 36 40 44 48 52 56 60 64 68 70 72 76 81
cat_threshold=361365764 1233747968 268435460 57 1 773063816 16 134251329 159449088 33685508 1729568 16777216 17440768 268435457 8192 8424386 281084036 1078462402 33742870 2282258572 142870758 3342340 134840834 1058312331 36 3238527424 226598912 411129868 403333208 135291400 1342604066 2286944320 24416272 1 12 2 2450915328 118530050 4 1116320 2154950728 2199021826 71827480 336424 16941058 437256192 671088640 57344 2283800584 73427144 84011288 1350705170 240386820 44188164 1078001664 33687252 1112563840 2147619845 720638112 2684393280 151017528 20990178 537348370 2558526224 134713858 243426945 2487224916 430080 620765456 5 2152204322 27 2533523971 136087552 1145384964 34380801 2449483265 1613537297 1082164296 1079149581 1
is_linear=0
shrinkage=0.1


Tree=86
num_leaves=31
num_cat=20
split_feature=0 4 0 4 9 0 9 8 4 11 8 8 8 9 9 8 10 8 11 8 8 9 1 8 9 9 8 6 0 4
split_gain=33.039 46.2773 12.7486 11.3977 15.2804 11.7865 10.7745 12.9714 10.4044 10.1918 13.4875 11.427 8.38554 8.26839 7.87547 11.2009 8.10412 30.3905 8.03085 12.0574 8.14898 7.38534 7.3736 7.30616 11.3138 8.51084 6.83823 6.74092 6.73864 9.86229
threshold=393.00000000000006 465.00000000000006 1215.0000000000002 105.00000000000001 0 -110.99999999999999 1 2 45.000000000000007 3 4 5 6 7 8 9 10 11 12 13 14 15 603.00000000000011 16 17 18 19 791.50000000000011 -8.9999999999999982 435.00000000000006
decision_type=2 2 2 2 9 2 9 9 2 9 9 9 9 9 9 9 9 9 9 9 9 9 10 9 9 9 9 2 2 2
left_child=3 6 9 4 8 13 7 22 -1 11 27 -3 -10 -6 15 -5 17 21 19 -18 -20 -17 -2 24 26 -25 -16 -11 -27 -30
right_child=1 2 -4 14 5 -7 -8 -9 12 10 -12 -13 -14 -15 23 16 18 -19 20 -21 -22 -23 -24 25 -26 28 -28 -29 29 -31
leaf_value=0.4911267797312846 -5.4797772991510172 -4.0609637816052766 11.988706023212506 -1.2950581970486508 -3.7937933883498709 0.61333085894966066 3.3578139701905112 1.3212858813617068 1.0146490096889045 -7.9237399180715826 1.4001763785498222 -0.4538259339425304 -0.10563798598553609 -0.19483845832648869 -0.11281565077962748 -14.594719645767919 0.22034545393903651 -0.65927210074320253 -0.10668076742450575 -0.4640281517490083 0.11909749969404942 -1.5026739844007941 0.81554688232696027 0.98332820946647503 0.062614056483769234 -0.033105504081625124 -0.62157388925143198 -0.6136055277454211 0.23184660122259826 0.10122790381930778
leaf_weight=2126 275 2233 2259 109 121 7912 14405 3146 1035 750 10273 5081 7374 308 16118 110 10295 5673 33678 23075 53192 428 144 9250 45066 72582 9641 2946 50188 99397
leaf_count=2126 275 2233 2259 109 121 7912 14405 3146 1035 750 10273 5081 7374 308 16118 110 10295 5673 33678 23075 53192 428 144 9250 45066 72582 9641 2946 50188 99397
internal_value=0.000507983 0.00320678 0.000289695 0.00025773 0.00266264 0.00585678 0.00702838 0.00208392 0.000128023 -0.000468449 0.00111524 -0.0034899 -0.00145202 -0.0102797 0.000151865 -0.000510389 -0.000481492 -0.00400096 -0.000299376 -0.00161773 0.000207183 -0.0264963 -0.0142424 0.000429179 -0.000459518 0.000701172 -0.00213085 -0.00405828 0.000577333 0.000960992
internal_weight=489190 41512 23542 447678 18876 8341 17970 3565 10535 21283 13969 7314 8409 429 428802 126560 126451 6211 120240 33370 86870 538 419 302242 70825 231417 25759 3696 222167 149585
internal_count=489190 41512 23542 447678 18876 8341 17970 3565 10535 21283 13969 7314 8409 429 428802 126560 126451 6211 120240 33370 86870 538 419 302242 70825 231417 25759 3696 222167 149585
cat_boundaries=0 5 9 13 15 19 23 27 31 36 38 39 43 45 49 53 58 62 66 70 74
cat_threshold=361365764 3381231616 268435460 16785465 1 2282242432 8388608 2323775504 268438608 67109888 0 2147483649 268435584 621521671 18 23883873 2369307394 537001984 67175208 2148663296 50362512 1581252620 268734593 2155873024 8536064 0 2129920 0 8192 0 2 3925999811 606347520 71879753 2514944 1 0 134742016 406849620 2231500832 269484416 268435456 323584 3362521699 8 25846792 1074200704 1241581776 5543249 308569161 2416185474 805339140 310735378 0 536870912 0 2105344 1 152379410 1694766088 679487510 222863368 68190720 3491415563 1099960448 1145077914 16 147979 536870944 2214592768 262146 1090786312 8388628 151003136
is_linear=0
shrinkage=0.1


Tree=87
num_leaves=31
num_cat=20
split_feature=0 4 4 9 0 0 11 8 10 9 0 8 8 9 5 8 9 11 8 8 4 10 3 8 4 8 8 9 11 11
split_gain=32.0348 43.056 11.5092 13.2323 11.4922 10.6385 9.17566 8.94692 9.26897 8.73224 6.8087 14.3733 12.1072 10.7348 7.93772 6.51082 6.07867 19.2823 18.7231 18.5741 8.40569 7.71825 7.59764 20.4791 13.7273 78.133 20.6765 19.4949 14.961 11.7562
threshold=399.00000000000006 465.00000000000006 105.00000000000001 0 1233.0000000000002 -92.999999999999986 1 2 3 4 -290.99999999999994 5 6 7 6.5000000000000009 8 9 10 11 12 2295.0000000000005 13 1.5000000000000002 14 165.00000000000003 15 16 17 18 19
decision_type=2 2 2 9 2 2 9 9 9 9 2 9 9 9 2 9 9 9 9 9 2 9 2 9 2 9 9 9 9 9
left_child=2 7 3 6 9 -5 -1 8 -2 -3 12 -12 -4 14 -14 -11 17 19 -19 -13 -20 -22 23 29 26 28 -25 -27 -26 -18
right_child=1 4 10 5 -6 -7 -8 -9 -10 15 11 16 13 -15 -16 -17 22 18 20 -21 21 -23 -24 24 25 27 -28 -29 -30 -31
leaf_value=0.22035132955338896 -1.7734599821914134 1.5773370630365646 -0.14962675168766462 -0.81309580778296187 11.484499582232282 0.64582233212690776 -0.067225946582023258 3.3927074711822005 1.4543212429637205 1.2047649656354751 5.7799363096921583 -1.1474626022015539 -13.569324988205203 -3.097534987962502 -9.0301076018579547 -1.0983254791943284 -0.44252330637301229 1.4514555203759547 0.18709937131829163 0.80229806729733333 -6.3439538525064378 -1.578814668327128 0.049799975374436978 -0.070657017752917786 -1.1591221880266533 -1.7936106601425732 0.22491074641513437 -0.093132589845753427 -2.1733112284486329 -1.2299419662676261
leaf_weight=3915 931 4864 5181 609 2168 6573 7822 11297 5265 3458 2222 8953 24 1387 208 12464 500 16167 24316 5078 278 2448 279827 28601 404 202 19895 33123 851 159
leaf_count=3915 931 4864 5181 609 2168 6573 7822 11297 5265 3458 2222 8953 24 1387 208 12464 500 16167 24316 5078 278 2448 279827 28601 404 202 19895 33123 851 159
internal_value=0.000503077 0.00319851 0.000260127 0.00267403 0.000350266 0.00605117 0.000601856 0.00693592 0.00386078 -0.000372366 0.000153877 0.000204339 -0.00298529 -0.0105034 -0.0300826 -0.00150515 0.000161878 0.00111965 0.00216548 -0.00210028 0.000555227 -0.0047102 1.10573e-05 -0.000824625 -0.00068411 -0.00220648 0.000401271 -0.00127944 -0.0266008 -0.0182511
internal_weight=489190 40447 448743 18919 22954 7182 11737 17493 6196 20786 429824 423024 6800 1619 232 15922 420802 57240 43209 14031 27042 2726 363562 83735 83076 34580 48496 33325 1255 659
internal_count=489190 40447 448743 18919 22954 7182 11737 17493 6196 20786 429824 423024 6800 1619 232 15922 420802 57240 43209 14031 27042 2726 363562 83735 83076 34580 48496 33325 1255 659
cat_boundaries=0 5 7 11 13 18 22 26 30 34 38 40 44 48 50 54 58 62 66 68 70
cat_threshold=361398532 1233747968 268435460 17047609 1 1297192979 14 100672516 2209419280 2979004465 470811272 4326656 18 11273264 2685441800 805306648 3559006504 2 0 0 1664 20 134217793 58736672 2364416 20 2281701376 131072 142606592 3221293056 201491979 273023008 80807330 54812675 269763132 1202178 849612978 2147521344 67143836 13 1076400138 101462531 1078051148 167774499 486572566 106965000 474030080 136448801 16908290 2 16777217 134742016 268435456 524288 2147614724 24576 1207959620 134537728 176456192 2171605120 3221225476 134538272 0 32768 0 67108880 2147558658 1 4325960 2
is_linear=0
shrinkage=0.1


Tree=88
num_leaves=31
num_cat=18
split_feature=0 4 4 0 9 9 10 11 2 9 8 10 9 8 5 8 9 1 4 9 0 9 3 8 0 9 9 8 6 9
split_gain=31.7135 19.497 13.0381 11.4131 10.4183 9.88141 7.35822 6.57442 6.3474 6.13443 10.2621 7.09341 12.3325 8.78844 10.6758 6.74829 16.903 10.362 10.6044 10.0944 9.04346 8.12204 7.89612 29.2261 19.1126 16.4714 13.9147 26.7288 9.53663 14.5559
threshold=717.00000000000011 735.00000000000011 135.00000000000003 321.00000000000006 0 1 2 3 321.00000000000006 4 5 6 7 8 10.500000000000002 9 10 -8.9999999999999982 225.00000000000003 11 -434.99999999999994 12 1.5000000000000002 13 333.00000000000006 14 15 16 420.50000000000006 17
decision_type=2 2 2 2 9 9 9 9 10 9 9 9 9 9 2 9 9 8 2 9 2 9 2 9 2 9 9 9 2 9
left_child=2 -2 3 5 7 8 -7 -3 -1 10 -4 12 13 14 -11 16 -13 20 -19 -20 -18 -22 23 -17 26 -26 27 -25 29 -24
right_child=1 4 9 -5 -6 6 -8 -9 -10 11 -12 15 -14 -15 -16 22 17 18 19 -21 21 -23 28 24 25 -27 -28 -29 -30 -31
leaf_value=0.028160649382273684 9.7384077789523502 -0.7626865517090432 -0.19749146501295067 1.1350654708490993 2.9297545554707978 -0.4993119902701289 0.30316210274504096 -8.4347754478706332 -0.76751662079391592 -9.4899664934589847 1.7458381560490601 -0.8677019177395231 -0.29326989428788214 -2.2291638316199189 -2.6850305131495928 -1.253164821194668 -4.6593736342151022 1.1287982401550536 -0.12164968147468708 0.88240579703633104 -0.28374423241620128 0.38415567523292415 -1.2990139689357687 -1.5683990137424826 -0.85274981710309739 1.6165651874289193 -0.003937413105824468 -0.17795054257887749 0.069741772436921909 0.070320823838111612
leaf_weight=28151 8337 916 6760 4753 3147 837 14137 633 245 113 8471 5537 6137 1487 155 864 496 5961 12110 21733 8932 10970 4336 529 1425 4483 34194 22226 265203 5912
leaf_count=28151 8337 916 6760 4753 3147 837 14137 633 245 113 8471 5537 6137 1487 155 864 496 5961 12110 21733 8932 10970 4336 529 1425 4483 34194 22226 265203 5912
internal_value=0.000491221 0.00535794 0.000358013 0.00191863 0.00020443 0.00140881 0.00348639 -0.00648493 0.000311906 0.000182556 0.00215275 0.000109808 -0.0028575 -0.0102266 -0.0266906 0.000167712 0.00109492 0.00158141 0.00252085 0.00183583 -0.000251005 8.13992e-05 -1.20286e-05 -0.00101521 -0.000762403 0.00465132 -0.00132417 -0.00323962 0.00022004 -0.00277322
internal_weight=489190 13033 476157 48123 4696 43370 14974 1549 28396 428034 15231 412803 7892 1755 268 404911 65739 60202 39804 33843 20398 19902 339172 63721 62857 5908 56949 22755 275451 10248
internal_count=489190 13033 476157 48123 4696 43370 14974 1549 28396 428034 15231 412803 7892 1755 268 404911 65739 60202 39804 33843 20398 19902 339172 63721 62857 5908 56949 22755 275451 10248
cat_boundaries=0 5 9 11 12 17 21 23 27 31 35 39 43 47 51 55 60 64 68
cat_threshold=406906889 145105154 134217792 696585874 2 362545409 3381231872 268435524 20841506 3523223556 40 2283144704 56 1065986 805307298 2147483904 2 373358932 1086851116 1175652352 71434245 2147483668 2 1048837 270532608 2315255824 8200 33554432 0 257 37748802 252249344 545328160 106635008 131159 4224 131072 21005312 1353808 1897924611 3493866112 1211433040 143131653 328728581 39915681 3358605332 536871437 2129921 1048576 268435456 524800 3164352 406978688 176357376 1342177313 3574340 965222424 16777281 1296695346 1 131072 2164269056 8388608 1310720 402653190 591766020 1085282304 1477150771
is_linear=0
shrinkage=0.1


Tree=89
num_leaves=31
num_cat=19
split_feature=0 4 4 0 8 8 8 9 8 9 3 9 9 10 4 8 8 9 9 0 8 8 2 0 9 4 10 4 11 9
split_gain=30.7348 13.0148 12.3976 36.1583 22.2221 11.1786 10.5051 12.0985 10.3352 28.093 20.2292 47.8017 16.5914 12.9793 14.5791 11.6648 10.9557 21.3133 9.45999 11.4471 11.7529 11.6668 10.8905 9.83977 8.63678 8.61143 8.55963 11.6713 9.95689 8.38459
threshold=813.00000000000011 765.00000000000011 405.00000000000006 357.00000000000006 0 1 2 3 4 5 3.5000000000000004 6 7 8 435.00000000000006 9 10 11 12 -50.999999999999993 13 14 51.000000000000007 51.000000000000007 15 645.00000000000011 16 315.00000000000006 17 18
decision_type=2 2 2 2 9 9 9 9 9 9 2 9 9 9 2 9 9 9 9 2 9 9 10 2 9 2 9 2 9 9
left_child=2 -2 3 4 -1 24 7 -5 9 10 11 25 15 14 -13 -10 17 -14 19 20 -7 -21 -20 -24 -6 -4 27 -26 -29 -18
right_child=1 -3 8 6 5 18 -8 -9 12 -11 -12 13 16 -15 -16 -17 29 -19 22 21 -22 -23 23 -25 26 -27 -28 28 -30 -31
leaf_value=0.48717051176494408 13.238374132146332 0.91837449950857408 -0.45388619598494701 -0.72048305536870605 0.0085512297630525175 -0.064824551600617966 1.9436419656041424 1.1443404989308761 1.7563537484197607 0.00037278516544342213 -0.64741247195110385 -2.9596341283639509 -6.6787830477756618 -2.8309100445048632 -9.1260241939949864 0.17540252668949885 -0.18908317035956113 -0.46110277419338036 -0.031013095954578813 0.90516322937760751 -0.79873202123178888 0.020751896047337938 -0.61051311970198141 -0.17600059256363457 0.21578403440934762 -5.2207718757563839 0.4048952121308883 -0.13518308833093926 -4.7934385584373267 0.15219832543623002
leaf_weight=25075 6411 3341 3902 985 37126 2484 11308 1727 13760 60591 12242 353 189 478 210 19199 48767 21737 24903 4967 1316 19452 1464 14170 5219 323 15877 809 582 130223
leaf_count=25075 6411 3341 3902 985 37126 2484 11308 1727 13760 60591 12242 353 189 478 210 19199 48767 21737 24903 4967 1316 19452 1464 14170 5219 323 15877 809 582 130223
internal_value=0.000463624 0.00602133 0.000350577 0.00104464 0.00060048 6.84695e-05 0.00590585 0.000301249 -2.19886e-05 -0.00101794 -0.00454504 -0.00973035 0.000310623 -0.0288202 -0.0393892 0.00238982 -3.05581e-05 -0.00213986 -0.000800395 0.000605406 -0.0045 0.00140014 -0.00177892 -0.00384802 0.00107056 -0.00494687 0.00261679 -0.000407855 -0.00854781 0.000227933
internal_weight=489190 9752 479438 167464 153444 128369 14020 2712 311974 78099 17508 5266 233875 1041 563 32959 200916 21926 68756 28219 3800 24419 40537 15634 59613 4225 22487 6610 1391 178990
internal_count=489190 9752 479438 167464 153444 128369 14020 2712 311974 78099 17508 5266 233875 1041 563 32959 200916 21926 68756 28219 3800 24419 40537 15634 59613 4225 22487 6610 1391 178990
cat_boundaries=0 4 8 12 16 20 24 28 33 34 38 42 46 50 54 58 63 65 67 72
cat_threshold=134227904 8978439 89326464 503318622 2164408321 2152914968 277094496 2278048 100664324 50331664 2710577201 67109001 256 0 169017348 268438576 151413522 2156445708 558964736 478713864 1660970144 136319504 34570258 2149423152 8320 512 917520 266272 545265456 2148550152 839356544 2751496464 2 470025304 3222281288 3146434 53666 16777456 3221291072 7340608 49170 4194336 2 0 0 16384 2432861185 2190581764 2290122756 16925702 0 186646656 2147483650 9472 8421376 0 2281701376 1025 2290254592 1082728704 268435460 22193153 1 1778920400 56 67181578 16 1050691 69501360 3360713768 27288192 1
is_linear=0
shrinkage=0.1


Tree=90
num_leaves=31
num_cat=22
split_feature=0 4 0 4 9 10 8 6 11 8 9 9 8 9 8 10 4 8 9 2 8 8 9 0 9 9 8 9 9 11
split_gain=27.7442 12.9432 11.8423 27.7934 13.3618 10.5724 9.47041 10.5043 10.1247 11.1938 9.61497 9.54057 9.37501 7.46656 6.85485 6.66482 6.57581 13.4838 9.85876 6.69796 27.6291 13.5157 13.6851 9.91537 9.80802 9.09228 8.7414 8.00102 7.50902 7.29852
threshold=813.00000000000011 735.00000000000011 201.00000000000003 195.00000000000003 0 1 2 691.50000000000011 3 4 5 6 7 8 9 10 105.00000000000001 11 12 159.00000000000003 13 14 15 63.000000000000007 16 17 18 19 20 21
decision_type=2 2 2 2 9 9 9 2 9 9 9 9 9 9 9 9 2 9 9 10 9 9 9 2 9 9 9 9 9 9
left_child=2 -2 16 4 5 12 -5 10 9 -9 15 -10 -4 -3 -7 -8 17 -1 -19 23 27 22 -22 29 -25 -23 28 -21 -26 -18
right_child=1 13 3 6 -6 14 7 8 11 -11 -12 -13 -14 -15 -16 -17 19 18 -20 20 21 25 -24 24 26 -27 -28 -29 -30 -31
leaf_value=-0.068703484894450648 12.661045855470347 -3.8272076494406577 0.36214430619600019 -0.39339772557642383 1.0383685983648683 1.4620516287473142 -1.0461711967303924 -3.8739179485084145 2.0321865358100628 0.18037419565434018 0.16315137427558413 0.43398817444573407 -0.67432411914580603 4.8734664027025305 0.078560104936862191 -3.5540366500699236 -0.081458184883666684 0.055765922087211442 0.97388038116277864 0.0021900130576768609 -1.2494129276843298 -0.82012522235691587 -0.85427066837280563 0.67709598009637073 0.26321245437678392 -0.0087521378863763197 0.16723373291336571 2.6460354159663528 -0.39484515442156171 0.074261559139389866
leaf_weight=5434 6228 1168 888 17161 11968 1912 3224 1638 7695 4114 6387 31031 1244 2356 4051 1054 158603 5798 4904 2883 1441 4986 3432 16278 4980 9202 65535 3852 8982 90761
leaf_count=5434 6228 1168 888 17161 11968 1912 3224 1638 7695 4114 6387 31031 1244 2356 4051 1054 158603 5798 4904 2883 1441 4986 3432 16278 4980 9202 65535 3852 8982 90761
internal_value=0.000453812 0.00573421 0.000346406 0.0013638 0.00465683 0.00151141 0.000450045 0.00108843 0.00176447 -0.00214856 -0.00172996 0.00234562 -0.00451914 0.000891033 0.00367152 -0.00539179 0.000103625 0.00207982 0.00413742 1.76585e-05 -0.00153667 -0.0034812 -0.00802171 0.000133831 0.000998695 -0.00191717 0.000540456 0.0039659 -0.0017306 -0.000198344
internal_weight=489190 9752 479438 92367 20063 8095 72304 55143 44478 5752 10665 38726 2132 3524 5963 4278 387071 16136 10702 370935 25796 19061 4873 345139 95775 14188 79497 6735 13962 249364
internal_count=489190 9752 479438 92367 20063 8095 72304 55143 44478 5752 10665 38726 2132 3524 5963 4278 387071 16136 10702 370935 25796 19061 4873 345139 95775 14188 79497 6735 13962 249364
cat_boundaries=0 5 7 11 13 17 22 27 31 35 39 41 45 50 54 58 63 67 71 75 79 84 86
cat_threshold=134775616 153157648 167903300 16787504 1 2437024642 34 1343504405 674033984 590397440 151001376 541663623 4 2214592512 2182086672 469762048 8193 135284936 583278979 2281705540 144885778 1 278135832 3137377308 578814344 2214593796 3 8388608 4096 411303940 2228257 2554390537 159785216 1207976000 672481969 2416050176 8404992 0 2130464 1679204698 4 84443142 136314880 1744838656 4865 77103106 1099497472 268435460 17563665 1 135340232 176161347 272902024 304088118 344195591 340828416 8388612 18031105 390627328 2684944516 1179648 7065600 1 272916588 2236776483 545461024 2416968064 2286159649 1828856853 2148532420 1076887699 1085104200 266763 1779474444 109610112 2350973584 275280002 2281900096 88408594 33725456 436473220 287309846 1610902576 2 2249786619 15
is_linear=0
shrinkage=0.1


Tree=91
num_leaves=31
num_cat=21
split_feature=0 0 4 0 9 8 9 8 9 8 11 2 8 9 9 0 8 9 8 8 8 9 9 6 8 11 4 11 6 9
split_gain=26.1586 11.5042 22.675 19.3015 13.8519 9.79343 8.8182 10.3326 10.3332 8.08563 7.80232 7.5207 27.3694 17.7594 11.7801 11.3649 10.484 9.262 16.4063 10.2048 8.51519 8.4287 8.18558 8.14129 9.74105 7.92055 7.48145 7.07929 11.4887 6.99386
threshold=909.00000000000011 153.00000000000003 225.00000000000003 369.00000000000006 0 1 2 3 4 5 6 99.000000000000014 7 8 9 27.000000000000004 10 11 12 13 14 15 16 1163.5000000000002 17 18 735.00000000000011 19 1203.5000000000002 20
decision_type=2 2 2 2 9 9 9 9 9 9 9 10 9 9 9 2 9 9 9 9 9 9 9 2 9 9 2 9 2 9
left_child=1 11 3 4 9 -2 -4 8 -8 -3 -10 15 14 25 -13 17 29 18 -1 21 -15 -19 -18 -20 -25 -14 -7 28 -28 -17
right_child=5 2 6 -5 -6 26 7 -9 10 -11 -12 12 13 20 -16 16 22 19 23 -21 -22 -23 -24 24 -26 -27 27 -29 -30 -31
leaf_value=0.79657440703188032 -19.352284805881968 -0.14806193149235355 1.4177777214848861 1.727542500502812 0.48214417547829291 16.507546321945686 -0.21143404111733727 -0.11857184680185995 -0.70665376089688414 0.20423593195600451 1.4681827638480922 -1.0358302332574516 -0.074113947818165535 1.176680393118783 -0.4149061739579038 0.062386600395269658 -0.19141067550106761 -0.83629179073718329 0.11246603261141229 -0.016409362537616112 -0.019585954428967524 -0.18389352607714626 0.1207496601520875 0.087691881015594469 -1.1994374574751083 -0.77841469465587376 -0.54333317319298258 6.6310872283114044 -13.130274461619107 0.78183750552021469
leaf_weight=8293 376 5607 6536 9003 9049 4848 8452 66005 2092 5842 12131 3780 6384 11999 9098 8388 11359 5011 21420 130843 10232 29059 76075 2841 2397 4804 476 2022 100 14668
leaf_count=8293 376 5607 6536 9003 9049 4848 8452 66005 2092 5842 12131 3780 6384 11999 9098 8388 11359 5011 21420 130843 10232 29059 76075 2841 2397 4804 476 2022 100 14668
internal_value=0.000440933 0.000347718 0.00117442 0.00359683 0.00190165 0.00617745 0.000423879 0.000162364 0.00200353 -0.00041103 0.00364856 5.86291e-05 -0.00113031 0.000379611 -0.005045 0.000235989 0.00104987 -0.000213945 0.00126455 -0.000527337 0.00201475 -0.00206866 0.000549381 5.54976e-05 -0.00347843 -0.00286837 0.00696888 0.00264819 -0.00706485 0.00294633
internal_weight=489190 481368 124717 29501 20498 7822 95216 88680 22675 11449 14223 356651 46297 33419 12878 310354 110490 199864 34951 164913 22231 34070 87434 26658 5238 11188 7446 2598 576 23056
internal_count=489190 481368 124717 29501 20498 7822 95216 88680 22675 11449 14223 356651 46297 33419 12878 310354 110490 199864 34951 164913 22231 34070 87434 26658 5238 11188 7446 2598 576 23056
cat_boundaries=0 5 9 13 17 21 25 27 31 36 41 45 50 54 58 62 66 70 74 76 78 83
cat_threshold=2366145347 151585040 134348868 90857504 1 77896 8390658 16777224 268435456 337904176 2148537345 536904448 2214592804 2416086024 282133124 71567296 37863447 2147543432 159653938 2281703572 672334913 311427597 153235456 1476395012 134295553 2147549698 5 386140163 3708855044 545259540 21148160 444629824 738759960 196680 8135185 1 360873994 1616904896 2151680000 28561456 1 16778496 1679393072 85088610 290537985 555813688 543760 554639504 142647315 1 3221831745 1513129024 314097792 272761632 3238397956 2182612033 808992786 374342441 136913152 46139459 3494971272 36701334 1314948 1410465792 134218280 2952792392 19202368 1141906520 218228874 76316673 209715714 2148139313 3288600580 1128576 689669258 17 2214625288 16 1091577633 537338368 2172911760 1362125904 1
is_linear=0
shrinkage=0.1


Tree=92
num_leaves=31
num_cat=22
split_feature=0 4 0 8 10 8 9 0 9 4 8 9 10 9 9 8 8 9 3 9 9 8 9 10 9 9 0 0 9 8
split_gain=24.7822 12.3575 38.2862 18.3341 11.3771 10.3843 9.93633 9.78441 13.8403 10.8059 12.8586 11.4078 9.58414 12.2258 10.8953 9.00576 8.69788 24.381 22.0363 19.5378 13.4616 10.0366 9.60497 8.54574 16.588 13.9233 8.10851 7.93661 7.74384 11.0281
threshold=1011.0000000000001 405.00000000000006 369.00000000000006 0 1 2 3 -134.99999999999997 4 75.000000000000014 5 6 7 8 9 10 11 12 3.5000000000000004 13 14 15 16 17 18 19 -512.99999999999989 -50.999999999999993 20 21
decision_type=2 2 2 9 9 9 9 2 9 2 9 9 9 9 9 9 9 9 2 9 9 9 9 9 9 9 2 2 9 9
left_child=1 2 3 4 -1 6 -4 8 -5 11 23 -9 13 -12 27 -2 17 18 19 -3 21 -18 -19 24 -11 -25 -10 -14 29 -22
right_child=15 16 5 7 -6 -7 -8 9 26 10 12 -13 14 -15 -16 -17 20 22 -20 -21 28 -23 -24 25 -26 -27 -28 -29 -30 -31
leaf_value=-0.041258952633391764 -18.283567975140414 -1.1263724114635243 -0.46001315173404472 -5.40284132382153 0.61756209219230207 2.1753605592427814 1.168734098151317 0.0081216139066597748 -10.928810366820954 -0.37624896035498384 -1.2471302637844639 0.90955249800699411 -0.47986960897405373 -0.35555865040789825 -0.10285459096686378 11.381993611279853 0.19089250433177751 0.27184299717355404 -0.82576986644687378 -3.63664150419002 -0.81659587065559291 1.6475817613224397 -0.27838767240273982 0.0042506063067909708 0.15488011378452901 0.3695764332214122 -0.73650892528191747 0.18622754611684139 0.076800992335044393 0.05325261851352571
leaf_weight=6000 327 1283 1428 222 19731 10334 2711 4006 31 8292 503 3439 1726 3637 37621 5876 13619 29514 6155 958 18009 9639 46167 19629 15767 18146 1936 13649 165574 23261
leaf_count=6000 327 1283 1428 222 19731 10334 2711 4006 31 8292 503 3439 1726 3637 37621 5876 13619 29514 6155 958 18009 9639 46167 19629 15767 18146 1936 13649 165574 23261
internal_value=0.000430712 0.000350051 0.00104012 0.000578936 0.00301503 0.00595799 0.00170885 9.12813e-05 -0.00653723 0.000206068 -2.52161e-05 0.00390195 -0.00110664 -0.00573494 -0.000744066 0.00671127 -2.07203e-05 -0.0008911 -0.00600048 -0.014498 0.000297334 0.00257779 -0.000323552 0.000974064 -0.000498982 0.00191213 -0.00375822 0.00149821 4.08021e-05 -0.00118459
internal_weight=489190 482987 168808 154335 25731 14473 4139 128604 2189 126415 118970 7445 57136 4140 52996 6203 314179 84077 8396 2241 230102 23258 75681 61834 24059 37775 1967 15375 206844 41270
internal_count=489190 482987 168808 154335 25731 14473 4139 128604 2189 126415 118970 7445 57136 4140 52996 6203 314179 84077 8396 2241 230102 23258 75681 61834 24059 37775 1967 15375 206844 41270
cat_boundaries=0 4 6 10 15 19 23 27 29 33 37 41 45 49 53 57 61 66 68 72 77 81 85
cat_threshold=151005120 8454151 89326528 436209878 185274381 25 118506500 51384320 4052746289 67109001 134217984 0 168951812 268438576 1 1212480 8192 134283264 1048594 2156019721 2155405336 264224 86233896 293601284 1207959552 0 262187 2432741446 56 268468228 524288 268435456 1073758208 268568068 446201988 2550267908 1090535436 1122376 8388608 16777224 268435456 151413522 2156417548 558956552 470321672 35677344 134238224 33783824 2148106288 2105472 4096 131088 32 539235632 2148549128 838897664 2147483920 102760580 21038113 2617902612 7745541 613941272 29887907 2164261058 139482121 1 1275702209 40 688129 679477252 272629764 285376512 2294677763 2150703360 4 17959936 1 17836034 82051488 2286447624 147087488 2418119688 639697104 2415960064 43405538
is_linear=0
shrinkage=0.1


Tree=93
num_leaves=31
num_cat=22
split_feature=0 4 0 9 8 4 9 10 8 9 3 8 8 10 9 9 6 6 8 8 11 10 8 11 8 9 10 6 9 11
split_gain=23.0441 11.3069 35.3406 22.4287 13.032 10.0247 40.9423 31.6167 10.6089 10.3131 9.35779 34.5765 17.5326 9.10011 18.6788 13.178 14.9008 19.5585 32.1647 12.5861 17.5725 11.7766 11.1789 10.2223 9.98708 18.2202 9.9294 9.49248 21.4732 21.6963
threshold=1035.0000000000002 375.00000000000006 369.00000000000006 0 1 225.00000000000003 2 3 4 5 1.5000000000000002 6 7 8 9 10 1203.5000000000002 1097.5000000000002 11 12 13 14 15 16 17 18 19 1136.5000000000002 20 21
decision_type=2 2 2 9 9 2 9 9 9 9 2 9 9 9 9 9 2 2 9 9 9 9 9 9 9 9 9 2 9 9
left_child=1 2 3 -1 -5 9 7 -7 -9 -6 11 -3 -13 14 22 16 17 19 21 20 -15 -19 -12 -20 25 -17 -22 -26 29 -29
right_child=-2 10 -4 4 5 6 -8 8 -10 -11 13 12 -14 15 -16 24 -18 18 23 -21 26 -23 -24 -25 27 -27 -28 28 -30 -31
leaf_value=0.49422327734962412 9.8971130981903723 -4.3322057248610992 1.3470149480791289 0.14424581682404966 0.15182986848263624 -5.1268247194981269 -0.12099982789964799 0.069415462055373398 -2.0667056561856052 -0.040284505402330112 -2.4850928310940898 -1.4245138346015647 0.041083040490434729 -8.3950230071674223 0.94915912556205928 2.2575241774162049 1.538555964631829 -21.852916653206041 -14.692452491510373 0.024399017405430365 -3.4754476214607886 -7.5032456406097143 -0.16117032308223933 -0.065764768191910628 0.052483464241688399 0.036190943642535521 -0.058319030462759928 -3.6341660467659107 -0.0064987985485287338 -0.57036349048336399
leaf_weight=15932 5901 186 13149 47114 13008 334 12495 476 509 50230 1075 2313 7526 104 17620 11371 2873 237 103 10115 3965 774 3539 1527 187710 22679 2840 3248 39043 11194
leaf_count=15932 5901 186 13149 47114 13008 334 12495 476 509 50230 1075 2313 7526 104 17620 11371 2873 237 103 10115 3965 774 3539 1527 187710 22679 2840 3248 39043 11194
internal_value=0.000416403 0.000340563 0.0010504 0.000585162 0.000131749 -0.000669331 -0.00310989 -0.0197968 -0.0105025 -0.00013631 1.09687e-05 -0.00299751 -0.00216367 0.000105214 0.00205629 -4.05311e-05 -0.00236473 -0.00334859 -0.0113555 -0.00210644 -0.0053924 -0.0252595 -0.00360294 -0.00256098 0.000149861 0.00175279 -0.00473221 -7.64906e-05 -0.00125175 -0.0045447
internal_weight=489190 483289 153247 140098 124166 77052 13814 1319 985 63238 330042 10025 9839 320017 22234 297783 22538 19665 2641 17024 6909 1011 4614 1630 275245 34050 6805 241195 53485 14442
internal_count=489190 483289 153247 140098 124166 77052 13814 1319 985 63238 330042 10025 9839 320017 22234 297783 22538 19665 2641 17024 6909 1011 4614 1630 275245 34050 6805 241195 53485 14442
cat_boundaries=0 4 8 12 14 18 22 26 30 32 37 41 45 49 51 52 56 58 62 67 69 73 74
cat_threshold=1074200 1076101248 585270064 809604036 2281849089 2161270804 67567680 270667400 2441609476 2147491840 2550136832 1075839008 132544 16 33554432 371195904 8192 4227072 386400258 2962235912 2281766916 1025 0 4194320 262144 525312 9792 33570816 22024272 134348832 596195457 29 1074790400 981502932 214171652 2248704 3 50335905 1143209984 2147657256 8462336 1049160 306216978 272629888 56624320 40437250 1145569296 67174442 35653832 165954 2 32768 3355467776 2187392 268451840 134347264 0 8 2626632 1346471938 268443554 35259510 2098768 822237254 562102466 939559248 3 2282751056 2 2281702404 155205840 285296896 1476397203 1342210624
is_linear=0
shrinkage=0.1


Tree=94
num_leaves=31
num_cat=22
split_feature=0 4 0 9 4 0 8 8 9 4 9 6 11 9 11 9 9 8 8 9 8 8 9 10 9 9 8 8 6 7
split_gain=20.5156 37.3472 12.3257 8.8881 7.77741 7.01747 16.6217 15.7179 16.2989 11.3083 8.86928 8.83602 16.9965 22.2237 15.5845 17.5514 15.4254 13.619 13.1541 12.8752 12.2026 12.1319 10.1407 10.0767 9.85631 8.50746 8.49675 8.3389 8.20037 12.3635
threshold=585.00000000000011 465.00000000000006 1335.0000000000002 0 45.000000000000007 -38.999999999999993 1 2 3 2505.0000000000005 4 760.50000000000011 5 6 7 8 9 10 11 12 13 14 15 16 17 18 19 20 1000.5000000000001 21
decision_type=2 2 2 9 2 2 9 9 9 2 9 2 9 9 9 9 9 9 9 9 9 9 9 9 9 9 9 9 2 1
left_child=4 -2 3 -3 -1 7 9 8 27 -7 -9 14 16 -14 -8 26 20 -18 19 23 -13 24 -19 -15 -17 -20 -16 -6 -12 -30
right_child=1 2 -4 -5 5 6 11 10 -10 -11 28 12 13 18 15 21 17 22 25 -21 -22 -23 -24 -25 -26 -27 -28 -29 29 -31
leaf_value=0.48323838150997178 5.1614623478738739 -2.3043076756974163 15.031587792371344 0.11322840601004587 -5.3160333098508872 1.4570705582228116 -0.19719095211175397 -0.48151786028853599 -0.18699640479155544 -1.1611335472364201 0.34091307105589663 0.12351807438631882 0.55012093327411449 -3.1560155984388416 0.0983166871866301 -0.69919759822880245 0.2703981155437914 -0.88178199925412892 -0.21659083626912934 -0.11868540180437409 0.79244674656052205 0.092413608844933798 -0.0090378876678412056 -0.5441066109968119 -0.082210548126719241 0.10757697890240002 1.052228715971794 -0.65795264018472022 -1.8173430102240014 0.04351112934347507
leaf_weight=2628 8779 2751 1656 6641 552 14663 62552 9618 12707 3139 33423 19451 18989 1393 6144 6510 36409 3598 27853 13311 19646 39830 40152 10193 13873 39846 10443 6071 3199 13170
leaf_count=2628 8779 2751 1656 6641 552 14663 62552 9618 12707 3139 33423 19451 18989 1393 6144 6510 36409 3598 27853 13311 19646 39830 40152 10193 13873 39846 10443 6071 3199 13170
internal_value=0.000408431 0.00355929 -0.000309558 -0.00171209 0.000275331 0.000244786 0.000419465 -0.000615951 -0.00309204 0.00340332 0.000190172 0.000275876 0.000655473 -0.000231641 -0.000352919 0.000601485 0.00148542 0.000690916 -0.000870786 -0.00283575 0.00311377 -0.000192119 -0.000498171 -0.00527251 -0.00217575 -0.000147838 0.00348075 -0.00711141 0.00072728 -0.00110636
internal_weight=489190 19827 11048 9392 469363 466735 387995 78740 19330 17802 59410 370193 230841 111585 139352 76800 119256 80159 92596 24897 39097 60213 43750 11586 20383 67699 16587 6623 49792 16369
internal_count=489190 19827 11048 9392 469363 466735 387995 78740 19330 17802 59410 370193 230841 111585 139352 76800 119256 80159 92596 24897 39097 60213 43750 11586 20383 67699 16587 6623 49792 16369
cat_boundaries=0 4 8 12 16 21 22 26 28 33 37 41 45 50 54 58 63 65 69 73 77 81 82
cat_threshold=2285922632 304168960 36718708 159453841 3520 8454176 5971936 306184214 16956672 33587456 1276649766 259084296 269881344 1969263104 403706624 814125336 269303944 2227179520 1088546858 2215643300 2 3610839160 1344290956 2181059107 25469314 2290092822 2248673832 1 67127088 890290182 4068605968 3225453440 1 320741413 2600804368 2687500304 18093068 2298609664 2572288392 687865860 2167361 2153844748 2840900361 555761686 134242816 117612035 965837824 2248146944 17241120 1 168173569 20189184 805306372 3445280 2298806306 3690990611 3120603154 8460552 1280 69208072 50350466 1476395552 1 1342210058 40 457277644 8651392 204537920 807675929 68560641 469967120 2417117288 542117889 3436191746 34083152 8405008 2310856 16778240 32768 32 7340040 4
is_linear=0
shrinkage=0.1


Tree=95
num_leaves=31
num_cat=23
split_feature=0 4 0 9 0 8 9 8 4 8 8 8 4 8 9 8 9 10 8 9 9 11 9 9 10 8 9 8 6 10
split_gain=20.684 30.1059 10.8529 10.506 7.63978 16.4163 15.8753 13.7549 8.9145 12.9162 7.11442 6.80958 6.66099 15.4553 17.9083 15.1889 11.5086 9.16186 18.4626 14.3894 11.3432 13.451 10.4057 9.57622 8.79051 16.6685 10.1639 9.81842 8.75571 18.1765
threshold=651.00000000000011 465.00000000000006 1335.0000000000002 0 -122.99999999999999 1 2 3 75.000000000000014 4 5 6 1485.0000000000002 7 8 9 10 11 12 13 14 15 16 17 18 19 20 21 510.50000000000006 22
decision_type=2 2 2 9 2 9 9 9 2 9 9 9 2 9 9 9 9 9 9 9 9 9 9 9 9 9 9 9 2 9
left_child=4 10 3 -3 5 6 -1 -6 9 -9 -2 -5 15 14 -14 16 -10 18 19 -17 21 -19 -23 -20 25 -15 -26 -28 29 -25
right_child=1 2 -4 11 7 -7 -8 8 12 -11 -12 -13 13 24 -16 17 -18 20 23 -21 -22 22 -24 28 26 -27 27 -29 -30 -31
leaf_value=-4.9039913897894083 -16.784616085837538 2.4181276563929779 13.528429013134215 -3.8369871590189257 3.9183575030627043 -0.046170215093974613 -0.95904512085616322 -0.031210103470300621 1.8513110962695642 0.57583609164184968 7.3952175458717697 -0.89479632746459792 -4.8031582581076808 -11.100591756012705 -1.0247876019828843 -8.1939086519261046 0.25911958698655091 -0.09404844315353432 0.69031752031019855 -0.64925623135199018 0.019602242490762478 0.26908816203303915 1.4931048831588354 -9.7043673366791161 1.4862281137498123 -1.3538536452713046 -1.0113359047239958 0.11100114052402466 0.0056262305961384046 -0.51932920273446648
leaf_weight=655 112 2124 1656 1247 3306 18692 3966 3283 9827 5691 6974 3748 1537 221 3960 121 18041 14209 8533 12510 247738 26546 8677 197 9989 3116 15299 39287 14989 2939
leaf_count=655 112 2124 1656 1247 3306 18692 3966 3283 9827 5691 6974 3748 1537 221 3960 121 18041 14209 8533 12510 247738 26546 8677 197 9989 3116 15299 39287 14989 2939
internal_value=0.000414154 0.00396633 5.12824e-05 -0.00164489 0.000295123 -0.00146999 -0.00679983 0.000386564 0.000338915 0.00345888 0.00881456 -0.00414585 0.000274961 -0.000594068 -0.00568912 0.000450063 0.00269316 0.000264185 -0.00117077 -0.00431849 0.000453934 0.0018369 0.00288451 0.000321734 -0.000180795 -0.00517777 7.81919e-05 -0.000458641 -0.00097877 -0.00578444
internal_weight=489190 15861 8775 7119 473329 23313 4621 450016 446710 8974 7086 4995 437736 73409 5497 364327 27868 336459 39289 12631 297170 49432 35223 26658 67912 3337 64575 54586 18125 3136
internal_count=489190 15861 8775 7119 473329 23313 4621 450016 446710 8974 7086 4995 437736 73409 5497 364327 27868 336459 39289 12631 297170 49432 35223 26658 67912 3337 64575 54586 18125 3136
cat_boundaries=0 4 8 12 16 20 24 28 32 36 40 45 47 51 55 59 61 65 70 72 76 81 85 86
cat_threshold=77861924 2684393217 805310592 3559556384 2348998912 167804932 2350580034 56648192 2281701376 270336 1344275204 2148565258 128 8388640 1984 22 84410373 2097152 1610620928 256 0 8388608 1 268435456 3952712 1076021317 4198412 67404872 268435460 78084 2147745812 44176392 270336 352847489 1351745544 67503104 1077943296 99335 73324594 306315328 1128480 271061123 2693808442 3357608193 1 3254790486 58 497188960 203563392 134283273 210336257 0 0 0 6291456 289686076 1219757252 3491758112 268481096 536905806 11 268697612 1217659008 1073741824 8200 2563424320 2701296384 152436864 3943440 1 1342308356 2 100679680 0 1107492866 71303169 547881752 3406318738 822083714 138413069 2 1095766336 2184758785 114835464 67109696 2
is_linear=0
shrinkage=0.1


Tree=96
num_leaves=31
num_cat=24
split_feature=0 4 9 0 4 9 8 9 8 8 8 9 9 9 10 2 8 8 9 0 11 9 9 8 9 8 8 9 9 10
split_gain=20.4067 27.4199 11.2212 7.82191 12.1575 12.6354 12.8609 12.1122 10.1588 9.79138 9.7435 12.4789 11.5384 9.18826 7.42975 7.07888 27.1073 13.1744 11.5394 10.2404 9.69009 16.6189 14.7429 15.2135 9.32454 8.77927 7.92581 7.39794 7.20661 7.02272
threshold=693.00000000000011 465.00000000000006 0 99.000000000000014 1155.0000000000002 1 2 3 4 5 6 7 8 9 10 63.000000000000007 11 12 13 1.0000000180025095e-35 14 15 16 17 18 19 20 21 22 23
decision_type=2 2 9 2 2 9 9 9 9 9 9 9 9 9 9 10 9 9 9 2 9 9 9 9 9 9 9 9 9 9
left_child=3 -2 -3 15 5 -5 13 9 -9 -8 11 -6 -12 29 -11 19 -17 18 -18 20 21 -1 23 -22 -19 -23 27 -21 -28 -7
right_child=1 2 -4 4 10 6 7 8 -10 14 12 -13 -14 -15 -16 16 17 24 -20 26 22 25 -24 -25 -26 -27 28 -29 -30 -31
leaf_value=1.5734331029775841 9.1510835751754769 -2.8831896851879257 1.542174347324091 0.80367791259993993 -4.6533397264281726 -0.73361924537983625 0.01514025782225268 -0.33993297111690984 0.019373420357885588 0.94191160357995796 -1.0849528640089259 -1.0230908307145945 0.83586055024903405 1.0824359561511308 0.27862552229510051 1.2406235839116295 -0.99903990662986308 -0.46669654762358059 -0.45390352547246282 -0.17816558867012502 -1.4150821236040825 -1.2370963294332684 -0.019943939973335739 -0.21555432302283159 0.013208914967759375 0.095542846712004595 -0.20258134245292325 0.50879184310948711 0.10499165265970803 0.3681091347585399
leaf_weight=6540 6274 1928 5699 8913 766 2260 16720 10769 41325 8831 10129 9475 20034 12124 9470 8111 3594 9601 6011 4000 5806 1545 114212 15087 20325 7755 10275 15690 79516 16405
leaf_count=6540 6274 1928 5699 8913 766 2260 16720 10769 41325 8831 10129 9475 20034 12124 9470 8111 3594 9601 6011 4000 5806 1545 114212 15087 20325 7755 10275 15690 79516 16405
internal_value=0.000418038 0.00419466 0.000166514 0.000307582 0.000858206 0.00133949 0.00106467 0.000443616 -0.000523184 0.00188148 -0.00065241 -0.00331577 0.000252875 0.0028212 0.00347933 8.69975e-06 -0.00111204 -0.00219241 -0.00541342 0.000213727 -0.000320315 0.00201893 -0.000594678 -0.00303641 -0.00115713 -0.000698174 0.000950028 0.0027665 0.000551331 0.00142704
internal_weight=489190 13901 7627 475289 167221 126817 117904 87115 52094 35021 40404 10241 30163 30789 18301 308068 47642 39531 9605 260426 150945 15840 135105 20893 29926 9300 109481 19690 89791 18665
internal_count=489190 13901 7627 475289 167221 126817 117904 87115 52094 35021 40404 10241 30163 30789 18301 308068 47642 39531 9605 260426 150945 15840 135105 20893 29926 9300 109481 19690 89791 18665
cat_boundaries=0 5 9 13 17 21 25 29 32 36 40 42 46 50 55 57 61 66 70 75 79 83 88 92 94
cat_threshold=155248650 42279040 186665044 679477904 2 1343494200 3222542337 805356314 2751464324 2286063872 310445188 1145393672 304234526 113459271 411214604 2174746624 17599490 10511444 4237576 2164260915 1081729 337133569 1295908872 570425348 151007392 2165580036 724640912 1176551424 142621193 1376796672 537266688 2147485696 2164394181 1283490064 140660748 9293872 142639489 687972768 2214592580 19630097 743735744 36 1074884864 578816003 441460642 303038550 378439683 1410508544 1073741828 16920577 97026058 1090519936 1362100224 70176800 1 3787536656 16 135439872 1344602116 2424309824 1224929945 269755520 369393664 348143913 3556776652 2 1073741895 326664208 271606272 118495930 412097956 674070784 16777288 2243601 1 2449637888 1188032 131072 33690753 285254912 1075414434 51581296 293748737 2281776164 538186792 285245584 201466881 1 87167560 3289648137 2566989962 1677721664 3225422342 50
is_linear=0
shrinkage=0.1


Tree=97
num_leaves=31
num_cat=25
split_feature=0 4 0 9 9 8 8 8 3 8 9 10 10 9 9 8 8 9 11 8 8 9 11 10 8 8 6 8 9 11
split_gain=20.877 9.24643 24.7831 18.5412 13.6349 12.5625 9.51549 8.8546 7.75626 28.1923 11.7711 8.90281 8.25948 15.6044 10.6215 22.8678 9.47596 11.6243 9.32162 8.29627 7.98103 7.5219 10.1934 7.43145 8.96148 7.40855 7.13137 18.6677 14.2583 8.90714
threshold=975.00000000000011 375.00000000000006 357.00000000000006 0 1 2 3 4 1.5000000000000002 5 6 7 8 9 10 11 12 13 14 15 16 17 18 19 20 21 420.50000000000006 22 23 24
decision_type=2 2 2 9 9 9 9 9 2 9 9 9 9 9 9 9 9 9 9 9 9 9 9 9 9 9 2 9 9 9
left_child=1 2 3 25 5 -4 21 -2 9 11 -11 -3 13 20 15 18 17 -16 -14 -17 -10 -5 -23 24 -8 -1 27 28 29 -18
right_child=7 8 4 6 -6 -7 23 -9 12 10 -12 -13 14 -15 16 19 26 -19 -20 -21 -22 22 -24 -25 -26 -27 -28 -29 -30 -31
leaf_value=0.1470229125483736 -7.5110627501524423 -6.2983110719405655 -0.77177843193109197 0.016690481345424397 1.6623391417996172 0.46655062323979879 -1.0563441058295873 9.0548754397395097 -3.3905735607608913 0.35507204362677008 -0.91317764004724911 -2.9858900502840662 -4.7868556116461285 1.1553541147298863 2.2304998595713084 -0.44539671676716508 -0.42430799656442747 0.23140007427753281 -1.4885767375798413 0.15669037478060469 -0.15958254123221183 0.085424482560337439 0.76856518392986584 -0.020807711807990861 -0.037696338920494003 1.3494930941065817 0.037969311000609997 0.093424270646268251 -1.1990836717506645 -6.8911584523307923
leaf_weight=6693 631 107 802 32823 10054 2830 1554 6092 542 5088 4479 328 829 14011 7684 23625 216 18544 6987 29287 5723 12755 8110 67131 2580 7643 204726 5084 1831 401
leaf_count=6693 631 107 802 32823 10054 2830 1554 6092 542 5088 4479 328 829 14011 7684 23625 216 18544 6987 29287 5723 12755 8110 67131 2580 7643 204726 5084 1831 401
internal_value=0.000420083 0.000342967 0.000985455 0.000586479 0.00504603 -0.000214168 0.000195498 0.00595419 4.46752e-05 -0.00269746 -0.0015485 -0.0273034 0.000130521 0.00208321 -1.87114e-06 -0.00118246 0.000298789 0.00209162 -0.00622796 -0.000436113 -0.00206374 0.00120079 0.00268503 -0.000561908 -0.00467181 0.00399136 7.7167e-05 -0.00294477 -0.0100976 -0.0231738
internal_weight=489190 482467 152975 139289 13686 3632 124953 6723 329492 10002 9567 435 319490 20276 299214 60728 238486 26228 7816 52912 6265 53688 20865 71265 4134 14336 212258 7532 2448 617
internal_count=489190 482467 152975 139289 13686 3632 124953 6723 329492 10002 9567 435 319490 20276 299214 60728 238486 26228 7816 52912 6265 53688 20865 71265 4134 14336 212258 7532 2448 617
cat_boundaries=0 4 8 12 16 20 24 28 29 31 36 40 44 48 53 55 59 63 68 70 72 76 80 84 88 89
cat_threshold=1074200 2359424 585270064 809606084 134742272 318767240 2316501060 268438640 1028 0 2424307745 67108993 2290237696 2161795092 75956288 271720320 1122376 8390722 17301512 335544456 1024 37765136 1314880 525312 1078005936 136194 1694892195 1610612736 2415919872 562641025 29 1075314954 981502932 147062788 2248712 3 50484385 3290759184 2147657258 25780352 100886304 4734992 805634082 35651592 2626632 272728098 269730 36307990 134217808 830623746 545325184 2684356689 3 1049154 8 272367690 2457899079 71434372 16808642 3221225472 73856 402669568 134255105 2307425153 2156404996 269484036 1196035 1 2349010250 16 2432741380 56 84934656 50331648 2147483648 24609 16777345 33554436 2223047170 67111960 2294335490 2148817561 1049164 67129344 2214592512 16777216 1082130432 1344309553 1209008264
is_linear=0
shrinkage=0.1


Tree=98
num_leaves=31
num_cat=21
split_feature=0 4 9 4 9 8 4 11 6 1 11 0 8 8 9 3 9 9 8 3 9 8 11 11 8 11 8 9 10 9
split_gain=18.1547 25.8091 12.1448 8.06181 14.5272 10.1654 9.38462 8.01794 10.2594 7.34431 10.6053 6.89027 16.2771 13.9133 7.2803 9.98385 6.95988 6.4806 6.27971 6.17345 5.84663 10.7613 9.02456 8.5475 10.7126 6.46796 17.151 16.1027 10.6366 20.1463
threshold=735.00000000000011 465.00000000000006 0 105.00000000000001 1 2 45.000000000000007 3 1181.5000000000002 333.00000000000006 4 -170.99999999999997 5 6 7 4.5000000000000009 8 9 10 1.5000000000000002 11 12 13 14 15 16 17 18 19 20
decision_type=2 2 9 2 9 9 2 9 2 8 9 2 9 9 9 2 9 9 9 2 9 9 9 9 9 9 9 9 9 9
left_child=3 18 7 4 6 -6 -1 -3 19 -8 -11 12 14 -13 -5 -16 -15 -14 -2 -9 21 22 -18 24 -23 -22 27 -27 29 -28
right_child=1 2 -4 11 5 -7 9 8 -10 10 -12 13 17 16 15 -17 20 -19 -20 -21 25 23 -24 -25 -26 26 28 -29 -30 -31
leaf_value=0.44230762934332868 -14.968046049956705 -0.18438993929462699 1.9086907163625946 -1.3063642909746389 0.076478080646871949 0.96561859480698908 -0.026107481267216438 -60.576972374526719 -8.3945894083586907 -0.73515741837916837 -0.1277201668341644 2.6624884902055603 -1.6567131747994381 -4.9329230223998266 -5.2561278480904257 -5.1869197377761695 -1.1188267124913753 0.16844100984261898 10.963283835566957 -2.1675435142834156 0.047643388022082594 -0.37187108995990148 0.68014836759589647 -0.055793585413917081 2.5868717269680856 -5.9563576034232186 -1.1439163456064925 -0.40113016957394615 0.18475441001050008 0.081987813565196688
leaf_weight=1717 106 1153 4744 559 4995 5947 6450 26 212 362 600 4604 3374 869 395 530 639 9391 5469 632 245886 2399 18553 37240 3901 108 9604 37882 55326 25517
leaf_count=1717 106 1153 4744 559 4995 5947 6450 26 212 362 600 4604 3374 869 395 530 639 9391 5469 632 245886 2399 18553 37240 3901 108 9604 37882 55326 25517
internal_value=0.000403933 0.00419057 3.98999e-05 0.000305926 0.00226745 0.00472243 -0.000679505 -0.00642892 -0.0136364 -0.00222342 -0.0103742 0.000219736 -0.0019447 0.000289428 -0.0118206 -0.0172727 0.000231862 -0.000786692 0.0092287 -0.00762918 0.000249734 0.00114309 0.0031153 0.00027325 0.0036767 9.99916e-05 -0.000475137 -0.00225789 0.000273832 -0.00108707
internal_weight=489190 12342 6767 476848 20071 10942 9129 2023 870 7412 962 456777 14249 442528 1484 925 437924 12765 5575 658 437055 62732 19192 43540 6300 374323 128437 37990 90447 35121
internal_count=489190 12342 6767 476848 20071 10942 9129 2023 870 7412 962 456777 14249 442528 1484 925 437924 12765 5575 658 437055 62732 19192 43540 6300 374323 128437 37990 90447 35121
cat_boundaries=0 4 8 12 13 14 18 22 26 29 34 38 43 47 49 51 55 57 61 64 66 71
cat_threshold=155248651 144777344 168822868 696255186 362414340 3380641792 268435456 16777273 16941056 405798912 671088640 24608 2148959744 403570952 2283324424 34603015 2147549554 37750272 128 8454176 4032 22 13631491 402849793 2147500336 1744897024 0 67108864 1032 2149073057 134615042 9193504 2149677584 1 0 8388608 1 268435456 22302780 24066 881066032 2415991616 2 1074400768 671123 3225473060 328339456 2149580802 8 1610887171 18 26214400 423624708 67108864 385 1597706712 4 1073742849 423104773 3104096304 170461768 1 0 33554432 2147880542 34 469926144 537493508 3244032 137897003 1
is_linear=0
shrinkage=0.1


Tree=99
num_leaves=31
num_cat=23
split_feature=0 4 0 9 4 8 8 0 11 9 9 8 8 8 9 10 9 10 9 8 9 8 2 8 11 9 1 8 8 9
split_gain=18.6024 18.94 9.24317 9.09634 8.19254 10.0947 7.0525 6.95666 11.5944 17.3813 16.9325 16.3523 14.255 13.8463 9.78515 10.5802 14.9893 9.35477 16.2089 9.95679 9.1678 7.70035 7.19165 8.9097 7.14831 20.596 10.2816 11.5369 9.85432 7.24377
threshold=801.00000000000011 465.00000000000006 1401.0000000000002 0 75.000000000000014 1 2 63.000000000000007 3 4 5 6 7 8 9 10 11 12 13 14 15 16 81.000000000000014 17 18 19 45.000000000000007 20 21 22
decision_type=2 2 2 9 2 9 9 2 9 9 9 9 9 9 9 9 9 9 9 9 9 9 8 9 9 9 10 9 9 9
left_child=4 -2 3 -3 5 -1 -5 24 9 -9 11 -10 -11 20 15 16 -15 18 19 -14 -12 -17 -16 -24 25 26 -6 -28 -27 -26
right_child=1 2 -4 6 7 -7 -8 8 10 12 13 -13 17 14 22 21 -18 -19 -20 -21 -22 -23 23 -25 29 28 27 -29 -30 -31
leaf_value=0.02188991868288662 13.26254237590247 3.3578593961466803 19.638378810568636 -8.4420936488720919 -0.19298501752127975 1.0520011571734209 -0.75102812761783189 0.92453249322909936 0.078621049786195135 0.27741542457881269 0.057225755746681185 1.1308713461346631 -5.143315779629404 -12.783726899390041 0.37178930630453055 -0.53464340737043359 -0.74421605226507559 -0.17924402546016688 -0.7614137359181794 -2.0038244626062052 0.72238071083807442 0.023353062838199243 0.27252655354855021 -0.1669262187677415 -0.19677618377729608 0.1194732294910102 -0.14557451747446168 -3.4533796491925957 1.8848773633604983 0.0009343527500286046
leaf_weight=6123 4591 1204 1371 606 6932 3421 2332 15897 9594 17720 8652 14482 204 243 16463 7871 609 39638 6532 959 14859 14504 18154 24387 42634 5636 453 476 7742 194901
leaf_count=6123 4591 1204 1371 606 6932 3421 2332 15897 9594 17720 8652 14482 204 243 16463 7871 609 39638 6532 959 14859 14504 18154 24387 42634 5636 453 476 7742 194901
internal_value=0.000399436 0.00464569 0.000694722 -0.00166103 0.000309882 0.00321039 -0.004654 0.000250926 0.000677428 -0.000261857 0.00126306 0.00365607 -0.000986274 0.000717906 0.000105909 -0.00163231 -0.0125058 -0.00189194 -0.00508112 -0.0159165 0.00285745 -0.00121287 0.000790321 0.000103665 -9.64544e-05 0.00166078 -0.00239995 -0.012282 0.00404691 -0.000253636
internal_weight=489190 10104 5513 4142 479086 9544 2938 469542 210768 80950 129818 24076 65053 105742 82231 23227 852 47333 7695 1163 23511 22375 59004 42541 258774 21239 7861 929 13378 237535
internal_count=489190 10104 5513 4142 479086 9544 2938 469542 210768 80950 129818 24076 65053 105742 82231 23227 852 47333 7695 1163 23511 22375 59004 42541 258774 21239 7861 929 13378 237535
cat_boundaries=0 4 8 12 14 19 23 27 31 35 40 42 47 49 53 57 62 66 70 72 77 81 85 89
cat_threshold=104600070 2684917252 2441281664 73441536 84410373 413138944 2013274112 16640 1130560 3273672704 4194316 201327272 3771513606 19 1331288 2147491330 1904214402 1476399782 2 314843692 2292088832 538968872 2755661064 92782593 292458508 2348810244 83986600 16934408 1354860580 393296 420912416 2282258688 567410756 1097865088 33637655 135807041 6169 130052230 1210114626 1 134356992 2 0 2048 50331782 2129920 1 3221752836 32 163846 151011456 33622024 17186824 4 0 285220864 16513 2164311298 272638208 134299730 1868304 1 25191462 168562955 268869668 138682368 92406306 302514305 469770240 140812456 4055896320 16 8569091 2843777408 1224737802 4000769 1 2172649728 278016144 10368 2244608 2323644934 8921220 262228 37750049 311698049 371037252 343933064 71438468
is_linear=0
shrinkage=0.1


end of trees

feature_importances:
target_location=880
vantage_location=828
current_delay_sec=400
horizon_sched_sec=306
TrainDestination=213
TrainOrigin=180
prev_delay_sec=62
vantage_minute_of_day=61
prev2_delay_sec=28
horizon_route_stops=20
vantage_hour=18
day_of_week=4

parameters:
[boosting: gbdt]
[objective: quantile]
[metric: quantile]
[tree_learner: serial]
[device_type: cpu]
[data_sample_strategy: bagging]
[data: ]
[valid: ]
[num_iterations: 100]
[learning_rate: 0.1]
[num_leaves: 31]
[num_threads: 0]
[seed: 42]
[deterministic: 1]
[force_col_wise: 0]
[force_row_wise: 1]
[histogram_pool_size: -1]
[max_depth: -1]
[min_data_in_leaf: 20]
[min_sum_hessian_in_leaf: 0.001]
[bagging_fraction: 1]
[pos_bagging_fraction: 1]
[neg_bagging_fraction: 1]
[bagging_freq: 0]
[bagging_seed: 400]
[bagging_by_query: 0]
[feature_fraction: 1]
[feature_fraction_bynode: 1]
[feature_fraction_seed: 30056]
[extra_trees: 0]
[extra_seed: 12879]
[early_stopping_round: 0]
[early_stopping_min_delta: 0]
[first_metric_only: 0]
[max_delta_step: 0]
[lambda_l1: 0]
[lambda_l2: 0]
[linear_lambda: 0]
[min_gain_to_split: 0]
[drop_rate: 0.1]
[max_drop: 50]
[skip_drop: 0.5]
[xgboost_dart_mode: 0]
[uniform_drop: 0]
[drop_seed: 17869]
[top_rate: 0.2]
[other_rate: 0.1]
[min_data_per_group: 100]
[max_cat_threshold: 32]
[cat_l2: 10]
[cat_smooth: 10]
[max_cat_to_onehot: 4]
[top_k: 20]
[monotone_constraints: ]
[monotone_constraints_method: basic]
[monotone_penalty: 0]
[feature_contri: ]
[forcedsplits_filename: ]
[refit_decay_rate: 0.9]
[cegb_tradeoff: 1]
[cegb_penalty_split: 0]
[cegb_penalty_feature_lazy: ]
[cegb_penalty_feature_coupled: ]
[path_smooth: 0]
[interaction_constraints: ]
[verbosity: -1]
[saved_feature_importance_type: 0]
[use_quantized_grad: 0]
[num_grad_quant_bins: 4]
[quant_train_renew_leaf: 0]
[stochastic_rounding: 1]
[linear_tree: 0]
[max_bin: 255]
[max_bin_by_feature: ]
[min_data_in_bin: 3]
[bin_construct_sample_cnt: 200000]
[data_random_seed: 175]
[is_enable_sparse: 1]
[enable_bundle: 1]
[use_missing: 1]
[zero_as_missing: 0]
[feature_pre_filter: 1]
[pre_partition: 0]
[two_round: 0]
[header: 0]
[label_column: ]
[weight_column: ]
[group_column: ]
[ignore_column: ]
[categorical_feature: 7,8,9,10,11]
[forcedbins_filename: ]
[precise_float_parser: 0]
[parser_config_file: ]
[objective_seed: 16083]
[num_class: 1]
[is_unbalance: 0]
[scale_pos_weight: 1]
[sigmoid: 1]
[boost_from_average: 1]
[reg_sqrt: 0]
[alpha: 0.1]
[fair_c: 1]
[poisson_max_delta_step: 0.7]
[tweedie_variance_power: 1.5]
[lambdarank_truncation_level: 30]
[lambdarank_norm: 1]
[label_gain: ]
[lambdarank_position_bias_regularization: 0]
[eval_at: ]
[multi_error_top_k: 1]
[auc_mu_weights: ]
[num_machines: 1]
[local_listen_port: 12400]
[time_out: 120]
[machine_list_filename: ]
[machines: ]
[gpu_platform_id: -1]
[gpu_device_id: -1]
[gpu_device_id_list: ]
[gpu_use_dp: 0]
[num_gpu: 1]

end of parameters

pandas_categorical:null
