tree
version=v4
num_class=1
num_tree_per_iteration=1
label_index=0
max_feature_idx=11
objective=quantile
feature_names=current_delay_sec prev_delay_sec prev2_delay_sec horizon_route_stops horizon_sched_sec vantage_hour vantage_minute_of_day day_of_week vantage_location target_location TrainOrigin TrainDestination
feature_infos=[-15720:35424] [-15720:35274] [-15720:35424] [1:29] [0:10470] [0:23] [0:1439] -1:4:6:0:1:5:2:3 -1:95:117:27:105:52:63:31:53:56:114:111:17:44:66:15:110:109:39:108:45:92:40:58:112:46:101:123:107:90:20:57:36:103:91:2:28:96:86:25:94:55:26:106:8:34:113:82:9:0:80:51:49:81:87:18:116:23:1:24:59:77:19:13:60:102:14:10:104:54:121:118:47:76:120:6:32:33:22:3:72:122:65:84:38:97:99:98:100:89:73:62:69:42:43:83:71:50:68:16:35:37:67:21:41:70:11:12:5:74:30:85:78:48:79:124:61:119:88:93:75:4:7:64:115 -1:100:27:45:66:55:123:31:59:110:120:17:116:70:56:15:114:115:40:97:113:41:47:61:117:48:112:106:95:87:128:60:14:20:91:108:101:96:2:53:26:28:36:111:99:8:34:9:118:62:84:0:25:107:51:85:109:92:24:18:57:63:19:1:81:94:122:23:39:54:10:124:13:126:80:50:125:49:33:103:32:105:72:104:102:75:6:78:3:38:22:89:43:93:68:88:65:69:127:44:5:71:76:58:16:7:42:12:52:129:21:73:46:4:11:35:67:119:86:37:30:77:90:82:79:98:64:29:83:74 -1:3:20:26:10:9:18:17:8:27:6:1:15:31:29:35:22:19:25:36:30:11:13:28:7:33:24:12:16:4:37:0:2:23:5:34:21:32 -1:3:20:26:10:9:18:8:17:27:6:15:1:30:32:19:13:11:22:31:34:25:35:29:7:12:33:24:16:36:0:4:28:2:23:5:21
tree_sizes=3265 3444 3513 3542 3456 3514 3528 3546 3599 3561 3605 3567 3547 3597 3569 3580 3597 3585 3531 3527 3558 3583 3611 3544 3580 3537 3546 3536 3541 3521 3531 3531 3555 3482 3625 3574 3508 3426 3581 3600 3478 3460 3602 3540 3465 3518 3546 3492 3592 3565 3488 3405 3538 3542 3341 3622 3467 3455 3523 3430 3487 3470 3452 3551 3444 3527 3609 3365 3387 3467 3440 3493 3309 3415 3605 3542 3512 3363 3523 3384 3410 3322 3439 3339 3350 3325 3441 3235 3501 3525 3484 3386 3617 3580 3325 3520 3380 3369 3295 3544

Tree=0
num_leaves=31
num_cat=20
split_feature=0 0 0 9 3 9 9 8 9 9 0 8 4 8 4 9 8 3 9 9 0 8 3 11 8 11 8 8 8 8
split_gain=45212.8 2609.1 2109.39 1671.87 1572.48 1055.61 916.785 734.741 617.188 553.143 488.825 439.807 331.012 321.928 292.971 267.15 249.865 249.302 225.327 220.07 198.737 192.84 180.336 180.097 179.022 172.964 152.098 149.485 142.384 141.176
threshold=75.000000000000014 147.00000000000003 33.000000000000007 0 3.5000000000000004 1 2 3 4 5 279.00000000000006 6 465.00000000000006 7 1575.0000000000002 8 9 4.5000000000000009 10 11 93.000000000000014 12 8.5000000000000018 13 14 15 16 17 18 19
decision_type=2 2 2 9 2 9 9 9 9 9 2 9 2 9 2 9 9 2 9 9 2 9 2 9 9 9 9 9 9 9
left_child=2 3 4 13 7 25 10 18 16 29 23 -11 20 -2 -8 27 -7 24 -1 21 28 -14 -10 -3 -17 -6 -9 -13 -5 -4
right_child=1 6 9 12 5 8 14 26 22 11 -12 15 19 -15 -16 17 -18 -19 -20 -21 -22 -23 -24 -25 -26 -27 -28 -29 -30 -31
leaf_value=76.200000000000003 68.400000000000006 72.599999999999994 65.400000000000006 67.200000000000003 76.799999999999997 64.799999999999997 88.799999999999997 58.200000000000003 57.600000000000001 69 86.400000000000006 65.400000000000006 64.799999999999997 60.600000000000001 87 65.400000000000006 60 65.400000000000006 61.200000000000003 72 71.400000000000006 70.799999999999997 58.799999999999997 61.200000000000003 63.600000000000001 64.799999999999997 57.600000000000001 69 69 60.600000000000001
leaf_weight=1087 4102 1341 1826 4387 4774 14831 112640 23864 38864 6145 5354 3478 5093 9249 13807 7045 29792 18351 6634 19392 18860 7529 23318 3858 11986 3093 71121 4608 3678 9083
leaf_count=1087 4102 1341 1826 4387 4774 14831 112640 23864 38864 6145 5354 3478 5093 9249 13807 7045 29792 18351 6634 19392 18860 7529 23318 3858 11986 3093 71121 4608 3678 9083
internal_value=65.999 66.0341 65.9727 66.0187 65.968 65.9761 66.0422 65.959 65.9735 65.9888 66.0139 65.9932 66.026 65.9868 66.0446 65.9898 65.9824 65.9862 65.9887 66.0191 66.0341 66.0088 65.967 65.992 65.9782 66.0114 65.9566 66.0063 66.021 65.9684
internal_weight=489190 209290 279900 72290 217378 114672 137000 102706 106805 62522 10553 51613 58939 13351 126447 45468 44623 37382 7721 32014 26925 12622 62182 5199 19031 7867 94985 8086 8065 10909
internal_count=489190 209290 279900 72290 217378 114672 137000 102706 106805 62522 10553 51613 58939 13351 126447 45468 44623 37382 7721 32014 26925 12622 62182 5199 19031 7867 94985 8086 8065 10909
cat_boundaries=0 4 9 13 17 21 26 30 34 39 43 48 53 57 59 63 65 69 73 77 81
cat_threshold=1207984576 71565312 1322379296 1082137296 543496952 678914 822214786 2755657984 2 1073760448 71565312 243395616 276824768 1078005960 8421891 172509066 293601286 2265972741 1235230912 33554748 411103255 1091092736 71565616 1280436233 8915680 1 1073844544 545292295 5756832 34684947 2240417856 22216708 38277386 35789091 308611164 3355500098 268435730 603980038 2 1552417038 818942002 136675848 19923974 48 131072 536870912 2147483904 2 2165344258 1377960181 19140616 152601635 1 290472992 1075030352 3263193108 86147144 2156339970 17 2340555784 2253471896 505413632 20980960 34116 3 2149599488 1611156564 4029941760 68158633 77881347 1277441600 2189434888 134228008 312230404 2636271888 2290089988 69448192 2215248128 2429026312 6946984 33851408
is_linear=0
shrinkage=1


Tree=1
num_leaves=31
num_cat=20
split_feature=0 0 9 0 3 9 0 8 9 9 9 8 9 4 8 9 3 8 4 8 0 8 9 8 1 8 8 9 8 8
split_gain=40420.9 2978.29 2100.25 1886.53 1486.54 943.095 730.033 708.888 619.672 539.731 499.856 486.718 443.694 407.607 370.596 354.413 324.809 229.375 228.339 204.034 196.155 194.415 189.959 187.472 186.88 166.824 165.795 164.232 159.971 153.436
threshold=69.000000000000014 189.00000000000003 0 21.000000000000004 3.5000000000000004 1 105.00000000000001 2 3 4 5 6 7 735.00000000000011 8 9 7.5000000000000009 10 1575.0000000000002 11 357.00000000000006 12 13 14 1.0000000180025095e-35 15 16 17 18 19
decision_type=2 2 9 2 2 9 2 9 9 9 9 9 9 2 9 9 2 9 2 9 2 9 9 9 8 9 9 9 9 9
left_child=3 2 14 4 7 19 15 22 28 20 17 16 -13 -8 -2 23 -10 -7 -11 -6 -3 -15 -1 -4 -12 -14 -9 -16 -5 -17
right_child=1 9 6 8 5 10 13 26 11 18 24 12 25 21 27 29 -18 -19 -20 -21 -22 -23 -24 -25 -26 -27 -28 -29 -30 -31
leaf_value=8.5800000000000001 -9.0600000000000005 -5.0400000000000009 -1.8600000000000003 -1.1400000000000006 -3.6000000000000001 -1.6799999999999997 6.6600000000000001 -7.620000000000001 -3.3600000000000003 25.32 -8.7599999999999998 -1.7400000000000007 2.6699999999999999 0.72000000000000031 2.1599999999999997 1.0799999999999998 0 -5.7600000000000007 22.5 6.7200000000000006 20.16 7.8000000000000007 -4.9200000000000008 1.3200000000000003 -5.7600000000000007 0.17999999999999972 -8.1600000000000001 -4.2600000000000007 -6.0600000000000005 3.0599999999999996
leaf_weight=1201 6513 1966 4940 2180 3022 12605 36296 21231 17147 93115 31929 19302 6364 3974 6202 5397 6225 30638 12052 6440 1656 15757 6060 7086 18886 13729 63864 3160 11218 19035
leaf_count=1201 6513 1966 4940 2180 3022 12605 36296 21231 17147 93115 31929 19302 6364 3974 6202 5397 6225 30638 12052 6440 1656 15757 6060 7086 18886 13729 63864 3160 11218 19035
internal_value=-9.23976e-05 0.0320814 0.020347 -0.0257742 -0.030967 -0.0227386 0.0261133 -0.0401901 -0.0124197 0.0437696 -0.0257643 -0.00824745 -0.00146301 0.0332831 -0.0132546 0.0151023 -0.0196775 -0.0178496 0.045075 0.00735853 0.00572687 0.0217146 -0.010143 0.00103855 -0.0324948 0.00893648 -0.0427478 -0.000501494 -0.0319362 0.0220154
internal_weight=489190 217149 108360 272041 195876 103520 92485 92356 76165 108789 94058 62767 39395 56027 15875 36458 23372 43243 105167 9462 3622 19731 7261 12026 50815 20093 85095 9362 13398 24432
internal_count=489190 217149 108360 272041 195876 103520 92485 92356 76165 108789 94058 62767 39395 56027 15875 36458 23372 43243 105167 9462 3622 19731 7261 12026 50815 20093 85095 9362 13398 24432
cat_boundaries=0 4 9 13 18 22 26 30 34 38 43 47 51 55 60 64 68 72 76 80 84
cat_threshold=1207984576 71565312 1318190112 1350572736 6626040 678914 822214786 2755657986 2 1078005960 8423427 172509066 285212678 1091092736 71565616 1280436233 527072 1 128 71303168 167831552 8389312 2400190469 1235230912 33554748 412151824 1860101 1495937096 562044948 69505288 2348822720 849412608 2155876420 1218720797 40896513 203993347 18874512 492044936 2148108288 302186992 20971592 134325296 1 1585971466 817889334 136610312 3220487 16781312 2328889440 68943884 11264 1078288416 3355672642 169893904 84443208 2096 131072 536870912 2281701632 2 278138884 2302816328 2323668998 167944 1493270792 32775 1078384544 139542659 2115840 1615349332 4029941760 76547241 134225984 0 42995744 1342183424 2148139266 2429059080 6946976 33851408 550432 1227200578 2860548112 85983304
is_linear=0
shrinkage=0.1


Tree=2
num_leaves=31
num_cat=20
split_feature=0 0 0 9 3 9 8 9 4 9 8 9 8 0 0 8 9 8 9 9 9 8 0 4 9 8 9 0 9 8
split_gain=37043 2569.03 2112.01 1962.78 1690.91 826.305 812.179 574.986 563.228 504.115 503.183 436.16 326.844 322.56 296.066 290.119 289.767 286.352 345.826 284.635 279.724 264.657 221.558 219.321 175.902 186.674 174.677 168.173 166.391 165.501
threshold=75.000000000000014 207.00000000000003 39.000000000000007 0 4.5000000000000009 1 2 3 465.00000000000006 4 5 6 7 117.00000000000001 1.0000000180025095e-35 8 9 10 11 12 13 14 -1.0000000180025095e-35 1005.0000000000001 15 16 17 -170.99999999999997 18 19
decision_type=2 2 2 9 2 9 9 9 2 9 9 9 9 2 2 9 9 9 9 9 9 9 2 2 9 9 9 2 9 9
left_child=2 3 4 10 6 -6 19 -7 13 -4 -2 -3 26 24 -8 -9 21 18 -16 -1 -14 -10 28 -13 25 -5 -11 -21 -17 -12
right_child=1 11 9 8 5 7 14 15 16 12 29 23 20 -15 17 22 -18 -19 -20 27 -22 -23 -24 -25 -26 -27 -28 -29 -30 -31
leaf_value=-7.6110000000000007 -7.0140000000000002 7.4280000000000008 -4.8540000000000001 -0.071999999999999884 -8.484 6.0480000000000009 -7.944 -1.5119999999999998 -4.1459999999999999 0.3539999999999992 4.4939999999999998 25.188000000000002 -0.62400000000000022 6.6540000000000008 -4.3440000000000003 -3.0240000000000005 6.4200000000000008 -4.2240000000000002 -0.087000000000000466 -3.6780000000000004 1.833 3.5400000000000009 -2.7840000000000007 24.450000000000003 3.0659999999999998 2.3939999999999997 -2.2260000000000004 3.3719999999999999 -5.9039999999999999 -0.37199999999999989
leaf_weight=5510 7324 5455 10170 3445 25713 5848 72797 17031 2759 4741 3529 69617 13541 23953 4976 9516 30689 22367 5672 2853 15012 15476 22636 23895 10019 3695 8735 4444 28338 9434
leaf_count=5510 7324 5455 10170 3445 25713 5848 72797 17031 2759 4741 3529 69617 13541 23953 4976 9516 30689 22367 5672 2853 15012 15476 22636 23895 10019 3695 8735 4444 28338 9434
internal_value=-0.000354259 0.0314688 -0.0241493 0.0209752 -0.0283084 -0.0193222 -0.0365721 -0.0144827 0.0273049 -0.00600682 -0.00712667 0.0431664 -0.00116915 0.035936 -0.0394502 -0.0167643 0.0200576 -0.0315993 -0.0180428 -0.0127526 0.00488919 0.0100548 -0.0200116 0.0447691 0.0254706 0.0134126 -0.0139997 0.000212125 -0.0246949 0.00471364
internal_weight=489190 209290 279900 110323 227701 109082 118619 83369 90036 52199 20287 98967 42029 41112 105812 77521 48924 33015 10648 12807 28553 18235 60490 93512 17159 7140 13476 7297 37854 12963
internal_count=489190 209290 279900 110323 227701 109082 118619 83369 90036 52199 20287 98967 42029 41112 105812 77521 48924 33015 10648 12807 28553 18235 60490 93512 17159 7140 13476 7297 37854 12963
cat_boundaries=0 4 9 13 18 23 27 31 35 39 43 47 52 56 60 64 69 73 78 82 86
cat_threshold=1207984576 71565312 1318190112 276830928 1073791234 71565601 3369195520 1074596576 1 1078005960 8489507 172771210 293601286 543496760 547842 822214786 2147483904 2 1074323712 71565360 1288824833 8392432 1 7343105 2351489283 2166358160 492044936 1073744064 71565312 176220160 8389312 270295557 1224881736 545267796 69243208 1149829390 805441558 1077248772 1115302 2148567050 1377960181 2170814464 1225819179 2300610816 3762831444 3224571904 34817121 3221238016 551618832 1082277956 407189073 1 36242496 2415919125 1311338640 1342182408 2281705666 849412992 2181042380 1210658825 32 1073905664 1073750068 67665928 2173206528 856760600 4325440 4244513 1 311967748 2166362392 2290089984 2274048 2152858656 1756534338 268435844 604246019 2 2516582592 144703616 60 616611840 2156396608 1114116 4616 35782659
is_linear=0
shrinkage=0.1


Tree=3
num_leaves=31
num_cat=22
split_feature=0 0 0 9 3 9 8 4 9 9 9 0 8 9 8 9 8 8 9 9 8 8 9 0 9 4 8 11 8 9
split_gain=33487.4 2425.59 2265.65 1823.47 1658.05 792.681 760.033 732.32 508.765 475.631 412.329 402.671 331.689 292.767 291.107 289.24 281.123 277.627 264.746 262.359 254.688 251.498 234.452 223.49 217.922 206.208 188.556 170.266 158.929 148.735
threshold=81.000000000000014 45.000000000000007 237.00000000000003 0 4.5000000000000009 1 2 435.00000000000006 3 4 5 9.0000000000000018 6 7 8 9 10 11 12 13 14 15 16 -1.0000000180025095e-35 17 1575.0000000000002 18 19 20 21
decision_type=2 2 2 9 2 9 9 2 9 9 9 2 9 9 9 9 9 9 9 9 9 9 9 2 9 2 9 9 9 9
left_child=1 4 3 17 6 -6 15 19 29 -3 16 24 -11 -4 18 -1 -9 27 -13 21 -10 -5 -14 -22 28 -15 -12 -2 -8 -7
right_child=2 9 13 7 5 8 11 10 20 12 26 14 22 25 -16 -17 -18 -19 -20 -21 23 -23 -24 -25 -26 -27 -28 -29 -30 -31
leaf_value=-6.6669 -9.8526000000000007 -4.3685999999999998 9.8412000000000006 -0.071399999999999866 -7.4556000000000004 15.043200000000002 -3.0635999999999997 -1.3974000000000004 -1.1328000000000003 2.2497000000000003 8.298 0.58169999999999999 1.2986999999999995 26.343000000000004 -3.4014000000000006 0.43725000000000025 3.8339999999999992 0.58320000000000083 -2.5352999999999994 5.6874000000000002 -4.8887999999999998 4.1226000000000003 -0.80730000000000013 -2.5476000000000001 -7.1495999999999995 23.205000000000002 5.2920000000000007 -0.85259999999999969 -6.3095999999999997 0.64320000000000022
leaf_weight=6165 4477 9261 4907 2968 26696 1866 4292 6899 15313 9160 10814 3540 7472 70705 21485 6920 19081 6436 6601 33421 36842 6947 24481 24703 61782 9034 23416 2537 12801 8168
leaf_count=6165 4477 9261 4907 2968 26696 1866 4292 6899 15313 9160 10814 3540 7472 70705 21485 6920 19081 6436 6601 33421 36842 6947 24481 24703 61782 9034 23416 2537 12801 8168
internal_value=-0.000204828 -0.0221146 0.0310392 0.022023 -0.0263473 -0.017626 -0.0343631 0.0265209 -0.0129905 -0.00218565 0.0193888 -0.037061 0.00242808 0.0435012 -0.0275311 -0.0115426 0.00987688 -0.0126152 -0.0135208 0.0364362 -0.0157556 0.0220705 -0.00238244 -0.0186281 -0.0408868 0.0449604 0.0265975 -0.0263667 -0.0308104 0.00818399
internal_weight=489190 287548 201642 116996 237174 113588 123586 103546 86892 50374 60210 110501 41113 84646 31626 13085 25980 13450 10141 43336 76858 9915 31953 61545 78875 79739 34230 7014 17093 10034
internal_count=489190 287548 201642 116996 237174 113588 123586 103546 86892 50374 60210 110501 41113 84646 31626 13085 25980 13450 10141 43336 76858 9915 31953 61545 78875 79739 34230 7014 17093 10034
cat_boundaries=0 4 9 13 18 23 27 31 35 39 43 47 51 55 59 63 67 72 76 80 81 85 90
cat_threshold=1073768896 71565312 1318190113 276830912 1073791234 71565601 3369195520 1074596576 1 1078005960 8489507 172771210 293601286 543496952 134765570 822215042 2218787072 2 1091060096 71630896 1318184960 1082133232 1 2282848266 1344405685 2170814468 1225819187 151224576 541098117 1146557344 38880259 1610614984 71565312 176220160 8389312 2300610816 2722645204 1142099968 34686049 44635200 2415919125 3425268880 1342182408 1209026592 1073911808 1116004404 84705352 5243905 203989267 285212928 493961864 394659333 1610661381 3412002 16810026 2282225664 302055440 4325712 33840 1149831438 805442070 1076171520 1115298 168820740 16777224 2155872256 131584 272894524 3365062146 268566544 604111108 2 2555392004 134363207 360973482 1082163206 268540236 262293 1141133604 173240321 1146618952 2147483904 536888336 3346432 34603248 16 18434 536870912 2147483904 2
is_linear=0
shrinkage=0.1


Tree=4
num_leaves=31
num_cat=18
split_feature=0 0 0 9 3 4 9 9 8 9 8 8 9 9 0 9 4 0 8 1 3 8 0 8 0 9 11 8 9 9
split_gain=30285.8 2536.21 2042.29 1715.29 1410.87 696.929 684.133 644.599 603.61 468.718 448.288 392.845 342.394 320.048 309.41 290.228 278.212 247.996 227.005 210.23 201.485 200.396 198.206 245.98 195.524 182.645 177.762 177.421 176.83 167.898
threshold=87.000000000000014 27.000000000000004 261.00000000000006 0 3.5000000000000004 465.00000000000006 1 2 3 4 5 6 7 8 123.00000000000001 9 1005.0000000000001 57.000000000000007 10 9.0000000000000018 7.5000000000000009 11 -20.999999999999996 12 369.00000000000006 13 14 15 16 17
decision_type=2 2 2 9 2 2 9 9 9 9 9 9 9 9 2 9 2 2 9 8 2 9 2 9 2 9 9 9 9 9
left_child=1 4 3 11 8 14 -6 21 29 27 20 26 -12 22 28 -7 -4 -14 -17 -11 25 -3 -10 -24 -18 -9 -2 -8 -5 -1
right_child=2 7 16 5 6 15 9 10 13 19 12 -13 17 -15 -16 18 24 -19 -20 -21 -22 -23 23 -25 -26 -27 -28 -29 -30 -31
leaf_value=0.69607499999999978 -7.0673399999999988 -0.9637200000000008 26.634900000000002 0.47633999999999904 -8.6900400000000015 8.482800000000001 11.738880000000002 -0.46146000000000031 -5.9906399999999991 -4.4047200000000002 3.1134599999999995 1.54488 -0.82287000000000043 -5.8946400000000008 6.5538600000000002 0.55679999999999985 9.9086999999999996 0.92882999999999927 4.6025999999999998 -2.3047200000000005 0.83087999999999917 -5.9600399999999993 0.40653000000000078 -3.3074699999999995 37.084500000000006 -2.2614600000000005 1.3228799999999994 -0.66803999999999997 2.7186599999999999 -5.4002100000000004
leaf_weight=4618 6134 4987 54737 3724 23058 13364 2851 6290 14136 47119 9096 9568 20828 61800 32329 9679 7875 16857 32386 27971 5959 11377 3423 9530 12415 12355 1637 8242 10672 4173
leaf_count=4618 6134 4987 54737 3724 23058 13364 2851 6290 14136 47119 9096 9568 20828 61800 32329 9679 7875 16857 32386 27971 5959 11377 3423 9530 12415 12355 1637 8242 10672 4173
internal_value=-0.000167828 -0.0203838 0.0304565 0.0223373 -0.0264253 0.0272718 -0.0186171 -0.00613739 -0.0351577 -0.014518 -0.00203165 -0.00674679 0.00371546 -0.0376287 0.0362707 0.019691 0.0433877 -0.000489455 0.0155995 -0.0173529 -0.012956 -0.024032 -0.0285232 -0.0195978 0.0333859 -0.0180772 -0.0234353 0.00466991 0.0240761 -0.0101182
internal_weight=489190 294670 194520 119493 206921 102154 109241 87749 97680 86183 71385 17339 46781 88889 46725 55429 75027 37685 42065 75090 24604 16364 27089 12953 20290 18645 7771 11093 14396 8791
internal_count=489190 294670 194520 119493 206921 102154 109241 87749 97680 86183 71385 17339 46781 88889 46725 55429 75027 37685 42065 75090 24604 16364 27089 12953 20290 18645 7771 11093 14396 8791
cat_boundaries=0 4 9 14 18 23 27 31 36 40 45 49 53 57 61 63 67 72 77
cat_threshold=1207984576 71565312 1318186017 276830912 1082179840 71565617 1223809024 1076366048 1 1074282752 105120048 1288824833 1082133232 1 1080103112 545295363 172771210 293601286 539040440 134896642 822215042 2755657986 2 811524 1294349384 562045012 69241160 7341057 203993347 50331952 492110504 306448924 586255 839123506 2231369984 2 2591302660 134391813 362808480 16809995 304354868 2820199946 805306752 2216820992 2 1073768480 3776152592 2021711926 84410440 2215280898 282214404 38404392 36945969 134250752 16384 3224469504 37815425 2486576132 3767571520 2416050318 67506179 1146127433 3 373882952 2432730113 3225588448 268435601 2148007936 838926608 4325456 536904752 1 5244976 138242 537133824 2818580738 2
is_linear=0
shrinkage=0.1


Tree=5
num_leaves=31
num_cat=22
split_feature=0 0 0 9 3 4 9 9 8 8 9 9 8 0 9 3 9 8 9 9 11 8 11 9 8 9 8 8 9 4
split_gain=27037.4 2394.01 2082.68 1653.63 1259.64 746.063 718.143 641.213 589.697 540.569 403.383 389.001 351.662 349.82 339.744 281.078 239.559 238.356 232.881 230.691 223.793 211.725 207.574 202.761 190.224 187.594 179.66 177.042 171.719 160.001
threshold=87.000000000000014 15.000000000000002 291.00000000000006 0 3.5000000000000004 465.00000000000006 1 2 3 4 5 6 7 129.00000000000003 8 7.5000000000000009 9 10 11 12 13 14 15 16 17 18 19 20 21 1605.0000000000002
decision_type=2 2 2 9 2 2 9 9 9 9 9 9 9 2 9 2 9 9 9 9 9 9 9 9 9 9 9 9 9 2
left_child=1 4 3 12 8 13 17 -6 25 15 -11 26 22 23 24 19 -10 -3 -4 -8 28 -13 -2 -5 -7 -1 -9 -16 -12 -20
right_child=2 6 18 5 7 14 9 11 16 10 20 21 -14 -15 27 -17 -18 -19 29 -21 -22 -23 -24 -25 -26 -27 -28 -29 -30 -31
leaf_value=7.8714675000000005 -7.0206059999999999 -1.3294680000000001 12.51402 0.93822600000000023 -7.3410359999999999 6.1565399999999988 -0.59199599999999897 -2.8151159999999997 -4.0451759999999997 -0.76067550000000073 2.969484 -5.1042480000000001 1.8703920000000005 6.0609539999999997 3.1025400000000007 0.76363200000000053 -5.8451759999999995 -5.9524559999999997 28.171409999999998 -2.4945240000000006 -0.086811000000000152 -3.1303680000000003 -0.084099000000001214 2.8067939999999996 1.0609200000000001 -3.6689039999999999 5.7528840000000017 6.7339200000000012 0.99599400000000105 23.634839999999997
leaf_weight=1255 5813 7730 4974 7225 21648 6695 8911 4698 22384 26544 8575 14218 7461 35012 7770 7602 54972 13473 53910 15831 11250 50935 2952 9499 18679 8288 6107 28412 10249 6118
leaf_count=1255 5813 7730 4974 7225 21648 6695 8911 4698 22384 26544 8575 14218 7461 35012 7770 7602 54972 13473 53910 15831 11250 50935 2952 9499 18679 8288 6107 28412 10249 6118
internal_value=-3.65911e-05 -0.0191377 0.0288988 0.0215684 -0.0261025 0.0258433 -0.00747288 -0.0183063 -0.0348594 -0.0035292 0.00236279 -0.013973 -0.00829022 0.0346973 0.018406 -0.0138406 -0.0377517 -0.0240065 0.0435048 -0.0190122 0.0102912 -0.0168877 -0.0218632 0.0227996 0.00952175 -0.0113629 0.00360148 0.024627 0.0169587 0.0452297
internal_weight=489190 294670 194520 129518 184505 113292 110165 97606 86899 88962 56618 75958 16226 51736 61556 32344 77356 21203 65002 24742 30074 65153 8765 16724 25374 9543 10805 36182 18824 60028
internal_count=489190 294670 194520 129518 184505 113292 110165 97606 86899 88962 56618 75958 16226 51736 61556 32344 77356 21203 65002 24742 30074 65153 8765 16724 25374 9543 10805 36182 18824 60028
cat_boundaries=0 4 8 13 17 21 26 31 35 39 43 47 51 56 58 62 64 69 73 78 82 86 91
cat_threshold=1074817472 71565312 1318186017 276830912 1074323712 71630896 1313990657 1082657488 1082179842 71303473 1223809024 1076628160 1 1080103112 1619035139 139216776 293601318 270295556 1294340168 679485460 67410248 2282754242 842006784 2156007500 404976645 1 2169528 679042 822215042 2751512834 2 5243936 203466003 285212704 493961896 2298576906 1377960117 2147749896 1226343475 2591301636 151169029 360711330 8389899 2215264514 2966487236 34079016 37165104 1610614984 71565346 193030144 276826816 343278628 3767566530 2424438916 67514370 1 256935237 13 20979713 403482824 645924914 21264705 1683489864 2 2282225664 855712016 6422608 675333168 1 2210432779 369623176 72549696 1133600 2096 0 536870912 2281734400 2 150999040 47319076 102506508 38151168 1074292225 3642969674 713097216 524802 340132376 578574 805307168 2232713512 2
is_linear=0
shrinkage=0.1


Tree=6
num_leaves=31
num_cat=20
split_feature=0 0 0 9 3 4 9 9 9 8 8 9 0 8 9 0 9 0 9 10 8 9 8 8 8 8 4 4 8 8
split_gain=24243 2783.85 1791.05 1593.23 1464.77 774.39 682.128 639.479 637.894 557.662 477.708 365.329 337.005 329.964 292.769 282.516 288.71 247.494 230.831 221.079 221.011 215.7 211.672 205.019 198.107 193.773 203.847 189.033 186.446 181.792
threshold=99.000000000000014 45.000000000000007 327.00000000000006 0 4.5000000000000009 465.00000000000006 1 2 3 4 5 6 -8.9999999999999982 7 8 -8.9999999999999982 9 -20.999999999999996 10 11 12 13 14 15 16 17 135.00000000000003 1605.0000000000002 18 19
decision_type=2 2 2 9 2 2 9 9 9 9 9 9 2 9 9 2 9 2 9 9 9 9 9 9 9 9 2 2 9 9
left_child=1 4 3 10 6 19 -1 29 -6 15 -2 -10 -11 -9 20 -8 -17 23 28 -5 -7 -15 -19 -13 -12 26 -21 -4 -14 -3
right_child=2 7 27 5 8 14 9 13 11 12 24 17 18 21 -16 16 -18 22 -20 25 -22 -23 -24 -25 -26 -27 -28 -29 -30 -31
leaf_value=-1.0133753999999997 4.3404528000000004 -0.67242120000000016 28.954269 5.3583786000000018 -6.3069324 -1.7794319999999986 -4.3450584000000001 2.3558695500000009 1.8703956000000006 -6.4606583999999998 -5.5565454000000019 -5.1396438000000009 -0.36355439999999961 1.3549283999999995 6.2183279999999996 1.2563946000000001 -2.1403583999999998 1.6959888000000007 -3.4606583999999998 4.1653145999999968 3.8381849999999993 -0.25150620000000007 -2.1603004499999998 -3.1712111999999997 -0.89121809999999901 5.9653145999999966 0.55837860000000183 23.212565999999999 -2.1425435999999993 -5.4645154500000004
leaf_weight=11789 6282 5389 48665 32490 23954 4394 19634 10282 11346 43227 4365 9838 5185 11842 34305 3395 7250 7315 23573 3153 17846 34617 35066 26069 10691 7735 4673 6523 9533 8764
leaf_count=11789 6282 5389 48665 32490 23954 4394 19634 10282 11346 43227 4365 9838 5185 11842 34305 3395 7250 7315 23573 3153 17846 34617 35066 26069 10691 7735 4673 6523 9533 8764
internal_value=5.458e-05 -0.0170147 0.0290876 0.0225046 -0.022212 0.0275835 -0.0297461 0.000372387 -0.0140147 -0.0321576 -0.00240304 -0.0101368 -0.0364672 0.00511621 0.0196543 -0.0205471 -0.00743542 -0.0125674 -0.0296401 0.0369201 0.0107011 0.00152682 -0.00739364 -0.0186774 -0.0120669 0.0270471 0.015901 0.0441092 -0.0197651 -0.0186366
internal_weight=489190 308068 181122 125934 237174 104596 123586 70894 113588 111797 21338 89634 81518 56741 56545 30279 10645 78288 38291 48051 22240 46459 42381 35907 15056 15561 7826 55188 14718 14153
internal_count=489190 308068 181122 125934 237174 104596 123586 70894 113588 111797 21338 89634 81518 56741 56545 30279 10645 78288 38291 48051 22240 46459 42381 35907 15056 15561 7826 55188 14718 14153
cat_boundaries=0 4 9 14 19 23 27 32 36 40 44 48 50 54 59 63 67 71 75 79 83
cat_threshold=1074817216 340000768 1251081248 276830928 5572792 1073896451 855901090 2684354818 2 1207984512 105119776 1322379264 1082198736 1 1073799426 71565617 1221711872 1074334432 1 3223355648 46254644 1347224072 26280997 2148163662 307957764 71304776 35788822 610605688 134765578 822214786 2214609152 2 151224640 549453829 1079972768 307314691 2307490059 1075970229 2216689676 1225819139 311034432 2684387332 2149580800 16818216 2483168260 3089146560 2155876376 1410797573 777815256 24 138493984 1073908756 304390196 819336 272959548 2307970570 268566544 604111108 2 1451786254 277086230 1081544960 167838854 16916481 239643072 645933106 138442817 1073741856 69238787 2164277248 353370120 2181595140 2234786200 444596228 134312448 218120196 2164654281 2215776512 167796800 2239910986 286343188 71827722 2240817
is_linear=0
shrinkage=0.1


Tree=7
num_leaves=31
num_cat=21
split_feature=0 0 0 3 9 9 8 4 9 9 0 8 8 9 0 9 9 8 9 8 8 8 9 4 9 9 9 0 8 11
split_gain=21790.5 2706.31 1650.08 1410.73 1408.6 729.658 679.918 630.75 599.835 585.541 556.388 454.109 387.359 321.475 274.734 262.312 249.106 244.982 254.249 211.456 208.67 204.289 200.333 194.706 194.59 180.778 173.983 169.844 164.875 157.091
threshold=105.00000000000001 51.000000000000007 345.00000000000006 4.5000000000000009 0 1 2 465.00000000000006 3 4 -1.0000000180025095e-35 5 6 7 159.00000000000003 8 9 10 11 12 13 14 15 1005.0000000000001 16 17 18 -14.999999999999998 19 20
decision_type=2 2 2 2 9 9 9 2 9 9 2 9 9 9 2 9 9 9 9 9 9 9 9 2 9 9 9 2 9 9
left_child=1 3 4 5 12 -1 -7 14 20 28 11 -8 29 19 21 -12 -9 25 -19 -11 -3 24 -15 -4 -6 -10 -14 -21 -5 -2
right_child=2 8 23 9 7 6 10 16 17 13 15 -13 26 22 -16 -17 -18 18 -20 27 -22 -23 -24 -25 -26 -27 -28 -29 -30 -31
leaf_value=-5.7515058600000009 1.5979037100000015 -0.031661204999999984 28.458842099999995 -9.2459625600000006 -1.1687064600000014 -3.9733095600000001 -1.9401525599999996 7.9964951999999982 -2.0246509800000014 -0.93409008000000071 0.88647814499999955 -3.5849925599999999 -4.6681077899999996 11.002664040000003 6.2375807399999985 -0.9507660600000023 3.6814994999999957 2.9808486450000005 0.64031164499999993 -4.4567020799999995 -4.5288790800000012 3.0225407400000024 -0.99260177999999977 25.581062099999997 1.9418471400000017 0.61068275999999888 3.2705920650000007 -2.2562391600000002 -3.8440900800000004 -4.8581574599999984
leaf_weight=32352 1804 5304 37104 10964 1964 29745 12397 14405 6199 12560 5849 30994 2026 2592 29965 17052 41242 8361 30411 16352 9051 12669 43491 13737 3501 8875 9270 17423 14655 6876
leaf_count=32352 1804 5304 37104 10964 1964 29745 12397 14405 6199 12560 5849 30994 2026 2592 29965 17052 41242 8361 30411 16352 9051 12669 43491 13737 3501 8875 9270 17423 14655 6876
internal_value=0.000108138 -0.0156126 0.0284427 -0.0204918 0.0222103 -0.0277465 -0.023362 0.026891 0.00201683 -0.0126007 -0.0177189 -0.0243772 -0.00211148 -0.00888908 0.0352804 -0.00511113 0.0196444 0.00685903 0.0110644 -0.0147707 -0.0161399 0.0255652 -0.00297334 0.0436095 0.00934247 -0.00395784 0.010092 -0.0188915 -0.0259764 -0.0179862
internal_weight=489190 314627 174563 246426 123722 128389 96037 103746 68201 118037 66292 43391 19976 92418 48099 22901 55647 53846 38772 46335 14355 18134 46083 50841 5465 15074 11296 33775 25619 8680
internal_count=489190 314627 174563 246426 123722 128389 96037 103746 68201 118037 66292 43391 19976 92418 48099 22901 55647 53846 38772 46335 14355 18134 46083 50841 5465 15074 11296 33775 25619 8680
cat_boundaries=0 4 9 13 17 21 25 29 34 39 44 48 53 57 61 65 70 75 80 84 88 90
cat_threshold=1209034944 340000768 1251077152 276830912 1090568450 38863152 1213294657 2624208 1 278668805 220082176 545261572 73832704 1207984512 71565600 1318184968 1082134256 1073930496 71565365 3369196032 1074334400 1078006216 545293363 141051784 276824118 1080034336 606122755 50348160 487932584 143131650 4061233408 33554504 421934141 1 273025080 1073919495 570687778 3774906656 2 103028276 555275786 805307264 2216820992 2 10249760 1275270472 2860523540 69337160 314835485 2685456971 805306656 2215674120 2 3600367882 73400358 3289649920 1049252 2223031048 5456148 934152 2223153 8929796 19140888 2861572100 137216 536938520 23554 536870912 2147483904 2 8913152 8388880 6291520 135300144 1 43548673 1914830997 20971616 410615816 1 0 67108864 1073858560 8389312 470844421 172536835 113770832 71307800 2282037506 16
is_linear=0
shrinkage=0.1


Tree=8
num_leaves=31
num_cat=22
split_feature=0 0 0 9 3 9 4 0 8 9 8 8 3 9 8 9 11 9 8 9 0 8 8 9 9 8 8 9 9 8
split_gain=19434.5 2802.99 1553.5 1497.7 987.636 938.274 759.571 693.595 579.276 503.769 441.453 433.628 314.84 301.048 300.801 299.211 264.252 246.564 231.875 226.229 225.272 216.802 216.233 214.846 208.713 172.822 172.229 157.902 156.865 154.808
threshold=111.00000000000001 1.0000000180025095e-35 393.00000000000006 0 3.5000000000000004 1 465.00000000000006 57.000000000000007 2 3 4 5 6.5000000000000009 6 7 8 9 10 11 12 171.00000000000003 13 14 15 16 17 18 19 20 21
decision_type=2 2 2 9 2 9 2 2 9 9 9 9 2 9 9 9 9 9 9 9 2 9 9 9 9 9 9 9 9 9
left_child=1 4 3 11 8 -3 20 10 24 -6 12 -2 19 25 -8 -9 27 -10 -13 -7 26 -18 -17 -16 -1 -12 28 -11 -5 -15
right_child=2 5 -4 6 9 7 14 15 17 16 13 18 -14 29 23 22 21 -19 -20 -21 -22 -23 -24 -25 -26 -27 -28 -29 -30 -31
leaf_value=-6.8720821739999991 4.1317828934999969 -9.8469753255000008 31.012957889999996 0.23524458599999962 -5.8316429040000006 -2.8424648040000009 1.484279550000001 -0.48882876824999999 -3.0757703040000002 3.8509365960000004 -1.8708318607500005 -4.9870421100000044 -0.47385280800000057 1.6075857179999993 8.3327866799999963 2.8410113805000003 -0.88762990199999914 -4.8172616039999996 -0.33474722999999929 -1.2463589040000003 6.4793826659999985 -3.2756772390000002 0.66555197550000011 4.5985176149999987 -0.86477750399999997 -0.24643383899999993 3.3202866660000012 -2.3085168990000002 2.9476624260000008 -0.08922635399999948
leaf_weight=2710 6627 10362 41512 3892 20101 14346 11788 22502 16821 5719 12430 3709 9970 8903 12355 8084 13294 46576 14760 11269 28762 41905 30353 30928 9170 9854 9341 4068 4754 22325
leaf_count=2710 6627 10362 41512 3892 20101 14346 11788 22502 16821 5719 12430 3709 9970 8903 12355 8084 13294 46576 14760 11269 28762 41905 30353 30928 9170 9854 9341 4068 4754 22325
internal_value=0.000179685 -0.0142635 0.027686 0.0221934 -0.0236125 -0.00491652 0.0275852 -0.00290511 -0.031956 -0.016231 -0.00852835 0.0003067 -0.0171583 -0.00278577 0.0196301 0.00531597 -0.0119454 -0.0357524 -0.00756805 -0.0230314 0.0369623 -0.0146308 0.0106757 0.0234853 -0.0116569 -0.0116623 0.0281842 0.00319996 0.0179413 0.00355016
internal_weight=489190 320762 168428 126916 160364 160398 101820 150036 75277 85087 89097 25096 35585 53512 55071 60939 64986 63397 18469 25615 46749 55199 38437 43283 11880 22284 17987 9787 8646 31228
internal_count=489190 320762 168428 126916 160364 160398 101820 150036 75277 85087 89097 25096 35585 53512 55071 60939 64986 63397 18469 25615 46749 55199 38437 43283 11880 22284 17987 9787 8646 31228
cat_boundaries=0 4 8 12 17 21 25 30 34 39 41 45 49 53 57 61 66 70 74 78 83 88 92
cat_threshold=1207986624 340000768 1251077152 276830928 1073758464 71565344 1275193345 8391360 1078005960 545311763 139216776 26214438 1074315520 71303473 1223809088 1076628160 1 270295556 1093285960 2826960916 69505288 2215258184 273874948 1145177672 35784727 2282266819 43057672 2161250308 1076421649 1 16867872 1764985922 715169808 67633736 2282266816 302186896 47190024 1210168369 1 2168625429 13 2454990852 174081 2508194978 92280075 1073741825 2129923 2164277248 353370120 159384066 420020500 20054112 426918968 1543586124 536871463 273191648 11535382 16877888 2689073281 1078875042 38879747 386139668 2685978122 805437440 2757886248 2 1073742144 272695312 1140859024 17409 125829131 2618606864 1074274336 138635841 42484228 2301907227 2861572100 2234880 2281703960 1118599170 285344006 406896658 2 2156527616 555811100 6422608 139494433 1 1073840392 75513863 1081513376 180420615
is_linear=0
shrinkage=0.1


Tree=9
num_leaves=31
num_cat=23
split_feature=0 0 0 9 9 3 4 0 8 9 8 8 8 9 3 8 8 8 9 8 9 9 9 9 10 11 9 8 9 8
split_gain=17243.9 2576.44 1424.94 1262.19 954.857 876.331 675.283 632.629 539.244 455.585 449.161 348.419 342.02 302.48 260.899 236.932 236.812 231.681 231.456 229.755 219.925 203.305 197.332 197.032 193.069 180.539 176.765 174.528 169.073 162.88
threshold=117.00000000000001 -1.0000000180025095e-35 417.00000000000006 0 1 3.5000000000000004 435.00000000000006 63.000000000000007 2 3 4 5 6 7 7.5000000000000009 8 9 10 11 12 13 14 15 16 17 18 19 20 21 22
decision_type=2 2 2 9 9 2 2 2 9 9 9 9 9 9 2 9 9 9 9 9 9 9 9 9 9 9 9 9 9 9
left_child=1 5 3 12 11 8 19 10 22 -7 14 -3 -2 -8 -6 21 -11 -9 -10 28 -18 -12 -1 -19 27 -13 -17 -15 -5 -26
right_child=2 4 -4 6 7 9 13 17 18 16 15 25 -14 24 -16 26 20 23 -20 -21 -22 -23 -24 -25 29 -27 -28 -29 -30 -31
leaf_value=0.6701884464000003 -3.3284119379999995 -7.1517474935999985 30.911662100999997 0.3271299689999978 -1.6798398035999995 -6.0274046616000003 7.6747565819999979 2.3286015829500015 -2.6159615735999995 -3.6530309180999994 1.750287922350001 -4.3155390951749997 2.1234541381499983 -10.744086511499999 0.13097031630000072 -0.22021348859999978 9.4537512384000006 1.4300926579500002 -4.7577158136 4.9658843994000001 -1.8620669118000004 -1.1383786686000001 -4.1424925535999995 -0.051121192050000278 1.8307677885000004 -0.81221801310000008 1.2943194159000002 1.653685191749996 4.0241507993999992 4.9946034884999992
leaf_weight=5225 8662 11801 37451 3467 25009 18013 16522 10124 15849 15781 5410 10200 11456 1059 7566 14328 1906 12962 41622 37393 42926 25016 6608 26748 10785 13869 15398 7090 3955 24989
leaf_count=5225 8662 11801 37451 3467 25009 18013 16522 10124 15849 15781 5410 10200 11456 1059 7566 14328 1906 12962 41622 37393 42926 25016 6608 26748 10785 13869 15398 7090 3955 24989
internal_value=0.000340767 -0.0129208 0.0269212 0.0218085 -0.00483072 -0.022679 0.0261936 -0.00116047 -0.030877 -0.0154529 -0.00604409 -0.0194119 -0.00114766 0.0192994 -0.0154995 -0.000920847 -0.0112969 0.00792632 -0.0348785 0.0354982 -0.00758441 -0.00712314 -0.0114034 0.00447885 0.0149489 -0.0124984 0.00542776 0.00104792 0.0193353 0.0181142
internal_weight=489190 326361 162829 125378 178431 147930 105260 142561 69304 78626 92727 35870 20118 60445 32575 60152 60613 49834 57471 44815 44832 30426 11833 39710 43923 24069 29726 8149 7422 35774
internal_count=489190 326361 162829 125378 178431 147930 105260 142561 69304 78626 92727 35870 20118 60445 32575 60152 60613 49834 57471 44815 44832 30426 11833 39710 43923 24069 29726 8149 7422 35774
cat_boundaries=0 4 9 13 18 22 26 30 35 39 43 47 51 55 60 65 70 75 77 79 83 87 91 95
cat_threshold=1209035200 71565312 1251081248 276830912 1208508800 71565360 1221715969 1082133232 1 1078005960 545311767 139216776 9437222 1074414848 71565617 1223809088 1074268864 1 1843712 1429683272 679485460 67277064 1058821 2382378243 2216693776 490996424 24118304 740343555 50331648 353714856 371463732 555275786 805307008 2216820992 2 2531281927 2315796496 2147500106 136325728 16916481 2650812872 76556306 71587913 17008960 4194437 1145968544 307576835 273952836 537045505 2508193954 92275983 1572868 16781336 2189426688 2048 16 149506 536870912 2684387584 2 23528044 528071 16777362 340164864 2 141560504 136198 537133824 2818613506 2 306446908 3373450762 335544326 67256582 2 1363360018 42 1020822592 3 2166456385 813891840 2214728280 407871489 25632 67117456 33619970 139022344 8388608 270532608 6422592 5243952 21063685 3372390418 1778384950 21135432
is_linear=0
shrinkage=0.1


Tree=10
num_leaves=31
num_cat=23
split_feature=0 0 0 9 3 9 4 8 9 9 0 8 9 9 8 10 9 8 9 9 0 8 8 9 8 8 8 8 9 9
split_gain=15204.8 2513.05 1252.45 1115.94 1014.17 728.346 723.778 629.194 585.589 516.94 515.355 398.416 358.485 333.17 336.115 328.292 276.198 258.366 255.121 249.152 239.708 225.019 218.985 190.102 231.309 189.837 189.195 178.059 170.801 158.092
threshold=129.00000000000003 45.000000000000007 459.00000000000006 0 4.5000000000000009 1 465.00000000000006 2 3 4 -20.999999999999996 5 6 7 8 9 10 11 12 13 -20.999999999999996 14 15 16 17 18 19 20 21 22
decision_type=2 2 2 9 2 9 2 9 9 9 2 9 9 9 9 9 9 9 9 9 2 9 9 9 9 9 9 9 9 9
left_child=1 4 3 22 5 -1 16 28 -3 -6 11 -9 -12 -10 -15 17 26 -8 -11 -17 25 -22 -2 -16 -25 -20 -5 -14 -7 -23
right_child=2 8 -4 6 9 7 15 10 13 18 12 -13 27 14 23 19 -18 -19 20 -21 21 29 -24 24 -26 -27 -28 -29 -30 -31
leaf_value=-4.4105209210649994 -3.5172919272000005 -6.8204319834525 33.220495890899997 5.0086023594599993 -11.305925395439999 -4.2384884162400001 -7.7080535615250003 -1.4860484162399996 2.8692307008599998 1.7004586330799996 -1.3210216922399995 -3.4553201162399994 -0.34754711499000007 1.5389068537050008 0.40968977162249942 2.9428098031500016 5.3108959198425021 2.9613147758249969 -3.7638554869199994 6.567153139650002 1.1306745548850003 -0.24473027311499954 1.7202146981849979 -2.3343165258149994 -0.19100857346999903 -2.2200577787700007 1.7424164874599997 1.0393434443100007 -2.1966417332399994 -2.4566864232899999
leaf_weight=29055 6663 6654 31572 4517 11128 14005 2286 12234 8728 11468 12131 22258 8794 20126 28162 15773 34598 11531 9546 27763 11946 16106 7796 9063 27052 31346 9732 9572 15537 22048
leaf_count=29055 6663 6654 31572 4517 11128 14005 2286 12234 8728 11468 12131 22258 8794 20126 28162 15773 34598 11531 9546 27763 11946 16106 7796 9063 27052 31346 9732 9572 15537 22048
internal_value=0.000432347 -0.0114176 0.0266618 0.022022 -0.0170192 -0.0232882 0.0255692 -0.0190251 0.00189658 -0.0101983 -0.0135194 -0.0218949 -0.00405122 0.00394509 0.00202042 0.0179529 0.034517 0.00450929 -0.00797209 0.0222133 -0.00974374 -0.00510778 -0.00404658 -0.00151119 -0.0063128 -0.015426 0.02274 0.00476165 -0.0311282 -0.00885651
internal_weight=489190 336959 152231 120659 237174 123586 106200 94531 99785 113588 64989 34492 30497 93131 84403 57353 48847 13817 102460 43536 90992 50100 14459 64277 36115 40892 14249 18366 29542 38154
internal_count=489190 336959 152231 120659 237174 123586 106200 94531 99785 113588 64989 34492 30497 93131 84403 57353 48847 13817 102460 43536 90992 50100 14459 64277 36115 40892 14249 18366 29542 38154
cat_boundaries=0 4 9 13 17 21 25 29 34 38 40 44 48 53 57 61 65 69 73 77 81 85 89 94
cat_threshold=1073834176 71565344 1251081248 1350572736 1073791234 39059768 1213294657 11012816 1 345769477 87429120 545265700 73828672 1073758592 71565312 1241638912 8391360 1073758464 71565345 1220663296 1073744576 1212223944 545293363 138938248 276824214 2352559808 277414080 75497484 134685701 306446396 1074844682 805307138 2214592772 2 2147654976 583024772 72817408 34685986 3510874390 42 2282225920 318832784 6422592 33840 91168 604022144 169869312 210309128 610605688 17325066 822214786 2214609152 2 2842726664 1344932037 16777226 688923665 3330310154 12845446 1081544964 167838854 6291457 203464979 318767104 355549864 19532801 2309630544 84017284 554057739 74194988 1073919042 2155896884 67108872 285351937 474524104 612902962 4288513 268829440 2113540 67444736 2098337 2334281730 1510525780 235929608 135267872 193593344 3492348420 2228256 1498461216 319815684 2828051392 2097420 31850502 1
is_linear=0
shrinkage=0.1


Tree=11
num_leaves=31
num_cat=23
split_feature=0 0 0 9 9 4 3 0 8 8 8 9 8 9 8 9 9 11 10 9 8 9 9 8 8 8 0 8 8 8
split_gain=13376.3 2388.57 1228.99 1108.59 910.824 745.138 726.038 671.556 496.128 398.9 350.67 346.313 323.287 303.894 298.48 286.014 236.199 225.671 221.716 215.275 222.272 197.997 185.784 184.032 181.66 181.583 178.073 174.299 166.697 163.55
threshold=135.00000000000003 -8.9999999999999982 489.00000000000006 0 1 465.00000000000006 3.5000000000000004 51.000000000000007 2 3 4 5 6 7 8 9 10 11 12 13 14 15 16 17 18 19 -38.999999999999993 20 21 22
decision_type=2 2 2 9 9 2 2 2 9 9 9 9 9 9 9 9 9 9 9 9 9 9 9 9 9 9 2 9 9 9
left_child=1 6 3 10 -3 18 8 9 21 13 -2 -8 -7 -6 -9 23 25 -13 -5 -16 -21 -1 -14 -11 -20 26 -10 -12 -17 -19
right_child=2 4 -4 5 7 12 11 14 16 15 27 17 22 -15 19 28 -18 29 24 20 -22 -23 -24 -25 -26 -27 -28 -29 -30 -31
leaf_value=-5.8833040196160002 3.7964282807639962 -7.7275937657853753 34.09844630181 4.9686327492157494 -2.9408921401334993 0.77062520218500064 -6.0095398467480008 2.2879371307739986 -2.3530635506159996 -1.952042275940999 -5.5054179163800034 1.1593826157720011 8.0281598762175044 -0.86699437834349991 1.2460462163058759 1.4478840508664998 -4.4408921401334993 -1.0004533925429988 2.0424727674757519 0.55813488865949956 -0.72878321721675021 -0.69348858674099967 4.4478102891262514 -0.19041271022849957 5.3430727674757499 -3.3520864046160002 0.57042853932900039 -0.43070874616499855 -0.13077792512099934 -2.6747791039785009
leaf_weight=2432 5339 13412 27931 30016 14273 11377 13857 12892 4152 16120 2243 8310 11034 18318 18218 10512 35647 14566 7228 27841 30482 9706 30710 13759 7000 8507 2906 14047 30767 35588
leaf_count=2432 5339 13412 27931 30016 14273 11377 13857 12892 4152 16120 2243 8310 11034 18318 18218 10512 35647 14566 7228 27841 30482 9706 30710 13759 7000 8507 2906 14047 30767 35588
internal_value=0.000502872 -0.0103313 0.0257414 0.0213103 -0.00356157 0.0258583 -0.02064 -0.00181115 -0.0284562 -0.00728537 0.000824899 -0.0137934 0.0178771 -0.0164458 0.00453915 -0.00308706 -0.0327633 -0.0104183 0.0354466 0.00216653 -0.000798005 -0.0102486 0.0219476 -0.0105373 0.0250948 -0.0224366 -0.0105405 -0.00646626 0.00230691 -0.0129475
internal_weight=489190 342265 146925 118994 206594 97365 135671 193182 63350 103749 21629 72321 53121 32591 89433 71158 51212 58464 44244 76541 58323 12138 41744 29879 14228 15565 7058 16290 41279 50154
internal_count=489190 342265 146925 118994 206594 97365 135671 193182 63350 103749 21629 72321 53121 32591 89433 71158 51212 58464 44244 76541 58323 12138 41744 29879 14228 15565 7058 16290 41279 50154
cat_boundaries=0 4 8 12 16 20 25 29 33 37 42 46 48 50 55 59 63 68 72 76 80 84 88 92
cat_threshold=1207986624 71565344 1251081216 1350568656 1073758464 71565344 1212278785 2752 1212223688 545309715 139216776 9437222 269232644 1093549128 2826969172 67244296 2214748424 5439492 1073874752 35782677 1074282754 71369008 1223809024 1076366016 1 1078027808 1227081794 715169808 84410440 58754050 2149056924 34603104 419021880 16810304 583008421 1078402946 38813715 2282234050 1377903104 76681292 1235231760 1 276181060 174593 2222981282 93324555 2168625429 13 773096648 24 274989628 2307966466 335544850 2751594503 2 2617383939 337134096 70778880 153463968 1074004288 4259856 8208 1041 37028880 2821768712 874643504 2216821032 2 177225738 2483044354 270024736 40208928 2199420932 2268361088 310378500 31264 33024 1073744000 3526393858 33646208 1 167772161 2164260864 353370120 1073938760 8388611 4707744 197492871 3691053388 536870951 4248544 11535414
is_linear=0
shrinkage=0.1


Tree=12
num_leaves=31
num_cat=21
split_feature=0 0 0 9 4 3 8 9 8 9 11 8 0 8 9 9 8 9 0 4 9 9 8 8 9 8 9 0 9 8
split_gain=11754 2089.15 1313.41 861.652 756.537 678.987 603.266 511.479 483.848 468.752 432.694 411.398 378.733 326.288 296.504 295.992 273.149 241.877 241.532 220.579 202.371 199.298 195.597 180.249 177.222 175.482 170.464 164.334 159.487 157.249
threshold=135.00000000000003 -14.999999999999998 351.00000000000006 0 195.00000000000003 3.5000000000000004 1 2 3 4 5 6 63.000000000000007 7 8 9 10 11 597.00000000000011 1605.0000000000002 12 13 14 15 16 17 18 27.000000000000004 19 20
decision_type=2 2 2 9 2 2 9 9 9 9 9 9 2 9 9 9 9 9 2 2 9 9 9 9 9 9 9 2 9 9
left_child=1 5 4 10 23 8 15 18 24 22 -3 -12 16 -11 -7 -5 17 -8 29 -9 -10 -15 -6 -2 -1 -16 -14 -17 -27 -4
right_child=2 3 7 6 9 14 12 19 20 13 11 -13 26 21 25 27 -18 -19 -20 -21 -22 -23 -24 -25 -26 28 -28 -29 -30 -31
leaf_value=0.66775046205809996 1.7355164525541769 -4.7135113116668252 6.6886016716289989 0.21628148336216313 -2.7483663944107484 -5.0473246620732004 1.1709157151743497 16.888601671629001 -2.5115592585488997 6.0087654907281749 -5.3729237122178066 0.16260357384588744 3.015214740438414 4.641343092554175 -3.4393027684361996 -2.2271789605988999 0.52196260186185062 -0.93807143932889903 35.488601671628999 14.693088242266498 -4.2701426366026496 1.6339054304223766 1.3957950907281713 3.8332390925541717 -3.2471566279419002 3.5734448253797995 0.77930519729355163 -0.87635149256790124 -1.7442610051934246 -3.0301740614077519
leaf_weight=5020 6908 19610 1642 14183 6746 14255 7179 38092 14975 13035 8370 18396 9227 13626 9550 11945 36229 36705 2476 3937 30526 32017 10809 14239 7031 4698 34895 21739 37732 3398
leaf_count=5020 6908 19610 1642 14183 6746 14255 7179 38092 14975 13035 8370 18396 9227 13626 9550 11945 36229 36705 2476 3937 30526 32017 10809 14239 7031 4698 34895 21739 37732 3398
internal_value=0.000556226 -0.00959973 0.0242147 -0.00371891 0.0174707 -0.0199791 -0.000458422 0.03747 -0.0279243 0.0128284 -0.0158151 -0.00754033 0.00321663 0.0171159 -0.0130754 -0.0099954 -0.000880631 -0.00618536 0.0133803 0.0417648 -0.0326416 0.013124 -0.00151153 0.0342058 -0.0100779 -0.0095653 0.0106568 -0.0150976 -0.0068049 0.000833333
internal_weight=489190 342265 146925 218478 97380 123787 172102 49545 57552 76233 46376 26766 124235 58678 66235 47867 80113 43884 7516 42029 45501 45643 17555 21147 12051 51980 44122 33684 42430 5040
internal_count=489190 342265 146925 218478 97380 123787 172102 49545 57552 76233 46376 26766 124235 58678 66235 47867 80113 43884 7516 42029 45501 45643 17555 21147 12051 51980 44122 33684 42430 5040
cat_boundaries=0 5 9 13 17 21 23 27 31 36 41 45 50 54 59 63 67 72 76 81 86 90
cat_threshold=1208508802 71565344 1288824840 142609104 1 3940900 1294415944 729817104 67113224 135358664 71567424 1266776096 276830912 1214337224 545309715 139200392 9437222 1075648 340000800 1255270400 411045584 2086174784 2 2403396 604005771 2419081476 218185864 84052426 8388741 73143168 303095827 1091192066 71303473 1223804928 1074006724 1 342100005 536918082 285344134 620892167 2 2499823617 2186823440 2148532238 6466144 29694540 2149092935 268435584 342098184 2 2423652420 174593 2239889570 92276011 270796340 2837071882 335675526 2751611136 2 1091829792 86009611 323096580 487702536 8389124 150999040 4169138244 73736 139462832 537007110 537133824 2822807808 2 25305089 474489032 79177746 37777737 310641212 1209062927 805306656 2483028264 2 67632 154182 553648386 2688581890 2 2214649928 1108476996 340464658 39979074
is_linear=0
shrinkage=0.1


Tree=13
num_leaves=31
num_cat=23
split_feature=0 0 0 4 9 9 9 1 8 4 9 9 8 8 9 8 3 9 8 10 8 8 9 8 8 8 9 9 8 9
split_gain=10382 2216.1 1059.3 930.256 775.163 640.02 597.655 565.715 476.56 459.632 379.318 346.364 296.723 268.896 267.116 255.174 249.171 308.696 248.719 248.173 234.049 220.832 213.567 211.35 208.494 187.96 175.544 154.09 152.139 150.966
threshold=165.00000000000003 27.000000000000004 543.00000000000011 465.00000000000006 0 1 2 -20.999999999999996 3 345.00000000000006 4 5 6 7 8 9 4.5000000000000009 10 11 12 13 14 15 16 17 18 19 20 21 22
decision_type=2 2 2 2 9 9 9 8 9 2 9 9 9 9 9 9 2 9 9 9 9 9 9 9 9 9 9 9 9 9
left_child=1 4 3 11 25 -3 24 9 -9 18 13 20 29 -7 -14 -11 17 -10 -6 27 -2 -16 -17 -19 -5 -1 -21 -8 -15 -12
right_child=2 5 -4 6 7 10 19 8 16 15 12 -13 14 28 21 22 -18 23 -20 26 -22 -23 -24 -25 -26 -27 -28 -29 -30 -31
leaf_value=-3.392064227348857 -2.1461820854009246 -10.280492883786932 35.599741504466103 -3.8726860348418222 -1.81192754074776 -1.7959510298350339 5.3818069049648081 1.0275424633561656 -2.2812779198487609 -3.9698968363788079 -1.6770631256413631 4.7333514472987561 3.0698165921021969 1.7566198979808663 0.092828830939739509 1.0512294258254007 -0.83394386365258599 0.075018124905989941 -3.9029957821872596 7.8724835031404359 2.4380709556496982 1.3488932962110853 -1.8666012696995098 -1.3337911455200846 1.3179569439166956 -7.6294591570138799 4.2188574950456115 -2.5824786224232668 -0.50233872678591351 0.029033016723953156
leaf_weight=11091 1202 5089 22996 5778 10054 13989 3430 15156 16715 12250 5544 34786 10685 8860 37885 7948 42691 11887 13024 10433 7341 32522 34184 14486 8852 17435 24336 4828 29652 14061
leaf_count=11091 1202 5089 22996 5778 10054 13989 3430 15156 16715 12250 5544 34786 10685 8860 37885 7948 42691 11887 13024 10433 7341 32522 34184 14486 8852 17435 24336 4828 29652 14061
internal_value=0.000634518 -0.00785361 0.0256376 0.0212267 -0.0146667 0.00105283 0.0129065 -0.0122169 -0.00728439 -0.0186458 0.00221268 0.0322982 0.00580546 -0.00467807 0.00847451 -0.0136277 -0.0101721 -0.015538 -0.0304706 0.0188408 0.0141997 0.00623642 -0.00992596 -0.00878786 -0.00455601 -0.0299727 0.0225438 0.00324141 -0.000363429 -0.00523324
internal_weight=489190 365208 123982 100986 206921 158287 57657 178395 100935 77460 153198 43329 100697 52501 81092 54382 85779 43088 23078 43027 8543 70407 42132 26373 14630 28526 34769 8258 38512 19605
internal_count=489190 365208 123982 100986 206921 158287 57657 178395 100935 77460 153198 43329 100697 52501 81092 54382 85779 43088 23078 43027 8543 70407 42132 26373 14630 28526 34769 8258 38512 19605
cat_boundaries=0 5 9 13 17 22 26 30 34 39 43 47 51 53 57 61 66 70 74 78 83 88 92 96
cat_threshold=1090535682 72613944 1213331465 1075841732 1 0 71565312 134342656 704 1209034944 1413742596 3363960864 142643904 1074500040 671154182 5085120 302055446 3355992256 268501248 1120932928 1486928944 1 2282242432 4456576 41095168 268439152 2909732 1277500744 578813976 78118984 57944076 67286083 2164285446 352456968 272891928 1103375 805306400 2214592768 2 25723394 146940352 549463572 104994891 2281743904 302581056 2097236 768184376 2315419906 2424324117 1543766016 2162982 3507171604 40 67109888 0 2197815345 336592968 2488336385 286958097 2282233926 179488 7408312 134240454 805699970 2285928706 2 2638233600 12748768 2560622600 28337281 1076970528 2134805 436609028 221610024 227426368 2429059200 2520252960 41998352 378274836 2853230088 805306384 2485518600 2 18879013 17374336 352452738 4268035 1 2215187777 314638356 38016800 36709426 311562499 1646264861 2149580832 5308416
is_linear=0
shrinkage=0.1


Tree=14
num_leaves=31
num_cat=23
split_feature=0 0 0 9 4 0 9 3 8 8 10 8 9 8 8 9 9 8 0 8 8 9 11 8 9 9 9 8 8 8
split_gain=9149.96 2018.66 1048.87 886.587 843.461 719.037 600.876 544.176 462.341 378.268 370.635 303.837 295.141 279.414 273.213 257.463 255.499 251.605 230.763 212.076 209.517 206.089 177.472 175.248 172.043 170.32 148.058 190.252 161.794 143.808
threshold=171.00000000000003 -20.999999999999996 567.00000000000011 0 195.00000000000003 63.000000000000007 1 3.5000000000000004 2 3 4 5 6 7 8 9 10 11 273.00000000000006 12 13 14 15 16 17 18 19 20 21 22
decision_type=2 2 2 9 2 2 9 2 9 9 9 9 9 9 9 9 9 9 2 9 9 9 9 9 9 9 9 9 9 9
left_child=1 7 4 -3 -2 9 19 8 21 -5 18 24 17 -12 -14 -9 20 -11 29 -6 -13 -1 -17 -18 -7 -10 27 -16 -28 -8
right_child=2 3 -4 5 6 11 10 15 25 12 13 16 14 -15 26 22 23 -19 -20 -21 -22 -23 -24 -25 -26 -27 28 -29 -30 -31
leaf_value=-4.7835978278902589 4.1696440385688849 -8.9630889327308374 35.039767354019489 0.97391673287429859 3.3236627644452228 0.56543681989083161 1.162121158856968 -10.078466251716495 -5.5324027467584971 -0.065528309282479921 -3.6145514269735433 0.22711696856808603 0.42260179471431703 3.8478740871458399 -0.5124146831245554 1.0408602748690072 0.623990781296763 -2.4032882747399706 7.1883927587514735 -1.5886243989382427 1.8384575532221761 -0.49166049472365875 -2.0464904652360318 -0.52865148278767582 3.0691791323147868 -2.7831285354899338 -1.0243270167292409 -1.6237100857498796 0.26345451530301672 3.8229289484346851
leaf_weight=2799 21439 10805 21173 13831 5466 5513 8029 5849 10879 10679 4715 10673 27373 9895 17385 7411 26020 33382 22807 12168 12081 10214 46691 36289 9876 27770 11839 12574 19065 14500
leaf_count=2799 21439 10805 21173 13831 5466 5513 8029 5849 10879 10679 4715 10673 27373 9895 17385 7411 26020 33382 22807 12168 12081 10214 46691 36289 9876 27770 11839 12574 19065 14500
internal_value=0.000634927 -0.0071705 0.0245981 -0.00229986 0.0202784 -0.0010706 0.0154267 -0.0184024 -0.0259243 -0.00554788 0.0201981 0.0054424 -0.00719274 0.00633379 -0.003854 -0.0119206 0.00310145 -0.0138765 0.0246637 -0.000804806 0.0121683 -0.00959456 -0.00975939 -0.000211011 0.0183681 -0.0314118 -0.00758546 -0.0125947 -0.00272692 0.0174908
internal_weight=489190 368998 120192 257385 99019 246580 77580 111613 51662 146128 59946 100452 132297 14610 88236 59951 85063 44061 45336 17634 22754 13013 54102 62309 15389 38649 60863 29959 30904 22529
internal_count=489190 368998 120192 257385 99019 246580 77580 111613 51662 146128 59946 100452 132297 14610 88236 59951 85063 44061 45336 17634 22754 13013 54102 62309 15389 38649 60863 29959 30904 22529
cat_boundaries=0 4 8 12 16 18 22 26 30 34 39 44 48 52 56 61 63 67 72 77 82 86 90 94
cat_threshold=1073758208 71565312 134342656 704 1209035200 340000800 1255270400 276826832 1212240072 549502995 139200392 9453606 1073845576 8388643 6660000 444661782 781979337 4 17008064 46137381 1079334818 34619395 2290622720 33751328 1188040800 1489022008 2416010272 1159783808 446693376 204042312 197263362 32900 3592044544 22430849 540928 71303200 1215416320 704 1 281280556 2291195394 285212678 604127495 2 2214592513 307235076 34209800 19932256 2483071238 425394196 67110144 39979095 2908673 1294225432 2726297612 134654112 1073750336 4292880 8208 66577 1 21207317 13 2215122947 607666320 69730376 151498080 2281766913 824379698 2164266516 1745051665 1 142622978 1093927304 1208043584 1479191232 1 36869122 1882202141 2097156 17514496 1 2148812801 3212005392 134217728 6464 270849 1160977480 8388672 4192 1597441 1077033802 2281709628 73401800
is_linear=0
shrinkage=0.1


Tree=15
num_leaves=31
num_cat=24
split_feature=0 0 0 9 4 0 3 9 8 8 9 10 8 9 9 8 8 11 8 8 8 9 11 8 8 9 9 8 8 9
split_gain=7941.98 1684.22 1096.26 807.643 737.005 556.155 513.279 471.228 441.424 372.31 366.302 311.118 310.777 267.782 248.107 247.032 227.514 225.145 207.935 201.787 200.982 196.788 196.734 196.107 195.08 174.285 171.552 168.781 162.709 157.765
threshold=165.00000000000003 -26.999999999999996 513.00000000000011 0 195.00000000000003 63.000000000000007 3.5000000000000004 1 2 3 4 5 6 7 8 9 10 11 12 13 14 15 16 17 18 19 20 21 22 23
decision_type=2 2 2 9 2 2 2 9 9 9 9 9 9 9 9 9 9 9 9 9 9 9 9 9 9 9 9 9 9 9
left_child=1 6 4 20 23 9 8 24 26 10 -5 16 -13 22 27 -16 -9 19 -4 -15 -3 -8 -11 -2 -6 -18 -1 -7 -23 -10
right_child=2 3 18 5 7 14 21 11 29 13 -12 12 -14 17 15 -17 25 -19 -20 -21 -22 28 -24 -25 -26 -27 -28 -29 -30 -31
leaf_value=-4.1685210578020477 1.9526796347119957 -11.816065002238354 12.347515885479783 -2.9261259184108463 -2.6679341672285184 0.23776415450605981 0.7211752977585254 1.3553027219898865 -5.5596625765317906 -1.6813366168947959 -0.59863581616535411 -1.9608038742654417 3.7391513383602062 -0.072769100536570111 1.3525789739882699 -0.065842132162774195 3.2489418958910892 -0.49616301288989995 26.735790618617543 1.1012699027827648 -3.3461988796340778 -6.4520672268629768 -0.07251190869406017 4.28667963471199 1.3566484495384943 6.2610422579829219 -0.39495187148063304 2.6354673214851658 -1.9148738294758034 -2.7730962224234408
leaf_weight=2783 7827 5944 2936 14458 6468 5055 8630 8121 10088 19005 34591 7535 15386 21292 22560 57383 11778 22156 22558 23721 11298 6984 17958 13478 11515 16380 9194 9581 38495 24032
leaf_count=2783 7827 5944 2936 14458 6468 5055 8630 8121 10088 19005 34591 7535 15386 21292 22560 57383 11778 22156 22558 23721 11298 6984 17958 13478 11515 16380 9194 9581 38495 24032
internal_value=0.00072201 -0.00670193 0.0225904 -0.00252602 0.0178062 -0.00106914 -0.0177454 0.0132613 -0.0254995 -0.00479204 -0.0119744 0.0175663 0.00843618 -0.00140769 0.0049604 0.00276725 0.0233308 0.00235416 0.0410724 0.00641561 -0.0234466 -0.0111396 -0.0082425 0.0342713 -0.000919802 0.027588 -0.00895554 0.0169261 -0.0137649 -0.031295
internal_weight=489190 365208 123982 265002 98488 247760 100206 77183 46097 153181 49049 59200 22921 104132 94579 79943 36279 67169 25494 45013 17242 54109 36963 21305 17983 28158 11977 14636 45479 34120
internal_count=489190 365208 123982 265002 98488 247760 100206 77183 46097 153181 49049 59200 22921 104132 94579 79943 36279 67169 25494 45013 17242 54109 36963 21305 17983 28158 11977 14636 45479 34120
cat_boundaries=0 4 8 12 16 20 22 26 31 36 40 44 46 50 54 58 63 65 69 73 77 82 86 90 95
cat_threshold=1073758464 71565344 1212278784 2752 1074817472 340000800 1255270400 143657680 1214370248 8423443 139200392 8388646 271329796 3240770624 2843746388 67244040 2191000578 2147484037 34603104 280593456 781454537 4 2151769120 2234687872 413171712 201945672 134783169 1376854536 2224165901 1207968785 1 314836028 3356546570 872416002 2214592772 2 2281931072 42483844 74913536 168903714 1597957 136999194 1744838704 67109352 1595053381 9 6363176 1073778178 50855945 352321544 2236761091 1045430800 338690058 17075008 1048577 169869315 268439696 87032520 2154105080 1074944130 822214786 2751463698 2 874030738 3 276824580 153096192 3498049605 73736 1077411880 69237507 2466516996 355516488 2299166760 663813 2101824 1632215047 8512 134283572 8336 263185 1 138207234 1143738392 180428812 151259304 286524421 508076105 109586842 20975616 134267649 1077150088 1208043520 1495444168 1
is_linear=0
shrinkage=0.1


Tree=16
num_leaves=31
num_cat=24
split_feature=0 0 0 9 4 0 9 8 9 8 3 10 9 9 9 8 11 8 9 8 8 9 9 9 8 8 8 8 8 9
split_gain=6969.65 1569.31 1090.13 795.409 744.247 513.993 480.475 463.379 398.277 383.916 339.641 289.639 287.657 262.919 234.748 230.26 206.544 205.099 201.176 195.787 194.053 187.225 182.355 180.323 168.971 167.787 157.213 150.365 148.547 145.444
threshold=177.00000000000003 39.000000000000007 609.00000000000011 0 195.00000000000003 -38.999999999999993 1 2 3 4 3.5000000000000004 5 6 7 8 9 10 11 12 13 14 15 16 17 18 19 20 21 22 23
decision_type=2 2 2 9 2 2 9 9 9 9 2 9 9 9 9 9 9 9 9 9 9 9 9 9 9 9 9 9 9 9
left_child=1 3 4 -1 21 7 17 23 -3 18 24 14 28 26 -8 22 27 -6 -7 -18 -13 -2 -14 -5 -9 -16 -11 -15 -10 -17
right_child=2 8 -4 5 6 9 11 10 12 13 -12 20 15 16 25 29 19 -19 -20 -21 -22 -23 -24 -25 -26 -27 -28 -29 -30 -31
leaf_value=-8.2976362144294686 0.82587406941479746 -11.980232195142868 35.46221155675579 1.8745564591874555 3.0629746616717628 -2.371406367040247 6.4854042104279586 -2.0752051603987716 0.54099536249005953 -1.7120892112605586 -2.3331545016449189 -3.1410309991213183 2.6296227370826162 -1.8230741572323212 5.5042483332872223 0.3398367865296365 1.3679565153085917 -1.9613016253000652 -0.69139631228029119 0.089896205427582754 3.0755026592146524 3.9318244694147895 0.45454143285196413 -2.5515271444525052 -4.1385198676198316 2.3261389020667709 -0.38803419562298347 -0.065186786977942821 3.2808464525088001 -0.40981432831786579
leaf_weight=18763 2740 2504 18205 8484 4713 15780 12484 10714 5817 15024 26467 4660 9107 6400 9627 40219 12214 10791 24559 26526 9627 18457 17063 10664 14815 24793 22315 14976 7227 63455
leaf_count=18763 2740 2504 18205 8484 4713 15780 12484 10714 5817 15024 26467 4660 9107 6400 9627 40219 12214 10791 24559 26526 9627 18457 17063 10664 14815 24793 22315 14976 7227 63455
internal_value=0.000688689 -0.00596969 0.0220863 -0.0111521 0.0179075 -0.00937937 0.0133236 -0.0162825 0.00214661 -0.00581593 -0.0211783 0.0173061 0.00284049 -0.00241882 0.0211046 0.00141775 0.00167482 -0.00240428 -0.0140189 0.00602839 0.00482968 0.0344931 0.00979756 -0.00297526 -0.0294116 0.0168313 -0.00900827 -0.00621435 0.016991 -0.000698276
internal_weight=489190 373093 116097 227701 97892 208938 76695 71144 145392 137794 51996 61191 142888 97455 46904 129844 60116 15504 40339 38740 14287 21197 26170 19148 25529 34420 37339 21376 13044 103674
internal_count=489190 373093 116097 227701 97892 208938 76695 71144 145392 137794 51996 61191 142888 97455 46904 129844 60116 15504 40339 38740 14287 21197 26170 19148 25529 34420 37339 21376 13044 103674
cat_boundaries=0 4 8 12 16 20 22 27 32 37 41 43 47 51 55 59 63 67 72 76 80 84 88 92 96
cat_threshold=1073758464 71565344 1280440321 2752 1209035200 1145307168 1255270400 276830912 3226013896 545357875 141070976 8388790 0 71303168 59392 704 271329797 3307878472 679485524 67244040 781455049 20 843319612 1102858 805307138 2214592772 2 2282266818 1378025736 8520776 2013340693 1 369362452 2853230090 805306896 2218918184 2 134452544 314572964 274014016 34620434 2689411768 22 2617813319 38993924 71304448 35792919 2324174370 3221291413 33554528 278512696 1241612552 4210691 38262688 33636519 2449581088 1159783872 304087040 151613544 134742786 16 33685504 2096 76682752 2600468997 2183200800 1360055339 4229297 1075987666 536871232 3892683026 2 201640194 1111510084 2182352200 17843201 2164425034 4719748 373560640 185952258 135266304 268746881 3221274656 306473505 67108866 168838420 369623040 136382753 506845185 1074011672 370745352 81920 19010051 3920112224 84279428 541474824
is_linear=0
shrinkage=0.1


Tree=17
num_leaves=31
num_cat=22
split_feature=0 0 0 4 9 9 3 8 9 9 0 8 9 9 9 8 0 9 10 9 8 8 9 8 1 8 9 8 8 9
split_gain=6183.72 1628.56 857.316 665.2 605.147 530.007 446.553 435.761 402.593 352.229 318.786 318.595 382.99 312.135 296.341 293.471 253.333 203.249 195.244 190.94 189.333 179.989 173.762 171.484 165.029 154.677 151.897 149.312 148.932 148.024
threshold=219.00000000000003 15.000000000000002 633.00000000000011 465.00000000000006 0 1 6.5000000000000009 2 3 4 -44.999999999999993 5 6 7 8 9 93.000000000000014 10 11 12 13 14 15 16 33.000000000000007 17 18 19 20 21
decision_type=2 2 2 2 9 9 2 9 9 9 2 9 9 9 9 9 2 9 9 9 9 9 9 9 10 9 9 9 9 9
left_child=1 4 3 13 -1 -3 7 22 -5 -7 15 12 -11 20 -12 -9 -13 28 25 -17 -2 -8 -6 29 -21 -10 -25 -19 -18 -16
right_child=2 5 -4 8 6 9 21 10 18 11 14 16 -14 -15 23 19 17 27 -20 24 -22 -23 -24 26 -26 -27 -28 -29 -30 -31
leaf_value=-10.045692222986522 -0.84903939022324126 -7.3244298916875499 36.032608401080211 -1.2543121907740642 -2.9289288649783445 3.066366570715839 -2.992657546089013 -2.979650197258894 6.4103916755148553 -2.3646060157783948 -1.2874168275024243 -0.044643772735178902 -0.072063952669013706 4.524475897007636 -1.7941018400182465 1.5041168423063347 0.87153330145789321 1.5978240677417077 5.025286751691465 -2.9441484359819659 2.455061804973059 0.23868043659115212 -1.4214756141472766 1.4909828707113233 3.1316450104137656 -2.4468361264421108 0.036532093123807945 -0.0035427908994194015 2.2578734997621495 -0.10086243849892203
leaf_weight=12545 2674 6647 16856 11206 11463 10834 8015 17185 2836 11245 23073 86494 28284 24361 3827 5135 11320 13496 24563 16040 5570 38174 15362 6098 1674 4799 16411 31438 12062 9503
leaf_count=12545 2674 6647 16856 11206 11463 10834 8015 17185 2836 11245 23073 86494 28284 24361 3827 5135 11320 13496 24563 16040 5570 38174 15362 6098 1674 4799 16411 31438 12062 9503
internal_value=0.000633292 -0.00480906 0.0238599 0.0193352 -0.0116775 0.00117364 -0.0101285 -0.0132173 0.0112271 0.00207449 -0.010149 0.00109571 -0.00691596 0.0301288 -0.00547087 -0.0170355 0.00314171 0.00769366 0.0169057 -0.00959578 0.0132542 -0.00172011 -0.0245221 0.000221764 -0.014517 0.00292348 0.00554421 0.00375578 0.0152531 -0.00876312
internal_weight=489190 396325 92865 76009 184505 211820 171960 125771 43404 205173 98946 194339 39529 32605 58912 40034 154810 68316 32198 22849 8244 46189 26825 35839 17714 7635 22509 44934 23382 13330
internal_count=489190 396325 92865 76009 184505 211820 171960 125771 43404 205173 98946 194339 39529 32605 58912 40034 154810 68316 32198 22849 8244 46189 26825 35839 17714 7635 22509 44934 23382 13330
cat_boundaries=0 4 8 12 16 21 25 30 34 39 43 47 49 54 58 62 66 70 74 79 83 87 91
cat_threshold=1073758464 71565344 1212278785 704 0 71565312 167831552 8389312 295438853 352727112 545269780 71438664 1209034944 1413742740 1216407584 142645952 272891960 1070082 805307170 2214592768 2 8151076 1090690377 2692767794 336068616 42996480 841089537 2153844736 1349555248 1 2282242432 4522112 1246957632 268439152 2282270849 1386283024 76677196 201411601 1 2248311810 2316829056 3557883906 153479681 646977029 4177691149 65600 273991682 3507204374 56 415238192 1075991682 537133058 2818613504 2 234882048 17825792 3246391345 470810824 17039360 1074275552 780814458 88109384 193462818 285737416 4192 1232664624 2216701952 1110477584 504365064 136357920 1151867214 306184726 1145331712 16911489 298975794 1069571 539230496 2701177128 2 3439560001 46137348 342167816 152190979 3674276352 213205522 369623052 157681664 268828704 2818716672 18874368 554172456
is_linear=0
shrinkage=0.1


Tree=18
num_leaves=31
num_cat=21
split_feature=0 0 0 9 4 1 9 8 9 8 8 9 8 3 9 8 3 9 9 8 9 4 8 9 6 9 11 9 9 8
split_gain=5420.36 1488.78 816.114 700.426 623.835 477.518 398.079 345.041 344.913 297.587 289.122 286.044 266.148 265.101 353.424 242.979 204.704 200.966 197.657 187.439 178.866 162.631 163.183 223.953 152.764 140.805 139.116 134.262 129.143 132.91
threshold=231.00000000000003 51.000000000000007 681.00000000000011 0 195.00000000000003 -38.999999999999993 1 2 3 4 5 6 7 4.5000000000000009 8 9 2.5000000000000004 10 11 12 13 75.000000000000014 14 15 451.50000000000006 16 17 18 19 20
decision_type=2 2 2 9 2 8 9 9 9 9 9 9 9 2 9 9 2 9 9 9 9 2 9 9 2 9 9 9 9 9
left_child=1 3 4 26 25 9 -6 17 -3 27 -8 15 20 14 -9 -10 -11 -7 -12 -16 -13 -14 23 -23 -15 -2 -1 -5 -26 -30
right_child=2 8 -4 5 6 7 10 13 11 16 18 12 21 24 19 -17 -18 -19 -20 -21 -22 22 -24 -25 28 -27 -28 -29 29 -31
leaf_value=4.1762393409479648 1.0017994522432758 -9.4683126169135914 39.602217060972194 4.8345253803556689 -1.042865039106966 -0.78307013476853804 0.88055786718356333 -1.6915979254594697 -0.49444643757812801 -2.9674913247556107 2.7894448976226673 2.6868925808847437 1.9781627928489103 -2.4578710214102548 -1.2213382596787463 2.1151814047586619 -2.239315589240404 1.5636970231120955 5.8673724111603498 -0.14626815996129547 0.52392189460255312 0.1402297658563498 0.20484416638186076 -1.5520342942277752 -1.5499431825656342 4.3127295609721958 -11.494594509519979 -1.1274567241727564 -1.0452700620536819 0.78835968417673996
leaf_weight=440 2054 2546 14376 2515 9346 6819 11619 21371 5462 12949 15651 10192 2430 6620 18666 20718 28657 16443 20512 36794 15412 14257 70718 13797 19112 13674 12065 17338 14262 32375
leaf_count=440 2054 2546 14376 2515 9346 6819 11619 21371 5462 12949 15651 10192 2430 6620 18666 20718 28657 16443 20512 36794 15412 14257 70718 13797 19112 13674 12065 17338 14262 32375
internal_value=0.000655982 -0.00424771 0.0232518 -0.00908265 0.0189552 -0.00784868 0.0140999 -0.00515186 0.0034128 -0.0154176 0.0177896 0.00402102 0.00205573 -0.00691777 -0.0110092 0.0135357 -0.020223 0.0061748 0.0222003 -0.00679466 0.0111619 -0.000248982 -0.000877779 -0.00732968 -0.002575 0.0365908 -0.0321334 -0.00533404 -0.00111713 0.00172037
internal_weight=489190 401958 87232 246426 72856 233921 57128 172462 155532 61459 47782 152986 126806 149200 76831 26180 41606 23262 36163 55460 25604 101202 98772 28054 72369 15728 12505 19853 65749 46637
internal_count=489190 401958 87232 246426 72856 233921 57128 172462 155532 61459 47782 152986 126806 149200 76831 26180 41606 23262 36163 55460 25604 101202 98772 28054 72369 15728 12505 19853 65749 46637
cat_boundaries=0 4 8 12 16 20 24 29 33 38 42 46 51 55 59 63 67 71 73 78 82 86
cat_threshold=1073758208 71565344 138536960 704 1073834432 71565409 1251076096 1350572736 1145804232 65542 4462466 327156758 0 71303168 57344 704 3225616456 2684404759 1510326688 134218036 1076978720 1294137928 178282496 83886152 306446908 135321102 872416002 2751725828 2 2298649856 281018372 72687424 34619415 2283811072 1114440 1074925640 1707646000 1 136602112 1310986248 109125640 134742016 304153800 1342218524 11146778 5636112 2290618405 8595604 21106754 152085523 1 43262468 1126570264 1779572740 10464 76682496 1378353153 2183200800 1498471466 6553632 1224916291 2709577748 361234440 2284038208 25897424 1098907669 25364482 134218496 16 33751040 34864 2214592512 24 32 157762 554696832 2281965570 2 2294817827 1376976917 2155876896 2013277185 2383877 4177551392 2826971200 135744
is_linear=0
shrinkage=0.1


Tree=19
num_leaves=31
num_cat=20
split_feature=0 0 9 9 0 0 4 8 9 8 8 8 9 9 3 9 8 8 9 8 9 0 8 9 9 1 3 8 8 4
split_gain=4807.05 1418.53 666.288 657.739 528.155 473.872 393.343 339.786 321.96 286.914 280.329 230.624 217.391 213.223 211.434 272.992 283.276 225.63 207.605 181.036 179.461 176.132 176.022 172.022 170.983 154.395 186.593 154.264 150.86 144.791
threshold=273.00000000000006 63.000000000000007 0 1 -38.999999999999993 705.00000000000011 735.00000000000011 2 3 4 5 6 7 8 6.5000000000000009 9 10 11 12 13 14 873.00000000000011 15 16 17 -14.999999999999998 2.5000000000000004 18 19 135.00000000000003
decision_type=2 2 9 9 2 2 2 9 9 9 9 9 9 9 2 9 9 9 9 9 9 2 9 9 9 8 2 9 9 2
left_child=1 2 19 21 7 6 20 -4 11 -6 18 -3 -12 -9 15 17 24 -11 -10 -1 28 27 -16 -8 -17 26 -15 -2 -5 -14
right_child=3 8 4 5 9 -7 23 13 10 14 12 -13 29 25 22 16 -18 -19 -20 -21 -22 -23 -24 -25 -26 -27 -28 -29 -30 -31
leaf_value=-14.089753488346375 3.5289295988773719 2.8619365495709674 -3.1781650589786881 4.3922499732197826 5.1491788307039856 39.352507854874979 8.0260171517493184 0.72323747492120205 3.0903897044764395 -2.3987498889650567 -14.849917806749517 0.91281778490085519 0.57088094250133004 -3.5134353400271738 -1.5794299219084627 -1.2233880850804753 0.051993976942340231 -0.72031023206598244 0.60899933496584857 -5.1096675987609474 4.7934734859465493 56.092507854874967 1.0917338148436968 1.8574761454742827 -0.21129741687438541 -0.84978894004482886 -2.0028089111458072 -2.5821176159805193 0.86386097113403937 -0.11255532149867237
leaf_weight=6629 2526 8567 13669 3727 4212 11897 5099 9698 9483 15581 1600 13091 11474 9211 13226 16747 57012 19042 21783 10007 22906 1021 32177 11856 16739 17435 22489 6610 5127 88549
leaf_count=6629 2526 8567 13669 3727 4212 11897 5099 9698 9483 15581 1600 13091 11474 9211 13226 16747 57012 19042 21783 10007 22906 1021 32177 11856 16739 17435 22489 6610 5127 88549
internal_value=0.000667634 -0.00340913 -0.00786512 0.0247714 -0.00656062 0.0287156 0.0243508 -0.0137362 0.00419905 -0.00358369 0.00235555 0.0155021 -0.000192359 -0.0104303 -0.00422086 -0.00634226 -0.00345163 -0.0138928 0.0106344 -0.0272318 0.0309162 0.00120488 0.00162434 0.0120525 -0.0107505 -0.0131051 -0.017265 -0.00319615 0.01875 0.00039437
internal_weight=489190 418421 263874 70769 247238 60612 48715 72502 154547 174736 132889 21658 101623 58833 170524 125121 90498 34623 31266 16636 31760 10157 45403 16955 33486 49135 31700 9136 8854 100023
internal_count=489190 418421 263874 70769 247238 60612 48715 72502 154547 174736 132889 21658 101623 58833 170524 125121 90498 34623 31266 16636 31760 10157 45403 16955 33486 49135 31700 9136 8854 100023
cat_boundaries=0 4 8 12 17 21 25 29 33 38 43 47 51 55 59 64 68 73 77 81 85
cat_threshold=16384 71565344 1208088576 2752 1208051912 71565536 1254189088 276830912 293609989 471736776 1082138640 138621184 306446396 2282804746 822084402 2751463684 2 1073807744 8388643 4366208 41943062 2298710336 12583044 74909512 17463 200 2166006147 1073796002 309334531 0 67108864 33579008 704 6363192 1073766082 873332992 2820702466 2 3355980160 268501200 110231648 1551938608 1 67904000 1466579800 679477332 2103328 32768004 2148701440 3248513028 357007936 1150426882 1377828869 2184249344 1091621930 34603009 169869315 268572880 91226840 2147483904 65556 20058304 1209041936 1 4983809 3239650512 680001594 71331848 2360848 2744702472 805306520 2216829184 3 268697600 1806705413 18874496 22626312 2148051020 5440588 80225552 35792918 2281850624 16516 134676480 2434080
is_linear=0
shrinkage=0.1


Tree=20
num_leaves=31
num_cat=22
split_feature=0 0 0 4 9 9 9 9 1 8 0 8 8 8 9 9 10 9 8 9 8 8 0 4 8 9 8 8 8 8
split_gain=4219.32 1234.82 657.779 540.53 449.052 413.212 407.388 338.324 296.026 280.22 271.441 275.238 253.288 226.64 190.288 184.834 175.867 170.335 169.785 166.252 154.673 150.701 150.612 161.631 150.465 142.361 243.114 142.263 138.205 125.067
threshold=273.00000000000006 9.0000000000000018 759.00000000000011 195.00000000000003 0 1 2 3 -44.999999999999993 4 105.00000000000001 5 6 7 8 9 10 11 12 13 14 15 -50.999999999999993 1275.0000000000002 16 17 18 19 20 21
decision_type=2 2 2 2 9 9 9 9 8 9 2 9 9 9 9 9 9 9 9 9 9 9 2 2 9 9 9 9 9 9
left_child=1 4 3 -2 27 -3 28 -7 13 14 25 19 -8 -6 -10 16 -13 18 -11 -12 -18 -19 23 -15 -17 26 -9 -1 -5 -27
right_child=2 5 -4 6 8 7 12 10 9 17 11 15 -14 22 -16 24 20 21 -20 -21 -22 -23 -24 -25 -26 29 -28 -29 -30 -31
leaf_value=0.16365308040992943 3.9142892619269389 -9.0509738398068311 43.817257069387487 -3.6077686786776724 -4.2354832820454016 3.831944091121402 0.46079724645592396 -2.8889140434615763 -0.86511006733602192 -2.359793408560241 3.0605143299226842 0.13728979843516242 4.7227588842402328 -3.4966915123710187 1.096077450766012 -1.1460127539689695 2.1821767464544179 -1.0934909823441459 -0.96797343702912808 0.9738570522265747 0.76003085739011456 -0.19026751284619473 -0.40385417209141983 -0.47454045514067467 0.23347841285276516 -0.57286605626941245 -0.214843456063052 -9.3048685709012329 1.2524517059632503 0.19382091206304608
leaf_weight=1479 12818 4279 11385 4013 10035 8558 6880 11953 6932 10187 7187 13491 28592 16181 13020 10675 6302 19014 16212 12327 7735 47277 16506 5554 40100 19975 27616 10242 7081 75584
leaf_count=1479 12818 4279 11385 4013 10035 8558 6880 11953 6932 10187 7187 13491 28592 16181 13020 10675 6302 19014 16212 12327 7735 47277 16506 5554 40100 19975 27616 10242 7081 75584
internal_value=0.000691347 -0.00312807 0.0232736 0.0190523 -0.00960994 0.00142484 0.0140467 0.00197112 -0.00823163 -0.00542426 0.00125325 0.00526544 0.0192746 -0.0147837 0.00532512 0.00261579 0.00921272 -0.00773786 -0.014531 0.0158881 0.0170463 -0.00503084 -0.0112638 -0.0167357 -0.000961898 -0.00165103 -0.00669421 -0.0285014 -0.00268372 0.000437904
internal_weight=489190 418421 70769 59384 172639 245782 46566 241503 160918 112642 232945 97817 35472 48276 19952 78303 27528 92690 26399 19514 14037 66291 38241 21735 50775 135128 39569 11721 11094 95559
internal_count=489190 418421 70769 59384 172639 245782 46566 241503 160918 112642 232945 97817 35472 48276 19952 78303 27528 92690 26399 19514 14037 66291 38241 21735 50775 135128 39569 11721 11094 95559
cat_boundaries=0 4 8 12 17 21 25 29 33 37 41 43 48 52 56 60 64 68 72 76 80 84 88
cat_threshold=16640 71565344 1208084489 704 0 71303168 59392 704 134310336 71565376 1251043360 1484790480 4456504 21506 805306656 2147483904 2 1145799880 134283270 272996224 41960470 85167425 42467460 1079318272 34620423 1076962337 1227016776 715153432 83886344 17302017 214835648 549463568 100866123 1249903688 545825030 12457042 5378064 10505728 2308082372 83886102 604454919 1443053378 34 3355979809 303235352 32510480 1627916304 1 154140928 3223649672 170919940 20984320 370282500 1132470797 41943616 1360305194 2315780106 3497003266 470302728 18940416 295971333 354313808 1753229316 131136 14966816 1611054914 50372612 352846088 2281726080 1342439424 1318125568 1485093905 39192640 2214765571 3238010902 487030920 67108928 8914176 524288 81920 3146241 69262211 1124077582 357925000 80569388 1225497665 545292306 69206528
is_linear=0
shrinkage=0.1


Tree=21
num_leaves=31
num_cat=23
split_feature=0 0 0 9 0 9 4 3 8 9 8 8 8 9 9 8 8 9 9 8 8 8 9 9 9 9 8 9 9 1
split_gain=3682.16 1137.93 588.852 529.727 487.468 385.376 355.063 324.38 380.067 297.601 269.919 234.011 231.572 203.034 192.44 300.412 187.099 179.547 171.583 170.837 166.855 159.308 149.447 139.768 139.588 130.074 157.81 122.967 117.596 116.196
threshold=303.00000000000006 -26.999999999999996 789.00000000000011 0 93.000000000000014 1 735.00000000000011 2.5000000000000004 2 3 4 5 6 7 8 9 10 11 12 13 14 15 16 17 18 19 20 21 22 21.000000000000004
decision_type=2 2 2 9 2 9 2 2 9 9 9 9 9 9 9 9 9 9 9 9 9 9 9 9 9 9 9 9 9 10
left_child=1 7 3 20 5 -3 21 8 29 11 18 -6 -7 -9 15 -14 17 -16 -11 -15 -2 -5 -8 -10 -21 26 -18 -12 -17 -1
right_child=2 4 -4 6 9 12 22 13 23 10 27 -13 14 19 16 28 25 -19 -20 24 -22 -23 -24 -25 -26 -27 -28 -29 -30 -31
leaf_value=-0.78568379975265268 4.290296432123057 -8.8507600629354837 43.635531362448745 2.4672654332847515 0.043659124253576924 3.611993732502746 7.9187958905361659 -14.974381713811111 -5.6270920322875462 0.36793841701182545 -19.397930442093884 2.2930656896258199 -4.1192236065033647 0.036407980358928428 -1.3234783639781125 0.67640779469784218 -0.71442484557883934 -0.19678279560512024 -1.3225900774591679 -2.9263478855395624 -1.6723939968778838 4.8521612314975417 1.6751126814681641 -1.7769303834193289 -1.001317692460691 0.40035150806621261 0.19723397294198045 0.71195406310991993 -1.4033653561647068 3.3489128366522269
leaf_weight=8365 2011 4967 10481 9487 7961 5586 4179 2543 6223 10269 726 17753 9760 21417 13894 9156 19061 39807 14286 12428 7403 17666 10311 13413 34368 51549 29442 75045 18184 1449
leaf_count=8365 2011 4967 10481 9487 7961 5586 4179 2543 6223 10269 726 17753 9760 21417 13894 9156 19061 39807 14286 12428 7403 17666 10311 13413 34368 51549 29442 75045 18184 1449
internal_value=0.000701363 -0.00258972 0.0235724 0.0191404 0.00026386 -0.0027884 0.0239803 -0.0119145 -0.0207334 0.00514123 0.00268 0.0147372 -0.00209189 -0.00824382 -0.00267967 -0.00914309 -0.00111958 -0.00588055 -0.00642988 -0.00720505 -0.00229202 0.0307314 0.0113458 -0.028759 -0.0105905 0.00143611 -0.00228083 0.00563268 -0.00376234 -0.00464169
internal_weight=489190 427652 61538 51057 327446 201406 41643 100206 29450 126040 100326 25714 196439 70756 190853 37100 153753 53701 24555 68213 9414 27153 14490 19636 46796 100052 48503 75771 27340 9814
internal_count=489190 427652 61538 51057 327446 201406 41643 100206 29450 126040 100326 25714 196439 70756 190853 37100 153753 53701 24555 68213 9414 27153 14490 19636 46796 100052 48503 75771 27340 9814
cat_boundaries=0 4 8 12 17 21 25 29 33 37 41 45 50 54 58 62 66 71 76 81 85 89 93 97
cat_threshold=134310336 71565408 1270966304 276830928 0 71303168 134244352 704 1212403842 549453827 2354841480 8407046 302384180 2282800654 822084354 2751727874 2 15024164 553827585 3238035508 352849992 20210176 1311510536 650321924 134553760 1073812864 8388642 4300736 33554454 16384 71303168 1067008 704 1209562240 393248 1186042400 1342225424 242352128 3289031937 2206212114 470220808 2894340 1227110224 679477276 3184712 44040450 3793750029 0 165216296 1 2353096776 58931328 1083179036 293748748 1074348360 1619297300 138777216 11830324 2148048904 5439564 4195600 35784727 303571460 19159384 2726309892 140511330 263696 2694370824 805306520 2216829184 3 151177056 1342964480 1208041472 1090583264 1 17334528 1881211201 1252102944 1352737800 1 2214625633 1350665105 2151809360 605372423 307265545 2220457984 3254788096 155189792 0 67108864 16384 640 17408 0 3145728 32784
is_linear=0
shrinkage=0.1


Tree=22
num_leaves=31
num_cat=23
split_feature=0 0 0 4 9 0 9 8 8 8 9 9 8 8 1 9 9 8 8 9 8 9 9 8 9 8 8 3 9 8
split_gain=3222.75 917.727 646.647 464.253 438.672 360.264 332.212 283.037 252.719 224.348 222.21 214.22 306.465 200.816 179.97 164.852 161.932 173.553 158.797 148.923 146.768 159.812 142.537 139.976 129.238 124.07 122.657 121.837 141.72 140.365
threshold=279.00000000000006 -32.999999999999993 837.00000000000011 195.00000000000003 0 69.000000000000014 1 2 3 4 5 6 7 8 -74.999999999999986 9 10 11 12 13 14 15 16 17 18 19 20 5.5000000000000009 21 22
decision_type=2 2 2 2 9 2 9 9 9 9 9 9 9 9 8 9 9 9 9 9 9 9 9 9 9 9 9 2 9 9
left_child=1 7 3 23 -3 11 -5 -1 22 15 -9 12 -6 -13 -12 -7 17 -11 -18 25 -15 -22 -8 -2 -10 -20 -26 28 -16 -30
right_child=2 4 -4 6 5 9 8 10 24 16 14 13 -14 20 27 -17 18 -19 19 -21 21 -23 -24 -25 26 -27 -28 -29 29 -31
leaf_value=-3.752033667041927 1.0166707853992762 -9.4170428577539962 44.071978226203868 5.069983479051678 -2.9603942550851485 6.0156565885870066 -6.2584350833992977 0.59504998779685392 0.26111081815746789 0.11433084532966689 -4.1297054309768066 4.619839140252604 -0.51049951578540209 0.26680606751533847 -2.806870458595399 1.4907706660794149 0.51764641361620534 1.5399825155635485 -2.4836787684822506 0.037080619165708838 -1.1641416232136292 -0.13314992349172103 0.81589398799955148 3.6744490899681184 5.3130924280872707 -0.38685844672428404 1.9922581836069639 -0.35087914229708622 -0.14978193396684533 -1.3725187833725079
leaf_weight=13164 2370 5540 9217 12543 12285 3212 3491 11293 8264 15049 15308 4292 38940 40197 8824 10604 47391 17289 6354 36812 13549 70795 4094 10535 6059 9005 12169 17360 13380 9805
leaf_count=13164 2370 5540 9217 12543 12285 3212 3491 11293 8264 15049 15308 4292 38940 40197 8824 10604 47391 17289 6354 36812 13549 70795 4094 10535 6059 9005 12169 17360 13380 9805
internal_value=0.00064617 -0.00263576 0.0207195 0.016903 -0.000212487 0.000262444 0.0122565 -0.0116431 0.00712735 0.00395907 -0.00929324 -0.00272912 -0.0081985 -0.000553775 -0.0115533 0.0160784 0.0026882 0.00883517 0.000690957 -0.00311512 -0.00128742 -0.00365721 -0.00895984 0.0336885 0.011735 -0.0113833 0.0164382 -0.00861776 -0.0122762 -0.00815909
internal_weight=489190 420448 68742 59525 331314 325774 46620 89134 34077 145716 75970 180058 51225 128833 64677 13816 131900 32338 99562 52171 124541 84344 7585 12905 26492 15359 18228 49369 32009 23185
internal_count=489190 420448 68742 59525 331314 325774 46620 89134 34077 145716 75970 180058 51225 128833 64677 13816 131900 32338 99562 52171 124541 84344 7585 12905 26492 15359 18228 49369 32009 23185
cat_boundaries=0 4 9 13 17 21 26 30 34 38 42 47 51 55 60 64 68 72 76 80 84 88 93 97
cat_threshold=0 71303168 59392 704 40109616 2836448776 805307024 2217623808 2 286535173 201990216 1619011664 205656392 2163744 1143130627 595611774 487587848 101824 8388645 1081892738 38797335 7407792 1202882 806256896 2688844034 2 3364413632 302252208 1318061064 1476439056 34865160 67249411 2206228500 490987656 1073807752 8388642 4380608 314572950 337248304 33562632 578814240 2432698680 4459068 2307968582 285474818 2214985734 2 2451988995 1159729224 612573188 134819872 2400325643 309854352 67305536 136604832 1404572034 1344536592 2315321440 1083740208 1 64099394 32901 104660994 151511297 2102304 536875265 2162784 1638432 85002368 1348730897 2317445120 411045994 8389124 16781312 3229614081 8 1208510912 71698496 1099974664 1216351953 1080033316 2214838784 2197823520 285376776 59146498 12648596 1145505280 33876103 2281967680 484507960 1226858576 213712 1 201572608 12582916 139335176 44385844
is_linear=0
shrinkage=0.1


Tree=23
num_leaves=31
num_cat=23
split_feature=0 0 0 9 9 0 4 9 8 8 9 8 8 10 9 9 6 8 9 9 8 8 8 9 9 4 9 8 11 11
split_gain=2814.16 830.399 572.925 454.762 438.076 423.548 298.755 261.207 294.34 261.021 243.949 243.572 235.173 201.554 183.999 178.149 175.087 171.384 169.381 168.389 156.923 150.903 146.313 139.933 136.614 131.558 130.646 126.946 125.586 124.103
threshold=309.00000000000006 -50.999999999999993 873.00000000000011 0 1 111.00000000000001 195.00000000000003 2 3 4 5 6 7 8 9 10 765.50000000000011 11 12 13 14 15 16 17 18 705.00000000000011 19 20 21 22
decision_type=2 2 2 9 9 2 2 9 9 9 9 9 9 9 9 9 2 9 9 9 9 9 9 9 9 2 9 9 9 9
left_child=1 9 4 -3 22 7 -6 8 -5 14 -11 19 18 26 -1 21 -13 -18 -7 -9 -17 -14 -2 -22 -19 -12 -8 -15 -26 -10
right_child=2 3 -4 5 6 12 13 11 29 10 25 16 15 27 -16 20 17 24 -20 -21 23 -23 -24 -25 28 -27 -28 -29 -30 -31
leaf_value=-5.6476839620153374 3.2369215393979007 -17.329773137323429 43.181398403583472 -3.392715177579956 3.5480930339955989 5.0407011059117597 2.0290189297765666 3.268432167732624 0.83462964997131006 -6.4449854647228157 -2.2061957985643788 -0.4017871116570817 0.10078131019374439 4.6665171837277173 0.10684862371274235 0.66712343754556402 -0.38147191810923203 -0.12380532782011572 1.1601197993552845 0.20835782127638114 -1.1070772790320889 1.9744325283798561 -1.83191174017974 0.13931609396858846 -0.017755524757012787 -1.1494131802165459 4.8136796280139666 -1.6941547783090698 0.97173287991546431 -0.98889804924253688
leaf_weight=3578 2646 3456 8423 15480 10145 4113 7507 7037 9788 9437 18023 76655 6599 2613 17501 35943 33776 24818 12112 9638 13426 10124 6978 25200 14756 14246 16472 5085 29451 34164
leaf_count=3578 2646 3456 8423 15480 10145 4113 7507 7037 9788 9437 18023 76655 6599 2613 17501 35943 33776 24818 12112 9638 13426 10124 6978 25200 14756 14246 16472 5085 29451 34164
internal_value=0.000680922 -0.00215142 0.0209917 -0.000331209 0.0170334 1.29444e-05 0.0214573 -0.00220239 -0.00800949 -0.0127777 -0.0173602 -0.000442284 0.0052787 0.0166793 -0.00370098 0.00330551 -0.00151672 0.00118044 0.016369 0.0111148 0.00121281 0.0126307 -0.00221092 -0.00321203 0.00403636 -0.0132145 0.0211951 0.00258173 0.00736934 -0.00383058
internal_weight=489190 429321 59869 366536 51446 363080 41822 255563 59432 62785 41706 196131 107517 31677 21079 91292 179456 102801 16225 16675 74569 16723 9624 38626 69025 32269 23979 7698 44207 43952
internal_count=489190 429321 59869 366536 51446 363080 41822 255563 59432 62785 41706 196131 107517 31677 21079 91292 179456 102801 16225 16675 74569 16723 9624 38626 69025 32269 23979 7698 44207 43952
cat_boundaries=0 4 8 12 16 20 25 29 33 34 38 43 47 52 57 61 65 69 74 79 84 88 90 92
cat_threshold=0 67108864 24576 704 134310336 71565504 1270966304 276830928 3355992256 38010928 1255246849 1350666257 657416 2487378179 2172657680 491208841 3293139144 547389491 141066880 8389686 16827169 1952448832 1210304768 1075880640 1 1073807816 12582951 4628384 314834967 232904 8388773 5576610 34619415 1041501896 1115758656 210305028 2123805 4201153 807665700 2295384646 352321538 67109126 2 3941924 1094086728 545267740 67145768 374738960 33702409 578816288 2970618154 2 382763057 3221377032 2684355360 2819109160 2 2400194563 309936144 69861376 6728864 268722688 337909320 109715460 135110688 2215176200 1079050316 4859232 35784759 10032002 1344536880 2317353024 12096560 1 67144995 1613431680 2147619352 543961092 1 2153254912 1375930421 3150280 1745953795 1 1083874126 302579718 1145438208 134305 2957847306 22 2174827846 24
is_linear=0
shrinkage=0.1


Tree=24
num_leaves=31
num_cat=23
split_feature=0 0 9 0 4 0 8 9 8 9 9 8 4 8 8 9 11 9 9 9 9 8 11 9 9 8 8 8 8 4
split_gain=2509.84 848.531 508.496 431.427 390.133 325.142 301.37 256.41 248.52 241.925 221.653 270.985 218.139 205.468 201.261 182.319 179.831 174.209 169.539 162.557 155.396 141.36 133.391 391.164 258.338 235.092 147.304 134.529 133.272 128.226
threshold=375.00000000000006 57.000000000000007 0 909.00000000000011 735.00000000000011 -68.999999999999986 1 2 3 4 5 6 705.00000000000011 7 8 9 10 11 12 13 14 15 16 17 18 19 20 21 22 45.000000000000007
decision_type=2 2 9 2 2 2 9 9 9 9 9 9 2 9 9 9 9 9 9 9 9 9 9 9 9 9 9 9 9 2
left_child=1 2 -1 4 9 6 -4 8 -3 21 11 -7 -8 18 15 -9 -13 -6 -12 -15 -16 -2 24 28 26 -25 -22 -26 -24 -21
right_child=3 7 5 -5 17 10 12 14 -10 -11 13 16 -14 19 20 -17 -18 -19 -20 29 22 -23 23 25 27 -27 -28 -29 -30 -31
leaf_value=-15.760868259007886 -1.2165932334426488 -0.21053952272187076 -0.503135192712027 41.346640563225129 6.6432009782808681 -3.0410010204847011 -4.3319716815518934 -2.0223729847932361 2.5918140317622163 4.0933112580939932 -1.1492825780467439 -1.950323801683032 -1.951919076671542 9.4147731943281183 -17.144695333151279 0.090369238486246672 0.30679134274016012 -0.38681825680380943 -0.18018066477355277 1.0356545012343532 -0.07823949780095063 2.7312078792463468 -0.86937216030142828 3.7738316757518895 0.19351524383181273 0.87994375082528509 1.9373583520192028 -0.84669493551184516 0.5217971034659058 -0.0027836172923085822
leaf_weight=4956 2349 6503 17584 7822 3680 14687 14587 9911 14000 17778 18680 8409 12056 2079 1152 15127 17208 10458 28386 925 9771 2825 14686 10514 23237 31936 17712 22846 11391 115935
leaf_count=4956 2349 6503 17584 7822 3680 14687 14587 9911 14000 17778 18680 8409 12056 2079 1152 15127 17208 10458 28386 925 9771 2825 14686 10514 23237 31936 17712 22846 11391 115935
internal_value=0.000670292 -0.0016071 -0.00536377 0.0231987 0.0186978 -0.00473526 -0.0125161 0.00347695 0.0140326 0.0267471 -0.00306749 -0.00971871 -0.0192192 -0.00145198 0.00218993 -0.00608033 -0.00350607 0.00563022 -0.00704393 0.000761251 0.00363582 0.00765818 0.00393341 0.00710784 0.000975862 0.0130287 0.00864766 -0.00360033 -0.00253191 0.000266963
internal_weight=489190 444278 255492 44912 37090 250536 44227 188786 20503 22952 206309 40304 26643 166005 168283 25038 25617 14138 47066 118939 143245 5174 142093 68527 73566 42450 27483 46083 26077 116860
internal_count=489190 444278 255492 44912 37090 250536 44227 188786 20503 22952 206309 40304 26643 166005 168283 25038 25617 14138 47066 118939 143245 5174 142093 68527 73566 42450 27483 46083 26077 116860
cat_boundaries=0 4 8 13 17 22 26 30 34 38 43 45 50 55 60 64 68 70 74 79 83 87 91 95
cat_threshold=0 71303168 26624 704 1212747976 551556147 141070976 8388662 1346633788 1104394 822084402 2214592780 2 202761233 1682183176 503390216 201392128 2282250690 38011028 1259552768 268475984 1 1216897280 33816744 1322353665 1082230804 136185856 2483433731 3231723536 155664520 271854084 1093680984 713031700 67113064 6561828 1090957123 50372626 361234504 34608001 1914699792 2317459456 6919776 1 2088271888 3 19138064 555283968 838861208 2485264640 3 2182352896 4026663188 2149580832 225989673 1 538968080 1070082 536871200 2147483904 2 0 67108864 16384 640 109577220 1159762178 2172653617 471204552 2689509914 25 134778944 1080107424 1087508480 1210982418 640718912 3776980160 1083310208 405667874 1 134250752 73416832 5576512 35872823 2449522688 336662672 1946419200 136404992 2526596872 9502772 8781824 137659937 327287368 128 9568292 5552800
is_linear=0
shrinkage=0.1


Tree=25
num_leaves=31
num_cat=23
split_feature=0 0 0 9 9 0 8 4 9 6 8 8 8 9 8 8 9 11 9 9 4 8 8 9 9 8 8 9 8 10
split_gain=2213.47 694.102 454.107 435.482 373.952 255.773 272.71 252.025 237.555 205.925 200.784 187.02 177.349 172.986 219.446 193.764 159.373 152.65 133.175 130.002 129.006 124.023 122.698 121.835 117.428 116.939 114.786 113.693 112.071 110.342
threshold=369.00000000000006 39.000000000000007 975.00000000000011 0 1 -74.999999999999986 2 735.00000000000011 3 751.50000000000011 4 5 6 7 8 9 10 11 12 13 705.00000000000011 14 15 16 17 18 19 20 21 22
decision_type=2 2 2 9 9 2 9 2 9 2 9 9 9 9 9 9 9 9 9 9 2 9 9 9 9 9 9 9 9 9
left_child=1 3 4 12 -2 6 24 22 -3 -10 -7 19 -1 14 -12 23 25 -16 21 -11 27 -13 -6 -15 -5 -17 -9 -8 -19 -20
right_child=2 8 -4 5 7 10 20 26 9 11 13 18 -14 15 17 16 -18 28 29 -21 -22 -23 -24 -25 -26 -27 -28 -29 -30 -31
leaf_value=-0.98163645453731907 -1.0349081892610059 3.6888649858751705 43.811976506902617 3.5052819455628113 2.0579883365318978 6.6769626678402734 -2.073312440633424 -2.0482872839099797 -0.24197357448142826 0.27598719156284091 -2.9797624498115312 0.40678093114859809 -14.128615167592237 1.116145504265456 -2.2416476340587397 -1.1864567409605431 -0.07724559889248353 -1.1111241296098382 0.62819607001681987 2.2048319066836028 -2.1617862460662187 -1.7544128456732118 4.1381568909036677 0.080796367768644836 -1.2610758689990296 -0.51121195079300719 4.9365437347235543 -6.210277821590191 1.061379023911277 -0.011156300771324368
leaf_weight=1971 6100 6817 6723 3073 7840 3126 4948 3241 71710 10225 11758 8094 5373 8671 6520 13007 62130 7028 52667 17645 8624 8806 13853 31549 14697 26970 8214 7589 10667 39554
leaf_count=1971 6100 6817 6723 3073 7840 3126 4948 3241 71710 10225 11758 8094 5373 8671 6520 13007 62130 7028 52667 17645 8624 8806 13853 31549 14697 26970 8214 7589 10667 39554
internal_value=0.000652098 -0.00151426 0.0215386 -0.00536427 0.0174251 -0.00456488 -0.0119198 0.0216087 0.00255338 0.0019527 -0.00298689 0.00422546 -0.0293038 -0.00342774 -0.0096226 -0.00186143 -0.00417707 -0.00417544 0.00235726 0.0115352 -0.0195858 -0.0058013 0.0279514 0.0040169 -0.0027784 -0.00910171 0.00961589 -0.0260708 0.00064671 0.00385283
internal_weight=489190 443219 45971 227701 39248 220357 38931 33148 215518 208701 181426 136991 7344 178300 35973 142327 102107 24215 109121 27870 21161 16900 21693 40220 17770 39977 11455 12537 17695 92221
internal_count=489190 443219 45971 227701 39248 220357 38931 33148 215518 208701 181426 136991 7344 178300 35973 142327 102107 24215 109121 27870 21161 16900 21693 40220 17770 39977 11455 12537 17695 92221
cat_boundaries=0 4 8 12 17 21 25 28 33 37 41 45 47 52 56 60 64 69 73 77 81 85 89 91
cat_threshold=0 71303168 134244352 704 134310336 71567552 1266907136 276830912 1078542540 547361843 6984320 8388790 262200 20490 805306368 2147483904 2 1073807488 8454176 4200320 41943062 134454592 8454820 1078794112 35667991 134217792 13107200 67108864 1208508800 262320 1188139041 1887545360 1 136316934 2487398657 2292211760 474431496 188924170 406880263 68665376 268911744 2158007330 1914896653 2097216 151536681 2115534992 2 100709506 67371008 1115945256 1082166976 1 136857856 235284752 143709256 26051073 2239783428 6321216 101711994 4594728 312025092 52713752 2994741252 138480928 2162201648 26235398 555745282 151520256 2 50 1090540608 536870914 680624402 3670532 1076112016 1652555798 17840136 6627876 3374508608 1117790234 83894280 2257584390 8225 2151678068 2350399802 298115328 721961984 1376288832 14593 979110952 24
is_linear=0
shrinkage=0.1


Tree=26
num_leaves=31
num_cat=22
split_feature=0 0 9 0 9 2 0 9 8 9 4 6 3 9 8 8 9 8 8 9 10 8 9 8 8 9 9 10 9 9
split_gain=1992.47 690.971 495.224 364.131 357.536 292.274 257.872 250.419 232.478 203.857 203.107 193.067 211.762 215.275 202.897 189.243 188.36 172.899 170.621 157.449 156.775 153.91 137.439 135.704 131.814 130.091 126.914 122.057 122.986 112.299
threshold=435.00000000000006 93.000000000000014 0 987.00000000000011 1 -50.999999999999993 -92.999999999999986 2 3 4 735.00000000000011 451.50000000000006 6.5000000000000009 5 6 7 8 9 10 11 12 13 14 15 16 17 18 19 20 21
decision_type=2 2 9 2 9 8 2 9 9 9 2 2 2 9 9 9 9 9 9 9 9 9 9 9 9 9 9 9 9 9
left_child=1 2 -1 4 23 6 -4 -7 9 -3 -6 26 13 14 -13 19 21 -8 25 -15 -16 -10 -20 -2 -14 -18 -9 -26 -29 -17
right_child=3 8 5 -5 10 7 17 11 16 -11 -12 12 24 15 20 29 18 -19 22 -21 -22 -23 -24 -25 27 -27 -28 28 -30 -31
leaf_value=-18.649539633847272 3.7590320274003122 -0.067351342838838951 -6.1015176210931692 40.030778856212351 3.8265696149001998 10.48707917326403 -1.813986694670797 -2.8307249075440013 0.099880545417548205 3.0181562215973985 3.7357542503770844 -3.0156922222953573 -1.3657295301982326 0.024797958036718984 -1.0703401866971622 0.61825794408755963 1.125477331023268 -0.18248760839344227 -2.4164211860043907 -1.1931167556239417 1.3574784827321942 1.9327265968831853 -0.16817848601705948 -2.9052662746740339 2.2367594327082885 0.061065898365754379 -0.50652682763069368 -1.8388970220506551 1.1505238980081913 -0.070060773915663788
leaf_weight=3610 1880 6241 12632 6529 15234 2307 10399 6417 9911 13923 7656 12852 9418 9972 17335 16523 24547 25252 4871 14647 5889 14854 44012 3508 24311 34412 14905 9451 17713 87979
leaf_count=3610 1880 6241 12632 6529 15234 2307 10399 6417 9911 13923 7656 12852 9418 9972 17335 16523 24547 25252 4871 14647 5889 14854 44012 3508 24311 34412 14905 9451 17713 87979
internal_value=0.000616121 -0.00115024 -0.00392557 0.0236748 0.0187602 -0.00347872 -0.010601 -0.00210176 0.00432903 0.0143303 0.0242096 -0.00240803 -0.00155027 -0.00340835 -0.0102367 -0.00149964 0.00280696 -0.00625088 0.00100045 -0.00938528 -0.00465266 0.01067 -0.00336756 -0.00442757 0.00349055 0.00462192 -0.0115045 0.00548024 0.000872157 0.00035881
internal_weight=489190 454383 301612 34807 28278 298002 48283 249719 152771 20164 22890 247412 226090 165197 36076 129121 132607 35651 107842 24619 23224 24765 48883 5388 60893 58959 21322 51475 27164 104502
internal_count=489190 454383 301612 34807 28278 298002 48283 249719 152771 20164 22890 247412 226090 165197 36076 129121 132607 35651 107842 24619 23224 24765 48883 5388 60893 58959 21322 51475 27164 104502
cat_boundaries=0 4 8 13 17 21 25 29 33 38 42 46 50 52 56 60 64 68 73 77 79 83 87
cat_threshold=0 67108864 24576 704 135882952 71567424 1259554816 276830928 16 16384 536871168 2147483904 2 40392 12583076 5709728 37765143 2818687456 671353104 1208013826 145310209 2282320064 272957664 1216579601 75533329 448137226 2214723651 3229769824 403832969 50864704 1935938384 578820284 6291488 270795316 2832260098 822083730 2751463686 2 272105988 1145188608 2173313072 107147400 2400321539 439959552 2491940872 3452064 1417711118 1739012 2151679110 537133096 236422154 26 36069906 438639384 75505676 1089568 25169920 337641736 2315296777 557632 2491720270 1133577280 71434258 35654754 279552 1745454312 612899162 21000456 127016968 1359479500 2281701380 3133481 1 136388620 306459748 1227950208 1208008731 588004106 24 143278182 3263168960 135240 1092183081 558892074 536886286 353374242 1358962688
is_linear=0
shrinkage=0.1


Tree=27
num_leaves=31
num_cat=24
split_feature=0 0 9 0 4 8 8 9 4 6 8 9 11 8 9 9 8 9 9 9 9 11 8 9 8 9 11 9 9 11
split_gain=1764.09 648.438 512.652 371.704 365.637 272.512 249.338 247.51 245.732 210.032 206.645 214.726 215.832 205.736 203.229 197.722 189.826 208.125 165.553 158.714 154.766 151.186 189.426 151.085 149.365 138.108 148.808 138.097 137.227 126.398
threshold=225.00000000000003 1035.0000000000002 0 -56.999999999999993 195.00000000000003 1 2 3 45.000000000000007 638.50000000000011 4 5 6 7 8 9 10 11 12 13 14 15 16 17 18 19 20 21 22 23
decision_type=2 2 9 2 2 9 9 9 2 2 9 9 9 9 9 9 9 9 9 9 9 9 9 9 9 9 9 9 9 9
left_child=2 4 -1 6 13 15 -4 -5 -9 24 18 21 -13 20 29 -6 27 -18 -11 -8 -2 -12 -23 -24 -10 26 -26 -14 -16 -7
right_child=1 -3 3 7 5 14 19 8 9 10 11 12 16 -15 28 -17 17 -19 -20 -21 -22 22 23 -25 25 -27 -28 -29 -30 -31
leaf_value=-17.470751959560058 -0.096994528612833628 40.227700970591115 -0.29072628799408518 13.094524184466984 0.46269963405292458 5.3281705671893071 -5.4911263838829498 1.3925287514169995 0.22930581097353767 -1.4759772166920389 -0.92891794495964108 -1.2848599354625039 -0.29489868207203607 2.5695283803167501 -7.6113634716143999 4.3306973335522603 2.7368384911081467 0.53652541519499808 -0.2496303142865145 -1.4843701318021056 1.5997270482038743 1.0163059880437666 1.6867640537727724 -1.0588663381865659 1.1076821836299773 -0.44069680534420713 -2.5951698851754141 0.36627691283830899 0.33181363963948346 0.39911295733463137
leaf_weight=3681 4085 5901 22356 2612 4984 6353 8294 1859 20027 9346 23354 9995 28265 9230 1914 11168 13892 47672 43942 24372 5010 15572 2911 13373 1980 60095 12417 33109 37669 3752
leaf_count=3681 4085 5901 22356 2612 4984 6353 8294 1859 20027 9346 23354 9995 28265 9230 1914 11168 13892 47672 43942 24372 5010 15572 2911 13373 1980 60095 12417 33109 37669 3752
internal_value=0.0005689 0.0132103 -0.00228375 -0.0019374 0.0109636 0.00748633 -0.00956345 -0.000704863 -0.000942369 -0.00114303 0.000421445 0.00197844 0.00415554 0.023457 0.00381504 0.0187662 0.00530468 0.00922792 -0.00507524 -0.0151304 0.0127348 -0.00326331 0.0012176 -0.00632135 -0.00513918 -0.00719981 -0.0159957 0.00136843 0.000582174 0.0164656
internal_weight=489190 90066 399124 395443 84165 65840 55022 340421 337809 335950 241431 188143 132933 18325 49688 16152 122938 61564 53288 32666 9095 55210 31856 16284 94519 74492 14397 61374 39583 10105
internal_count=489190 90066 399124 395443 84165 65840 55022 340421 337809 335950 241431 188143 132933 18325 49688 16152 122938 61564 53288 32666 9095 55210 31856 16284 94519 74492 14397 61374 39583 10105
cat_boundaries=0 4 8 12 17 21 25 27 31 36 40 44 48 52 56 61 63 67 71 75 79 80 85 89 91
cat_threshold=0 67108864 24576 640 2147654080 12583076 72619904 34005015 3288928456 551551027 139170432 8389686 16 16386 536870912 2147483904 2 21766180 1227280449 562044980 356516008 151576770 1081409792 1216515081 142706705 2152312834 20 293863950 154144768 3632267333 134456584 308544560 2308101130 536871060 2751545604 2 2281728032 159856800 1134596 679512659 305186304 2216177436 167772162 146113088 81003048 268580389 319881250 620762216 58851456 1086324745 169973792 1496457312 1124090657 1344274912 1211308288 1344316496 134775040 159449104 33685568 138446896 1 2088243840 2 3557982272 14155928 241614850 36999680 134217728 0 1073741824 134285312 1107312704 25968710 4508608 33916470 1343569964 809637940 190840960 805345353 67903810 2261916928 268576276 2148532484 18354240 1 8388736 67108864 167796736 276824768 235963457 13
is_linear=0
shrinkage=0.1


Tree=28
num_leaves=31
num_cat=24
split_feature=0 9 0 0 9 6 8 9 9 1 4 11 9 9 10 8 8 11 9 8 9 8 8 9 9 11 11 9 9 8
split_gain=1623.99 535.562 484.639 383.33 316.447 208.245 206.219 266.232 186.653 175.681 173.437 159.584 297.88 223.027 183.41 162.915 155.039 153.778 163.589 188.908 148.384 146.603 142.794 134.403 130.906 122.013 113.164 120.884 112.335 112.211
threshold=435.00000000000006 0 15.000000000000002 1101.0000000000002 1 751.50000000000011 2 3 4 75.000000000000014 465.00000000000006 5 6 7 8 9 10 11 12 13 14 15 16 17 18 19 20 21 22 23
decision_type=2 9 2 2 9 2 9 9 9 10 2 9 9 9 9 9 9 9 9 9 9 9 9 9 9 9 9 9 9 9
left_child=1 -1 6 4 29 20 7 -3 -7 11 -6 12 25 21 15 -15 -10 24 19 -19 -4 -13 -20 -17 -18 -8 -22 -28 -16 -2
right_child=3 2 5 -5 10 8 9 -9 16 -11 -12 13 -14 14 28 23 17 18 22 -21 26 -23 -24 -25 -26 -27 27 -29 -30 -31
leaf_value=-13.366486990744114 -5.2303954172731331 -2.7184823307400734 1.0355140651856005 39.804930873532001 3.2443790576425613 2.3676628945442588 0.20390618490717644 -0.4087281695862906 -0.51092693056383287 4.0378100269919077 3.6160606702761244 0.89978929669940655 0.69281714492055291 -2.0593963662618622 -1.1044885681837688 -0.082980647420399484 0.78741889124692654 -0.56376088767180477 2.2127327419989187 0.85310583869016343 0.10648025303007246 -0.29217940256047009 0.48979777371332323 -1.4877320599831052 -1.2062486307718487 -1.5090837477679575 -4.0361051555515237 -0.45169198230995422 0.2233333317758609 1.225823684646838
leaf_weight=5057 2017 11051 10226 5318 10985 13269 6312 15137 22834 4194 12925 10699 26289 19017 14866 13886 8928 20965 19498 23283 34338 20183 51295 13735 13844 10133 4187 44643 16514 3562
leaf_count=5057 2017 11051 10226 5318 10985 13269 6312 15137 22834 4194 12925 10699 26289 19017 14866 13886 8928 20965 19498 23283 34338 20183 51295 13735 13844 10133 4187 44643 16514 3562
internal_value=0.000521474 -0.00107321 -0.000708601 0.0213391 0.0168826 0.00200142 -0.0046886 -0.0128979 0.00404678 -0.00330792 0.0218813 -0.00386655 0.00131246 -0.00589845 -0.00874558 -0.0127229 0.00310444 0.00436901 0.00585523 0.00108455 -0.0018074 0.00129483 0.00883649 -0.00781188 -0.00313844 -0.00924035 -0.00320517 -0.00629812 -0.00283211 -0.00457148
internal_weight=489190 454383 449326 34807 29489 267310 182016 26188 173916 155828 23910 151634 42734 108900 78018 46638 160647 137813 115041 44248 93394 30882 70793 27621 22772 16445 83168 48830 31380 5579
internal_count=489190 454383 449326 34807 29489 267310 182016 26188 173916 155828 23910 151634 42734 108900 78018 46638 160647 137813 115041 44248 93394 30882 70793 27621 22772 16445 83168 48830 31380 5579
cat_boundaries=0 4 8 12 16 21 23 27 31 33 37 41 43 48 52 57 61 65 70 75 77 78 82 86 90
cat_threshold=0 67108864 24576 704 134834632 340002880 3406915584 8391376 3411461 1140992576 545269874 88216008 49664 1342702036 170104864 1154258984 270798876 23586 822346162 2214592780 2 1195546885 13 210272419 2432836368 149947400 680069137 71598118 2432869056 539754528 2888599812 2488501828 18 503848962 2455818497 2281833988 167865346 40133156 1629915721 595591216 360710152 2689118726 19 2282283072 3227779200 1083316289 1209051154 1 294650186 2214613250 3289559044 5687456 633867826 2149206090 805438216 2688549120 2 1241710664 2857111555 3221541248 34865714 134316362 2 2488768320 1453191 301999625 538968341 1251021126 268505115 1 2252433729 1235484880 1083375680 402685986 1 50469120 8 1217794498 278540 268435584 136380416 36864 1242039040 49348916 75497477 9265 2163744 69266179 2332037129 357909000
is_linear=0
shrinkage=0.1


Tree=29
num_leaves=31
num_cat=22
split_feature=0 9 0 0 9 1 8 9 8 8 9 4 6 3 9 8 9 11 4 8 9 9 9 8 9 8 10 8 8 8
split_gain=1429.04 487.19 437.991 398.997 260.207 248.178 212.53 186.575 211.154 189.824 181.661 162.298 161.581 174.951 163.523 203.47 150.699 132.915 128.64 159.895 272.112 122.825 120.847 158.504 120.408 118.114 117.539 126.472 115.141 109.967
threshold=435.00000000000006 0 123.00000000000001 1101.0000000000002 1 -74.999999999999986 2 3 4 5 6 735.00000000000011 451.50000000000006 6.5000000000000009 7 8 9 10 75.000000000000014 11 12 13 14 15 16 17 18 19 20 21
decision_type=2 9 2 2 9 8 9 9 9 9 9 2 2 2 9 9 9 9 2 9 9 9 9 9 9 9 9 9 9 9
left_child=1 -1 5 4 -2 6 -3 9 24 -4 -7 -6 21 14 15 -14 -8 -15 29 20 -20 -12 23 -21 -9 -10 27 -17 -28 -16
right_child=3 2 7 -5 11 10 16 8 25 -11 12 -13 13 17 18 26 -18 -19 19 22 -22 -23 -24 -25 -26 -27 28 -29 -30 -31
leaf_value=-14.277825875300463 -1.2163989784480806 -5.4117677683915542 3.0961811033879232 35.824437786178805 2.9616026112528573 7.9801110349217685 1.1246031084321941 2.685436183179553 -4.0919658642432823 0.86933509701681411 -2.3850956825547667 2.8856663748827884 -3.2041368412232316 2.2173205950831454 0.045342300785132753 -2.1834234915131101 -1.3535309526694459 0.061654721864540823 -2.9379736762371365 2.1142059265290523 -0.26942532695671684 -0.40813751265192999 -0.097341209403012385 0.12643710140249007 0.6883243054497229 0.11079638659475109 2.4424585282350586 -0.13999287866152174 -1.0296140227937756 2.2106182879510272
leaf_weight=4013 4728 6442 5906 5318 16382 2547 5446 7172 3154 14497 7121 8379 7890 21422 2157 10434 23580 49627 5322 6017 31413 16830 93908 16808 13957 77156 4230 11152 4399 1783
leaf_count=4013 4728 6442 5906 5318 16382 2547 5446 7172 3154 14497 7121 8379 7890 21422 2157 10434 23580 49627 5322 6017 31413 16830 93908 16808 13957 77156 4230 11152 4399 1783
internal_value=0.000483657 -0.00101225 -0.00070274 0.0200118 0.0154651 -0.00260191 -0.0105024 0.00441802 0.00266193 0.0131411 -0.00164574 0.0195652 -0.0018792 -0.00117234 -0.0027167 -0.00859373 -0.00684667 0.00307745 -0.00129337 -0.00175151 -0.00750442 -0.00974698 5.95325e-05 0.00658419 0.0115545 0.000321215 -0.00485525 -0.00879793 0.00500637 0.0165482
internal_weight=489190 454383 450370 34807 29489 328528 35468 121842 101439 20403 293060 24761 290513 266562 195513 38105 29026 71049 157408 153468 36735 23951 116733 22825 21129 80310 30215 21586 8629 3940
internal_count=489190 454383 450370 34807 29489 328528 35468 121842 101439 20403 293060 24761 290513 266562 195513 38105 29026 71049 157408 153468 36735 23951 116733 22825 21129 80310 30215 21586 8629 3940
cat_boundaries=0 4 8 12 17 21 25 30 34 38 43 45 49 53 57 61 65 69 73 75 79 83 87
cat_threshold=0 67108864 24576 640 134834632 71567424 3407046656 8395456 16785921 411705664 29500936 121813066 268697660 139643394 822084402 3019901190 2 2165479680 46137380 73340160 34750615 134218952 1212803 1207964578 325063239 536870928 16384 570425376 2147483904 2 3355996352 4456672 1216547857 209814597 44303368 339742723 8429636 269779072 3294666806 2148948050 541065218 2281701634 2 1291983239 9 140255328 1260782080 2861574158 5243488 50331649 268440064 2101320 1078986776 136388620 4469796 1227950288 1224769627 30477866 136322059 352322304 1078994970 3221232640 541840 4441472 35659797 76681730 3534230537 178258048 22549608 32 537167872 16810018 92274696 236946506 3 268452354 2150244612 1343623168 134415905 1073920 2158044416 470286344 136381984 83886085 288358400 1744838656 769
is_linear=0
shrinkage=0.1


Tree=30
num_leaves=31
num_cat=22
split_feature=0 9 0 0 9 0 8 8 9 8 8 8 11 4 11 8 9 9 9 8 4 8 9 9 3 9 6 9 8 9
split_gain=1248.31 429.941 396.592 385.605 246.738 221.517 225.969 200.165 183.13 209.04 178.406 168.186 152.301 139.554 144.451 263.466 194.199 155.046 123.394 120.806 121.388 115.449 111.605 109.507 107.269 169.926 108.917 107.262 106.313 86.8079
threshold=441.00000000000006 0 1119.0000000000002 69.000000000000014 1 -92.999999999999986 2 3 4 5 6 7 8 45.000000000000007 9 10 11 12 13 14 75.000000000000014 15 16 17 2.5000000000000004 18 426.50000000000006 19 20 21
decision_type=2 9 2 2 9 2 9 9 9 9 9 9 9 2 9 9 9 9 9 9 2 9 9 9 2 9 2 9 9 9
left_child=1 -1 4 5 -2 6 -3 -7 9 29 23 -6 -11 -12 15 18 -16 -17 -15 22 -21 -14 -10 -5 25 -22 -26 -8 -27 -9
right_child=2 3 -4 10 11 7 27 8 19 12 13 -13 21 14 16 17 -18 -19 -20 20 24 -23 -24 -25 26 28 -28 -29 -30 -31
leaf_value=-12.599298543896431 3.4529827885031241 -0.45263208025545509 33.441994007560929 7.7233824580253838 -2.0907976511023549 6.4768015333710771 -6.9201568133357316 1.012649484732814 1.3725945219161879 1.2339654369554545 2.0000537367310076 2.0439154772613963 -4.8203266560946414 -0.58943591035923082 2.0739425177660737 2.9429517620389434 0.27302659795140016 -0.15489532073792989 -4.2853891430390547 0.94776375668326629 -1.1432786829351682 -2.4192442319273599 0.087233103239530513 1.4783799955675647 -1.5532035061784655 -0.39147422416278915 -0.050658923803084122 -2.7755265570392105 0.082424610080863658 -1.0938244904264955
leaf_weight=4136 11370 16205 5145 3038 4125 3717 5908 8402 7749 1968 1011 13248 2299 5229 9640 8580 107452 37106 6245 2899 7442 19422 39404 3691 5749 17254 97167 9652 13442 10495
leaf_count=4136 11370 16205 5145 3038 4125 3717 5908 8402 7749 1968 1011 13248 2299 5229 9640 8580 107452 37106 6245 2899 7442 19422 39404 3691 5749 17254 97167 9652 13442 10495
internal_value=0.00041395 -0.000964195 0.01893 -0.000669583 0.0143531 -0.00307348 -0.0109161 -0.00202414 -0.00239065 -0.00832003 0.00288584 0.00684289 -0.0145766 0.0022716 0.00205679 -0.00206402 0.00406825 0.00133929 -0.0156043 -0.00106898 -0.00250794 -0.0169919 0.00332358 0.0188529 -0.00292441 -0.00745451 -0.00124568 -0.0195183 -0.00416205 -0.00047337
internal_weight=489190 455302 33888 451166 28743 269174 31765 237409 233692 42586 181992 17373 23689 175263 174252 57160 117092 45686 11474 191106 143953 21721 47153 6729 141054 38138 102916 15560 30696 18897
internal_count=489190 455302 33888 451166 28743 269174 31765 237409 233692 42586 181992 17373 23689 175263 174252 57160 117092 45686 11474 191106 143953 21721 47153 6729 141054 38138 102916 15560 30696 18897
cat_boundaries=0 4 8 12 16 20 24 28 32 34 36 40 44 49 54 58 62 67 72 76 81 85 89
cat_threshold=0 67108864 57344 640 335938580 697403136 805307156 2217632000 1212760264 547377203 1080726180 8388628 1073811584 8454176 4200320 22 1208508608 4456480 1254169377 1350613073 2458427907 592970772 168298568 45091104 1472 8388609 4202368 37748759 2949152 1143384835 1132462169 475037704 2281808130 16 2286464530 19 2164449312 219423104 16777284 210629128 305398285 303566854 3627024400 268439596 1086335026 16940035 25297090 2702180610 3 2147508736 1747714052 276824172 825346050 1 134367561 805339143 68665378 277169537 4194312 2129920 2432704514 83886088 2227179568 1098995722 555220994 151519488 2 337117209 33554440 2717909792 2415925608 2 2213581057 805307776 20054146 604241920 150994944 2015462276 1211304192 1348497512 1 2491678724 3307622536 2147483660 1081376 16448 0 65568 38993
is_linear=0
shrinkage=0.1


Tree=31
num_leaves=31
num_cat=23
split_feature=0 0 9 8 9 0 9 0 9 11 11 8 8 9 8 4 8 3 9 8 6 11 9 8 8 8 9 9 9 9
split_gain=1111.04 513.425 346.413 237.961 273.755 222.007 218.179 254.41 194.9 174.572 160.033 158.775 155.346 148.871 146.592 141.026 118.429 112.943 215.698 216.44 161.494 151.416 346.146 303.943 256.352 175.501 170.672 110.099 108.1 105.919
threshold=651.00000000000011 177.00000000000003 0 1 2 1191.0000000000002 3 -80.999999999999986 4 5 6 7 8 9 10 45.000000000000007 11 1.5000000000000002 12 13 435.50000000000006 14 15 16 17 18 19 20 21 22
decision_type=2 2 9 9 9 2 9 2 9 9 9 9 9 9 9 2 9 2 9 9 2 9 9 9 9 9 9 9 9 9
left_child=1 2 12 10 -5 8 -4 9 -2 27 -3 -11 -1 -12 -9 -16 29 18 -17 -20 -19 22 24 -23 -22 -24 -25 -8 -27 -6
right_child=5 3 6 4 16 -7 7 14 -10 11 13 -13 -14 -15 15 17 -18 20 19 -21 21 23 25 26 -26 28 -28 -29 -30 -31
leaf_value=-0.74596812713241434 -2.1126385264060903 1.2380465361257991 8.12468108502134 3.0643273392084356 3.2386895867959993 37.297794606804835 -2.4040041509753038 4.8399831064493739 3.985005329449439 -5.9522036339150297 -2.2422382608317721 -1.6888634733440822 -7.6886928924261442 -0.14902768491617735 0.95556642500938238 0.1215127450209252 0.41046169699016277 -1.3114586080293889 -1.018153047365973 -0.20088940939237362 1.1733737938353592 0.70379983618292996 -0.35021432493234883 0.040230414525195358 -1.2205727847183483 2.0662030515733814 -1.3033645466006709 1.8211316064012451 0.71964004071908227 1.0061668842262861
leaf_weight=4235 2165 5287 3307 10274 5353 4423 2548 3588 9273 5580 5654 21845 7054 8088 1810 27421 51642 13745 13694 42946 10993 28956 16906 26536 27725 19663 44600 4532 45409 13938
leaf_count=4235 2165 5287 3307 10274 5353 4423 2548 3588 9273 5580 5654 21845 7054 8088 1810 27421 51642 13745 13694 42946 10993 28956 16906 26536 27725 19663 44600 4532 45409 13938
internal_value=0.000373475 -0.000498913 -0.00220602 0.00585518 0.00821318 0.0264075 -0.00166743 -0.00190359 0.0190505 -0.0100667 -0.00420978 -0.0136778 -0.0194486 -0.00989674 -0.00103428 -0.00125962 0.0060013 -0.00141779 -0.00456276 -0.0080865 -0.000290577 0.00036415 0.00274883 -0.00251144 -0.00504286 0.00642899 -0.00602704 0.00393512 0.00878738 0.0126859
internal_weight=489190 473329 373093 100236 81207 15861 361804 358497 11438 34505 19029 27425 11289 13742 323992 320404 70933 318594 84061 56640 234533 220788 120696 100092 38718 81978 71136 7080 65072 19291
internal_count=489190 473329 373093 100236 81207 15861 361804 358497 11438 34505 19029 27425 11289 13742 323992 320404 70933 318594 84061 56640 234533 220788 120696 100092 38718 81978 71136 7080 65072 19291
cat_boundaries=0 4 8 13 18 22 24 26 30 34 39 43 47 52 56 58 62 66 70 74 78 82 86 91
cat_threshold=0 71303168 134278144 704 2957876 1140890440 27287625 218693640 303304728 1343280650 838861360 2483028228 2 536870928 16384 536870912 2147483904 2 135882952 2048 1261524994 679484112 1094957457 29 2803077123 24 352329729 154829124 109060434 6777344 135266368 13107201 67108880 512 268566536 1881408338 2317353024 31330400 1 1073742848 8388640 4198272 22 3355611392 281870468 5707136 33702935 4203535 2192285716 8126576 136314890 1 20447340 1275071234 2432827448 373699616 1192369607 9 1207992384 1075913265 44307248 1219243011 2241992960 35464 720908 22320321 42516995 335692116 2316791840 35783744 23790115 272796169 411574282 93061192 474186061 553755154 278921224 1476526119 67109348 3145868272 1075838988 536958977 78664238 136262 1359020226 558927912 75637281 2183135237 2159020288 1091706026 1
is_linear=0
shrinkage=0.1


Tree=32
num_leaves=31
num_cat=23
split_feature=0 0 9 0 2 0 8 9 9 9 9 8 9 9 11 8 8 4 11 9 8 8 4 8 8 9 9 9 8 9
split_gain=965.08 420.808 315.316 228.637 217.65 210.985 204.742 233.094 170.918 168.839 167.941 157.317 120.346 119.087 166.108 233.423 186.463 109.744 111.95 227.279 116.061 106.76 106.467 139.914 104.042 115.814 108.758 97.4877 96.5507 86.5869
threshold=651.00000000000011 159.00000000000003 0 1215.0000000000002 -38.999999999999993 -122.99999999999999 1 2 3 4 5 6 7 8 9 10 11 75.000000000000014 12 13 14 15 135.00000000000003 16 17 18 19 20 21 22
decision_type=2 2 9 2 8 2 9 9 9 9 9 9 9 9 9 9 9 2 9 9 9 9 2 9 9 9 9 9 9 9
left_child=1 2 -1 9 5 -4 8 -8 -3 -2 -6 -7 -13 14 15 -12 -16 21 19 -19 27 -15 23 -9 26 -26 -24 -20 -21 -22
right_child=3 6 4 -5 10 11 7 22 -10 -11 13 12 -14 17 16 -17 -18 18 20 28 29 -23 24 -25 25 -27 -28 -29 -30 -31
leaf_value=-11.343369875191442 -1.9153668538756621 -2.2962928787689236 -6.1817949990691687 38.359324146124337 8.386216834219832 -2.9983803926846422 2.6667852445349269 0.11151046358630766 0.10329562104573142 3.6405338948472039 -3.5913372214549568 -1.0852834284706945 -0.034695712359688005 -0.04540614263242683 2.8278074982417118 -0.38172239189827406 -0.77254545178915224 -2.915505389052464 2.1383149954655196 -1.3090250749421593 -0.494779283846768 1.8763651925865403 -1.7912667974828254 1.4559336160699416 -0.092337984028425718 1.3101844062933481 0.21092789674410711 0.19602964332400746 0.3774218805204253 0.043691830563767554
leaf_weight=3436 2159 4789 9395 4108 2548 4273 12692 4884 16709 9594 8563 12457 38471 1994 6414 11758 16766 8998 10373 7456 34686 2212 3996 5543 13201 24759 25719 19208 17948 144081
leaf_count=3436 2159 4789 9395 4108 2548 4273 12692 4884 16709 9594 8563 12457 38471 1994 6414 11758 16766 8998 10373 7456 34686 2212 3996 5543 13201 24759 25719 19208 17948 144081
internal_value=0.000340563 -0.000472504 -0.00213538 0.0246044 -0.00184516 -0.00709951 0.0048739 0.00695124 -0.00390087 0.0175062 -0.000686848 -0.00474176 -0.00319212 -0.000911463 -0.00573533 -0.0123334 5.17464e-05 -6.15469e-05 -0.000339032 -0.00562304 0.000533697 0.0159534 0.00490706 0.0143138 0.00345844 0.00692652 -0.000973928 0.0063347 -0.000783033 -0.000426509
internal_weight=489190 473329 361037 15861 357601 64596 112292 90794 21498 11753 293005 55201 50928 290457 43501 20321 23180 246956 242750 34402 208348 4206 78102 10427 67675 37960 29715 29581 25404 178767
internal_count=489190 473329 361037 15861 357601 64596 112292 90794 21498 11753 293005 55201 50928 290457 43501 20321 23180 246956 242750 34402 208348 4206 78102 10427 67675 37960 29715 29581 25404 178767
cat_boundaries=0 4 8 13 18 22 27 31 35 39 40 44 48 50 54 58 62 66 70 74 78 82 86 90
cat_threshold=0 67108864 24576 640 2957872 1157929800 52469833 218628104 303304760 806409738 840958640 2483028228 2 335544832 1882194432 2317352968 13668424 1 134834632 268699648 1261524994 545266384 16 16384 536871168 2147483904 2 2097696 1073872896 2709659696 235012232 302825860 272638000 1290931328 18876513 142631104 2186543136 1216419889 8422401 1958216841 1607176 69349395 402792544 152438440 144211970 77672448 38273032 151258800 2687083058 18 34767872 813925121 35651588 3086336 1074267400 71 1112000032 42093911 83886085 3145728 1744830464 769 2474639366 405954560 2684354564 270593 4194309 2283414545 3901227062 274805472 2299118016 73672752 1077987394 142647952 8421763 2248147248 147464 1074282656 2152731169 17502221 303038976 956307458 2325758026 1293034978 2994733060 1380352 2253394209 139 53609034 1476409416
is_linear=0
shrinkage=0.1


Tree=33
num_leaves=31
num_cat=20
split_feature=0 0 0 8 9 8 9 6 8 6 9 8 10 9 9 9 4 9 9 4 8 9 9 3 0 8 8 3 11 9
split_gain=854.433 391.174 304.336 216.524 206.316 202.51 198.423 159.97 153.382 147.332 161.95 160.868 154.101 129.048 126.908 116.178 118.595 114.414 106.86 104.637 99.2008 108.068 96.8891 93.9353 93.029 104.485 94.9343 89.3532 86.8954 165.712
threshold=375.00000000000006 1233.0000000000002 -26.999999999999996 0 1 2 3 765.50000000000011 4 1113.5000000000002 5 6 7 8 9 10 135.00000000000003 11 12 195.00000000000003 13 14 15 6.5000000000000009 -122.99999999999999 16 17 7.5000000000000009 18 19
decision_type=2 2 2 9 9 9 9 2 9 2 9 9 9 9 9 9 2 9 9 2 9 9 9 2 2 9 9 2 9 9
left_child=2 3 4 18 27 -4 -5 15 -6 11 -11 17 13 -12 -13 -7 -17 -9 -2 -8 21 -18 -10 -16 26 -26 -24 -1 29 -22
right_child=1 -3 5 6 8 7 19 9 22 10 12 14 -14 -15 23 16 20 -19 -20 -21 28 -23 24 -25 25 -27 -28 -29 -30 -31
leaf_value=-8.0614116417311834 -4.4256068682329213 36.332082731511903 9.7793536834301857 3.4843945093634261 -1.5538970719096206 0.66197771486294199 1.5182618076123306 -0.1737199312019243 5.3785912930972222 -1.2052570439644628 -1.8966324138404731 -0.91433357670529036 0.32260356342177432 0.060647489526110127 0.070352364493999175 0.22845948572382613 -2.6170751579530762 1.5842587586243475 0.73677455528990099 1.1197338809109483 1.7866492533749434 -0.67552501216488392 -4.4005005417296061 2.1679356458277175 2.7162376627257316 -0.24602590208618746 -0.84886767219445325 -2.3773633870776183 -0.46414571822441819 -0.36364437625710694
leaf_weight=4045 3026 3938 3205 8855 13743 11932 5454 7661 2292 16433 7145 12943 46417 7389 60670 12376 7731 29626 5183 18456 6258 12320 6263 20548 3204 56854 11496 2309 67283 14135
leaf_count=4045 3026 3938 3205 8855 13743 11932 5454 7661 2292 16433 7145 12943 46417 7389 60670 12376 7731 29626 5183 18456 6258 12320 6263 20548 3204 56854 11496 2309 67283 14135
internal_value=0.000301723 0.0134463 -0.00102706 0.010553 -0.00587689 0.000385384 0.0141892 0.000149761 -0.00469413 0.00187232 -0.00158948 0.00391029 0.000786568 -0.00819582 0.00170806 -0.0025747 -0.00350961 0.00946859 -0.0039725 0.00944398 -0.00457499 -0.0109192 -0.00301863 0.00317378 -0.00361635 -0.00173665 -0.00997522 -0.023303 -0.00312251 0.00259521
internal_weight=489190 44912 444278 40974 100206 344072 32765 340867 93852 208832 77384 131448 60951 14534 94161 132035 120103 37287 8209 23910 107727 20051 80109 81218 77817 60058 17759 6354 87676 20393
internal_count=489190 44912 444278 40974 100206 344072 32765 340867 93852 208832 77384 131448 60951 14534 94161 132035 120103 37287 8209 23910 107727 20051 80109 81218 77817 60058 17759 6354 87676 20393
cat_boundaries=0 4 8 12 16 20 24 28 30 34 38 43 47 51 55 60 64 68 72 73 77
cat_threshold=7414816 1140890466 597696537 494927880 16384 67371040 1208084481 8389312 128 8388608 4202368 22 370409489 2031126017 840958768 2483421444 269746693 2350524488 1887447066 88219912 210239618 100663505 1174596368 1476403859 3422625088 2415954096 3525279744 304087105 3825860608 40 2417099012 430514176 135266368 22201384 100679040 201736 43069480 2021662400 88084018 2149204170 805699584 2688549120 2 28838018 388104448 3357561416 27070464 386934912 1881408001 3391096866 276861160 1148780577 1744928770 3145744402 355467336 301989896 912270337 2334195776 26262248 1 4259888 1065024 536870912 33024 65536 8388640 4327296 41943062 84050944 50331909 68616576 33935074 138817988 177225729 301990404 144769024 137138178
is_linear=0
shrinkage=0.1


Tree=34
num_leaves=31
num_cat=25
split_feature=0 9 0 0 8 8 0 8 8 9 9 9 4 11 9 9 9 8 9 8 9 8 11 11 8 8 9 9 8 9
split_gain=752.477 335.464 326.858 165.216 167.275 165.691 164.901 164.735 159.788 131.805 130.36 128.689 121.175 113.665 109.495 95.9572 93.5575 91.4152 91.1604 88.4757 87.4816 253.281 201.275 160.099 235.96 205.121 167.664 145.362 141.843 128.263
threshold=729.00000000000011 0 213.00000000000003 -62.999999999999993 1 2 1299.0000000000002 3 4 5 6 7 45.000000000000007 8 9 10 11 12 13 14 15 16 17 18 19 20 21 22 23 24
decision_type=2 9 2 2 9 9 2 9 9 9 9 9 2 9 9 9 9 9 9 9 9 9 9 9 9 9 9 9 9 9
left_child=1 8 3 5 9 -3 10 16 -1 -5 -2 19 -6 15 -15 -7 -4 -13 -19 -9 21 -14 -23 24 29 26 -25 -27 -24 -22
right_child=6 2 7 4 12 13 -8 11 -10 -11 -12 17 20 14 -16 -17 -18 18 -20 -21 23 22 28 25 -26 27 -28 -29 -30 -31
leaf_value=-7.1706353889356969 -2.2539872617817878 -3.1153431003689804 0.70436918031571738 10.123900148609772 0.86195784929396668 2.3965600810376473 43.038671101296956 2.530509521472641 -1.3490626129942322 0.9802992581771619 3.7209104857122841 0.70253360546172994 -1.5268444311401224 0.48653298360510749 -1.5752816959407465 -0.63401537012275078 2.8409975208893345 -1.421392046975015 0.13126169106538441 0.56114879872347811 -0.55578364160572347 -0.95673096087294152 1.984384544691308 -0.27586758020823082 0.52668797513020993 -0.77243916495226728 0.82258858466071638 -0.081933989386755002 0.039248042343110259 0.11977678073204211
leaf_weight=6588 1543 7245 5453 2153 1851 4002 3315 5598 8590 6264 7729 24975 18988 8138 23292 4368 8741 7027 23488 5130 22158 17519 8770 15835 72361 46344 24410 42775 29514 25026
leaf_count=6588 1543 7245 5453 2153 1851 4002 3315 5598 8590 6264 7729 24975 18988 8138 23292 4368 8741 7027 23488 5130 22158 17519 8770 15835 72361 46344 24410 42775 29514 25026
internal_value=0.000268403 -0.000368965 0.000112367 -0.00111033 -0.000328774 -0.00665852 0.0244022 0.00590583 -0.0149921 0.0135813 0.0175582 0.00380806 -0.000688811 -0.00412208 -0.00687977 0.00622912 0.0156787 0.00186847 -0.00180344 0.0138294 -0.000834724 -0.0038335 -0.00043807 6.64875e-05 0.00270461 -0.00237142 0.0035536 -0.00504718 0.00362459 -0.00279697
internal_weight=489190 476603 461425 381013 333968 47045 12587 80412 15178 8417 9272 66218 325551 39800 31430 8370 14194 55490 30515 10728 323700 74791 55803 248909 119545 129364 40245 89119 38284 47184
internal_count=489190 476603 461425 381013 333968 47045 12587 80412 15178 8417 9272 66218 325551 39800 31430 8370 14194 55490 30515 10728 323700 74791 55803 248909 119545 129364 40245 89119 38284 47184
cat_boundaries=0 4 8 12 16 20 24 28 33 35 40 44 48 52 56 60 64 68 70 72 76 80 84 89 93 97
cat_threshold=128 67371008 167832576 8389312 1073808840 8388640 4235200 268435478 17826305 1277043008 343943258 155537672 134385096 12648581 5642112 303054871 2098177 167772176 289411081 358613192 5767216 1107443713 2684355360 2415929600 146893256 133122 1259427970 1887440976 272891956 2282917378 268435586 2214658309 2 1094957333 23 2169241643 2685542600 605290756 2819705088 1 2555384912 1075922950 2978086912 1480728618 2286438144 557922610 1075908678 539557905 2231373827 2585280576 1812529152 6794464 60329730 1344274733 2149646336 1343787024 12587012 3272779010 3489660966 23081600 135831552 1112670241 3229684520 2013379585 20979744 273842561 1350574102 68411393 3159916689 26 387093957 8 2148934181 1277176842 44105732 134519304 2207389697 272629900 1073938436 1486913 268846886 25174016 269484164 17973280 2459964963 2818641924 2097216 22822968 1 201326596 2149647362 2281832456 33818144 50397248 2418027284 20054018 75235346
is_linear=0
shrinkage=0.1


Tree=35
num_leaves=31
num_cat=23
split_feature=0 0 9 6 6 8 11 9 10 8 8 9 9 8 0 9 8 8 9 0 9 8 3 8 8 11 9 9 8 8
split_gain=643.124 331.013 235.409 179.97 206.295 199.767 162.633 160.525 158.623 146.326 142.569 129.172 123.162 119.8 119.511 114.312 105.217 101.171 150.066 133.683 119.345 129.539 107.104 99.4752 97.4273 89.1603 191.345 115.304 102.658 86.2682
threshold=861.00000000000011 9.0000000000000018 0 940.50000000000011 1113.5000000000002 1 2 3 4 5 6 7 8 9 1401.0000000000002 10 11 12 13 -194.99999999999997 14 15 1.5000000000000002 16 17 18 19 20 21 22
decision_type=2 2 9 2 2 9 9 9 9 9 9 9 9 9 2 9 9 9 9 2 9 9 2 9 9 9 9 9 9 9
left_child=1 2 6 11 5 -5 -1 24 10 -10 -9 29 -7 -13 15 -2 -8 18 -4 -19 21 -21 23 -22 -6 26 -15 -27 -29 -3
right_child=14 3 17 4 7 12 16 8 9 -11 -12 13 -14 25 -16 -17 -18 19 -20 20 22 -23 -24 -25 -26 27 -28 28 -30 -31
leaf_value=1.729343210221117 -1.9080300314328498 4.8418442305504001 1.1747836403411969 2.3053817492916262 -2.0516967964244421 -0.92712112107006428 -6.9642412083219343 -2.1715372563026358 3.594230364106926 0.44881503313419557 0.13437118662249078 -2.29369140929782 0.73157993509532848 1.0770476965853877 59.83383482154477 4.9850328259504302 -2.8156758667644035 -6.4326392291067407 -0.22777823246380119 2.3441222122019121 -1.0826108196827438 -0.039932108586155125 -0.36181813852053113 -0.34275587452007844 -0.20710658716869831 -0.31650492399034252 -2.2734434346601406 -0.16695055411751128 0.54168460599270107 0.39239380410925551
leaf_weight=2672 1188 3310 12029 22094 6655 7856 4351 5722 5827 29678 15548 7860 38275 2922 2514 4973 8912 4094 28408 3819 5821 26285 60684 15564 12571 61719 6543 25489 44852 10955
leaf_count=2672 1188 3310 12029 22094 6655 7856 4351 5722 5827 29678 15548 7860 38275 2922 2514 4973 8912 4094 28408 3819 5821 26285 60684 15564 12571 61719 6543 25489 44852 10955
internal_value=0.000225066 -0.000262115 -0.00376711 0.00170328 0.0042787 0.00827043 -0.0153434 0.000695386 0.00336973 0.00746023 -0.00345865 -0.000566453 0.00452201 -0.00143479 0.0272104 0.0197127 -0.0198787 -0.00258879 0.00171953 -0.00408722 -0.00343978 0.00194594 -0.00541491 -0.0115011 -0.00720004 -0.000766948 -0.0101372 -9.46468e-05 0.00267303 0.00852189
internal_weight=489190 480515 172639 307876 144226 68225 15935 76001 56775 35505 21270 163650 46131 149385 8675 6161 13263 156704 40437 116267 112173 30104 82069 21385 19226 141525 9465 132060 70341 14265
internal_count=489190 480515 172639 307876 144226 68225 15935 76001 56775 35505 21270 163650 46131 149385 8675 6161 13263 156704 40437 116267 112173 30104 82069 21385 19226 141525 9465 132060 70341 14265
cat_boundaries=0 4 8 10 14 16 20 24 29 33 37 41 45 49 54 59 63 67 71 73 77 81 85 89
cat_threshold=16793664 71565344 1216474113 8424128 2285934016 2155876480 3225425812 41156631 2147596547 25 159940738 104857808 1107552528 1212678803 3290038272 40 134218184 1082133909 38410152 35726342 2650800164 3238003988 1512636424 2100224 21495864 673998 872547090 2214592768 2 8320 1143408644 46362920 3766525120 6357032 1073811010 587218962 362283016 149448960 133312 1259425938 2013270224 34603017 35651589 269627536 87180008 1325515208 545325063 492160 143656086 2288390449 1093753856 620756992 2030633216 1 269814298 3255366211 2952921090 2148794374 2 1310724 17088640 37754112 131104 9699332 1224772352 2317377546 88125440 303300869 33685713 3280605189 302049409 2689105954 3 838955201 1084503040 1098907848 151027773 2583879684 10752032 1082417220 1226089108 1099702338 1025675529 1216872452 136405056 1073741961 1243627523 306762658 291504803
is_linear=0
shrinkage=0.1


Tree=36
num_leaves=31
num_cat=23
split_feature=0 0 9 2 9 8 8 6 8 9 9 9 0 11 9 9 10 9 3 9 9 8 8 11 9 8 9 8 4 8
split_gain=579.177 272.572 272.5 197.404 185.156 178.163 173.4 153.616 155.635 252.786 141.145 108.305 102.291 102.085 200.556 122.656 99.9521 208.201 117.78 122.692 111.43 113.745 103.815 96.7181 99.4396 96.0572 93.1199 88.0293 86.3433 85.9694
threshold=435.00000000000006 1317.0000000000002 0 -38.999999999999993 1 2 3 760.50000000000011 4 5 6 7 -122.99999999999999 8 9 10 11 12 4.5000000000000009 13 14 15 16 17 18 19 20 21 285.00000000000006 22
decision_type=2 2 9 8 9 9 9 2 9 9 9 9 2 9 9 9 9 9 2 9 9 9 9 9 9 9 9 9 2 9
left_child=2 6 -1 5 -5 11 -2 13 9 -9 -8 -4 28 14 -6 27 17 -10 19 29 21 -20 -22 -11 -25 -12 -14 -15 -7 -18
right_child=1 -3 3 4 7 12 10 8 16 23 25 -13 26 15 -16 -17 18 -19 20 -21 22 -23 -24 24 -26 -27 -28 -29 -30 -31
leaf_value=-8.8437968537503941 -0.76361900352940215 34.969932866076526 -4.5680341718288693 15.507104849958697 1.7462274585729269 -8.1372093492891011 3.577104996298158 -0.8875495214343303 -3.1209986669611429 0.6868416643124533 2.7514595332313494 -1.3227400167084422 0.68865946932332356 -3.0433394944484196 -0.1144921412376334 -0.1858940018062917 0.94114313812687278 0.086379012485737414 -2.228714204524016 -0.15567488818713288 1.9753415550974442 0.46745127612374521 0.54676800853475815 4.6146776539330601 1.5929912947448202 0.50966221958440205 -0.36085585574311563 -0.75024529045883248 -2.5019219657184255 0.020390800223541561
leaf_weight=4013 6343 3186 3968 2161 7827 1860 6015 9107 5619 14173 6765 5733 9803 6389 43269 69434 6753 12050 5973 77824 20492 18602 34597 5000 15365 12498 41529 19587 4414 8841
leaf_count=4013 6343 3186 3968 2161 7827 1860 6015 9107 5619 14173 6765 5733 9803 6389 43269 69434 6753 12050 5973 77824 20492 18602 34597 5000 15365 12498 41529 19587 4414 8841
internal_value=0.000178867 0.012611 -0.000773466 -0.000541987 0.000335584 -0.00553657 0.00980203 0.000169593 0.00175728 0.00714351 0.0135084 -0.0180671 -0.00342266 -0.00237055 0.00123665 -0.00430203 0.000524478 -0.00663782 0.00125598 -0.00115288 0.00408089 -0.00151922 0.00657816 0.0110513 0.0154675 0.00932133 -0.00195005 -0.0101632 -0.0154766 0.00694053
internal_weight=489190 34807 454383 450370 383063 67307 31621 380902 234396 43645 25278 9701 57606 146506 51096 95410 190751 17669 173082 93418 79664 24575 55089 34538 20365 19263 51332 25976 6274 15594
internal_count=489190 34807 454383 450370 383063 67307 31621 380902 234396 43645 25278 9701 57606 146506 51096 95410 190751 17669 173082 93418 79664 24575 55089 34538 20365 19263 51332 25976 6274 15594
cat_boundaries=0 4 9 13 17 21 25 29 33 34 38 42 44 48 52 56 60 64 66 70 74 79 83 87
cat_threshold=0 67108864 24576 640 16 16384 536870912 256 2 262689 1073872896 2713857810 239206558 2715684 1275108194 595591225 218103816 1212161344 8455682 2420868992 41944151 161548614 2416443648 1082818665 14155792 302253076 1745917440 840958752 2487615744 16896 139396 3416296008 1079032912 14037444 276841218 2466775040 444727296 4231208 135090252 319295488 497094792 1073909820 3229753444 34 25854208 2197913928 135463056 152970296 1365524492 560130 2432698384 536880186 138439712 2150072325 2156923148 2038437890 3145760 4767936 209717276 3440768 101744646 1111523736 1174405124 7643776 2688269056 26 4198400 142815288 260 2969585668 2298642760 282132612 72810752 2245650 20974194 2148584134 553975866 1342193682 2 1212188200 3339198467 302008426 151003914 369106953 168480768 1116733440 2101888
is_linear=0
shrinkage=0.1


Tree=37
num_leaves=31
num_cat=19
split_feature=0 0 9 8 9 9 0 8 8 9 4 9 11 0 9 3 4 9 9 6 8 4 8 6 9 6 11 9 11 9
split_gain=498.277 269.18 208.641 156.683 200.65 142.635 158.032 161.561 132.254 129.877 109.059 157.962 107.146 106.498 104.067 98.5785 161.047 192.247 182.042 125.654 116.695 119.357 130.602 101.565 187.389 150.304 123.748 137.528 115.774 104.053
threshold=921.00000000000011 183.00000000000003 0 1 2 3 -92.999999999999986 4 5 6 75.000000000000014 7 8 1485.0000000000002 9 1.5000000000000002 195.00000000000003 10 11 426.50000000000006 12 135.00000000000003 13 1163.5000000000002 14 940.50000000000011 15 16 17 18
decision_type=2 2 9 9 9 9 2 9 9 9 2 9 9 2 9 2 2 9 9 2 9 2 9 2 9 2 9 9 9 9
left_child=1 2 -1 12 -5 -4 7 -7 9 -8 11 -10 -3 -2 -14 16 18 -18 -12 -17 -20 -22 -23 25 -25 26 27 -21 29 -27
right_child=13 3 5 4 -6 6 8 -9 10 -11 15 -13 14 -15 -16 19 17 -19 20 23 21 22 -24 24 -26 28 -28 -29 -30 -31
leaf_value=-8.0708222527735938 3.6618539504892169 0.87655944147050491 17.051884935189538 2.6027150085757969 0.48888942285718717 -4.8806521361053399 -0.28624412134975613 -0.93258646324598793 2.1537469082430252 5.3748261566171207 0.26425615089776427 0.047832691469358229 -3.5071068713907838 70.634044316125753 -0.17631216970540892 -1.2307024412539431 -1.9037813649576205 -0.33011780426505405 -1.1507147591756326 -0.55576184733555056 0.039371118852222158 -1.6115025889399281 -0.25929620171535034 -2.0321480824011005 0.044655581112628732 -2.2106598442451535 -0.18469758526998703 4.1291154263769991 1.2245379930041105 0.63578180114752603
leaf_weight=3531 5471 6027 1711 12113 71683 5444 2951 25684 1934 3502 21293 4761 4996 2146 10033 11996 7578 15514 2796 5318 19345 2175 13333 13678 28299 4936 124035 7313 38124 11470
leaf_count=3531 5471 6027 1711 12113 71683 5444 2951 25684 1934 3502 21293 4761 4996 2146 10033 11996 7578 15514 2796 5318 19345 2175 13333 13678 28299 4936 124035 7313 38124 11470
internal_value=0.000151679 -0.000249703 -0.001497 0.00423168 0.00616901 -0.00126768 -0.00140071 -0.00822089 -0.000776992 0.0133916 -0.00105119 0.0115833 -0.00347954 0.0255284 -0.00799588 -0.00130974 -0.00431041 -0.0113892 -0.0015371 -0.000305707 -0.00571577 -0.00413476 -0.0106719 0.000207786 -0.00424637 0.00118569 -0.000585369 0.00884028 0.00562443 -0.00140107
internal_weight=489190 481573 376721 104852 83796 373190 371479 31128 340351 6453 333898 6695 21056 7617 15029 327203 82034 23092 58942 245169 37649 34853 15508 233173 41977 191196 136666 12631 54530 16406
internal_count=489190 481573 376721 104852 83796 373190 371479 31128 340351 6453 333898 6695 21056 7617 15029 327203 82034 23092 58942 245169 37649 34853 15508 233173 41977 191196 136666 12631 54530 16406
cat_boundaries=0 4 8 13 18 22 26 30 34 36 40 44 48 52 56 60 62 66 68 72
cat_threshold=0 67108864 24576 640 2974256 1678031624 27295817 218169352 269750300 269538826 973079344 2485125380 3 536870928 16384 536870912 0 2 286402049 2283405377 75507786 57043200 1073741824 8388640 4360128 33554454 67116672 268435456 1543537707 1879114785 1 2424905728 131136 18367488 2769522691 24 369231880 1344545090 2317484096 27136072 2416574660 289481232 446760128 1479180336 2457862158 2954994448 417398800 136348683 16777736 167903232 2415919104 132096 32772 2148540416 8388612 1057280 2281701922 34351313 58854160 406947859 143620 8 2462580801 2307064016 2150629380 16864257 5027329 26 139904 305004740 2592281120 2153026625
is_linear=0
shrinkage=0.1


Tree=38
num_leaves=31
num_cat=23
split_feature=0 0 8 9 0 9 4 8 6 9 11 9 9 8 8 9 8 9 8 8 8 1 8 9 9 9 9 0 8 11
split_gain=447.168 221.334 186.23 177.54 169.007 137.383 128.579 124.846 120.583 129.458 113.448 195.621 188.921 152.082 143.056 110.287 108.815 109.209 102.596 101.887 98.468 90.0009 88.7386 142.411 90.8415 87.3476 82.3755 81.0311 99.0462 76.2551
threshold=651.00000000000011 -14.999999999999998 0 1 1449.0000000000002 2 45.000000000000007 3 765.50000000000011 4 5 6 7 8 9 10 11 12 13 14 15 45.000000000000007 16 17 18 19 20 -176.99999999999997 21 22
decision_type=2 2 9 9 2 9 2 9 2 9 9 9 9 9 9 9 9 9 9 9 9 10 9 9 9 9 9 2 9 9
left_child=1 3 -3 7 5 -2 -4 -1 22 20 12 19 18 -14 25 -15 17 -5 -11 -12 -10 27 23 -8 -24 -13 -23 28 -18 -26
right_child=4 2 6 16 -6 -7 8 -9 9 10 11 14 13 15 -16 -17 21 -19 -20 -21 -22 26 24 -25 29 -27 -28 -29 -30 -31
leaf_value=-5.2772132906005851 -2.2155665918240177 9.1730790411479628 0.96887036083333422 -1.6025541112548201 52.051226147856305 2.5132154411807508 -2.4445946539829069 -1.7094857852396879 0.16392309019007101 -2.7275895665838288 0.007197711346116087 0.19232877871719439 0.052744274545175079 0.33014628599581219 -0.23637325886400903 1.4574525774227709 -0.28635858696962091 -0.39337831372045962 -0.19549796519028853 -2.5100729232144285 2.4315645614908257 4.1111866579554688 -1.0609122311978962 -0.27315830403924224 0.39893830857662071 2.4752230492522993 -0.29549185498666297 -0.10023836977723694 -5.2044566498617559 -0.12259769232046835
leaf_weight=3883 2333 3268 1974 6497 2293 11235 6703 6860 10376 4485 5507 9691 52817 27725 41607 24164 5811 11122 8142 12131 12464 2513 18682 21765 32965 8731 2267 79818 5016 46345
leaf_count=3883 2333 3268 1974 6497 2293 11235 6703 6860 10376 4485 5507 9691 52817 27725 41607 24164 5811 11122 8142 12131 12464 2513 18682 21765 32965 8731 2267 79818 5016 46345
internal_value=0.000131442 -0.000422011 0.000864846 -0.00405576 0.0166478 0.0124042 0.000640226 -0.016335 0.000494336 0.00192022 0.00108559 -0.00187893 0.0030479 0.00444154 0.000841953 0.00828629 -0.00288712 -0.0101055 -0.00850281 -0.0111344 0.00904158 -0.00155341 -0.00196189 -0.00687548 -0.000533663 0.008176 0.0118201 -0.00225881 -0.0103768 0.000944276
internal_weight=489190 473329 349542 123787 15861 13568 346274 10743 344300 217840 195000 77667 117333 104706 60029 51889 113044 17619 12627 17638 22840 95425 126460 28468 97992 18422 4780 90645 10827 79310
internal_count=489190 473329 349542 123787 15861 13568 346274 10743 344300 217840 195000 77667 117333 104706 60029 51889 113044 17619 12627 17638 22840 95425 126460 28468 97992 18422 4780 90645 10827 79310
cat_boundaries=0 4 8 12 16 21 23 27 31 35 39 44 48 53 57 61 65 69 73 77 81 85 89 91
cat_threshold=128 8388608 4200320 22 16640 71565344 1212279808 8424128 143222986 67111040 1258379266 679484112 34614533 167903233 1140994064 24249032 6639676 1072674 822083730 2751463692 2 4287826008 12 370278528 117768192 237072704 1099961984 8913474 3288465408 1115701248 134318721 369516549 2284089604 545259540 35041952 344851712 543227939 2218197036 34898592 134391040 539001089 4196676 4063282 1 271581701 1295254272 813705338 121635144 2181305376 956958608 50336000 1147170857 1 17825793 39845890 1359085573 164001 43395908 570427908 3222708226 427232 136619025 1331702284 470818824 135266305 218431520 2013334528 3137413136 95948872 84951049 1442840579 2592080064 559198796 134312012 73674801 83907200 402658951 3238559811 145391892 2147780108 273178640 270008373 2199920645 2726298400 1090716928 1212694856 545292322 35819520 65556 177878468 2
is_linear=0
shrinkage=0.1


Tree=39
num_leaves=31
num_cat=24
split_feature=0 0 8 9 9 9 1 8 9 4 8 8 9 3 8 9 9 8 9 8 9 9 9 8 8 10 9 8 0 8
split_gain=394.663 244.044 179.091 174.058 161.284 140.009 146.37 142.981 101.596 100.188 143.179 107.035 101.333 98.807 118.462 132.785 98.4959 131.549 94.1536 92.4711 98.2508 91.6787 90.8281 146.133 88.6465 78.7783 96.3263 75.4989 70.7017 79.6297
threshold=309.00000000000006 1521.0000000000002 0 1 2 3 -92.999999999999986 4 5 75.000000000000014 6 7 8 6.5000000000000009 9 10 11 12 13 14 15 16 17 18 19 20 21 22 45.000000000000007 23
decision_type=2 2 9 9 9 9 8 9 9 2 9 9 9 2 9 9 9 9 9 9 9 9 9 9 9 9 9 9 2 9
left_child=3 2 21 -1 27 -5 7 -7 -9 10 -8 12 -11 16 -15 -16 17 -13 -6 20 -18 -2 23 -21 -20 26 -24 -4 -19 -30
right_child=1 -3 4 5 18 6 9 8 -10 11 -12 13 -14 14 15 -17 19 28 24 22 -22 -23 25 -25 -26 -27 -28 -29 29 -31
leaf_value=-6.862965486967636 5.18864878508922 65.446103533070669 -4.4387908391665549 17.723150973798909 2.1651206835157497 0.021921020755292633 2.3480373232320222 -0.11148521773977933 -3.6252593933247383 1.6837106281209502 0.064142152063735927 -1.8565069262969016 0.10258043848461594 -1.0991642619702382 -0.5100023146948145 1.3689360710272831 -1.5789263893011125 -0.87895648531723125 -0.39352876803814923 -0.097870022280257984 -0.21376195322518188 1.7028858229839103 -2.2933912814041286 1.3372970419197772 0.98250369021214401 0.0018503614268182034 -0.055206214959294543 -0.57778840330638281 1.2357118494152133 -0.25252964667414235
leaf_weight=3872 3129 2005 1814 1947 4873 12877 2234 4378 11875 14485 5026 11886 31971 17437 24293 49271 5363 13493 10346 14254 80257 12401 5728 14875 18435 81867 7206 6866 4152 10574
leaf_count=3872 3129 2005 1814 1947 4873 12877 2234 4378 11875 14485 5026 11886 31971 17437 24293 49271 5363 13493 10346 14254 80257 12401 5728 14875 18435 81867 7206 6866 4152 10574
internal_value=0.000114884 0.00772102 0.00653256 -0.000945796 0.00315983 -0.000753422 -0.000876717 -0.00771713 -0.0139488 -0.000371477 0.0112672 -0.000589752 0.00391254 -0.00120382 0.00161702 0.00337347 -0.00223208 -0.00677178 0.00629456 -0.00136286 -0.00388999 0.0157143 0.00038325 0.00526614 0.00411413 -0.00111749 -0.00836681 -0.00898734 -0.00305183 0.00173842
internal_weight=489190 59869 57864 429321 42334 425449 423502 29130 16253 394372 7260 387112 46456 340656 91001 73564 249655 40105 33654 209550 85620 15530 123930 29129 28781 94801 12934 8680 28219 14726
internal_count=489190 59869 57864 429321 42334 425449 423502 29130 16253 394372 7260 387112 46456 340656 91001 73564 249655 40105 33654 209550 85620 15530 123930 29129 28781 94801 12934 8680 28219 14726
cat_boundaries=0 4 8 13 18 22 26 30 34 38 42 46 50 54 58 62 66 70 74 78 82 84 88 92 96
cat_threshold=3355607360 2160132228 1079449472 35669015 0 67108864 24576 640 134228362 71303189 171010336 1484784368 1 16 16384 536870912 0 2 1250952524 539022354 3389116452 134217989 2162240586 176959490 1179740 2818572314 2156920832 2164805632 2155872260 303136 1141381385 8388676 72304546 41944342 2161119530 18945027 2198866336 3372220674 21259296 3221325472 713066568 88240136 142636067 35692800 2155878680 3776719112 134746241 1347171360 1244796417 1073853505 65011712 1413650433 327165952 492208200 4456464 135316994 805306368 2214592769 1319456 2334532889 3095406612 528992 50331648 131072 65610 1050648 336863240 278954509 2721055008 3557824808 2211449378 134416653 277151778 542378252 37912580 805343264 1110442048 84230272 3211296 86420323 547381258 209719880 4043942420 58 165128 555778562 20 2768928 2162689 33557505 2164260877 83920904 1090624 35651584 134217732 672
is_linear=0
shrinkage=0.1


Tree=40
num_leaves=31
num_cat=22
split_feature=0 0 8 4 9 8 9 8 8 8 9 11 9 4 0 9 9 6 6 9 3 8 10 8 9 8 10 9 9 8
split_gain=332.146 198.811 164.252 132.812 329.995 179.375 158.358 182.335 169.785 130.415 113.469 112.108 109.446 108.376 103.628 101.121 100.057 98.887 148.369 155.756 113.405 120.981 106.274 129.911 98.2698 94.6962 93.37 89.585 84.8971 81.6442
threshold=933.00000000000011 -44.999999999999993 0 135.00000000000003 1 2 3 4 5 6 7 8 9 45.000000000000007 1575.0000000000002 10 11 760.50000000000011 1163.5000000000002 12 6.5000000000000009 13 14 15 16 17 18 19 20 21
decision_type=2 2 9 2 9 9 9 9 9 9 9 9 9 2 2 9 9 2 2 9 2 9 9 9 9 9 9 9 9 9
left_child=1 9 15 4 -4 13 8 16 -5 12 -7 -10 -1 -6 -2 -3 -8 -9 20 -20 25 -22 23 -21 29 28 -15 -27 -19 -11
right_child=14 2 3 6 5 10 7 17 11 24 -12 -13 -14 26 -16 -17 -18 18 19 22 21 -23 -24 -25 -26 27 -28 -29 -30 -31
leaf_value=-3.9939762275917787 2.7663083137618969 1.2618937474732157 3.0830228199 -0.21583120190888963 0.53461774387575223 1.1472313442062956 -5.1199128730597003 -0.28226740197611305 -0.56797835617211379 -0.17373454320296844 0.17805359328056625 1.5030359622117659 -1.0251720283476027 -0.084944711785407634 70.218111179763582 12.966871421379835 -1.2220927993981772 -1.1679693214016393 -1.314771560061653 -2.4825361351662387 -0.49806245133796739 2.5882016206668848 0.44906645573098602 0.03163676409815537 -0.15252506975579846 0.77463410153934087 -1.2132299040446697 0.05267772018023642 -0.063927676220131777 -2.8727458115556823
leaf_weight=3371 5616 1744 3116 17718 1248 3371 2880 112774 3802 5185 27875 27454 6822 3498 1785 1731 8336 7634 20284 4970 9689 30530 20786 11133 47365 18576 3546 43064 25552 7735
leaf_count=3371 5616 1744 3116 17718 1248 3371 2880 112774 3802 5185 27875 27454 6822 3498 1785 1731 8336 7634 20284 4970 9689 30530 20786 11133 47365 18576 3546 43064 25552 7735
internal_value=8.83092e-05 -0.000234646 0.000606232 0.000421483 0.00570169 0.00322646 -0.000195245 -0.00101481 0.00509554 -0.00514203 0.00669631 0.00952792 -0.0155984 -0.009841 0.021112 0.0222238 -0.0135311 -0.000554095 0.000825105 -0.00344481 0.00263283 0.00708247 0.000426841 -0.00566934 -0.00337093 0.000745576 -0.014665 0.00306407 -0.00356067 -0.0110982
internal_weight=489190 481789 411311 407836 42654 39538 365182 316208 48974 70478 31246 31256 10193 8292 7401 3475 11216 304992 192218 57173 135045 40219 36889 16103 60285 94826 7044 61640 33186 12920
internal_count=489190 481789 411311 407836 42654 39538 365182 316208 48974 70478 31246 31256 10193 8292 7401 3475 11216 304992 192218 57173 135045 40219 36889 16103 60285 94826 7044 61640 33186 12920
cat_boundaries=0 4 9 13 18 22 26 30 34 36 41 45 49 53 57 59 63 67 71 73 78 82 86
cat_threshold=128 8388608 4198272 22 2147483650 268444432 9633792 134250504 1 318767618 438452224 2147557376 66816 90440248 553672202 822345907 603980036 2 6357025 1073777152 595615745 344457224 2181325844 241635080 67182632 210780224 1322501 1966336 1350576210 122696008 41943044 2148007940 0 8240 2499874834 20 100696352 822477060 167827460 1153995496 1 1216 2181038082 134316040 1610617344 0 304611328 170000384 8392 2282225792 104866005 8604480 1480622747 17851724 134808779 1275592712 54688000 3826385156 32 2584740100 2148548752 403374080 2106016 16793664 482345504 1222730329 3284672 1075337736 22421765 134217844 151231136 1062281 32 1350706176 438337589 2149648384 151555690 1 33564800 447479808 69632 151014560 17530944 295698608 2150171140 2133025
is_linear=0
shrinkage=0.1


Tree=41
num_leaves=31
num_cat=21
split_feature=0 0 0 8 9 8 8 9 9 9 9 8 4 6 9 8 3 8 8 9 9 6 6 10 0 9 10 11 11 9
split_gain=297.618 196.057 148.314 193.729 148.305 135.605 127.248 111.395 108.698 91.5794 85.5732 79.8136 78.4788 78.7353 95.6803 77.9703 74.861 110.355 103.723 177.26 94.7362 80.8221 106.388 89.9976 74.8047 90.3418 73.6596 67.6462 67.5292 65.724
threshold=309.00000000000006 1665.0000000000002 -146.99999999999997 0 1 2 3 4 5 6 7 8 45.000000000000007 426.50000000000006 9 10 6.5000000000000009 11 12 13 14 1167.5000000000002 937.50000000000011 15 -26.999999999999996 16 17 18 19 20
decision_type=2 2 2 9 9 9 9 9 9 9 9 9 2 2 9 9 2 9 9 9 9 2 2 9 2 9 9 9 9 9
left_child=2 4 5 -4 11 -1 -6 -5 -9 -7 -8 -2 -10 14 15 -14 18 -18 19 -15 27 22 28 -23 25 -20 -16 -19 -22 -26
right_child=1 -3 3 7 6 9 10 8 12 -11 -12 -13 13 16 26 -17 17 20 24 -21 21 23 -24 -25 29 -27 -28 -29 -30 -31
leaf_value=-7.1297827295432814 3.0897397374448192 67.658509535101004 8.5325533389927397 7.2226689557973245 1.7612084025090895 -5.2713019621673878 -5.2816910187448913 -5.5675806194802142 0.67042183594647475 -0.27248636544221977 0.098264858671967659 1.0895866451678387 -0.096813472095015396 1.7080505647232282 -0.64596848423257425 -2.974321383972061 -1.0509032918723651 -1.5385396344611457 -1.8330129686521035 -0.045201548721419731 -0.78437074166003962 -2.1961802763258222 3.9932968254440668 1.2297483915586669 0.15645682820982998 -0.24785723020655157 0.65706279483647168 0.54979497544886013 1.4100947734419351 -0.16609444332440848
leaf_weight=4186 5238 1563 2251 2844 10387 2485 2311 3257 2289 11823 29467 10903 1939 12864 7667 3823 17124 9416 8266 35907 8153 4981 16076 6163 39335 31875 4689 10843 26111 154954
leaf_count=4186 5238 1563 2251 2844 10387 2485 2311 3257 2289 11823 29467 10903 1939 12864 7667 3823 17124 9416 8266 35907 8153 4981 16076 6163 39335 31875 4689 10843 26111 154954
internal_value=6.19391e-05 0.00666706 -0.000859147 -0.000464794 0.00573011 -0.00961934 0.00260699 -0.000626306 -0.000764772 -0.00497276 -0.000534793 0.0138784 -0.00061729 -0.000722914 -0.00716415 -0.0177928 -0.000417465 0.00195161 -0.00124452 0.00295094 0.00348061 0.00543468 0.00714144 -0.00227028 -0.00211739 -0.00604743 -0.00219149 -0.00244955 0.00399253 -0.00130553
internal_weight=489190 59869 429321 410827 58306 18494 42165 408576 405732 14308 31778 16141 402475 400186 18118 5762 382068 98867 283201 48771 81743 61484 50340 11144 234430 40141 12356 20259 34264 194289
internal_count=489190 59869 429321 410827 58306 18494 42165 408576 405732 14308 31778 16141 402475 400186 18118 5762 382068 98867 283201 48771 81743 61484 50340 11144 234430 40141 12356 20259 34264 194289
cat_boundaries=0 4 8 12 16 21 25 30 34 38 43 47 51 55 59 63 65 69 71 73 75 79
cat_threshold=128 8388640 1664 8388630 341182004 672187906 805307152 2215002374 17835009 2367291396 75835858 37899456 3439501633 12648452 73336576 35652631 16 16386 536870912 2147483648 2 0 67108864 33570816 640 234897472 671154759 1075397200 4199058 1 2176 71565312 169900032 8389312 134250762 33685651 3359773602 24136199 134299656 1346419332 2301694210 1208518738 1 522215437 151535876 2219114560 39914017 21259296 3221849280 579371274 121790472 1073814848 537463444 209633610 33636352 688915554 16793089 2165637154 156243986 550003746 35684612 2290129176 1629038600 3423731968 32 151273569 155517089 1213409280 1145116976 2786394696 8 3899327048 18 2287501440 6 6506280 35789132 43154 9306408
is_linear=0
shrinkage=0.1


Tree=42
num_leaves=31
num_cat=27
split_feature=0 0 8 0 8 8 9 9 9 9 8 9 8 8 9 11 9 10 8 9 8 9 8 8 8 11 9 9 9 9
split_gain=250.552 193.394 129.333 125.759 151.611 139.018 110.896 109.757 98.7069 91.3094 88.7528 85.4196 85.2143 68.3335 123.852 70.4463 237.554 102.264 122.152 109.342 101.894 98.3671 237.73 140.969 101.47 77.3703 95.7988 74.4839 73.8503 68.2568
threshold=249.00000000000003 1761.0000000000002 0 -122.99999999999999 1 2 3 4 5 6 7 8 9 10 11 12 13 14 15 16 17 18 19 20 21 22 23 24 25 26
decision_type=2 2 9 2 9 9 9 9 9 9 9 9 9 9 9 9 9 9 9 9 9 9 9 9 9 9 9 9 9 9
left_child=3 2 8 5 -5 -1 12 -7 -2 -6 -8 -11 -4 14 -13 16 20 19 -19 -18 -15 22 29 -23 -24 26 -26 -20 -27 -17
right_child=1 -3 6 4 9 7 10 -9 -10 11 -12 13 -14 15 -16 21 17 18 27 -21 -22 23 24 -25 25 28 -28 -29 -30 -31
leaf_value=-5.6572539369942181 5.646130395230478 69.113831108277125 0.061231450659920486 9.1645204234279039 103.25758321778584 -3.9434013170986248 -3.5794726858811714 -0.10811739888530454 1.1900868865419738 -2.0130044065229753 0.16998485577372549 -0.35084659011047847 2.0571495985615456 -0.65826454016083147 0.85813460700513411 -2.2694959032960016 0.41609964452303388 -0.29941734606665932 2.2422772453282249 -1.0758217961231709 -2.9370774292639883 0.60391818938803077 0.78557120450022644 -0.038620469944256192 -4.5959227620362224 3.2398462169363444 -0.28735237565163274 0.46091816771380967 -0.034697113957063229 -0.72514843854082689
leaf_weight=4315 2582 1371 5325 1616 684 4103 3303 14895 11791 9433 46733 20875 8471 8762 30548 9605 5673 14389 5347 13277 10628 44482 14001 139138 2691 3060 27135 9808 8950 6199
leaf_count=4315 2582 1371 5325 1616 684 4103 3303 14895 11791 9433 46733 20875 8471 8762 30548 9605 5673 14389 5347 13277 10628 44482 14001 139138 2691 3060 27135 9808 8950 6199
internal_value=4.66077e-05 0.00518121 0.00452848 -0.000950895 -0.000520449 -0.00808347 0.00259704 -0.00439289 0.0130953 -0.000649216 0.000407625 -0.000714693 0.0105317 -0.000477871 0.00290767 -0.00101669 -0.00387958 -0.000138133 0.00353928 -0.00587025 -0.013232 -0.000255219 -0.00339772 0.000970974 -0.000332158 -0.00279836 -0.00552688 0.00980218 0.00397671 -0.0142216
internal_weight=489190 79576 78205 409614 386301 23313 63832 18998 14373 384685 50036 384001 13796 374568 51423 323145 67884 48494 29544 18950 19390 255261 71641 183620 55837 41836 29826 15155 12010 15804
internal_count=489190 79576 78205 409614 386301 23313 63832 18998 14373 384685 50036 384001 13796 374568 51423 323145 67884 48494 29544 18950 19390 255261 71641 183620 55837 41836 29826 15155 12010 15804
cat_boundaries=0 4 8 12 17 22 26 29 33 37 41 45 50 52 56 58 62 66 70 74 78 82 86 88 92 96 100 104
cat_threshold=1208129984 12648580 5707648 303054871 128 8388608 1664 22 17966593 2300182532 75508050 54848064 274989108 2836454914 809500802 2751725829 2 503332928 940147461 1076970008 6297218 1 68558873 2183135241 2721057696 3507493128 16 16384 536870912 2162720 1074039297 16793611 75497480 128 67371040 167835136 8389248 104161299 253762312 209723400 134217760 1073814792 524326 73390408 58786976 304165956 1487437840 1149370777 1346390016 1 2959681058 19 168448 966886147 2150694948 1345197124 2518025294 34 2445418534 1896910480 2015371264 67246088 2147483650 1574928 1090519114 134236417 151257605 2382388289 2426413072 7473472 2374524963 2151811201 1103235392 538019864 136053248 3259165696 2290098192 131072 165298178 403083328 2281701376 4589632 2147491840 464 1073741828 2107457 1276149768 12 16384 0 8388608 8 127952896 2147488912 8519744 541106450 16384 0 1082261504 32784 67108864 131073 1090650176 1148952
is_linear=0
shrinkage=0.1


Tree=43
num_leaves=31
num_cat=26
split_feature=0 0 9 8 9 10 9 9 11 8 11 9 9 9 8 11 8 8 4 0 9 8 9 8 8 11 9 9 8 8
split_gain=231.943 186.47 160.174 134.517 107.251 104.554 225.796 100.672 110.448 110.062 143.751 140.855 94.3569 94.1291 234.492 94.0052 111.457 84.1149 83.171 76.3855 85.2121 74.6459 73.9847 72.1394 71.9348 70.01 140.765 87.7654 68.9141 68.811
threshold=1857.0000000000002 57.000000000000007 0 1 2 3 4 5 6 7 8 9 10 11 12 13 14 15 75.000000000000014 585.00000000000011 16 17 18 19 20 21 22 23 24 25
decision_type=2 2 9 9 9 9 9 9 9 9 9 9 9 9 9 9 9 9 2 2 9 9 9 9 9 9 9 9 9 9
left_child=1 2 -1 4 -3 6 17 8 29 10 -9 -12 -8 14 -4 -16 -17 -5 24 25 -21 22 -15 -14 -11 26 -20 -27 -10 -7
right_child=-2 3 13 5 -6 7 12 9 28 18 11 -13 23 21 15 16 -18 -19 19 20 -22 -23 -24 -25 -26 27 -28 -29 -30 -31
leaf_value=-5.1464407061399768 67.602447997449417 7.694367410012581 -2.4268025224940413 -4.4936049078832063 0.87467823696246405 4.1885481813879553 1.2666579295561462 1.8910936851842395 -1.6366483845690056 -0.30989022348212814 -0.78426419204996878 1.2627898492048957 -1.6794860789961441 1.887421129707497 0.38533874065809076 -3.7545298477295947 -0.37251923919183305 -1.052193887436397 -2.6385681275956303 -1.0279572466175069 1.9732358861560897 -0.12514941783090539 0.17818587747814407 0.2012661891657288 4.5141821647317926 0.69711851793759938 0.28207074319861647 0.048303221421440418 -0.15847742798274425 0.074963075782264355
leaf_weight=4176 1264 3251 12256 5337 3789 2490 10765 15432 8874 591 7943 9600 6790 3199 20651 3273 23092 6518 5756 1931 7055 154532 34313 15524 1228 18664 9991 72099 8648 10158
leaf_count=4176 1264 3251 12256 5337 3789 2490 10765 15432 8874 591 7943 9600 6790 3199 20651 3273 23092 6518 5756 1931 7055 154532 34313 15524 1228 18664 9991 72099 8648 10158
internal_value=1.92154e-05 -9.16123e-05 -0.00195623 0.00195798 0.0155603 0.00153236 -0.00278346 0.00260708 -0.00266402 0.00366534 0.00876914 0.00257221 0.00146121 -0.00163294 -0.00511622 -0.0019032 -0.00585972 -0.0146186 0.00223013 0.00189617 0.0107501 -0.000557656 0.00344331 -0.0022487 0.0234469 0.00114919 -0.00500413 0.00221707 -0.00780287 0.00445568
internal_weight=489190 487926 255492 232434 7040 225394 44934 180460 30170 150290 32975 17543 33079 251316 59272 47016 26365 11855 117315 115496 8986 192044 37512 22314 1819 106510 15747 90763 17522 12648
internal_count=489190 487926 255492 232434 7040 225394 44934 180460 30170 150290 32975 17543 33079 251316 59272 47016 26365 11855 117315 115496 8986 192044 37512 22314 1819 106510 15747 90763 17522 12648
cat_boundaries=0 4 8 12 14 18 23 25 29 31 35 40 44 48 50 54 58 62 66 70 74 78 80 84 88 92 96
cat_threshold=0 71303168 24576 704 448 8388609 4333472 33554454 68681752 3256877057 2718968608 2147498376 3510841684 58 9617670 614499136 2315386900 1094582376 687942816 1141768245 1115701512 13117569 1 2299209099 16 185598984 1077937428 1453129736 274795745 3457221186 16 2218787140 981475648 20152388 1360285696 1077950048 658565 1166082178 541083907 1 134242369 805568549 1252105272 1082170385 1280706568 3288500480 2189453746 71434376 3377412420 16 33792 171974657 272696320 134220612 369246240 1146119552 8978433 218321449 2149072968 64 135332032 671187506 1276317896 32774 39306112 8667540 2147487792 8406032 537919488 2281701376 457703456 1365307264 302596108 8540168 67108868 271712256 536879104 512 3091207442 17 35815433 822190594 134285316 2577408 1311004 860962818 422641664 16782380 3146245 69868482 1333788680 402719649 143138826 471879682 67108864 134496928
is_linear=0
shrinkage=0.1


Tree=44
num_leaves=31
num_cat=24
split_feature=0 0 8 9 7 11 9 11 8 8 8 10 11 9 0 8 9 8 9 8 0 8 6 11 9 6 9 9 9 9
split_gain=218.339 156.451 141.972 128.829 111.088 90.5882 85.6035 104.145 109.834 78.759 74.0195 72.4675 70.2124 107.139 81.6049 113.643 69.4965 66.1921 65.7494 78.778 65.5884 64.7135 64.2006 81.8791 78.668 71.1286 57.4655 55.7003 55.201 54.7663
threshold=1857.0000000000002 -1.0000000180025095e-35 0 1 2 3 4 5 6 7 8 9 10 11 -206.99999999999997 12 13 14 15 16 651.00000000000011 17 944.50000000000011 18 19 1107.5000000000002 20 21 22 23
decision_type=2 2 9 9 1 9 9 9 9 9 9 9 9 9 2 9 9 9 9 9 2 9 2 9 9 2 9 9 9 9
left_child=1 3 16 5 6 -1 7 -4 -9 -7 26 -8 13 -12 17 -16 -3 -14 21 -20 27 -17 -6 24 -24 28 -5 -13 -25 -27
right_child=-2 2 4 10 22 9 11 8 -10 -11 12 20 14 -15 15 18 -18 -19 19 -21 -22 -23 23 25 -26 29 -28 -29 -30 -31
leaf_value=1.0253491491464402 60.842203197704478 2.0742438697387713 1.257760384983942 -2.3637654413473088 -0.26676976826634125 -7.3411782899645592 -3.1904824160596776 0.46409283478460284 -1.7206173041512418 -2.0251354768307985 -1.0272396915503508 5.4634549122154823 -7.024809152415445 1.2094143318075685 1.627301676471862 -0.14514185028457122 12.771945840095766 -1.0507896965806143 -0.073913239107042727 -0.61074863336652396 1.8618590548576663 0.40762277908023653 -1.4373494003200109 -0.70290639628439422 0.0002225774519438062 2.1837113620203348 -0.36965730196273905 0.25518722615940653 1.0386775756038518 -0.1142899127814232
leaf_weight=2560 1264 1363 6624 4165 85164 1712 1681 7028 12445 9296 4313 3512 2556 12798 5575 19283 1413 5562 33110 23577 8817 13207 6697 2227 18514 2100 10216 142256 17625 22530
leaf_count=2560 1264 1363 6624 4165 85164 1712 1681 7028 12445 9296 4313 3512 2556 12798 5575 19283 1413 5562 33110 23577 8817 13207 6697 2227 18514 2100 10216 142256 17625 22530
internal_value=2.69834e-05 -8.0545e-05 0.0011006 -0.00279524 0.000914806 -0.0120784 0.00258728 -0.00271383 -0.00639789 -0.0160192 -0.00185679 0.0034727 -0.00104383 0.00488581 -0.00203052 -0.00120631 0.0235822 -0.0116531 -0.00207261 -0.00412808 0.00369773 0.00151385 -0.00105478 0.00119596 -0.00335633 0.00377596 -0.00863387 0.00319137 0.00823091 0.000186764
internal_weight=489190 487926 339996 147930 337220 13568 182363 26097 19473 11008 134362 156266 119981 17111 102870 94752 2776 8118 89177 56687 154585 32490 154857 69693 25211 44482 14381 145768 19852 24630
internal_count=489190 487926 339996 147930 337220 13568 182363 26097 19473 11008 134362 156266 119981 17111 102870 94752 2776 8118 89177 56687 154585 32490 154857 69693 25211 44482 14381 145768 19852 24630
cat_boundaries=0 4 8 9 11 15 16 20 24 28 29 31 35 39 43 47 51 55 59 61 65 69 74 78 83
cat_threshold=128 8388608 4196224 22 1073758528 71565344 1216473096 8391360 108 2151921927 25 135359680 69468368 105173249 1484788416 3372683538 452996161 2835415057 1412583440 50334272 34603017 2097152 4096 68158184 270541313 1229588993 814229626 121635144 1090584592 1094883589 1 109805704 2290221440 2098308 538771457 1090584584 8454176 71337600 8388630 1153 2181038082 134316032 1610617344 2165309440 2184200196 106168576 134818 67503659 3221258953 2490404 2820112390 2316223488 839913484 3223785472 137725057 2227847424 336875660 2315255812 136817664 1489843073 10 78513154 2266044608 1074987008 827657344 139465248 16913024 52563968 3225522208 16 23554 553648258 256 2 4747649 1076496404 25174018 2155905217 304183604 398466 542244992 2684357928 2
is_linear=0
shrinkage=0.1


Tree=45
num_leaves=31
num_cat=23
split_feature=0 9 0 8 9 2 0 8 8 9 9 6 4 11 9 11 10 9 10 8 8 4 11 9 9 8 8 9 8 8
split_gain=210.023 146.388 140.496 111.949 128.819 81.7983 108.03 92.6805 77.4331 162.053 81.6465 76.5797 71.1166 68.035 68.3751 67.1979 69.7343 65.2417 92.2631 118.001 93.0148 62.303 59.3345 137.102 120.627 94.0143 87.6064 75.7614 88.4329 87.4825
threshold=1950.0000000000002 0 225.00000000000003 1 2 -68.999999999999986 -140.99999999999997 3 4 5 6 765.50000000000011 585.00000000000011 7 8 9 10 11 12 13 14 165.00000000000003 15 16 17 18 19 20 21 22
decision_type=2 9 2 9 9 8 2 9 9 9 9 2 2 9 9 9 9 9 9 9 9 2 9 9 9 9 9 9 9 9
left_child=1 -1 5 13 -5 6 12 -8 9 21 -11 -6 -3 -4 -15 -12 -17 18 19 -10 -20 -7 24 -24 25 -19 -26 28 -25 -29
right_child=-2 2 3 4 11 8 7 -9 17 10 15 -13 -14 14 -16 16 -18 22 20 -21 -22 -23 23 27 26 -27 -28 29 -30 -31
leaf_value=-4.3946863016088775 60.757982877934026 -6.9775587343648731 0.61518041049147887 2.6555324571953918 -0.31232311499703513 2.5496891453553476 -1.1456465390930128 0.049471184811592656 2.7044135079011564 -0.90523724040521736 -0.65806753030245746 0.68927738722741061 -2.2638575661166271 0.023879585675740601 -1.6747405344435606 -2.2419274814239869 0.64447677259831593 -0.065820495072162546 -1.9093487013591415 -0.32672281087249716 -0.35163545874267754 1.6832769600226969 2.1672254477335229 0.2399209004865476 -0.3335926604047334 -1.0573111885392954 0.33816538990993622 -0.13776478580450871 -0.52524773625961374 0.29295125635906516
leaf_weight=5823 1139 3070 5583 9721 13090 1513 7779 23033 4268 8374 5613 46088 3511 6792 6686 1421 22220 22275 10312 8513 29405 11950 6750 14320 21754 26800 36331 39370 20694 64992
leaf_count=5823 1139 3070 5583 9721 13090 1513 7779 23033 4268 8374 5613 46088 3511 6792 6686 1421 22220 22275 10312 8513 29405 11950 6750 14320 21754 26800 36331 39370 20694 64992
internal_value=-2.45303e-06 -0.000102551 8.79234e-05 0.00370168 0.00557765 -0.000718293 -0.00516808 -0.00268402 -0.000252049 0.00335121 -1.85982e-05 0.00382341 -0.0167984 -0.00308059 -0.00692467 0.00247403 0.00480952 -0.00085417 -0.00406224 0.00332656 -0.0064402 0.0127626 -0.000189107 0.00112156 -0.0019763 -0.00562595 0.00110767 0.00044696 -0.00357755 0.00179742
internal_weight=489190 488051 482228 87960 68899 394268 37393 30812 356875 51091 37628 59178 6581 19061 13478 29254 23641 305784 52498 12781 39717 13463 253286 146126 107160 49075 58085 139376 35014 104362
internal_count=489190 488051 482228 87960 68899 394268 37393 30812 356875 51091 37628 59178 6581 19061 13478 29254 23641 305784 52498 12781 39717 13463 253286 146126 107160 49075 58085 139376 35014 104362
cat_boundaries=0 4 8 13 17 21 26 30 32 36 38 40 44 46 50 54 56 61 65 69 73 77 81 85
cat_threshold=0 67108864 57344 8389312 271393332 1157671680 555761753 226557960 269750296 268457475 3120563120 2485125420 1 340427296 1078081792 2173313058 106984456 1146163400 65540 2152187784 46138710 2281976112 58811408 2836464386 2501902592 2 35717192 805306634 1074398408 6029332 2266726400 25 1277181952 691796 286392494 811603994 2417526787 11 2147549186 2 151269792 2181300257 146086448 2415998209 1078475537 57 8397315 111808768 67108880 136798752 159917825 1415748609 33554464 419758632 2823496298 18 33574424 20482 0 4227084 2 2526692868 1763804164 3221225664 17991692 286140676 281039872 1074274308 1356321 168091908 1088446912 847257664 135348352 536903681 273818256 21102600 1745354754 2550317316 2959110146 33562624 17040000 9314848 2433797642 816324608 84677249
is_linear=0
shrinkage=0.1


Tree=46
num_leaves=31
num_cat=25
split_feature=0 0 8 4 9 8 10 11 9 9 8 9 8 9 9 11 6 6 8 9 9 8 8 11 9 11 9 9 8 8
split_gain=207.955 136.393 128.699 116.671 286.126 135.037 131.998 114.008 130.353 114.372 107.428 115.072 106.027 91.498 90.3744 84.1864 83.5078 231.557 153.235 121.452 82.8946 80.6171 76.8198 73.0197 88.3866 69.9179 179.171 84.4082 127.081 103.509
threshold=2085.0000000000005 -56.999999999999993 0 135.00000000000003 1 2 3 4 5 6 7 8 9 10 11 12 940.50000000000011 1113.5000000000002 13 14 15 16 17 18 19 20 21 22 23 24
decision_type=2 2 9 2 9 9 9 9 9 9 9 9 9 9 9 9 2 2 9 9 9 9 9 9 9 9 9 9 9 9
left_child=1 7 -3 4 -4 15 -7 9 -9 -1 13 12 -12 -5 -8 -6 25 18 23 -19 -20 -10 -21 -18 -25 26 -13 29 -29 -27
right_child=-2 2 3 10 5 6 14 8 21 -11 11 16 -14 -15 -16 -17 17 19 20 22 -22 -23 -24 24 -26 27 -28 28 -30 -31
leaf_value=2.3137729816086385 63.082184590140628 11.761798069727655 2.9280839835706729 -3.8764609416160938 -0.71333058743455524 0.11615239962380208 -1.7036817298621174 -3.2891588676667753 0.33882411793877776 -0.57624987154813923 2.7944968936079064 -4.2205076191882611 0.20460322394935418 -0.53742232751669694 -0.32648591040978925 0.48365603612130459 -0.14675724389888353 -0.85558213573105357 1.1981225932290485 -0.47691450603013696 -0.18849704012517743 -0.84934328339303777 0.27585071005735246 3.3851058449721223 1.098289246502705 -0.92938909454425556 0.077440588510578057 0.65718431232770136 -0.12712411954179056 -0.19719879310042093
leaf_weight=4164 1048 1426 2841 2881 889 17006 1445 8233 11742 6444 10789 4991 24295 5667 6940 15597 4682 28639 11451 18911 25034 25519 37289 8715 18117 19183 7460 24442 81963 51387
leaf_count=4164 1048 1426 2841 2881 889 17006 1445 8233 11742 6444 10789 4991 24295 5667 6940 15597 4682 28639 11451 18911 25034 25519 37289 8715 18117 19183 7460 24442 81963 51387
internal_value=-3.20939e-05 -0.000127627 0.000474725 0.000375037 0.00521043 0.00312149 -0.00145467 -0.00476632 -0.00694225 0.00456772 -0.000185283 6.59851e-05 0.00551946 -0.0112643 -0.0117153 0.0101661 -0.000493172 0.00124576 0.00559346 -0.00223895 0.00117961 -0.00442301 0.000462551 0.0106998 0.0127114 -0.00189626 -0.00913651 -0.00138628 0.000392332 -0.00406772
internal_weight=489190 488142 432040 430614 44718 41877 25391 56102 45494 10608 385896 377348 35084 8548 8385 16486 342264 152838 67999 84839 36485 37261 56200 31514 26832 189426 12451 176975 106405 70570
internal_count=489190 488142 432040 430614 44718 41877 25391 56102 45494 10608 385896 377348 35084 8548 8385 16486 342264 152838 67999 84839 36485 37261 56200 31514 26832 189426 12451 176975 106405 70570
cat_boundaries=0 4 9 13 15 17 22 26 30 35 39 43 47 48 52 56 60 64 68 70 75 77 82 86 90 94
cat_threshold=128 8388608 1664 22 2147483648 268444432 9633792 134250496 1 67764485 528640 1489240064 137409056 139801995 50 3242432789 21 33570880 67436550 1082222593 6338240 1 273704464 1076185094 3498115072 1497538602 49 1073741824 562036737 76021768 609485368 21574 856031395 2218787140 2 1275072776 2150435 2185941266 308283553 33685504 304627712 170000384 16785608 8388608 150994944 0 1024 67109060 2550301952 2417038464 3489861892 57951297 2282258562 105390224 1149356304 1476919443 1484849414 2186289185 3223341136 420872723 3377004616 608452678 6591200 41944116 1210843140 2438124626 3389521936 19141152 1074270983 23 302056512 730038833 2197524 268520993 1 2722660386 1 33719552 889946880 137363460 11492354 1 2583748676 15999137 8409096 1493729968 16793924 170525378 75046984 39888129 3407884 167772547 336109948 174176384
is_linear=0
shrinkage=0.1


Tree=47
num_leaves=31
num_cat=21
split_feature=0 9 0 8 7 9 6 6 8 2 0 9 8 9 8 8 9 9 9 9 6 9 8 6 3 8 8 10 11 9
split_gain=202.689 124.677 111.402 112.198 81.2745 88.7335 87.7863 105.48 103.593 74.8291 93.0487 69.813 62.0727 59.6343 73.9027 63.5053 56.0144 54.7042 51.2825 50.3177 49.0261 113.373 70.0258 64.2743 118.569 73.6106 71.4686 60.4673 57.2701 169.83
threshold=2085.0000000000005 0 177.00000000000003 1 2 3 989.50000000000011 1110.5000000000002 4 -92.999999999999986 -116.99999999999999 5 6 7 8 9 10 11 12 13 1147.5000000000002 14 15 951.50000000000011 5.5000000000000009 16 17 18 19 20
decision_type=2 9 2 9 1 9 2 2 9 8 2 9 9 9 9 9 9 9 9 9 2 9 9 2 2 9 9 9 9 9
left_child=1 -1 9 -4 5 -5 19 8 16 10 12 -12 -3 14 -11 -15 -8 -9 -10 -6 23 -22 -23 28 26 -26 -25 -24 29 -17
right_child=-2 2 3 4 6 -7 7 17 18 13 11 -13 -14 15 -16 20 -18 -19 -20 -21 21 22 27 24 25 -27 -28 -29 -30 -31
leaf_value=-4.715539770135587 56.773966131126556 -1.3484059085038516 7.2505168050539313 -0.38851113645942237 0.96347685053188004 1.2306967457503846 0.50502580226271332 -0.77166772867165179 1.7447896224874171 -0.44898997927995671 0.65406078967505188 -0.62376664968250717 -5.1041045936352791 -1.4443057573203726 2.3598783043843441 1.2883655676250065 3.4887240995638749 0.2447833166102214 -0.20605139914030135 -0.37119535909307899 -1.3312560139923142 1.1952195469403932 -1.0759855666239007 0.94821339782921754 4.8999421489320545 0.90238943082835243 -0.11945186337471583 -0.021681539726179012 -0.12994372243678126 -0.1962380191197223
leaf_weight=4690 1048 2856 2808 6651 4784 20774 2353 7684 2864 4670 6308 12729 4307 5498 7806 14098 6434 17691 7016 35091 13428 4187 7210 6583 8288 11812 35992 36775 159977 26778
leaf_count=4690 1048 2856 2808 6651 4784 20774 2353 7684 2864 4670 6308 12729 4307 5498 7806 14098 6434 17691 7016 35091 13428 4187 7210 6583 8288 11812 35992 36775 159977 26778
internal_value=-3.76132e-05 -0.000131929 2.56483e-05 0.00275602 0.00225681 0.00698196 0.000711928 0.00378956 0.00949537 -0.0008183 -0.00596947 -0.00231392 -0.0156848 -0.000424947 0.00635912 -0.000681112 0.0173866 -0.000407882 0.00245703 -0.00268715 -0.00050071 -0.00304058 -0.000774148 9.29692e-05 0.00288871 0.00921891 -9.98238e-05 -0.00195136 -0.000779426 0.00256078
internal_weight=489190 488142 483452 114150 111342 27425 83917 44042 18667 369302 26200 19037 7163 343102 12476 330626 8787 25375 9880 39875 325128 61600 48172 263528 62675 20100 42575 43985 200853 40876
internal_count=489190 488142 483452 114150 111342 27425 83917 44042 18667 369302 26200 19037 7163 343102 12476 330626 8787 25375 9880 39875 325128 61600 48172 263528 62675 20100 42575 43985 200853 40876
cat_boundaries=0 4 8 9 14 18 22 26 31 35 39 43 47 51 56 60 64 68 72 74 76 80
cat_threshold=0 67108864 57344 8389248 448 8388608 5248896 33554454 12 2299611496 1075839441 2315323656 1073881192 2 2378335232 2147488903 4026859524 2548800 2299003971 2340765762 17235972 3355796488 2319597632 2686509187 2181042724 136643305 6359088 544770 805306754 268435780 2 202382144 2160070178 2216245290 104989696 18874400 1073775617 578836480 336068616 42476928 2373768 19071042 21012504 227050882 2181054737 1110442098 134742139 436486192 2723210369 2151678176 219160634 14685264 5396676 545392912 2415925517 2 2365587456 33556672 58853392 4292627 589888 440467530 5777248 50466068 2391019524 2167412740 3221422350 36701812 134227200 8391216 1477674256 16777558 3892969760 40 1082538260 10 420495880 807471620 2290221056 140521506
is_linear=0
shrinkage=0.1


Tree=48
num_leaves=31
num_cat=28
split_feature=0 9 0 8 7 10 9 9 8 11 9 9 9 8 9 8 9 9 8 11 9 9 8 9 8 8 9 8 8 8
split_gain=192.54 106.499 96.4794 111.92 80.151 77.1675 111.969 75.7588 103.453 85.4459 87.6437 70.0713 68.2958 67.0944 64.703 62.7478 86.7241 60.3197 69.4123 57.9726 93.071 92.5866 57.8918 68.7032 57.0154 56.1583 55.8357 54.327 53.15 52.7401
threshold=2085.0000000000005 0 57.000000000000007 1 2 3 4 5 6 7 8 9 10 11 12 13 14 15 16 17 18 19 20 21 22 23 24 25 26 27
decision_type=2 9 2 9 1 9 9 9 9 9 9 9 9 9 9 9 9 9 9 9 9 9 9 9 9 9 9 9 9 9
left_child=1 -1 7 26 15 6 -6 8 14 12 27 -7 -10 -13 -3 16 -5 18 -17 20 29 -21 23 -9 -8 -23 -4 -11 -12 -19
right_child=-2 2 3 4 5 11 24 22 9 10 28 13 -14 -15 -16 17 -18 19 -20 21 -22 25 -24 -25 -26 -27 -28 -29 -30 -31
leaf_value=-5.9653464531066334 51.096569518013894 -3.4490379609440001 11.593626671441479 -0.16496826547188448 -1.3691729868352696 -0.40574445777842244 0.77774706520463965 1.9265827637860136 -0.80864665546454662 -9.7021855249883799 1.2505550632117459 1.1784857256837513 0.92963560789600486 0.1410629051027403 -1.2778422222342662 2.3463927707211112 1.645099010517697 -2.4695822837487791 0.25559894353265522 1.8710221343650801 0.12117485988412256 0.47305209014772132 -0.10091554613354675 0.086444450686367705 -0.37663235558342767 -0.20180958602829194 2.5979099899242044 -1.8758274384735953 -0.593215825404387 -0.84619659821679538
leaf_weight=3190 1048 3943 1061 8733 11623 16916 7544 6057 4116 1415 3758 7333 11906 39100 7612 6114 20004 1530 16225 3197 22572 21176 170461 29647 19859 15292 1777 4053 10639 11289
leaf_count=3190 1048 3943 1061 8733 11623 16916 7544 6057 4116 1415 3758 7333 11906 39100 7612 6114 20004 1530 16225 3197 22572 21176 170461 29647 19859 15292 1777 4053 10639 11289
internal_value=-6.8685e-05 -0.000160609 -4.06217e-05 0.00143617 0.0011905 -0.000888314 -0.0043857 -0.00138778 -0.00499031 -0.00233864 -0.0067195 0.00126659 0.00309381 0.00327391 -0.0132166 0.00287771 0.00698334 0.00166573 0.00622623 0.000307729 -0.00263411 0.00293258 -0.000558506 0.00310242 -0.000895561 0.00149953 0.0211376 -0.0174881 -0.00262025 -0.00943565
internal_weight=489190 488142 484952 231345 228507 102375 39026 253607 47442 35887 19865 63349 16022 46433 11555 126132 28737 97395 22339 75056 35391 39665 206165 35704 27403 36468 2838 5468 14397 12819
internal_count=489190 488142 484952 231345 228507 102375 39026 253607 47442 35887 19865 63349 16022 46433 11555 126132 28737 97395 22339 75056 35391 39665 206165 35704 27403 36468 2838 5468 14397 12819
cat_boundaries=0 4 8 9 11 15 19 23 25 29 33 37 41 45 49 53 58 62 64 69 73 77 82 86 90 94 98 102 106
cat_threshold=0 67108864 16384 8388736 128 8388608 4202368 33554454 108 3611537730 34 394264846 1250955362 2318401604 1091601448 151019713 272891940 1257351217 40512 1145046536 1142069248 311451954 353763528 3246603078 16 8192 268697604 43065344 4096 809673344 1110379013 1132724226 141035523 16777217 0 2064 3584 1078007112 1210630273 1183539208 289415264 0 4194308 136314912 37440 178277706 541409301 2149515312 6292640 570523842 2149581619 1237454920 1092358164 1112277012 2853207082 1090584770 286261520 2 2151714820 101230210 1117782018 269574208 3024127766 29 470912384 285246224 2283800833 136974401 1 1048577 285212672 144703488 4097 1176061128 1006735364 38125568 277086612 7084336 34622464 553648258 1476526082 3 138572 1073808402 3222798438 4629729 2499936256 2301628608 1476395012 135170881 1572880 1109393409 570427936 2147494144 33554432 39845888 4195328 2852 134225920 578830357 3227523136 33556499 8224 16777216 134234112 8456
is_linear=0
shrinkage=0.1


Tree=49
num_leaves=31
num_cat=26
split_feature=0 0 8 4 8 9 10 8 8 0 8 8 9 11 11 9 9 8 8 9 9 10 9 8 9 8 8 9 9 11
split_gain=168.636 106.075 153.131 99.8799 94.79 85.5678 130.384 126.507 101.383 94.6302 79.3544 78.0471 77.5427 67.4134 65.8619 153.517 134.203 110.882 94.9285 130.054 87.9832 91.3528 103.689 86.215 82.3501 84.952 78.4575 63.5655 62.4299 59.6617
threshold=2208.0000000000005 -164.99999999999997 0 45.000000000000007 1 2 3 4 5 447.00000000000006 6 7 8 9 10 11 12 13 14 15 16 17 18 19 20 21 22 23 24 25
decision_type=2 2 9 2 9 9 9 9 9 2 9 9 9 9 9 9 9 9 9 9 9 9 9 9 9 9 9 9 9 9
left_child=1 4 -3 -4 -1 6 11 -8 27 14 -11 -5 -12 -9 16 -16 17 -10 19 -17 23 22 -22 -20 25 -23 -18 -7 -6 -19
right_child=-2 2 3 5 28 8 7 13 9 10 12 -13 -14 -15 15 18 26 29 20 -21 21 24 -24 -25 -26 -27 -28 -29 -30 -31
leaf_value=-5.9832075153187709 57.765536682462518 8.5455775011183785 0.71312826921388961 -0.25024465216451652 -4.7855356583219075 0.53964870555354028 -0.16197281094441821 -6.3162827766639218 -0.2847819254385211 1.9277462176223481 -1.0369115345077604 3.6695534241902923 0.76747164791686373 -1.4782509937831561 3.5303912640556767 -1.1036714739656843 -1.0114610380913511 -0.75890790642394423 0.020569690998195347 -0.011095683302944793 -1.3038529939323116 1.1011112082081311 0.10350328443910968 1.547521657024566 0.2202881817102238 -0.35834125330749772 -0.21317218617262981 4.6796861482645529 -0.16548093350008203 0.56527221224591262
leaf_weight=3927 937 1978 2633 4590 1639 2687 20180 2535 22754 9059 5971 3846 13251 13982 2585 12604 25697 3171 11471 29539 11653 7213 12801 15205 106530 26939 67458 2606 10249 33500
leaf_count=3927 937 1978 2633 4590 1639 2687 20180 2535 22754 9059 5971 3846 13251 13982 2585 12604 25697 3171 11471 29539 11653 7213 12801 15205 106530 26939 67458 2606 10249 33500
internal_value=-6.68452e-05 -0.000148181 0.000121497 4.46362e-06 -0.00820424 -0.000104846 -0.00424318 -0.00682023 0.000337115 0.00016255 0.00574768 0.00696188 0.00210587 -0.0133085 -0.00024337 0.000801522 -0.00186316 0.00184992 0.000533199 -0.00376367 0.00147741 0.000616424 -0.00502371 0.00680507 0.00159711 -0.00267549 -0.00423174 0.0140769 -0.00374012 0.00525204
internal_weight=489190 488253 472438 470460 15815 467827 45133 36697 422694 417401 28281 8436 19222 16517 389120 236540 152580 59425 233955 42143 191812 165136 24454 26676 140682 34152 93155 5293 11888 36671
internal_count=489190 488253 472438 470460 15815 467827 45133 36697 422694 417401 28281 8436 19222 16517 389120 236540 152580 59425 233955 42143 191812 165136 24454 26676 140682 34152 93155 5293 11888 36671
cat_boundaries=0 4 8 12 14 18 22 26 30 34 36 38 42 47 51 55 59 64 66 71 75 80 84 88 92 97 99
cat_threshold=128 0 1664 22 2165310465 2333737220 75768274 37752002 16786560 1145307169 1249967873 1350574785 3221830400 44 403760129 46698505 336730384 35793216 1073741824 8388640 4194560 306184192 2365752648 458901 1074204706 20078721 1528842241 134218256 1445117960 2049 2585348462 270663696 2150695024 134744114 201986048 2 2823365162 28 16432 16384 0 4 69239050 2108370 20119694 674004994 1 2415978752 1107518872 1644177408 137585792 2499105 1073876489 545382430 67801160 101711872 305659908 2167603330 2349895690 317721088 529414 286130336 609255464 2 335677984 2 2147614978 2308964376 2162768 2164347920 1 4788294 974393348 3625975840 25494528 1275625544 2097680 544276490 134744064 1 2231911680 2434301972 1207959648 16777728 204521474 3730057666 235405320 153157632 512 268435458 268501032 536941824 134234304 134217795 1077494360 6296211 1 2148016128 16
is_linear=0
shrinkage=0.1


Tree=50
num_leaves=31
num_cat=24
split_feature=1 0 8 4 9 8 10 9 6 8 9 9 3 9 8 9 8 10 9 8 8 11 9 11 9 11 9 8 8 3
split_gain=158.828 98.029 92.9936 82.1705 239.323 105.973 88.1554 78.0277 76.3403 96.0241 91.8003 77.9559 73.1394 148.558 106.302 93.5305 100.817 98.4777 197.68 106.033 88.9167 74.7237 73.4127 72.639 72.0092 70.2999 70.019 68.1279 67.1708 65.6707
threshold=2169.0000000000005 -32.999999999999993 0 135.00000000000003 1 2 3 4 638.50000000000011 5 6 7 1.5000000000000002 8 9 10 11 12 13 14 15 16 17 18 19 20 21 22 23 1.5000000000000002
decision_type=10 2 9 2 9 9 9 9 2 9 9 9 2 9 9 9 9 9 9 9 9 9 9 9 9 9 9 9 9 2
left_child=1 7 26 4 -4 6 -6 -1 9 -5 -10 25 13 28 -15 16 -14 18 -17 -20 21 -19 -22 -24 -7 -11 -3 -25 -12 -9
right_child=-2 2 3 8 5 24 -8 29 10 11 12 -13 15 14 -16 17 -18 20 19 -21 22 -23 23 27 -26 -27 -28 -29 -30 -31
leaf_value=-4.5068835897253621 39.010358897966263 1.0116160524627389 2.6158399781899608 0.25919599305544844 0.062515386710530405 1.0944810825100522 -0.56006335469972446 -0.48288848013919794 2.7452795620313228 -3.423259184664825 1.1272173339775635 -0.26842963170904677 1.7637912561871958 -1.6398455264295642 -0.23851862205058139 -1.9715198215394587 0.28263551500990014 -1.6592105072084338 -0.93075939793654472 1.0252286367278545 0.0062706998949350282 0.032854150714172192 -0.512738880674528 1.5293666939644539 0.19425673311835967 -0.68803199530274417 8.7056014369111665 0.49173723835473526 0.06445255836086404 -0.13928738004257504
leaf_weight=2327 759 1893 2697 24797 12448 2888 6159 21337 8472 4407 3470 49465 14483 2642 29934 15994 35258 9392 11574 16321 39462 21883 5401 17161 17731 8647 1727 23286 11705 65470
leaf_count=2327 759 1893 2697 24797 12448 2888 6159 21337 8472 4407 3470 49465 14483 2642 29934 15994 35258 9392 11574 16321 39462 21883 5401 17161 17731 8647 1727 23286 11705 65470
internal_value=-5.72375e-05 -0.000128268 0.000541076 0.000394883 0.00458102 0.00259456 -0.0028764 -0.00312675 -0.0001012 -0.00266732 0.000739759 -0.00475539 0.000403138 -0.00312978 -0.00693549 0.00120567 0.00499387 3.11558e-05 -0.00400579 0.00107687 0.0015511 -0.00300943 0.00322316 0.00594444 0.00753066 -0.0116274 0.0164738 0.00739921 0.00504116 -0.00264061
internal_weight=489190 488431 399297 395677 41923 39226 18607 89134 353754 87316 266438 62519 257966 47751 32576 210215 49741 160474 43889 27895 116585 31275 85310 45848 20619 13054 3620 40447 15175 86807
internal_count=489190 488431 399297 395677 41923 39226 18607 89134 353754 87316 266438 62519 257966 47751 32576 210215 49741 160474 43889 27895 116585 31275 85310 45848 20619 13054 3620 40447 15175 86807
cat_boundaries=0 4 9 13 15 19 23 28 32 37 41 45 49 51 55 59 63 65 70 72 76 78 82 86 90
cat_threshold=128 8388608 4198272 268435478 2147483650 268444432 9633792 134250496 1 327188994 2602721280 2147557381 345089 139801995 50 0 67108864 4253696 8389312 33833052 55365710 67387460 172295456 1073741848 23586 822091906 260 2 1359884 337778853 153096338 38063 282158112 2182578308 208928816 673186880 1 1081601 1049088 293601345 33563136 607457860 960496536 100761600 872581664 235406666 3221307552 200756 56923713 3296895060 50 2156404995 2258960448 2281836612 1091585032 440942593 3324567812 369164352 220269640 3957033 2165574210 578813980 109347464 1750112322 27 134784032 102670337 1081083920 145494035 1 559951901 3 42074116 4 64 16785456 33602568 1 525441 2147483650 134332424 1610617344 1585447936 772284800 1140887552 2303233 1217404928 81922 196608 1024
is_linear=0
shrinkage=0.1


Tree=51
num_leaves=31
num_cat=22
split_feature=0 0 8 2 9 4 9 0 9 10 9 8 11 9 9 11 9 8 9 8 9 11 10 9 9 4 2 8 10 4
split_gain=147.988 89.401 136.037 87.6415 82.2644 81.5385 72.5953 64.9059 78.109 62.7622 182.36 55.755 101.317 124.105 99.1539 60.8344 206.76 117.69 112.394 91.3022 74.2003 74.9733 72.6444 58.9855 57.8232 54.8036 60.3114 52.5772 50.3626 50.3475
threshold=2208.0000000000005 -194.99999999999997 0 1.0000000180025095e-35 1 45.000000000000007 2 729.00000000000011 3 4 5 6 7 8 9 10 11 12 13 14 15 16 17 18 19 75.000000000000014 27.000000000000004 20 21 705.00000000000011
decision_type=2 2 9 8 9 2 9 2 9 9 9 9 9 9 9 9 9 9 9 9 9 9 9 9 9 2 10 9 9 2
left_child=1 3 -3 29 -4 -6 -7 9 -9 10 -8 12 14 -14 -11 18 19 -18 -13 24 21 -20 23 -19 -17 26 -22 -24 -21 -1
right_child=-2 2 4 -5 5 6 7 8 -10 11 -12 15 13 -15 -16 16 17 22 20 28 25 -23 27 -25 -26 -27 -28 -29 -30 -31
leaf_value=-7.1043686362086902 48.087947124419635 12.896343530510988 6.677210407352999 -0.098023560226027678 0.64852363148808223 -3.4551352995245965 -3.3954753798429467 3.0093204191656868 0.23522005947738764 -0.14035333024277605 0.84660438906168167 0.93382448807522567 -1.3742707305108486 0.19570782798677444 0.99920240756103773 -3.8440090507672071 -0.54573474386232768 1.1868521167010138 -3.4274328123903874 0.47829808478582447 -0.016031776316869185 -0.28037111026872025 1.8676406685308025 -0.3356247847630176 -1.0912346068713326 -0.0035060620914546094 2.4293830178369347 0.22834541599068389 -0.93263074345521779 -2.5903047405126163
leaf_weight=2809 937 972 2080 6761 2661 5265 6431 3958 7293 14836 6905 15243 8140 15335 30198 3665 17349 5704 3356 3454 1003 6407 11381 16104 6178 250057 1046 10777 19715 3170
leaf_count=2809 937 972 2080 6761 2661 5265 6431 3958 7293 14836 6905 15243 8140 15335 30198 3665 17349 5704 3356 3454 1003 6407 11381 16104 6178 250057 1046 10777 19715 3170
internal_value=-5.56021e-05 -0.000131796 8.96926e-05 -0.00839874 1.27489e-05 -7.48194e-05 -0.000173691 -4.12231e-05 0.00746156 -0.000227451 -0.00698337 -2.25021e-05 0.00259855 -0.00272727 0.00537474 -0.000505991 -0.00269937 0.000736241 0.000240688 -0.0090788 -0.000245342 -0.00879464 0.00348827 -0.000609588 -0.0171471 8.60715e-05 0.0163738 0.00751985 -0.0056452 -0.0172186
internal_weight=489190 488253 475513 12740 474541 472461 469800 464535 11251 453284 13336 439948 68509 23475 45034 371439 94327 61315 277112 33012 261869 9763 43966 21808 9843 252106 2049 22158 23169 5979
internal_count=489190 488253 475513 12740 474541 472461 469800 464535 11251 453284 13336 439948 68509 23475 45034 371439 94327 61315 277112 33012 261869 9763 43966 21808 9843 252106 2049 22158 23169 5979
cat_boundaries=0 4 8 12 16 18 22 26 28 32 37 39 44 48 52 56 60 61 63 68 72 76 77
cat_threshold=0 0 1536 20 16 16384 536870912 256 128 67108864 33609728 8388736 369497605 3892876804 2424307712 2219229192 3221291012 34 370312452 270565632 2283798576 3223261304 1444413449 545259556 39833992 42009729 2232129425 5 12596484 2754582 1359086602 1883328040 1073807425 1476503844 212992515 1883295745 1 3744799048 10 34648864 964788784 404816004 1074836481 1 2281775136 1209008776 3498057732 70551552 34603528 303042576 2550202368 1077972997 18892064 55978113 67108896 17060616 4195392 2149580801 25165954 68104 1411383296 479630400 20 4390976 139526 8388608 553781832 2 32 562102272 136315008 13312 131328 2272026640 67108928 155324448 1718272
is_linear=0
shrinkage=0.1


Tree=52
num_leaves=31
num_cat=25
split_feature=0 0 8 9 8 9 10 9 8 7 9 8 11 2 9 9 8 4 11 9 8 10 9 9 8 0 9 11 9 8
split_gain=113.444 83.1961 89.9292 85.0114 82.7477 85.7821 69.95 89.942 68.4704 66.6127 53.9333 65.7737 53.4259 52.8474 58.922 51.7364 100.823 55.7198 51.7024 50.3136 48.8977 60.9662 60.8121 55.4837 46.5294 57.3913 48.7718 48.9374 46.8244 44.5374
threshold=2283.0000000000005 -1.0000000180025095e-35 0 1 2 3 4 5 6 7 8 9 10 183.00000000000003 11 12 13 75.000000000000014 14 15 16 17 18 19 20 -254.99999999999997 21 22 23 24
decision_type=2 2 9 9 9 9 9 9 9 1 9 9 9 10 9 9 9 2 9 9 9 9 9 9 9 2 9 9 9 9
left_child=1 3 19 8 5 -5 7 -4 -1 10 11 -8 -13 14 -6 16 -11 -17 -18 -3 21 23 -23 -19 28 -26 -27 -28 -16 -12
right_child=-2 2 6 4 13 -7 9 -9 -10 15 29 12 -14 -15 24 17 18 20 -20 -21 -22 22 -24 -25 25 26 27 -29 -30 -31
leaf_value=-0.29412317691509565 85.044093909657349 7.9550683888356168 -5.9286079433898298 -2.4201165334203498 -5.2289548059521964 -0.6948212008778456 0.54384804070633952 -0.21841831464771533 0.37798569401162241 0.11772514328532467 0.013224801648255281 0.38839970492243214 -1.1073682882573423 3.5724942495890506 -0.30922413865460285 0.94477192790314179 -0.51916210192222934 1.0044072977646579 -2.0859803357750581 1.6942828933566014 0.10389386117341531 -0.043344598893912692 -1.3422703478356348 -0.33101433319384344 -6.7649572353534344 -0.74036949764111337 0.83451100450092186 -0.21538667007850698 0.3043701172165143 0.36997536060742076
leaf_weight=10138 846 1341 1699 3708 1643 10605 10127 3143 17965 16069 45630 4813 12657 1147 16385 2001 12412 3902 6258 1514 85997 8614 10752 6759 2220 19062 5784 38433 20840 106726
leaf_count=10138 846 1341 1699 3708 1643 10605 10127 3143 17965 16069 45630 4813 12657 1147 16385 2001 12412 3902 6258 1514 85997 8614 10752 6759 2220 19062 5784 38433 20840 106726
internal_value=-6.2348e-05 -0.000125731 0.000734694 -0.00210573 -0.00326652 -0.0103994 0.000584917 -0.0113355 0.00284388 0.00075873 0.00206237 -0.00200493 -0.00572082 -0.00229806 -0.00253289 -0.000776965 -0.00416847 0.000221544 -0.00916488 0.018377 -6.37799e-05 -0.0035373 -0.00687964 0.00253491 -0.002231 -0.00383535 -0.0032815 -0.00145725 0.000592185 0.00279918
internal_weight=489190 488344 340414 147930 119827 14313 337559 4842 28103 332717 179953 27597 17470 105514 104367 152764 34739 118025 18670 2855 116024 30027 19366 10661 102724 65499 63279 44217 37225 152356
internal_count=489190 488344 340414 147930 119827 14313 337559 4842 28103 332717 179953 27597 17470 105514 104367 152764 34739 118025 18670 2855 116024 30027 19366 10661 102724 65499 63279 44217 37225 152356
cat_boundaries=0 4 9 13 18 20 24 28 29 33 37 39 43 47 51 53 57 61 63 68 72 76 80 82 86 90
cat_threshold=128 8388640 4198272 22 816195634 3222329418 805569538 134480134 2 271592452 1078364417 545286330 88080778 16781312 537134724 2334324736 817922272 1 1090584576 34 68321284 270532608 3392143376 2035720 78400 1084233437 3632795654 12625928 108 135358666 1143210224 105140481 411054208 1585995843 2202550296 70668304 16779808 2836336915 16 64 71303168 16384 192 822489728 1143015429 1126175234 1096066176 3238008321 69748112 2283339780 134604129 2920486656 17 1048592 1075838977 2717932288 2415927552 136663600 1080061452 2693529628 75530280 538061362 4 10534928 22553360 268533924 874661888 2 41945088 159389392 12582912 134283268 67616840 545330844 2148995076 142640149 3393770496 16908576 1223690601 1612777984 1398812932 1 67715340 34349061 1122634448 4854801 1427021876 3674341440 679485456 92295688
is_linear=0
shrinkage=0.1


Tree=53
num_leaves=31
num_cat=25
split_feature=9 0 3 8 4 9 11 8 9 11 9 8 9 6 9 3 9 8 8 9 10 9 9 8 8 8 10 8 8 11
split_gain=90.7034 78.8278 82.5609 96.5911 81.7384 209.992 100.781 160.683 114.738 76.5589 77.0744 70.2767 125.502 68.0263 83.9735 78.0179 158.959 85.2377 83.8969 79.1679 100.587 235.618 110.942 134.758 100.105 77.1485 74.807 72.179 59.8444 55.5915
threshold=0 -62.999999999999993 1.5000000000000002 1 135.00000000000003 2 3 4 5 6 7 8 9 426.50000000000006 10 1.5000000000000002 11 12 13 14 15 16 17 18 19 20 21 22 23 24
decision_type=9 2 2 9 2 9 9 9 9 9 9 9 9 2 9 2 9 9 9 9 9 9 9 9 9 9 9 9 9 9
left_child=-1 2 3 -2 5 -3 8 -8 -7 -4 -11 12 -6 14 28 16 18 -18 -15 25 21 -21 23 -22 -23 -17 -16 -24 -13 -26
right_child=1 4 9 -5 11 6 7 -9 -10 10 -12 13 -14 15 26 19 17 -19 -20 20 22 24 27 -25 29 -27 -28 -29 -30 -31
leaf_value=258.66515207894184 0.01087331069375292 2.104915409655709 1.5066855568750233 -1.7582084535752536 3.0486731948271086 -1.2215913987648321 0.66180982640649688 -0.0039672056089739447 -0.03900952930940136 -1.8904363865178384 -0.10628028260254752 -0.34073686634402239 0.13018426869890157 -2.6514102353526492 1.2631898447382597 -0.13001385997312412 0.26790613412772579 -0.14988487205818207 -0.49411211740556737 -2.144520438106281 1.4324261512832921 -0.80502696740397117 -0.10290572809819382 -0.7758650382248421 0.55348085316120332 1.5032664598478769 -0.51883998141461163 0.55965172232240656 -2.966910459682401 -0.23297341166055077
leaf_weight=959 4552 3363 6518 7121 4801 1783 11296 20033 8862 8245 24130 2097 13488 1730 2465 14308 19134 31014 16034 20019 11158 22208 30792 34304 35150 20968 7497 79860 3080 22221
leaf_count=959 4552 3363 6518 7121 4801 1783 11296 20033 8862 8245 24130 2097 13488 1730 2465 14308 19134 31014 16034 20019 11158 22208 30792 34304 35150 20968 7497 79860 3080 22221
internal_value=-6.92982e-05 -0.000129956 -0.00386821 -0.0112439 0.000301943 0.00432208 0.00239139 0.00524746 -0.00601126 -0.00165454 -0.00364521 -0.000162619 0.0058883 -0.00045863 -0.0070249 -0.000181666 -0.0032336 -0.000352885 -0.0113593 0.000530606 -8.21204e-05 -0.00256506 0.00150201 -0.00265658 -0.000125017 0.00497081 -0.0016446 0.00321068 -0.0173414 0.0020817
internal_weight=489190 488231 50566 11673 437665 45337 41974 31329 10645 38893 32375 392328 18289 374039 15139 358900 67912 50148 17764 290988 255712 99598 156114 45462 79579 35276 9962 110652 5177 57371
internal_count=489190 488231 50566 11673 437665 45337 41974 31329 10645 38893 32375 392328 18289 374039 15139 358900 67912 50148 17764 290988 255712 99598 156114 45462 79579 35276 9962 110652 5177 57371
cat_boundaries=0 2 6 11 13 17 21 23 28 32 36 40 44 48 52 57 59 63 68 72 76 80 81 85 89 91
cat_threshold=16 16384 3402191104 943720657 1087701632 41943046 2147483648 268444432 9633792 134250504 1 84410822 1 2349334533 125849856 1220608000 136352257 1048832 18874368 35651584 1024 2202245381 29 33571840 1143275574 1085303296 73577184 1 1024 142671904 5447552 33555478 1062976 3271561349 2989492224 3221228928 2281771020 272674944 2300645408 1477023955 2687402052 417857556 44269700 1141162002 1490051586 811625475 2654214 218235041 1212417 1048576 2155872257 512 639959624 537402946 318997634 604012580 2 3288469077 50 2172649632 2374172673 20480 26240136 1209032704 304357556 1223950368 140515395 1 109993986 2467708954 134479872 135296 511205408 1447076610 570949634 218177672 2147574276 3256224847 142614528 134367232 409644065 4662051 2164318276 679739456 25827944 254824453 2250785028 3288596482 68577 1495269706 12
is_linear=0
shrinkage=0.1


Tree=54
num_leaves=31
num_cat=20
split_feature=0 9 9 0 8 8 4 9 9 11 4 10 9 8 11 9 4 9 10 8 8 11 6 4 9 6 10 8 6 3
split_gain=83.3367 73.7984 65.8896 62.1843 85.7134 75.3292 69.6167 146.958 67.6131 53.2727 51.0978 50.6533 143.519 52.4525 79.9292 63.195 61.4133 57.7241 71.6464 84.8956 74.7325 55.436 48.7973 66.1336 62.2137 50.3767 97.338 92.1258 84.3522 131.013
threshold=933.00000000000011 0 1 -104.99999999999999 2 3 75.000000000000014 4 5 6 45.000000000000007 7 8 9 10 11 165.00000000000003 12 13 14 15 16 426.50000000000006 465.00000000000006 17 1136.5000000000002 18 19 944.50000000000011 4.5000000000000009
decision_type=2 9 9 2 9 9 2 9 9 9 2 9 9 9 9 9 2 9 9 9 9 9 2 2 9 2 9 9 2 2
left_child=2 -2 -1 4 -4 -5 7 10 -6 -10 -7 12 -8 14 16 -16 -13 18 20 21 -15 -20 23 -19 -25 28 27 -27 -24 -30
right_child=1 -3 3 5 8 6 11 -9 9 -11 -12 13 -14 17 15 -17 -18 22 19 -21 -22 -23 25 24 -26 26 -28 -29 29 -31
leaf_value=233.07229549871437 -3.0577182051305045 3.056073624807857 -3.2566873279891753 12.974357285785869 -2.5132150008370879 0.39269818669161938 -3.3432715481627042 1.5392192977965018 3.2469149675722266 -0.22410428052467035 -0.23156011963850817 1.6586977178570494 0.72054789991864254 -2.2768159717235221 1.7633402769183104 0.26736922834877036 -0.79538517809568254 0.15109926526360185 -2.5004410389142735 -1.9354848339176147 2.2159255237357862 0.3040368432513873 -0.018702189194171038 -2.2664046341795263 -0.22392152944574623 -0.99367229777122579 0.28663617974444905 -0.12297968811995759 -0.017941711633488212 1.6880550902847773
leaf_weight=744 1265 6136 4090 551 4697 2080 5999 3026 1353 18117 3860 535 6756 2802 11748 17780 7203 5654 1356 15348 5402 7838 189035 4806 4079 16418 25475 36654 41009 37374
leaf_count=744 1265 6136 4090 551 4697 2080 5999 3026 1353 18117 3860 535 6756 2802 11748 17780 7203 5654 1356 15348 5402 7838 189035 4806 4079 16418 25475 36654 41009 37374
internal_value=-6.60275e-05 0.0104648 -0.000227797 -0.000274085 -0.00482535 9.93843e-06 -3.54895e-05 0.00868838 -0.00255408 4.62012e-05 -0.000470588 -0.000211947 -0.0064199 -2.78729e-05 0.00355725 0.00592796 -0.00548529 -0.000367696 -0.00438698 -0.00709107 0.003701 0.000510648 -2.49644e-06 -0.00567783 -0.011058 0.000236007 -0.00199053 -0.004429 0.000889992 0.00364811
internal_weight=489190 7401 481789 481045 28257 452788 452237 8966 24167 19470 5940 443271 12755 430516 37266 29528 7738 393250 32746 24542 8204 9194 360504 14539 8885 345965 78547 53072 267418 78383
internal_count=489190 7401 481789 481045 28257 452788 452237 8966 24167 19470 5940 443271 12755 430516 37266 29528 7738 393250 32746 24542 8204 9194 360504 14539 8885 345965 78547 53072 267418 78383
cat_boundaries=0 4 6 10 14 18 23 25 27 31 35 37 41 45 47 51 55 57 62 64 68
cat_threshold=143157322 2241 1251170352 1342180048 16 16384 361768451 2283405312 343941202 56944648 0 0 1536 20 293601284 1224736768 268435456 8235 335564864 948011792 1075929112 3282568 1 2151747841 8 3221291012 34 370311428 1344307456 2317353008 3357478952 1174406144 8388644 39834048 33555522 436250634 10 3672357 2198344833 1880164480 2147499305 16792737 67371041 58808616 1350569665 4766465 13 285237248 17846283 2147483698 6433032 140513280 1225837058 1342177288 71303176 537403648 6 2282831884 432022148 2283798596 2299580442 1 739377480 8 2148794661 2167422992 404750336 67109416
is_linear=0
shrinkage=0.1


Tree=55
num_leaves=31
num_cat=27
split_feature=0 0 9 8 8 9 10 9 9 8 9 11 9 8 8 8 8 9 9 8 8 11 9 9 9 4 8 9 9 11
split_gain=83.2154 67.937 89.4376 130.755 84.2453 152.16 78.8959 116.644 88.4027 75.0863 57.5639 57.3043 91.7171 66.7354 54.7812 53.9276 53.6466 66.4519 53.1728 151.707 52.5416 94.3819 64.1304 63.4893 57.4128 49.0409 48.7036 46.409 46.2624 43.5977
threshold=2460.0000000000005 75.000000000000014 0 1 2 3 4 5 6 7 8 9 10 11 12 13 14 15 16 17 18 19 20 21 22 165.00000000000003 23 24 25 26
decision_type=2 2 9 9 9 9 9 9 9 9 9 9 9 9 9 9 9 9 9 9 9 9 9 9 9 2 9 9 9 9
left_child=1 2 3 28 5 25 8 15 9 29 -9 12 -5 -13 -14 -8 17 -4 19 -18 21 22 -10 -23 26 -3 -22 -7 -1 -6
right_child=-2 4 16 11 6 27 7 10 20 -11 -12 13 14 -15 -16 -17 18 -19 -20 -21 24 23 -24 -25 -26 -27 -28 -29 -30 -31
leaf_value=-3.580476934817165 131.95130193701553 4.8695166941906827 0.84582297585201938 -4.2842405598040099 -0.41944692178858961 -1.1070753365983592 -0.10538679935284706 1.6201753849203975 0.023562923601581076 1.6102932425049516 -0.20439934487247344 -0.59321925520804286 0.40751448514142369 0.64014700617694587 -0.93994560251479242 -2.8028857853371658 -2.1509942944028966 -0.046101695098571586 -0.018809623906874684 -0.082477471511206352 -0.037708548686555335 -1.3580952970942535 1.2396177353095668 0.155529619793532 0.09202195282072978 3.0433876880237438 -0.64100389754231912 0.52756822154464089 -1.5831911705454971 1.0457997851987557
leaf_weight=1678 631 702 13586 4906 4548 4066 3152 4400 6408 10464 30167 16202 6015 16250 7201 8042 4468 16962 171062 14889 13225 3876 13258 22761 47143 6570 13204 13155 6681 3518
leaf_count=1678 631 702 13586 4906 4548 4066 3152 4400 6408 10464 30167 16202 6015 16250 7201 8042 4468 16962 171062 14889 13225 3876 13258 22761 47143 6570 13204 13155 6681 3518
internal_value=-7.93148e-05 -0.000126187 -0.00114434 -0.0046053 0.00123958 0.00674815 0.000506581 -0.00309257 0.00169671 0.00812298 -0.000218353 -0.0026886 -0.00719171 -0.000172509 -0.00285045 -0.01196 -0.000221064 0.00366843 -0.000845197 -0.00581143 0.000702757 0.00334139 0.00859423 -0.000538522 -0.000958115 0.0188684 -0.00468815 0.00162208 -0.0161847 0.000866766
internal_weight=489190 488559 279900 58933 208659 24493 184166 45761 138405 18530 34567 50574 18122 32452 13216 11194 220967 30548 190419 19357 119875 46303 19666 26637 73572 7272 26429 17221 8359 8066
internal_count=489190 488559 279900 58933 208659 24493 184166 45761 138405 18530 34567 50574 18122 32452 13216 11194 220967 30548 190419 19357 119875 46303 19666 26637 73572 7272 26429 17221 8359 8066
cat_boundaries=0 4 8 12 16 18 22 27 31 36 38 42 46 50 54 58 63 67 71 75 77 82 86 90 94 98 102 104
cat_threshold=135282880 339738624 1252255777 3222314689 1145045000 1140885506 2475713298 336593098 1082131912 8454145 2155241376 38798486 68298801 3506593792 2718968608 2499942656 742131369 4 1342357770 378577730 2315321348 154534976 45350932 1348490306 2283962504 273715204 2 2215248401 270015056 478150656 2359552 4194336 133120 1098907650 805308673 1 604611609 7 16384 67108864 44263424 1073746560 2433876481 51531780 1275465920 55001089 302186496 547373201 1078073440 39920160 2149057026 2718175314 1241513988 829505 1074860232 538021902 33736448 277086710 17737264 151616 537920258 816382226 2 1094719008 537002049 896 813760784 141035520 2420132097 2151678008 83886080 2651506690 269518100 302587920 153108544 74687040 28 407371776 536871809 8454148 136445969 1 131074 17039360 0 17056768 2705566912 655376 33556736 764035755 4101 2365591680 134217728 268800 130 536873266 1073796170 1573504 134217728 4194304 163872 1050816 643608844 17
is_linear=0
shrinkage=0.1


Tree=56
num_leaves=31
num_cat=23
split_feature=9 0 8 8 4 0 9 8 9 0 9 9 8 9 9 8 11 9 9 6 10 9 6 3 9 9 9 11 9 8
split_gain=75.0398 63.0474 106.16 79.1098 67.3267 56.8508 54.0622 51.9219 131.153 58.7881 80.7875 62.6403 56.0537 54.8139 48.7361 94.1987 79.893 246.323 83.7757 62.3482 80.2402 98.8513 80.0337 130.013 77.1573 72.598 66.9829 101.086 82.5336 67.6079
threshold=0 -188.99999999999997 1 2 45.000000000000007 2613.0000000000005 3 4 5 429.00000000000006 6 7 8 9 10 11 12 13 14 1136.5000000000002 15 16 951.50000000000011 5.5000000000000009 17 18 19 20 21 22
decision_type=9 2 9 9 2 2 9 9 9 2 9 9 9 9 9 9 9 9 9 2 9 9 2 2 9 9 9 9 9 9
left_child=-1 3 -3 -2 -4 7 -5 8 -6 14 -11 -12 -13 -10 15 -9 17 -16 -19 22 21 -21 26 -24 -25 -22 27 -18 -29 -28
right_child=1 2 4 6 5 -7 -8 9 13 10 11 12 -14 -15 16 -17 19 18 -20 20 25 -23 23 24 -26 -27 29 28 -30 -31
leaf_value=209.95414227892445 -7.5634413840922576 10.799991434076341 0.59695267236799876 -4.6154612279828209 0.52208329509299956 125.33446445091816 -0.068437788849803921 -0.21386678536136403 -4.486838835139987 1.7822573852501478 -8.5507543428349155 1.2376446964861885 -0.11488810337230576 -0.96935395823806558 -3.2999558191817386 2.2542266216673852 -1.9885927797201319 1.9270149836436439 -0.12119253508314501 -3.8010503780130875 1.5839840920570933 -0.032820026690346539 0.045530696628080139 -0.24828961687406573 3.5025201679004838 -0.17787392620960996 0.64631916626481434 1.9385854829512355 -0.37860252668472616 -0.028089560265811997
leaf_weight=959 2159 942 2668 1670 10542 342 9466 14035 981 6732 550 7945 16296 16023 7825 13516 7602 1516 14710 4059 3565 3705 48529 4846 16905 65908 20489 2979 16390 165336
leaf_count=959 2159 942 2668 1670 10542 342 9466 14035 981 6732 550 7945 16296 16023 7825 13516 7602 1516 14710 4059 3565 3705 48529 4846 16905 65908 20489 2979 16390 165336
internal_value=-9.158e-05 -0.000146751 4.33743e-05 -0.0069387 -2.36285e-05 -0.000113297 -0.00352593 -0.000142892 -0.00435477 0.000118841 0.004281 0.00163905 0.00240196 -0.00978606 -0.000199677 0.00386234 -0.000490928 -0.00606999 0.000960828 -0.000118366 -0.00263669 -0.0122717 0.000568752 0.00349459 0.00991908 -0.00155794 -0.000397564 -0.00505356 -0.00121523 0.000278473
internal_weight=489190 488231 474936 13295 473994 471326 11136 470984 27546 443438 31523 24791 24241 17004 411915 27551 384364 24051 16226 360313 77237 7764 283076 70280 21751 69473 212796 26971 19369 185825
internal_count=489190 488231 474936 13295 473994 471326 11136 470984 27546 443438 31523 24791 24241 17004 411915 27551 384364 24051 16226 360313 77237 7764 283076 70280 21751 69473 212796 26971 19369 185825
cat_boundaries=0 2 6 10 15 19 24 29 33 37 41 46 50 52 57 61 63 67 72 76 80 81 84 88
cat_threshold=16 16384 0 0 1536 20 2165310465 2333736965 2214854994 46272128 135282696 134283330 81944 2149585554 1 18948128 1073907712 562047035 352845832 547440712 2309949634 1082130466 2147568896 2 374609444 2282788366 807403936 2147614984 2 0 71565312 26624 8389312 2281867072 315686916 72749312 36717666 32896 33562624 134221824 8192 5245472 7362 823066786 2160099652 2 2182092611 574620741 2217807936 132160 2148040739 27 1280 797541120 2115840 2514050 1 16384 2359296 8388672 150994960 3355443456 32 2281865216 142606352 2097220 152322067 285238529 1143734528 3368066312 862344 1 1073750020 393264 140513280 536875009 1376022596 73662497 1220562433 1342177952 100666376 16384 0 142606336 100664396 33816695 1148256704 41944193
is_linear=0
shrinkage=0.1


Tree=57
num_leaves=31
num_cat=27
split_feature=9 0 10 8 9 9 4 9 11 8 9 8 9 10 9 7 9 8 11 8 11 8 9 10 9 11 9 9 3 8
split_gain=73.3298 61.4036 62.617 83.8449 75.917 65.6627 61.9297 162.915 78.2114 118.026 84.7548 56.9455 58.907 54.823 71.8433 47.316 58.8508 94.9734 64.3655 63.8167 59.5814 70.5894 67.6208 52.7844 51.9813 47.2538 89.4703 69.7109 47.2059 46.1393
threshold=0 -32.999999999999993 1 2 3 4 135.00000000000003 5 6 7 8 9 10 11 12 13 14 15 16 17 18 19 20 21 22 23 24 25 1.5000000000000002 26
decision_type=9 2 9 9 9 9 2 9 9 9 9 9 9 9 9 1 9 9 9 9 9 9 9 9 9 9 9 9 2 9
left_child=-1 2 4 5 -2 -4 7 -3 10 -10 -9 12 -8 14 -13 16 17 -15 24 -20 22 -22 23 -18 -19 26 -5 -27 -24 -30
right_child=1 6 3 25 -6 -7 11 8 9 -11 -12 13 -14 15 -16 -17 20 18 19 -21 21 -23 28 -25 -26 27 -28 -29 29 -31
leaf_value=188.95872805103198 2.39924214811208 2.1074541105165507 -2.4259743692797913 -0.77411025419700652 -0.2967632880687 -0.6041970789630855 5.3173393693039088 -1.1039552792244238 0.67710422447208529 0.041070187119954943 -0.032627712231835207 -4.6015217891157958 0.48192108869840244 0.5078690526169457 0.10219875577397489 -0.12329808992224828 -0.25996885999165759 1.6351870070121053 -3.2807121448359298 -0.77765754965551404 0.31913315900737199 -0.64385522488976366 -0.095152504816872263 1.7541898960703783 -0.6721213086595853 -2.5190475904459868 0.79635541372108498 -0.21030961796927272 0.91989235273620129 0.20764484210476511
leaf_weight=959 3498 2535 4483 5548 4320 6074 1877 1595 8014 18849 11066 2243 3365 14621 2445 160865 2808 3340 4220 14708 12418 14213 19026 10601 4706 4552 10317 50163 22666 63095
leaf_count=959 3498 2535 4483 5548 4320 6074 1877 1595 8014 18849 11066 2243 3365 14621 2445 160865 2808 3340 4220 14708 12418 14213 19026 10601 4706 4552 10317 50163 22666 63095
internal_value=-8.25855e-05 -0.000137125 -0.00251307 -0.00333654 0.00602964 -0.0116447 0.00039221 0.00402173 0.00244094 0.00549436 -0.00403678 -3.51327e-05 0.0103008 -0.000189355 -0.0109195 -4.41985e-05 0.00104006 -0.00227497 -0.00579232 -0.00897666 0.00199224 -0.00228032 0.00295501 0.00963932 0.0017006 -0.00209236 0.00271181 -0.00348561 0.00209882 0.00309873
internal_weight=489190 488231 88955 81137 7818 10557 399276 42059 39524 26863 12661 357217 5242 351975 4688 347287 186422 41595 26974 18928 144827 26631 118196 13409 8046 70580 15865 54715 104787 85761
internal_count=489190 488231 88955 81137 7818 10557 399276 42059 39524 26863 12661 357217 5242 351975 4688 347287 186422 41595 26974 18928 144827 26631 118196 13409 8046 70580 15865 54715 104787 85761
cat_boundaries=0 2 4 8 13 17 22 24 28 32 36 40 42 46 47 51 55 57 61 63 67 72 74 78 80 84 88 92
cat_threshold=16 16384 19478801 25 3419652 3260710916 545531954 72484104 311574560 3271761936 2416050248 692913202 1 17039392 42270868 2340591616 885101800 2147483650 268444432 9633792 134217728 1 352847303 1 2416443653 58740992 1216413696 2130432 8388864 18874368 35651584 1024 0 8454144 4333184 22 1056768 1075838977 2853192448 1342177664 1090584576 34 68321284 1344307456 3392143376 1092554760 108 135358540 337903824 247611648 411046027 193488902 2590916732 67174416 4326016 3645184450 8 1076921888 67117056 293625896 167805224 252882825 1 2508588291 220205065 35127316 5544033 547362336 531463 285212802 4197376 2 700422 20 135282696 64 134217728 134221827 3309418773 21 142704936 2566924224 144703688 674826400 16448 218433538 1073766400 5824 136354632 604766862 2158493708 37954944
is_linear=0
shrinkage=0.1


Tree=58
num_leaves=31
num_cat=26
split_feature=0 9 0 8 9 9 11 8 9 8 8 9 11 2 0 9 8 9 9 9 11 9 8 8 9 11 9 11 8 8
split_gain=72.084 57.2952 53.8199 83.463 85.1022 61.2868 52.7016 65.5519 50.9056 43.6836 42.2113 69.2968 40.9818 40.3732 68.8367 57.551 46.2165 39.9377 38.9875 37.0773 36.7932 36.5164 93.6876 61.2819 71.8891 45.9072 62.1652 62.8267 61.7637 44.2548
threshold=3150.0000000000005 0 177.00000000000003 1 2 3 4 5 6 7 8 9 10 -92.999999999999986 -230.99999999999997 11 12 13 14 15 16 17 18 19 20 21 22 23 24 25
decision_type=2 9 2 9 9 9 9 9 9 9 9 9 9 8 2 9 9 9 9 9 9 9 9 9 9 9 9 9 9 9
left_child=1 -1 8 4 -4 9 7 18 -3 20 11 -8 -6 14 -10 -16 -17 -12 -7 -18 -5 22 -15 24 -23 28 27 -27 -24 -28
right_child=-2 2 3 5 12 6 10 -9 13 -11 17 -13 -14 21 15 16 19 -19 -20 -21 -22 23 25 -25 -26 26 29 -29 -30 -31
leaf_value=-4.017410072691038 164.52989856959584 187.3006784051673 -0.29970949120082085 -1.8874961982992886 1.1458531135253651 -3.0510844125077003 -0.22361240351435754 -0.02506681343490982 -6.7311092273586128 0.3343991925941282 -0.82575488615951831 1.111956289351592 3.3947454806394406 -1.4293634679810943 0.60979625716418173 0.076836081966362713 -2.5352015173212035 0.10754508489729915 -0.74090903559920207 -0.86898279584055305 2.6467738453619631 -0.25356232437796289 1.3019819920115361 -0.033023915517245685 0.59957563249926693 -7.5783870263854638 0.44351088723175708 -0.6281398140915837 -0.17036213168570385 -0.17476330824553232
leaf_weight=3893 422 468 4768 499 4632 3301 6661 16590 2643 16483 7935 11582 5243 13372 6692 6236 2184 26807 6661 8493 3542 11492 6838 217210 30653 1766 8968 2586 7733 42837
leaf_count=3893 422 468 4768 499 4632 3301 6661 16590 2643 16483 7935 11582 5243 13372 6692 6236 2184 26807 6661 8493 3542 11492 6838 217210 30653 1766 8968 2586 7733 42837
internal_value=-7.97236e-05 -0.000115392 -1.82518e-05 0.00187439 0.00892309 0.000841902 -0.000415478 -0.0040509 -0.000604721 0.00571248 0.00140674 0.0053005 0.0142185 -0.000646853 -0.004427 -0.00271341 -0.00581753 -0.000638812 -0.0104593 -0.00981099 0.015021 -0.00035798 -0.00216859 0.000229214 0.00371842 -0.000716729 -0.00201453 -0.0134801 0.00428297 -0.00104892
internal_weight=489190 488768 484875 114704 14643 100061 79537 26552 370171 20524 52985 18243 9875 369703 26248 23605 16913 34742 9962 10677 4041 343455 84100 259355 42145 70728 56157 4352 14571 51805
internal_count=489190 488768 484875 114704 14643 100061 79537 26552 370171 20524 52985 18243 9875 369703 26248 23605 16913 34742 9962 10677 4041 343455 84100 259355 42145 70728 56157 4352 14571 51805
cat_boundaries=0 4 8 12 17 19 23 25 29 33 37 39 43 47 51 55 60 62 66 70 74 78 80 84 86 90 94
cat_threshold=128 67108864 49152 8388736 1207961928 12648455 5724032 303039639 135070022 4204594 1090719818 1095502416 1077153908 138456066 293732498 2483296516 2 818458519 3 2147550774 1158687616 1493172334 136397320 16 16384 525315 2182087952 3254779938 21104640 2505082370 421298320 1543503936 6294336 21545218 2181234969 1073741892 554320384 4897542 13 2299011395 2726559810 17109044 2282045441 2264924481 3778035843 1445220396 33281 2281709570 2150105093 1111558144 134332978 276988168 2466467872 2315321408 152044592 33587204 66708 176160768 543167608 1 2164396055 4 454176836 2185527304 145698864 2148537345 2153778216 3356526595 2727088674 118489130 1145576456 266243 3222505128 42205303 2216755210 413139200 3221226184 81956 4043512130 2 0 262144 8519680 4096 67141632 8 244867073 69861716 138412048 138545920 177209344 8470688 4325392 13824
is_linear=0
shrinkage=0.1


Tree=59
num_leaves=31
num_cat=21
split_feature=0 0 8 8 4 6 8 9 9 8 9 6 9 11 7 3 6 8 0 8 8 8 11 5 8 10 9 11 11 9
split_gain=71.3012 52.2209 125.549 57.8691 54.9768 45.845 74.1961 62.9277 45.744 51.6309 71.6144 52.2664 90.8539 74.7758 63.9847 62.6797 57.8318 74.0637 56.6018 63.2283 53.2234 49.9893 48.7785 48.2058 47.902 46.8353 44.3272 64.8474 47.8366 110.376
threshold=3150.0000000000005 -314.99999999999994 0 1 45.000000000000007 426.50000000000006 2 3 4 5 6 1167.5000000000002 7 8 9 6.5000000000000009 1324.5000000000002 10 441.00000000000006 11 12 13 14 15.500000000000002 15 16 17 18 19 20
decision_type=2 2 9 9 2 2 9 9 9 9 9 2 9 9 1 2 2 9 2 9 9 9 9 2 9 9 9 9 9 9
left_child=1 3 -3 -1 -4 6 -6 -8 24 10 22 14 21 -14 15 -11 17 25 26 -20 -18 -13 -10 -17 -7 -15 27 -16 29 -28
right_child=-2 2 4 -5 5 8 7 -9 9 11 -12 12 13 16 18 23 20 -19 19 -21 -22 -23 -24 -25 -26 -27 28 -29 -30 -31
leaf_value=-7.7334586930513298 148.07690871263625 9.2807979507856579 0.53040383009674918 -0.58291935317748977 0.40800831385399161 -3.7550192653989827 -1.973563835784939 -0.29557100784875134 -0.66422968112170655 0.069043538204621765 0.1467039045004655 -1.9938550903487209 2.3232294654718117 -3.157762242929703 0.25940380546195813 0.70592000601438343 0.60831139437811577 0.0085123100844128885 1.7395855019367901 -0.37664765041860165 -0.22519808783501391 -0.38997717227038892 3.3813962375206033 3.5822307504750373 -0.30717011057352439 -0.48692264156416631 0.92848447098194531 -0.72531633140867058 -0.11753914751389445 -0.12838006723561543
leaf_weight=1557 422 1224 2725 4811 5709 2657 4739 9656 1616 96292 25556 8112 2446 2330 6964 21756 11255 22691 6444 4271 8121 11785 8124 10019 14187 12267 21173 21434 105331 33516
leaf_count=1557 422 1224 2725 4811 5709 2657 4739 9656 1616 96292 25556 8112 2446 2330 6964 21756 11255 22691 6444 4271 8121 11785 8124 10019 14187 12267 21173 21434 105331 33516
internal_value=-9.17844e-05 -0.000127259 -8.49917e-06 -0.00912374 -9.01938e-05 -0.000170864 -0.00484481 -0.00866713 3.41444e-05 0.000229325 0.00389735 -8.94842e-05 -0.00239789 -0.000429635 0.00046791 0.00221156 -0.00116985 -0.00347297 -0.00065355 0.00641624 0.00326177 -0.00824082 0.0111897 0.00606294 -0.00507891 -0.00902649 -0.00105563 -0.00469586 -0.000409298 0.00198998
internal_weight=489190 488768 482400 6368 481176 478451 20104 14395 458347 441503 35296 406207 79007 59110 327200 128067 56664 37288 199133 10715 19376 19897 9740 31775 16844 14597 188418 28398 160020 54689
internal_count=489190 488768 482400 6368 481176 478451 20104 14395 458347 441503 35296 406207 79007 59110 327200 128067 56664 37288 199133 10715 19376 19897 9740 31775 16844 14597 188418 28398 160020 54689
cat_boundaries=0 4 8 12 16 20 24 29 33 35 36 40 44 48 52 54 58 60 64 66 68 73
cat_threshold=0 0 1024 20 17891329 168296448 71304320 2098 318767181 136888684 1078263808 37907555 2349924360 404852932 3383820288 1476427994 16777344 67108865 168359944 1082131072 1074335176 545325091 4905888 331350144 1581104 2718061568 2952790530 687867906 1 201327904 302014656 8520496 406890579 46172196 1 104 2168455205 3408974848 2183135260 70517288 2353168384 2433750160 3297837060 3469891 2497053184 2268074304 2223243268 134712833 2198077460 2201502800 1150623744 67144737 1363152961 12 2097152 134217744 285214729 320864264 2281865472 16 609759264 1077351456 2151743616 553663553 3340240912 16 721861955 8 142688846 33571526 10616832 138444822 2
is_linear=0
shrinkage=0.1


Tree=60
num_leaves=31
num_cat=24
split_feature=0 0 8 8 4 8 9 8 9 8 9 11 9 8 9 8 8 11 9 8 0 9 9 8 0 10 6 9 8 11
split_gain=60.9984 48.6464 73.1986 66.9833 62.9492 97.9939 49.6492 46.9777 47.657 51.3713 38.4032 37.1901 190.084 137.771 90.8384 86.9689 85.6251 73.1525 66.2538 48.7423 41.7729 72.5161 41.2947 37.1757 35.7133 34.9853 34.9491 41.655 39.8137 33.9556
threshold=3150.0000000000005 -170.99999999999997 0 1 75.000000000000014 2 3 4 5 6 7 8 9 10 11 12 13 14 15 16 405.00000000000006 17 18 19 -74.999999999999986 20 1093.5000000000002 21 22 23
decision_type=2 2 9 9 2 9 9 9 9 9 9 9 9 9 9 9 9 9 9 9 2 9 9 9 2 9 2 9 9 9
left_child=1 3 -3 -1 5 24 -5 10 9 -9 -6 12 16 18 17 -16 -10 -13 -14 -19 -17 -22 -15 -23 -4 -7 28 -28 -24 -11
right_child=-2 2 4 6 7 25 -8 8 11 29 -12 14 13 22 15 20 -18 19 -20 -21 21 23 26 -25 -26 -27 27 -29 -30 -31
leaf_value=-5.6822275011537542 133.26921784137264 9.0131364179230697 -0.072590664094737176 -2.9323829090668028 -2.6333494609961607 -0.060418509502132879 0.069750948237484053 6.5061366560884863 3.8072121212160286 1.8816639629440914 -0.15870681582231938 0.73245358464369592 -3.0193642101197442 -0.63694855980425302 1.5460453693995846 0.0028880248808263787 0.48235014417440569 -2.3822994541685496 -1.2607686268576412 -0.52550882907290775 1.7931816635503708 0.8378885859158004 -0.2577977947596935 -0.16581852241802153 2.1152683796311655 0.45381176676523405 0.81117374443596901 -0.88739535611080811 0.52969783797999026 -0.49300458060342578
leaf_weight=2170 422 873 350 2972 2978 5146 9941 2000 2881 6385 4366 4121 5867 18295 8802 297721 18253 7804 15004 6443 4240 8506 8477 12537 1967 2054 2459 5797 15433 4926
leaf_count=2170 422 873 350 2972 2978 5146 9941 2000 2881 6385 4366 4121 5867 18295 8802 297721 18253 7804 15004 6443 4240 8506 8477 12537 1967 2054 2459 5797 15433 4926
internal_value=-8.81048e-05 -0.000120916 5.71055e-05 -0.00571173 3.38394e-06 0.00805401 -0.00296758 -0.000161992 -3.41038e-05 0.00585917 -0.00809083 -0.000211454 -0.00199511 -0.00446301 0.000259578 0.000638607 0.00633277 -0.00658396 -0.011295 -0.00997755 0.000371191 0.00427362 -0.00163559 0.00186434 0.0258917 0.00227462 0.000522128 -0.00508721 0.00245922 0.00323735
internal_weight=489190 488768 473685 15083 472812 9517 12913 463295 455951 13311 7344 442640 92466 71332 350174 331806 21134 18368 20871 14247 323004 25283 50461 21043 2317 7200 32166 8256 23910 11311
internal_count=489190 488768 473685 15083 472812 9517 12913 463295 455951 13311 7344 442640 92466 71332 350174 331806 21134 18368 20871 14247 323004 25283 50461 21043 2317 7200 32166 8256 23910 11311
cat_boundaries=0 4 8 12 17 21 26 30 34 36 40 44 48 52 56 58 62 66 70 74 78 80 85 89 91
cat_threshold=0 0 1536 20 2165310465 2333737220 67379522 37768192 2157576192 1593344 2156003332 134537216 143655618 419495938 35209816 2153779858 1 48 1073741824 562038785 67633160 536870960 21570 856424450 2147483972 2 1141112841 33587200 49536 285212835 34734080 304103424 2334265352 16810048 2689106535 11 2147774536 268699776 1216544976 1073782824 2282889216 2171872642 340262936 437344896 8264 264320 1216418432 1073774592 73 70 5247264 42074112 1188352 2223072264 2181038080 153108512 8454400 16 100828416 2164359680 0 545735811 68224008 69355521 100868384 155337248 377750276 1737240 2097152 131081 13665920 613122836 2149582852 548280448 2550326528 307757184 67371008 6343810 2987959814 8 69404672 152043520 1064968 269501952 1 338169867 369297996 2281963588 23330816 2147783489 1
is_linear=0
shrinkage=0.1


Tree=61
num_leaves=31
num_cat=21
split_feature=0 0 3 8 4 9 2 8 8 8 9 11 8 9 3 8 9 9 9 6 6 10 9 8 9 4 9 11 9 10
split_gain=58.7344 46.1794 70.1706 72.1319 66.3099 137.113 66.8189 72.0748 60.1748 58.0419 48.0033 44.4877 44.0307 51.9937 43.0742 140.754 85.4242 78.8793 61.4673 52.71 108.838 138.196 139.231 102.662 99.4842 70.0225 85.1886 77.6946 69.4071 63.2812
threshold=3150.0000000000005 -80.999999999999986 1.5000000000000002 0 135.00000000000003 1 39.000000000000007 2 3 4 5 6 7 8 1.5000000000000002 9 10 11 12 751.50000000000011 1143.5000000000002 13 14 15 16 435.00000000000006 17 18 19 20
decision_type=2 2 2 9 2 9 8 9 9 9 9 9 9 9 2 9 9 9 9 2 2 9 9 9 9 2 9 9 9 9
left_child=1 2 3 -1 5 -3 7 -7 -8 10 -4 -11 13 -6 15 16 -14 -17 -16 25 23 22 -22 29 -23 26 -20 28 -27 -21
right_child=-2 4 9 -5 12 6 8 -9 -10 11 -12 -13 14 -15 18 17 -18 -19 19 20 21 24 -24 -25 -26 27 -28 -29 -30 -31
leaf_value=-0.087410808443018698 119.94229605723535 1.4211464818655715 -3.0166960040485584 -1.8160373420344542 -0.40162711078677238 -0.16740839679062047 0.37813184801424315 0.33025465215941774 -0.12823461845702014 2.3162447019511636 -0.62565497045679686 -0.079703098704007047 -0.45222980606097662 3.4526402966066629 -1.7678486549456296 -0.33547049880677449 -2.3793373773603843 0.060943547810039439 1.0044913047412256 -1.5554096221428908 0.066465068794843069 -0.66320531192607612 -1.9005892385735637 0.59434973895737719 0.69071097923153379 2.3522960161206279 -0.053905584050534472 -0.4752614854754571 -0.50345765570531886 -0.041927144417960173
leaf_weight=3648 422 4361 2239 4972 3476 3579 4549 13360 20565 3060 4166 20402 7760 4325 7365 19015 2073 45652 6667 5110 12962 10177 16116 110721 26084 5856 13150 83870 5178 18310
leaf_count=3648 422 4361 2239 4972 3476 3579 4549 13360 20565 3060 4166 20402 7760 4325 7365 19015 2073 45652 6667 5110 12962 10177 16116 110721 26084 5856 13150 83870 5178 18310
internal_value=-8.70827e-05 -0.000119279 -0.00344402 -0.0113921 0.000164897 0.00374456 0.00199106 0.00684515 -0.00128215 -0.0011501 -0.00957911 0.00115457 -0.000246492 0.00718858 -0.000393106 -0.00255973 -0.0137001 -0.000863522 0.000108842 0.000320644 0.00130289 -0.00204396 -0.00717822 0.00293311 0.00207466 -0.00138728 0.00401928 -0.00251623 0.00536943 -0.00308152
internal_weight=489190 488768 38487 8620 450281 46414 42053 16939 25114 29867 6405 23462 403867 7801 396066 74500 9833 64667 321566 314201 199480 65339 29078 134141 36261 114721 19817 94904 11034 23420
internal_count=489190 488768 38487 8620 450281 46414 42053 16939 25114 29867 6405 23462 403867 7801 396066 74500 9833 64667 321566 314201 199480 65339 29078 134141 36261 114721 19817 94904 11034 23420
cat_boundaries=0 4 9 12 16 20 24 26 30 35 39 43 47 51 53 58 62 66 70 71 75 77
cat_threshold=1254703232 710934729 14418560 176164902 2147483652 268444436 9633792 136314888 1 192937984 2583691264 3229687808 2315780100 134222084 146800640 3178528 310379777 2149222593 75507730 191105354 2214625344 1772290708 1242593280 71410272 2185343361 25 136 8454176 4331136 22 71360 536871426 1073845274 539825664 1 2130273 2148532224 2474639465 270021120 2685436040 4203776 35717120 134217728 304910924 403177488 8421508 1698857011 0 67239936 134500352 8396928 3432120576 32 33611782 537173764 295698574 3047424 1 1080058417 72239947 545267784 209782784 151027874 570444421 2172726064 405602818 76079106 2046820500 8388612 2300019201 4337988 412779008 2424897536 1384317000 1214026786 1175490566 8
is_linear=0
shrinkage=0.1


Tree=62
num_leaves=31
num_cat=23
split_feature=0 0 8 8 4 8 8 9 9 9 1 4 9 9 10 0 2 8 8 9 9 9 8 8 9 11 8 8 11 9
split_gain=57.2249 44.1813 81.1457 64.3388 51.1528 88.2127 37.3182 47.2407 37.1409 37.1253 34.6766 34.6417 33.7565 32.295 32.0137 30.4416 55.9387 75.9822 75.9309 76.5646 58.958 52.3394 103.651 53.823 48.84 70.7802 69.2563 56.3984 50.312 80.4432
threshold=3150.0000000000005 -206.99999999999997 0 1 75.000000000000014 2 3 4 5 6 135.00000000000003 615.00000000000011 7 8 9 57.000000000000007 81.000000000000014 10 11 12 13 14 15 16 17 18 19 20 21 22
decision_type=2 2 9 9 2 9 9 9 9 9 10 2 9 9 9 2 8 9 9 9 9 9 9 9 9 9 9 9 9 9
left_child=1 3 -3 11 5 10 9 -8 -7 -6 -4 -1 -9 -5 -10 21 17 -17 19 -18 -19 22 -14 -24 25 -20 -27 -26 -29 -30
right_child=-2 2 4 13 6 8 7 12 14 -11 -12 -13 15 -15 -16 16 18 20 24 -21 -22 -23 23 -25 27 26 -28 28 29 -31
leaf_value=-8.3102132416126278 107.94806645151181 11.970943324628573 0.82334170769257542 -2.1421751428416145 0.40666060860945835 -0.53645778746223083 156.05707268095131 -4.5496315172497139 0.72656184926466671 -1.2735610021950734 3.1299053108331578 -1.9965208862296322 -2.4525500245829086 0.35309744995751946 0.05390814319481603 -0.20390930982728792 -0.4621194215465721 1.3253721462084391 -0.28708641683546715 1.2630596369544003 0.3277186008082737 -0.0059518935788634769 0.21947114058140182 -0.59350419841471735 0.025544306029755149 2.6369672463695766 0.36010476455793711 -0.69201504315801121 1.6313893224768918 -0.20627004016258044
leaf_weight=1346 422 670 1240 3263 2380 1346 718 1579 1035 5527 778 1278 3232 5903 5196 15647 7038 8389 12314 16672 28432 188735 15428 28142 63232 3583 8887 26653 1889 28236
leaf_count=1346 422 670 1240 3263 2380 1346 718 1579 1035 5527 778 1278 3232 5903 5196 15647 7038 8389 12314 16672 28432 188735 15428 28142 63232 3583 8887 26653 1889 28236
internal_value=-7.87015e-05 -0.000110482 3.89955e-05 -0.00615776 -1.02872e-05 0.0072173 -0.000158877 -4.14109e-05 0.00224727 -0.00696602 0.0257396 -0.0199317 -8.18602e-05 -0.0021905 0.00550393 -3.12145e-05 0.000811868 0.00366319 -7.59626e-05 0.00516863 0.00614292 -0.000822164 -0.00381526 -0.00253098 -0.000935057 0.00310559 0.00841346 -0.00176971 -0.0040572 -0.00125601
internal_weight=489190 488768 476978 11790 476308 9595 466713 458806 7577 7907 2018 2624 458088 9166 6231 456509 220972 52468 168504 23710 36821 235537 46802 43570 144794 24784 12470 120010 56778 30125
internal_count=489190 488768 476978 11790 476308 9595 466713 458806 7577 7907 2018 2624 458088 9166 6231 456509 220972 52468 168504 23710 36821 235537 46802 43570 144794 24784 12470 120010 56778 30125
cat_boundaries=0 4 8 12 16 18 22 26 30 35 37 41 45 49 54 58 61 65 70 72 76 80 82 86
cat_threshold=0 0 1024 20 2165310465 2333753349 2218787138 46271168 2149187584 544768 2156003332 134512640 2097200 1073741824 562036737 67633160 16 16384 276824068 151003136 268435456 8 2099200 159389760 162 268438528 0 67108864 0 128 9454122 436797575 33704728 2153779328 1 2202405256 2 155664384 272764486 269426690 322224256 138414344 12648487 273587106 38798530 25494925 537405457 69455944 1095499800 3356033354 537138566 302071816 2298487376 3 8257 4203552 715257896 3490750228 4194312 2147518465 2181046282 2416443654 818418864 408420548 35662883 45437028 1077937160 2208432768 1146132484 2 608869917 21 25166850 100671616 1073807376 153168160 2181481026 2416099408 2217811968 2476833 3972042646 9 268435970 285212690 1209008136 40
is_linear=0
shrinkage=0.1


Tree=63
num_leaves=31
num_cat=26
split_feature=9 0 8 2 8 8 9 0 9 8 11 9 9 8 9 9 4 9 9 11 9 8 8 9 8 7 9 10 9 10
split_gain=47.4483 41.5931 75.2098 66.245 69.1785 63.8892 79.9599 67.5411 61.4868 81.7836 64.3094 94.191 58.3195 51.4491 47.7976 44.2554 42.9335 41.8093 37.5635 37.5317 84.0296 47.069 47.045 37.7225 52.3772 41.937 91.9984 69.4204 85.4514 58.158
threshold=0 117.00000000000001 1 159.00000000000003 2 3 4 231.00000000000003 5 6 7 8 9 10 11 12 75.000000000000014 13 14 15 16 17 18 19 20 21 22 23 24 25
decision_type=9 2 9 8 9 9 9 2 9 9 9 9 9 9 9 9 2 9 9 9 9 9 9 9 9 1 9 9 9 9
left_child=-1 8 -3 4 14 6 16 17 9 -2 11 -11 -9 -12 -4 -14 -5 -7 -6 20 21 -10 -22 24 -21 26 29 28 -27 -25
right_child=1 2 3 5 18 7 -8 12 19 10 13 -13 15 -15 -16 -17 -18 -19 -20 23 22 -23 -24 25 -26 27 -28 -29 -30 -31
leaf_value=134.50670237776089 -2.967484964588456 5.0617601924506408 -0.01006073387513169 3.9642797357341437 0.9764020236042058 0.16106266897192542 0.044028352049224395 0.46715171248763454 0.23707134001795893 0.20605755548014423 0.36850963873137066 -4.8785091597400418 -10.182819860094448 -0.62603579627781158 1.1584120472872499 -0.14746534403502096 1.8837292654044662 -0.64605484592963769 -0.012990369529245527 0.47047913330734342 -0.0037899319031410531 -0.97649022375781491 1.3780638023220311 -0.023625444502010318 -0.012847236611189318 1.7769732198947576 -0.0056694792560612944 -0.087294992437526461 -0.33496525909663188 -1.3162465477525751
leaf_weight=959 3720 2125 3614 331 7322 5207 23099 15620 6438 2358 15540 3249 810 19845 10726 39633 7740 18835 27219 16739 4860 5142 10623 5363 50665 7623 25735 130139 4364 13547
leaf_count=959 3720 2125 3614 331 7322 5207 23099 15620 6438 2358 15540 3249 810 19845 10726 39633 7740 18835 27219 16739 4860 5142 10623 5363 50665 7623 25735 130139 4364 13547
internal_value=-7.33866e-05 -0.000117258 0.00119084 0.000942148 0.00401076 -0.000405752 0.00343489 -0.00190039 -0.000768523 -0.00421269 -0.00292181 -0.0128627 8.91854e-07 -0.00134341 0.00984669 -0.00200356 0.0119973 -0.00633475 0.00158461 -0.000220802 0.0033188 -0.00312338 0.00813593 -0.000597793 0.00142997 -0.00132963 -0.00400291 -0.000489672 0.0067892 -0.00929704
internal_weight=489190 488231 162281 160156 48881 111275 31170 80105 325950 44712 40992 5607 56063 35385 14340 40443 8071 24042 34541 281238 27063 11580 15483 254175 67404 186771 44645 142126 11987 18910
internal_count=489190 488231 162281 160156 48881 111275 31170 80105 325950 44712 40992 5607 56063 35385 14340 40443 8071 24042 34541 281238 27063 11580 15483 254175 67404 186771 44645 142126 11987 18910
cat_boundaries=0 2 6 10 14 19 23 27 29 33 38 42 47 51 56 61 63 67 71 75 80 84 85 89 91 95 96
cat_threshold=16 16384 0 8388608 4200352 22 34120963 72405393 178257938 135358977 2285898056 536936487 2157379586 326370529 2218928712 813834252 546316832 880968992 2 1052864 339738656 44301608 2415959489 1080033288 1074823170 1132486666 336592904 67145756 7 4288 268435456 196608 268436480 867438629 2282789896 293732480 70520833 2 2550726659 946339944 407049728 2101028 12624448 2319253529 1220575250 545850369 1 4194312 67239936 33622016 276824768 34621536 272631012 1099040778 1372885632 2 146810914 3260612742 1082327074 809507584 3 21141509 3 109740812 3355582741 2567962756 559677440 337117958 2441232404 176227332 16927968 2283870286 1073745410 3624730632 19005953 67666730 2032464 290717701 606601220 1 1216417866 691051010 1476575236 295072 12 2285912068 159395970 0 134234650 1210593299 40 2290229252 3405783040 2147483712 152125466 1075120128
is_linear=0
shrinkage=0.1


Tree=64
num_leaves=31
num_cat=23
split_feature=0 8 8 4 9 10 9 8 9 8 8 9 8 11 9 8 9 9 7 8 0 6 6 3 9 8 7 8 4 9
split_gain=41.3901 100.889 43.9251 41.5947 36.5988 39.6627 161.187 93.8873 80.1311 79.4827 77.1316 66.0431 65.7127 56.4537 55.4644 50.8625 44.2283 39.9869 38.6474 37.6247 35.7751 34.1509 81.9749 122.157 63.3601 59.5799 48.1678 45.1369 43.8194 50.8088
threshold=-314.99999999999994 0 1 45.000000000000007 2 3 4 5 6 7 8 9 10 11 12 13 14 15 16 17 1149.0000000000002 1136.5000000000002 944.50000000000011 6.5000000000000009 18 19 20 21 135.00000000000003 22
decision_type=2 9 9 2 9 9 9 9 9 9 9 9 9 9 9 9 9 9 1 9 2 2 2 2 9 9 1 9 2 9
left_child=2 -2 -1 -3 -5 6 12 14 10 16 -7 -9 -6 -12 -8 -11 -10 -15 -13 -20 21 22 28 -24 -23 26 -25 -26 29 -17
right_child=1 3 -4 4 5 8 7 11 9 15 13 18 -14 17 -16 20 -18 -19 19 -21 -22 24 23 25 27 -27 -28 -29 -30 -31
leaf_value=-0.39036705792805154 8.0271725467487194 0.44478480741605608 -5.8132787372272503 2.2647812070891109 -2.3388135042691576 2.8080974763561954 -0.12638367155753658 1.1576027497547585 -2.4629485789165302 1.9572516292998252 0.48122716346095162 -0.5511332810973073 -0.69574042412896486 -3.378920274954849 -1.6904015845802534 1.3222586304213793 -0.74288992250605268 -0.20150988398108441 -0.52763783155373012 0.25427644783210329 2.1372796162240095 -0.83760768094277516 0.073625271629956052 10.298642585624009 -0.21842902061409861 0.46834516285197125 3.2057052282734446 0.22663169776634862 -0.10357887548433098 0.072059544867620673
leaf_weight=4305 1348 2727 2063 5658 10177 6374 10913 11937 2183 3718 22574 6658 9886 920 7492 1615 11993 6698 8367 28019 2619 15890 51590 3345 30870 5285 7985 24700 163359 17922
leaf_count=4305 1348 2727 2063 5658 10177 6374 10913 11937 2183 3718 22574 6658 9886 920 7492 1615 11993 6698 8367 28019 2619 15890 51590 3345 30870 5285 7985 24700 163359 17922
internal_value=-7.78838e-05 2.77535e-05 -0.00808731 -4.90151e-05 -0.000119165 -0.00021486 -0.00206026 0.000111723 0.000239431 -0.000234928 0.00468887 0.00218127 -0.010001 0.00257599 -0.00606842 8.11777e-05 -0.0075638 -0.00486366 0.000355368 0.00163754 -5.19696e-05 -0.000146484 0.000402428 0.00336119 -0.00207529 0.0108185 0.014903 -0.000482188 -0.000700945 0.00377489
internal_weight=489190 482822 6368 481474 478747 473089 93449 73386 379640 343074 36566 54981 20063 30192 18405 328898 14176 7618 43044 36386 325180 322561 251101 68205 71460 16615 11330 55570 182896 19537
internal_count=489190 482822 6368 481474 478747 473089 93449 73386 379640 343074 36566 54981 20063 30192 18405 328898 14176 7618 43044 36386 325180 322561 251101 68205 71460 16615 11330 55570 182896 19537
cat_boundaries=0 4 8 13 15 19 23 27 31 35 40 44 46 50 53 57 61 62 66 70 74 75 79 83
cat_threshold=128 0 1024 20 134234176 8405024 2101248 65668 16 17410 537133568 256 2 3502441478 2 335713316 604214080 151552 2689993960 436740104 1430388998 318910771 503316490 14751394 2147620933 268566664 2957053028 1096877096 1207995905 604520936 16910408 1208026184 44072962 33603952 320864297 2147557568 532496 1367409762 153149442 1 101737988 18425216 80414728 203506848 118368000 1 176177539 402655380 303137084 402669585 524288 276889664 4198416 67108864 33562624 136384544 32768 8392704 2147483648 0 1024 4 2149588742 2169872 2291665088 20972544 2298478592 4194456 2164260866 1207959571 2659614726 2167410692 3255238660 3442208 34 2190901253 2201510016 2149908480 70267425 2147483652 268444176 0 8200
is_linear=0
shrinkage=0.1


Tree=65
num_leaves=31
num_cat=28
split_feature=9 0 8 8 9 4 9 8 10 9 9 9 8 9 9 11 9 8 10 9 9 11 8 9 11 8 9 11 8 9
split_gain=41.0563 37.6809 61.6565 47.437 46.4381 43.8698 99.2596 53.6033 46.8379 55.6246 45.3471 36.9812 35.8544 161.815 75.8629 55.0758 49.1293 72.0128 53.6167 89.1933 59.4041 122.96 78.2019 75.8923 63.7113 52.9012 53.3649 51.3539 69.1415 70.5428
threshold=0 -134.99999999999997 1 2 3 135.00000000000003 4 5 6 7 8 9 10 11 12 13 14 15 16 17 18 19 20 21 22 23 24 25 26 27
decision_type=9 2 9 9 9 2 9 9 9 9 9 9 9 9 9 9 9 9 9 9 9 9 9 9 9 9 9 9 9 9
left_child=-1 2 -2 -3 -4 6 -5 10 9 -9 -8 -10 13 -7 -15 -16 17 -14 19 -18 21 23 -23 -20 -25 26 -22 -27 29 -29
right_child=1 3 4 5 -6 12 7 8 11 -11 -12 -13 16 14 15 -17 18 -19 20 -21 25 22 -24 24 -26 27 -28 28 -30 -31
leaf_value=120.82955401927592 -3.3503401520630818 5.6515070606687061 -2.1271949604056251 1.0303623916422808 0.10498163156233745 -1.1693346083705047 0.92361207364217113 -0.88214526809771177 -0.56491561768675325 -0.12441696609730997 0.14717952480439464 0.067189661082193194 -0.10680437322268617 0.61050661373271287 -0.61043302100411234 0.085458781216570634 -0.34026986924901836 0.58855857198036576 1.4001684345905447 0.73488774611647834 1.1363375501632031 -2.4420365774934858 -0.50024258561427382 9.1525622226646757 -0.4081725627472409 0.10926490823234332 0.062736753564482231 -2.1276672584330463 -0.020896590075955148 -0.2999855074840525
leaf_weight=959 3340 1072 3178 4975 14161 11614 2065 1787 1156 5196 14718 18098 22694 20543 26529 25237 14484 31515 6942 26024 11292 9453 28972 509 15645 61269 23793 8130 50309 23531
leaf_count=959 3340 1072 3178 4975 14161 11614 2065 1787 1156 5196 14718 18098 22694 20543 26529 25237 14484 31515 6942 26024 11292 9453 28972 509 15645 61269 23793 8130 50309 23531
internal_value=-7.84971e-05 -0.000119306 -0.00429663 6.54473e-05 -0.00189348 1.6935e-05 0.00288051 0.00133163 -0.0014916 -0.00850136 0.00574346 0.00105378 -0.000311481 -0.00215946 -0.000398927 -0.00243935 0.000152135 0.00290765 -0.000380756 0.00298386 -0.000949115 -0.00362825 -0.00709379 0.00213797 -0.00162089 -2.46728e-05 0.00345491 -0.000877144 -0.00251403 -0.00617442
internal_weight=489190 488231 20679 467552 17339 466480 47995 43020 26237 6983 16783 19254 418485 83923 72309 51766 334562 54209 280353 40508 239845 61521 38425 23096 16154 178324 35085 143239 81970 31661
internal_count=489190 488231 20679 467552 17339 466480 47995 43020 26237 6983 16783 19254 418485 83923 72309 51766 334562 54209 280353 40508 239845 61521 38425 23096 16154 178324 35085 143239 81970 31661
cat_boundaries=0 2 6 10 15 20 24 26 30 34 38 42 46 51 53 58 62 64 69 73 75 79 83 85 89 93 95 99 103
cat_threshold=16 16384 17835521 2300182788 344006994 56773120 0 0 1664 20 402653248 939590406 1075658760 2102947 3 2147484164 268444432 9633792 137363464 1 2349466117 528644 147062784 3191328 906529296 8 8913152 2298478592 2097152 9216 9568256 4 64 16785424 2 4 301989888 1040 3219489 3221367296 2038431851 355995912 8389120 2523435264 33755136 25600194 539050082 688130050 1368391686 738282496 3 1610923789 25 7346688 302060614 923598976 28049732 2 1207967296 1053360592 3469312 134228544 711499827 12 1376305225 540058424 142610437 3493860353 1 2306867620 210108416 13682440 671164587 2164735243 17 2214593024 292552712 67766272 33440 0 131072 8388608 671090722 2164330752 16 16777540 142934160 1839364 35555 33563649 1049360 134217762 2421195280 1295521860 15 239076354 324534535 2248343552 33751040 67109952 16820240 3355447298 1086464
is_linear=0
shrinkage=0.1


Tree=66
num_leaves=31
num_cat=28
split_feature=9 0 10 9 9 8 8 8 8 9 9 9 8 8 9 8 11 4 9 10 11 8 9 8 9 9 8 10 9 8
split_gain=39.0469 38.777 60.0136 69.6818 67.4438 62.5038 50.553 47.5373 35.3101 54.0881 35.1595 34.1409 42.4352 33.3717 31.0653 76.4459 77.0308 52.5308 137.585 49.1897 45.2947 41.9486 41.4922 39.5654 94.9271 80.661 69.632 49.8314 81.5603 49.1828
threshold=0 -20.999999999999996 1 2 3 4 5 6 7 8 9 10 11 12 13 14 15 105.00000000000001 16 17 18 19 20 21 22 23 24 25 26 27
decision_type=9 2 9 9 9 9 9 9 9 9 9 9 9 9 9 9 9 2 9 9 9 9 9 9 9 9 9 9 9 9
left_child=-1 2 4 5 -2 -4 -6 10 9 -3 -5 12 -9 -10 15 16 -15 18 -16 -17 22 -21 -19 24 -22 26 -25 28 29 -27
right_child=1 8 3 7 6 -7 -8 11 13 -11 -12 -13 -14 14 17 19 -18 20 -20 21 23 -23 -24 25 -26 27 -28 -29 -30 -31
leaf_value=115.30406451481795 0.84950118529235263 2.3285275005647521 -1.9296296679274805 -1.302849593542478 0.46757648086258108 -0.54645774276290382 -0.71473777593769761 0.78325025530308034 -2.0561740855833128 0.16560877940478635 -0.23360248635067951 -0.1390450995260972 -0.027844711704924665 0.74683674865102323 -0.037500044059469675 -0.42144571374700351 -1.8191746950411465 -0.11702041368281879 1.5320029292946857 1.3177836178981912 -0.15311181136837002 0.031179340483834042 1.2569940953619712 -0.75755680191399577 0.54628199048252746 0.080930083229566213 -0.081755252900866632 0.13944072040893615 0.13072303833671839 -2.1230280607705398
leaf_weight=488 8047 4563 5926 3262 5944 13857 6246 5451 2637 11744 7650 46370 8718 1825 7000 12013 9782 3005 4031 4744 31374 31730 5306 27600 38962 3683 41856 104467 22583 8326
leaf_count=488 8047 4563 5926 3262 5944 13857 6246 5451 2637 11744 7650 46370 8718 1825 7000 12013 9782 3005 4031 4744 31374 31730 5306 27600 38962 3683 41856 104467 22583 8326
internal_value=-7.54308e-05 -0.000103947 -0.00174261 -0.00283525 0.00318319 -0.00808619 -0.0015082 -0.00138047 0.000380271 0.00493044 -0.00745285 -0.000284893 0.00400945 0.000174547 0.000257189 -0.00181685 -0.00910304 0.000675211 0.00744719 -7.11384e-05 0.000415097 0.00175693 0.00768537 0.000198127 0.00224888 -0.000493706 -0.00327642 0.000896318 -0.00239293 -0.00904817
internal_weight=489190 488702 111471 91234 20237 19783 12190 71451 377231 16307 10912 60539 14169 360924 358287 60094 11607 298193 11031 48487 287162 36474 8311 278851 70336 208515 69456 139059 34592 12009
internal_count=489190 488702 111471 91234 20237 19783 12190 71451 377231 16307 10912 60539 14169 360924 358287 60094 11607 298193 11031 48487 287162 36474 8311 278851 70336 208515 69456 139059 34592 12009
cat_boundaries=0 1 3 8 12 16 20 24 28 32 36 41 45 49 53 57 59 63 65 67 71 75 79 83 87 91 93 97 101
cat_threshold=16 19773713 57 1065248 222363680 1233250312 616646368 1 2459058464 2869002256 3489792008 543622179 270011908 1091600725 1082142768 105055682 218825473 2852798740 3359899648 10568832 6365708 2181694210 948183070 490799368 8389640 8716329 7479200 272629846 1207969797 1107447808 571500800 268446656 2303463493 33555732 33685568 1074954504 21368899 1076648518 538969104 1209303044 2 2299134209 285273104 37879936 1073904 65568 0 553648129 8912904 1342319751 3290431489 10537224 1367608001 140517441 3221227520 34111512 2163360 2302779667 4 126877952 159481860 268435460 8252 3674276886 48 1090519232 2 2147484160 89260036 2147483650 33685504 142606592 2080 2164326530 65536 373850375 268468242 1107935240 2168481 59850816 169455888 3226599488 4722696 2924482848 272786432 134283392 135312442 154533888 1644841988 2491424832 84052224 1227045700 2 25198592 595624704 2164260868 2310144 1049088 71457024 2155880450 33818624
is_linear=0
shrinkage=0.1


Tree=67
num_leaves=31
num_cat=24
split_feature=9 0 8 8 4 9 0 10 6 10 8 9 9 9 10 10 8 9 6 9 5 8 9 9 7 11 9 11 11 8
split_gain=38.4682 35.1474 81.8046 53.0851 38.5836 31.8848 30.4624 28.8713 28.6494 65.0027 62.0944 43.0534 42.8039 31.9154 31.1017 27.2258 64.438 30.309 28.9732 77.6542 59.2726 112.429 57.2518 56.7778 54.9878 54.7317 53.7894 78.741 63.3483 63.1265
threshold=0 -254.99999999999997 1 2 45.000000000000007 3 3690.0000000000005 4 426.50000000000006 5 6 7 8 9 10 11 12 13 1116.5000000000002 14 15.500000000000002 15 16 17 18 19 20 21 22 23
decision_type=9 2 9 9 2 9 2 9 2 9 9 9 9 9 9 9 9 9 2 9 2 9 9 9 1 9 9 9 9 9
left_child=-1 3 -3 -2 7 -5 8 -4 9 13 12 14 -11 -6 -12 16 -10 -18 20 -20 26 24 -23 -21 -22 -24 27 -17 -28 -29
right_child=1 2 4 5 6 -7 -8 -9 15 10 11 -13 -14 -15 -16 18 17 -19 19 23 21 22 25 -25 -26 -27 28 29 -30 -31
leaf_value=103.7736580633362 -8.8324108328953628 8.9271543631229076 1.1429922598330506 -4.8853523835291099 -0.60480162596517928 -0.27971874689908915 126.44771516403939 0.12937593090886637 0.97183689287453778 0.046004425234588454 3.9670791404175589 -0.082452251267983459 -1.5464087579495136 -3.6898055128302674 0.60044391456231949 -2.2083743764800547 -5.5588473273411694 -0.98144958727370268 1.0591032282383901 -1.1513914260973988 0.072200462521337272 0.84072620536257436 0.20244345753199014 -0.094812475564545029 1.7139971496285669 -0.3780408355699682 -3.9513664480481889 0.6071567109697924 0.038620699459880829 -0.55106303304439164
leaf_weight=488 1209 836 889 577 857 7090 289 1813 2115 2378 542 8393 4111 1197 2415 4608 1630 1804 9356 12111 6523 12915 20333 91880 19425 26452 1427 8283 219155 18089
leaf_count=488 1209 836 889 577 857 7090 289 1813 2115 2378 542 8393 4111 1197 2415 4608 1630 1804 9356 12111 6523 12915 20333 91880 19425 26452 1427 8283 219155 18089
internal_value=-6.80717e-05 -9.63758e-05 1.89652e-05 -0.00633168 -3.59081e-05 -0.00323694 -0.000103509 0.0118801 -0.000123215 -0.00383803 -0.00189086 0.00257042 -0.00968611 -0.0206395 0.0129255 3.88068e-05 -0.00691671 -0.01536 0.000124621 -0.00125852 0.000589544 0.00286171 0.000472283 -0.00204373 0.00835581 -0.00115504 -0.00018405 -0.00408519 0.00036402 -0.00197483
internal_weight=489190 488702 479826 8876 478990 7667 476288 2702 475999 19893 17839 11350 6489 2054 2957 456106 5549 3434 450557 113347 337210 85648 59700 103991 25948 46785 251562 30980 220582 26372
internal_count=489190 488702 479826 8876 478990 7667 476288 2702 475999 19893 17839 11350 6489 2054 2957 456106 5549 3434 450557 113347 337210 85648 59700 103991 25948 46785 251562 30980 220582 26372
cat_boundaries=0 1 5 9 14 16 18 22 26 31 35 36 38 42 46 50 54 59 63 64 66 70 71 72 76
cat_threshold=16 0 0 1024 20 2165374977 186122240 72613920 33556512 2147483648 4 16896 2147489920 1 22686026 2 2986934272 8 2290255138 3499100307 411574308 69505032 2529689858 2728935435 272764960 2151687976 13534082 2168621328 10276 1163657473 1 1144549636 2148535312 84672643 1114112 16780321 1073741829 2 180481 1074336769 2186805772 2402304 1212673 1881145344 2315325504 1075253248 1081178112 2149979168 543429248 2684358912 2286426368 276829234 3657896340 39845954 2323972384 33600803 553650834 1207960087 2 134217728 100679880 1107552536 1073741955 9 3776708682 4 1376020612 2214859809 677401728 2155886212 34121770 2147483648 1209592320 105672736 72351904 136318720
is_linear=0
shrinkage=0.1


Tree=68
num_leaves=31
num_cat=21
split_feature=9 9 0 9 8 9 10 9 6 8 8 8 11 9 4 2 9 9 0 0 3 11 9 9 8 8 4 9 2 8
split_gain=37.3517 32.7711 33.6804 65.2257 34.5224 42.111 30.4968 104.28 34.8344 39.9784 26.7013 25.5374 48.0237 45.8548 41.328 41.4318 37.1182 33.5029 29.9271 28.6415 46.6084 52.3261 49.2993 47.394 34.5066 29.9055 26.3919 68.9049 60.2365 53.6595
threshold=0 1 723.00000000000011 2 3 4 5 6 1232.5000000000002 7 8 9 10 11 165.00000000000003 -50.999999999999993 12 13 -410.99999999999994 -56.999999999999993 8.5000000000000018 14 15 16 17 18 135.00000000000003 19 21.000000000000004 20
decision_type=9 9 2 9 9 9 9 9 2 9 9 9 9 9 2 10 9 9 2 2 2 9 9 9 9 9 2 9 8 9
left_child=-1 -2 6 -4 -5 -6 7 10 9 -9 -3 12 13 14 -8 -16 -14 -15 -19 20 21 23 -23 -13 -25 -24 27 -21 29 -29
right_child=1 2 3 4 5 -7 11 8 -10 -11 -12 19 16 17 15 -17 -18 18 -20 26 -22 22 25 24 -26 -27 -28 28 -30 -31
leaf_value=93.396292257002557 -2.5458809356494019 -1.1923585689406877 -2.0762745222199159 -0.22417297292205945 0.56407459028204132 3.5571841985606398 2.4410781025332398 1.7367551306891862 -4.1182951207626957 -0.30534207023456017 -3.9440626258479998 -1.5919299763978554 -1.4836040663035213 -2.8628732540629809 0.051962968266842685 2.2223608160545267 0.027855571542265523 -5.4895055204779162 0.36953683140172799 0.84767621450626796 0.77217640445722502 1.0328166720224616 -2.7349175280670934 0.089151564629584359 -0.69062174704270518 -0.020288670999167736 -0.023753355504249729 -0.21446460474978446 -0.062895694430099708 0.29125075674844808
leaf_weight=488 2834 2487 2216 2666 3783 4045 474 3986 577 6596 2543 7012 2944 434 3306 4816 7979 420 17987 3703 8517 3981 928 8817 10661 2849 334491 2080 25018 10552
leaf_count=488 2834 2487 2216 2666 3783 4045 474 3986 577 6596 2543 7012 2944 434 3306 4816 7979 420 17987 3703 8517 3981 928 8817 10661 2849 334491 2080 25018 10552
internal_value=-6.35745e-05 -9.14649e-05 -2.88138e-05 0.00505114 0.00833968 0.0116867 -0.000165272 -0.00442929 0.000962485 0.002268 -0.016369 -1.41144e-05 0.00245504 0.00468722 0.0107367 0.00907412 -0.00315101 0.00192297 0.00257642 -0.000240433 -0.00269262 -0.00433894 0.00288363 -0.00645283 -0.0039101 -0.00529443 3.85798e-05 0.00242183 0.00113914 0.00676852
internal_weight=489190 488702 485868 12710 10494 7828 473158 16189 11159 10582 5030 456969 38360 27437 8596 8122 10923 18841 18407 418609 42765 34248 7758 26490 19478 3777 375844 41353 37650 12632
internal_count=489190 488702 485868 12710 10494 7828 473158 16189 11159 10582 5030 456969 38360 27437 8596 8122 10923 18841 18407 418609 42765 34248 7758 26490 19478 3777 375844 41353 37650 12632
cat_boundaries=0 1 5 10 14 18 20 24 28 32 36 38 43 47 50 52 57 62 66 70 74 78
cat_threshold=16 0 67108864 16384 128 143222986 133122 185665632 813701696 1 2157208684 86027104 41951260 201326920 2151842049 2189509009 1082265622 1226638352 3489726468 2 336756996 807436545 2315259952 3221688424 33734917 134753937 1343750662 100982785 302022660 1073819265 1108345352 33568769 1142423560 536936448 33772704 33620116 2215352004 5 13122860 21522 1225785472 671615010 3 335544612 133120 1259340170 67617 0 0 2162688 716998382 8 67791878 1076166660 2424373248 289584698 1 2588148736 8749060 1242572801 1141874240 1 2566981120 2294567026 407143170 14721056 2562 3310500096 268437580 4600320 2147746308 8976 8519680 136314888 25165824 436207616 3229622272 32
is_linear=0
shrinkage=0.1


Tree=69
num_leaves=31
num_cat=23
split_feature=0 0 8 1 4 9 8 0 2 9 8 8 9 11 8 8 8 9 10 8 9 9 8 6 8 9 9 11 7 9
split_gain=35.5447 31.8395 62.9869 47.612 31.3909 27.145 26.8595 25.8584 73.0149 61.9891 64.1941 60.0035 58.0401 80.2723 73.4383 58.175 47.4372 42.6808 37.9642 78.7973 38.4654 36.9807 52.2108 37.8391 43.8213 50.2349 36.8198 37.3048 36.5994 76.4602
threshold=3690.0000000000005 -350.99999999999994 0 -122.99999999999999 45.000000000000007 1 2 93.000000000000014 111.00000000000001 3 4 5 6 7 8 9 10 11 12 13 14 15 16 691.50000000000011 17 18 19 20 21 22
decision_type=2 2 9 8 2 9 9 2 8 9 9 9 9 9 9 9 9 9 9 9 9 9 9 2 9 9 9 9 1 9
left_child=1 3 -3 -1 -4 -6 -7 12 11 10 -10 -9 13 15 -15 -8 26 -13 19 -18 -21 22 -20 -23 25 -25 -11 -28 -14 -30
right_child=-2 2 4 -5 5 6 7 8 9 16 -12 17 28 14 -16 -17 18 -19 21 20 -22 23 -24 24 -26 -27 27 -29 29 -31
leaf_value=-6.4254453522490369 122.53611604259373 4.7544809592393511 0.37437441888061473 -0.28508107857931048 76.588120023398147 -1.8273778679257227 -6.3364748280106005 -0.11515166468228699 -0.045342887307151969 -0.80086665978745941 2.1740688548964844 1.3243598984622935 0.059256912531654396 -1.41105715418622 0.23866286227199396 -1.9905185133297836 1.2926451692770031 0.42780613655536404 -1.1092886694232733 0.41656255493528249 -0.48061689956960407 -0.41707564670950392 0.11848847485318857 0.059448663912139925 -0.068860569666509261 1.5749503254925914 0.88868227128510857 -0.32215566616372371 -0.42896457004042077 0.048873379930968498
leaf_weight=1539 339 1592 2732 3586 437 2417 1275 13321 7128 8191 6520 6981 159071 10287 14737 3909 7187 21802 9783 7051 7860 13985 7703 9388 32014 7773 1727 15362 46123 57370
leaf_count=1539 339 1592 2732 3586 437 2417 1275 13321 7128 8191 6520 6981 159071 10287 14737 3909 7187 21802 9783 7051 7860 13985 7703 9388 32014 7773 1727 15362 46123 57370
internal_value=-6.8685e-05 -9.11321e-05 -8.06242e-06 -0.00793171 -7.38369e-05 -0.000134751 -0.000157733 -0.00010429 0.000825461 -0.000261167 0.00614292 0.00448176 -0.000687907 -0.00483818 -0.00248862 -0.0161533 -0.00094428 0.00704859 1.07052e-05 0.00368193 -0.000465786 -0.000995586 -0.00506401 0.000131391 0.00143671 0.0055122 -0.00482404 -0.00217849 -0.000210226 -0.00167386
internal_weight=489190 488851 483726 5125 482134 479402 478965 476548 183776 141672 13648 42104 292772 30208 25024 5184 128024 28783 102744 22098 14911 80646 17486 63160 49175 17161 25280 17089 262564 103493
internal_count=489190 488851 483726 5125 482134 479402 478965 476548 183776 141672 13648 42104 292772 30208 25024 5184 128024 28783 102744 22098 14911 80646 17486 63160 49175 17161 25280 17089 262564 103493
cat_boundaries=0 4 5 9 14 18 22 26 28 32 36 40 44 46 50 54 58 62 66 70 74 76 77 81
cat_threshold=0 0 1024 20 16 48 0 553648129 268959752 7606368 6439944 578823072 2483067136 2 2289375297 50760192 69246976 68291456 155533380 1883516430 269295616 52461664 1052736 71303169 44300576 3489700288 68845569 5 13634056 1073907717 109060530 88081602 67108864 1075838978 37748736 1048864 25240581 1764925450 136368218 125833216 203948354 1615141059 50413760 2553296896 677413081 8 201359360 2185248772 274137856 2311298 394920967 1233223680 65604 538247272 2777154822 101515297 268486664 1619083960 204636674 2521325056 2420834304 134497153 142219586 2428833297 2148016128 1344897 436374017 142606608 1077018708 5505028 2433319561 1207964435 2281787457 11280416 51449937 6 114 2302755853 429009048 134217732 134308379
is_linear=0
shrinkage=0.1


Tree=70
num_leaves=31
num_cat=22
split_feature=0 9 0 8 2 9 8 8 8 10 9 9 9 8 9 4 8 2 8 9 10 9 8 0 8 11 9 3 4 8
split_gain=32.3763 28.8611 28.9355 68.5255 51.3998 47.9298 52.861 45.8575 41.5779 39.4506 33.2916 32.0252 31.9182 72.7673 48.3651 35.4269 37.4047 33.36 96.3651 39.5556 31.5424 31.2819 33.1468 30.9704 48.8089 34.8627 34.0141 32.4952 32.01 82.4692
threshold=3690.0000000000005 0 177.00000000000003 1 207.00000000000003 2 3 4 5 6 7 8 9 10 11 2625.0000000000005 12 141.00000000000003 13 14 15 16 17 -86.999999999999986 18 19 20 2.5000000000000004 195.00000000000003 21
decision_type=2 9 2 9 8 9 9 9 9 9 9 9 9 9 9 2 9 10 9 9 9 9 9 2 9 9 9 2 2 9
left_child=1 -1 12 -4 7 6 -6 -5 10 11 -7 -10 13 14 20 17 -17 23 19 -19 -3 22 -11 24 -14 26 -26 -27 29 -25
right_child=-2 2 3 4 5 8 -8 -9 9 21 -12 -13 15 -15 -16 16 -18 18 -20 -21 -22 -23 -24 28 25 27 -28 -29 -30 -31
leaf_value=-2.3422318038115408 110.28250443833436 -4.3129751185342897 9.4249524100376618 1.1658476485506584 2.6890826064328737 -0.59716465952438968 0.30742914538966493 0.23432757282343319 -4.047938686673942 -1.5679538699950173 0.60009070703459888 -0.32056961716796767 0.4506034611403365 -0.096546520454428297 -0.54220858487307211 -1.7156398106118573 3.3534088791058823 -0.36461943320743018 -0.70884017775432406 1.9967593041501261 -1.3953556977273522 -0.042058534966702157 -0.1782124687037083 1.6711968977062677 4.5703045820560879 -1.6370212618611319 -0.26203360061494846 -0.8498474337268157 -0.019665322024368593 0.072750760967988271
leaf_weight=3773 339 1756 817 7635 2074 3771 11797 23252 2146 3799 15581 2268 6480 58361 5324 2043 7053 2259 15663 3513 2243 35381 6286 963 443 3914 1696 7672 197333 53555
leaf_count=3773 339 1756 817 7635 2074 3771 11797 23252 2146 3799 15581 2268 6480 58361 5324 2043 7053 2259 15663 3513 2243 35381 6286 963 443 3914 1696 7672 197333 53555
internal_value=-6.7254e-05 -8.86773e-05 -2.0821e-05 0.00136621 0.00115789 -0.000136578 0.00522657 0.00464111 -0.00121169 -0.00273802 0.00272183 -0.0117541 -0.000450886 -0.0024138 -0.0106129 -1.17318e-05 0.00613456 -0.000202221 -0.00400047 0.00703909 -0.0189199 -0.00186032 -0.00677068 9.70388e-05 -0.00366988 -0.00704405 0.00467659 -0.00921007 0.000399244 0.00254411
internal_weight=489190 488851 485078 114807 113990 83103 13871 30887 69232 49880 19352 4414 370271 67684 9323 302587 9096 293491 21435 5772 3999 45466 10085 272056 20205 13725 2139 11586 251851 54518
internal_count=489190 488851 485078 114807 113990 83103 13871 30887 69232 49880 19352 4414 370271 67684 9323 302587 9096 293491 21435 5772 3999 45466 10085 272056 20205 13725 2139 11586 251851 54518
cat_boundaries=0 4 8 13 17 21 25 27 31 35 39 43 47 51 55 59 61 65 69 73 75 79 83
cat_threshold=128 67108864 16384 8388736 0 8388608 6016 22 1079317108 177160 832700960 339738885 2 1073741898 525575 2151940098 54528064 352388355 269537433 43139088 5396993 2281701704 3226271808 1951858784 36963745 1346451716 30 656642 37814290 1073811802 1090783816 2315436033 413139088 3388997636 151289872 1052740 2153807904 178427704 2432709957 2100264 1074825218 1132986538 74448936 64 0 178393120 285216832 25168640 1116225536 2148032512 2097152 1079582852 180373506 2148279456 39847158 138674179 528644 68 676921370 89394184 2 67668234 2449555760 135342336 2281701968 66576 33566353 2282225684 83898376 3473424584 67125426 1107624064 8393909 3227597057 29 26112 851972 268435456 512 1573376 33816584 67502080 4104
is_linear=0
shrinkage=0.1


Tree=71
num_leaves=31
num_cat=24
split_feature=2 0 9 9 8 11 8 9 4 9 8 8 9 11 8 4 8 10 8 9 8 9 9 10 3 4 8 8 9 10
split_gain=28.5903 46.8953 41.3908 31.5586 69.174 49.1546 38.2714 48.8315 35.2893 109.166 50.8555 37.7261 27.1699 121.939 85.9972 77.7855 80.3203 48.675 107.247 86.5847 60.8454 74.2654 51.7606 40.8444 39.7225 69.5547 89.2763 88.1694 56.8699 36.2487
threshold=-122.99999999999999 -350.99999999999994 0 1 2 3 4 5 105.00000000000001 6 7 8 9 10 11 135.00000000000003 12 13 14 15 16 17 18 19 1.5000000000000002 165.00000000000003 20 21 22 23
decision_type=8 2 9 9 9 9 9 9 2 9 9 9 9 9 9 2 9 9 9 9 9 9 9 9 2 2 9 9 9 9
left_child=1 -1 -3 4 -2 -6 7 -5 9 10 -8 -11 13 14 -10 -15 29 18 19 -14 21 -19 -20 -18 25 26 -22 -27 -28 -17
right_child=3 2 -4 6 5 -7 8 -9 12 11 -12 -13 17 15 -16 16 23 20 22 -21 24 -23 -24 -25 -26 27 28 -29 -30 -31
leaf_value=-8.8135957985333651 1.9726869855158697 -1.4358622172341815 -0.0055729269704499988 -3.0831873814239792 0.68607343937262188 -0.73617716789428267 -0.7903318759053235 -0.33906095164139743 -1.6913257001765416 0.68497067605629247 0.032142166492046445 1.7658846381945357 -1.4059679547298289 1.0405165599979427 -0.11221852910508012 -0.54475617614222149 0.20980585357919923 0.97338622249784101 -0.64324591765381178 -0.33971639429912026 1.3757341297344057 0.015427481572885426 0.12833667565949761 -0.23306621329399918 0.016497934841765271 -0.162795070387104 -2.3672279183616505 -1.4467212746200269 -0.045399934157757116 0.98257773078907462
leaf_weight=868 9378 4850 14673 2915 10171 7028 1697 14262 5059 5991 9561 908 12362 2105 10533 1638 26189 19856 8565 21716 1116 31731 43821 23197 136047 5585 848 4354 28659 23507
leaf_count=868 9378 4850 14673 2915 10171 7028 1697 14262 5059 5991 9561 908 12362 2105 10533 1638 26189 19856 8565 21716 1116 31731 43821 23197 136047 5585 848 4354 28659 23507
internal_value=-8.85137e-05 -0.00375411 -0.00274292 7.09259e-05 0.00341708 -0.00035156 -0.000130248 -0.0047565 5.68162e-05 0.00437022 -0.00170394 0.014264 -0.000135664 0.00137362 -0.00668504 0.00301386 0.00247883 -0.000578066 -0.00259847 -0.00696433 0.00018755 0.00320852 0.000242385 0.000135639 -0.000694999 -0.00344164 -0.00108252 -0.0107103 -0.00213606 0.00707812
internal_weight=489190 20391 19523 468799 26577 17199 442222 17177 425045 18157 11258 6899 406888 92228 15592 76636 74531 314660 86464 34078 228196 51587 52386 49386 176609 40562 30623 9939 29507 25145
internal_count=489190 20391 19523 468799 26577 17199 442222 17177 425045 18157 11258 6899 406888 92228 15592 76636 74531 314660 86464 34078 228196 51587 52386 49386 176609 40562 30623 9939 29507 25145
cat_boundaries=0 5 10 14 16 20 24 28 32 36 41 43 47 51 53 57 61 65 69 73 75 79 83 87 89
cat_threshold=303092224 402759808 412139648 3848896 1 2102800 154626 822100354 268437824 2 272630921 50364419 35132384 318767231 43785 1 18883624 1073777155 587727275 319291402 32772 33563140 169873408 6291456 395837703 3380707332 2097152 262205 75497474 285212672 1073807360 1025 134381569 26230784 2558525444 8192 1343293668 16778188 2319515696 1289752580 1 2751576081 20 134382082 51511424 12591104 2270496 1478099456 2195215360 4385792 6302516 3556967492 38 441991169 2254463252 478287888 136381584 2231533568 2392850432 1073745920 18040482 42467395 921174512 71438352 2098368 2164260864 1251999760 131148 538043450 16793856 134479872 1179712 2685412393 1192887648 33 335544320 0 134217728 131104 71369216 2147487756 311296 143753216 134217728 0 0 32786 155191362 2
is_linear=0
shrinkage=0.1


Tree=72
num_leaves=31
num_cat=23
split_feature=0 8 8 4 4 9 0 8 10 7 6 8 3 9 11 11 8 6 10 9 9 9 8 11 9 8 10 11 9 9
split_gain=26.9114 61.1674 44.5029 46.9354 29.9759 57.3628 24.3508 25.379 23.7887 21.4793 59.9323 59.8278 46.9719 41.4221 44.2516 42.5671 37.1612 36.0065 51.6017 46.7374 40.6973 38.8318 66.6101 48.1938 36.7913 34.573 42.2181 33.3162 64.6122 31.926
threshold=-254.99999999999997 0 1 675.00000000000011 75.000000000000014 2 27.000000000000004 3 4 5 1195.5000000000002 6 1.5000000000000002 7 8 9 10 1330.5000000000002 11 12 13 14 15 16 17 18 19 20 21 22
decision_type=2 9 9 2 2 9 2 9 9 1 2 9 2 9 9 9 9 2 9 9 9 9 9 9 9 9 9 9 9 9
left_child=2 -2 3 -1 5 -3 8 -8 -7 10 12 -12 -6 14 -14 16 -15 21 20 -20 -19 22 -11 -24 -25 26 -17 28 -23 -13
right_child=1 4 -4 -5 9 6 7 -9 -10 17 11 29 13 15 -16 25 -18 18 19 -21 -22 27 23 24 -26 -27 -28 -29 -30 -31
leaf_value=-7.3847276453770583 7.6601835262349756 -0.00016600621974980357 -0.21279809449212764 -1.1256516471848113 -0.06590291046281864 0.0046224586832633646 0.58423407201782707 1.885857873161382 1.569342746413569 2.5802871291323699 0.6481170052569788 -1.0051127088427378 1.2909891405890512 0.48986117179261335 -1.3094737958273244 0.53705401609769476 -1.3025254337895562 -0.055874677567127232 -0.96621229006306319 0.3494222186735087 2.7272209792843203 -2.6463074622652396 -1.6619865337198541 2.6898145174601527 0.03182134320141046 0.6294996968709019 -0.59910610121627028 -0.097004501966455339 0.058282594530213318 -0.2807636299529378
leaf_weight=1039 956 6421 6535 1312 39342 1153 901 939 249 6394 4957 5708 3296 3718 8845 13033 4839 1248 3170 8858 2509 3440 2774 1709 20285 73288 9183 230733 3695 18661
leaf_count=1039 956 6421 6535 1312 39342 1153 901 939 249 6394 4957 5708 3296 3718 8845 13033 4839 1248 3170 8858 2509 3440 2774 1709 20285 73288 9183 230733 3695 18661
internal_value=-8.3812e-05 1.70725e-05 -0.0055368 -0.017302 -3.35866e-05 0.00547966 0.0162977 0.023913 0.0064194 -0.000147013 0.000692341 -0.00345427 0.00147418 0.00248533 -0.0030409 0.00313007 -0.00362437 -0.000691828 0.00394995 0.000747632 0.0141625 -0.000964205 0.00235468 4.03584e-06 0.00157244 0.00373558 0.000278953 -0.00139904 -0.00812456 -0.00549038
internal_weight=489190 480304 8886 2351 479348 9663 3242 1840 1402 469685 184870 29326 155544 116202 12141 104061 8557 284815 15785 12028 3757 269030 31162 24768 21994 95504 22216 237868 7135 24369
internal_count=489190 480304 8886 2351 479348 9663 3242 1840 1402 469685 184870 29326 155544 116202 12141 104061 8557 284815 15785 12028 3757 269030 31162 24768 21994 95504 22216 237868 7135 24369
cat_boundaries=0 4 8 12 16 17 18 22 26 28 30 34 35 39 43 48 52 53 55 59 60 62 66 70
cat_threshold=128 0 1024 20 2165374977 186122241 72614016 33557232 294125572 1224736768 268435456 270379 276824064 2165309440 1619001344 8736 1141900818 104 6111816 37849866 641733416 135268482 37824588 68550881 140546600 2692747716 3238138562 2 2823290898 24 2306868741 77623300 3019898884 2165216 33544 420479750 35414212 134430736 4303930 268599296 826376832 142737408 71176232 274811484 1066186 872546320 2696970528 2 1059073 1093190912 67371904 285280418 10248 16400 16448 134244912 71428160 878721040 220266762 2957418761 268468259 2 33555456 285935617 1125138432 24192 143787012 69222601 2332191058 289443843
is_linear=0
shrinkage=0.1


Tree=73
num_leaves=31
num_cat=23
split_feature=6 10 8 9 9 9 11 3 8 0 10 9 8 6 9 6 3 8 7 11 9 8 11 8 9 11 9 6 10 8
split_gain=25.4496 58.7913 50.8671 52.131 36.8526 29.2922 25.822 24.6049 31.2702 24.5856 24.0315 59.994 26.4388 25.7052 62.4266 50.6048 95.7922 94.2734 59.177 82.1583 45.9084 52.9431 50.7304 48.1661 51.9131 48.1189 91.36 45.8444 58.3802 61.0249
threshold=426.50000000000006 0 1 2 3 4 5 3.5000000000000004 6 3690.0000000000005 7 8 9 1116.5000000000002 10 955.50000000000011 4.5000000000000009 11 12 13 14 15 16 17 18 19 20 1324.5000000000002 21 22
decision_type=2 9 9 9 9 9 9 2 9 2 9 9 9 2 9 2 2 9 1 9 9 9 9 9 9 9 9 2 9 9
left_child=1 5 4 6 -3 -1 -4 -5 -9 10 11 -2 -13 15 -15 20 -17 -18 19 -19 21 -12 -23 24 -22 26 -25 -16 -29 -30
right_child=9 2 3 7 -6 -7 -8 8 -10 -11 13 12 -14 14 27 16 17 18 -20 -21 23 22 -24 25 -26 -27 -28 28 29 -31
leaf_value=-6.6685564866199476 -4.5398112258470462 -0.42802853387923112 -0.32649216017710753 0.16083111619561097 1.0473926396778765 -1.1364684780134322 -2.5200637268315611 0.77830407482311914 -1.3948561978233849 99.269496689930293 0.25014384530264877 1.1254792344538032 -1.3793126404158675 0.68679456341532097 -0.25589260175505618 -0.028118495519255576 -0.79636342103479485 0.23255108723954906 0.6215544137128417 3.8747768257617907 2.3430123540362615 0.19345851608907944 -0.82613547953530075 -2.2616959733912778 0.11315644728085746 0.036390303184272457 -0.09314343431495864 0.56986989605947114 -1.0517688930684999 0.16473162605747121
leaf_weight=594 1899 1771 1266 5341 3218 1320 2478 1234 3364 339 9885 2146 1824 12811 77515 48302 6980 5495 13650 15893 6913 6523 21006 4126 12212 178173 17255 11243 4795 9619
leaf_count=594 1899 1771 1266 5341 3218 1320 2478 1234 3364 339 9885 2146 1824 12811 77515 48302 6980 5495 13650 15893 6913 6523 21006 4126 12212 178173 17255 11243 4795 9619
internal_value=-8.05413e-05 -0.00352181 -0.00180388 -0.00495509 0.00683137 -0.0201663 -0.0149973 -0.00116092 -0.00652458 7.06353e-05 5.11463e-05 -0.00630209 0.000703518 0.000131919 -0.00115664 0.000563345 0.00259854 0.00609025 0.00820304 0.0114871 -0.000154436 -0.00339087 -0.00564472 0.000399426 0.00519206 -6.01311e-05 -0.00454163 -0.00197418 0.0016896 -0.00252357
internal_weight=489190 20586 18672 13683 4989 1914 3744 9939 4598 468604 468265 5869 3970 462396 115983 346413 90320 42018 35038 21388 256093 37414 27529 218679 19125 199554 21381 103172 25657 14414
internal_count=489190 20586 18672 13683 4989 1914 3744 9939 4598 468604 468265 5869 3970 462396 115983 346413 90320 42018 35038 21388 256093 37414 27529 218679 19125 199554 21381 103172 25657 14414
cat_boundaries=0 2 6 10 15 20 21 25 27 31 35 39 43 44 46 50 54 56 60 65 67 72 73 77
cat_threshold=2953379840 8 370696260 34095212 1145503744 37760199 236011596 1346371716 161480720 1342289370 134316557 131668 269568256 1208391923 2 503316512 539009792 3224371200 137232435 1 672408002 4260361 143035650 42475872 16928816 1073741829 2 1212676 270532608 2315259952 1074204683 16965633 1208550401 2182676994 35977216 1081113664 3609641 677646464 2684358912 20013097 4983113 77078568 134416648 114 138982657 26 1376069764 2214859809 148899456 2172663428 1075374592 72257572 2248153248 1819648 3355582740 2 1075905668 537135153 1127858858 268435637 156763696 1073768512 1342179650 538017818 2 2856321122 5 135300640 554271488 553648128 3014658 1 295690 2147582856 2156675477 9769088 39871712
is_linear=0
shrinkage=0.1


Tree=74
num_leaves=31
num_cat=28
split_feature=4 8 0 9 8 8 9 10 9 9 8 8 9 11 8 8 11 9 11 8 9 8 8 11 9 8 9 8 8 9
split_gain=27.6401 26.3118 23.4995 46.9472 48.1722 44.2897 55.4075 33.4505 36.0098 34.5126 32.6636 29.2843 37.7149 28.9102 32.9055 32.3566 26.531 26.4455 65.8935 79.4804 77.8525 52.7166 43.1299 37.0302 76.6332 64.3511 50.0015 48.8345 38.6781 39.0894
threshold=45.000000000000007 0 -14.999999999999998 1 2 3 4 5 6 7 8 9 10 11 12 13 14 15 16 17 18 19 20 21 22 23 24 25 26 27
decision_type=2 9 2 9 9 9 9 9 9 9 9 9 9 9 9 9 9 9 9 9 9 9 9 9 9 9 9 9 9 9
left_child=1 -1 3 4 -2 6 -5 8 -7 13 -11 12 -4 14 -9 -15 -8 18 20 -20 21 -13 -22 24 25 -19 -25 -26 -28 -30
right_child=2 -3 11 5 -6 7 16 9 -10 10 -12 17 -14 15 -16 -17 -18 23 19 -21 22 -23 -24 26 27 -27 28 -29 29 -31
leaf_value=0.12229896090016457 -0.25234915195251578 1.4182589644843018 1.0324875033826579 -2.2887764228437222 0.38113955314135239 -0.26395038556816747 0.92083225775363331 -0.8859039073589472 0.66538658107101945 0.29128937696919904 -0.19971538872327654 2.1008808449665382 0.08414569850056762 -0.24701991171013474 1.3196812640776217 -1.2025804349648852 -0.59291926002554562 -0.23388972829558555 -0.80745709634844198 0.19056654752860888 1.0310836922357347 0.90823604373646194 -0.058803779153581717 1.0504391164305631 0.23840877850390854 -2.2008901860706058 0.11859223615982427 -0.23590160164168028 -1.1613161317028133 -0.089795216548575862
leaf_weight=2150 8864 604 7785 2007 16279 6305 1518 1308 9659 14946 29983 2677 17853 8576 1731 9899 12038 9502 10011 19138 8151 4425 14313 5469 30376 7708 102596 42802 2236 78281
leaf_count=2150 8864 604 7785 2007 16279 6305 1518 1308 9659 14946 29983 2677 17853 8576 1731 9899 12038 9502 10011 19138 8151 4425 14313 5469 30376 7708 102596 42802 2236 78281
internal_value=-7.70662e-05 0.00991285 -0.000133625 -0.00132764 0.00252654 -0.0023168 -0.00720799 -0.00139231 0.00271691 -0.00237988 -0.000802199 0.000270971 0.00352854 -0.00567274 0.00336176 -0.00715986 -0.00490196 2.3542e-05 0.00195232 -0.00142152 0.00527793 0.0143982 0.00238943 -0.000382465 -0.00204651 -0.00804878 0.000415182 -0.000633984 0.000133517 -0.00150695
internal_weight=489190 2754 486436 123113 25143 97970 15563 82407 15964 66443 44929 363323 25638 21514 3039 18475 13556 337685 58715 29149 29566 7102 22464 278970 90388 17210 188582 73178 183113 80517
internal_count=489190 2754 486436 123113 25143 97970 15563 82407 15964 66443 44929 363323 25638 21514 3039 18475 13556 337685 58715 29149 29566 7102 22464 278970 90388 17210 188582 73178 183113 80517
cat_boundaries=0 3 8 12 16 20 22 26 30 34 38 42 44 48 52 54 59 61 65 69 73 77 79 83 87 91 95 99 103
cat_threshold=83886080 136331264 402653184 805448762 3221411916 807797778 134479874 2 9486848 13114549 214446086 159386696 20458500 2365882689 547364920 88084936 1074008064 16777728 167819296 545292384 1630353841 56 88637508 316678658 223936577 84979736 139477312 760815650 2172668044 67192512 2223079488 1351638158 34083904 34636821 41943432 8716329 6447088 272630230 1277176373 1075990656 974154496 268444480 3225463040 16 2160067074 273678336 1074006208 33571840 2655485952 10284 3389063366 3637248 2286520577 16 21264 51908363 1094779043 1684015360 2 571901505 13 2433908740 17828864 3322478592 136840192 16400 16777216 65536 2048 2147549248 17825792 4 167773184 273683975 34112658 1108934668 18915329 543991445 19 1409679360 335806656 171589960 17829888 2152970308 691017810 2516582406 320000 8 268701760 2281701376 4096 1411254788 2186937346 2224291844 51807744 2617263106 354423252 3892379652 136653857 4195329 0 35651584 268468353
is_linear=0
shrinkage=0.1


Tree=75
num_leaves=31
num_cat=24
split_feature=4 8 3 8 9 0 9 2 9 9 8 6 8 10 10 8 8 9 11 9 9 8 8 6 8 9 9 8 10 8
split_gain=28.0351 104.434 62.5283 148.437 62.9573 56.1625 60.5139 63.7779 49.8332 42.3112 90.9495 41.8015 69.8903 54.1752 47.0398 52.006 43.7728 62.2384 40.4961 103.772 103.606 57.0237 54.2885 46.763 48.4676 46.9334 43.9847 43.8381 42.5965 40.3843
threshold=165.00000000000003 0 1.5000000000000002 1 2 -86.999999999999986 3 39.000000000000007 4 5 6 426.50000000000006 7 8 9 10 11 12 13 14 15 16 17 1178.5000000000002 18 19 20 21 22 23
decision_type=2 9 2 9 9 2 9 10 9 9 9 2 9 9 9 9 9 9 9 9 9 9 9 2 9 9 9 9 9 9
left_child=1 -1 3 8 -5 -3 -7 -8 -2 10 -4 12 -11 -14 15 -13 17 -16 20 22 27 -22 -20 25 -25 -21 -24 -18 -27 -9
right_child=2 5 9 4 -6 6 7 29 -10 11 -12 14 13 -15 16 -17 18 -19 19 23 21 -23 26 24 -26 28 -28 -29 -30 -31
leaf_value=1.3619048010351891 -0.89251341186074784 -0.94675599957080792 1.7707427800220275 -0.43462758924433625 0.030652506116096136 0.45185381071950137 0.113946270097571 0.2126160118166304 -2.4675641151465606 -2.2352047402608464 -0.0210105806377495 3.4235327365846246 3.4289404514736135 -0.37178147536667583 -1.3049133038702221 0.27824093381354231 -0.49953892854695925 -0.15597280182529474 -0.14175146269583758 0.89326717235430353 0.21649408957157662 1.0352742408294267 -0.54293334252733361 -1.1962410360714022 0.14213063597209247 -1.7067852973367643 -2.114248720861827 0.20423952790842234 0.10493362458099398 -0.15955950634827973
leaf_weight=1999 3937 4190 13593 12426 33941 9761 33480 5633 1863 3305 29302 3402 860 9241 11459 8594 22624 35065 22252 30424 35891 23207 12072 8026 8987 4476 12504 17068 42172 27436
leaf_count=1999 3937 4190 13593 12426 33941 9761 33480 5633 1863 3305 29302 3402 860 9241 11459 8594 22624 35065 22252 30424 35891 23207 12072 8026 8987 4476 12504 17068 42172 27436
internal_value=-8.50385e-05 0.00159578 -0.000425999 -0.00365844 -0.0017692 0.00103341 0.00165247 0.000573176 -0.0187263 4.9644e-05 0.00299382 -0.0003557 -0.00581829 -0.00167639 -0.000110152 0.00602199 -0.000367353 -0.00317402 0.000177504 -0.000910781 0.00172976 0.0043835 -0.00475682 0.00100377 -0.00374126 0.00205133 -0.00799642 -0.00222155 5.78679e-05 -0.00254166
internal_weight=489190 82499 406691 52167 46367 80500 76310 66549 5800 354524 42895 311629 13406 10101 298223 11996 286227 46524 239703 140913 98790 59098 46828 94085 17013 77072 24576 39692 46648 33069
internal_count=489190 82499 406691 52167 46367 80500 76310 66549 5800 354524 42895 311629 13406 10101 298223 11996 286227 46524 239703 140913 98790 59098 46828 94085 17013 77072 24576 39692 46648 33069
cat_boundaries=0 4 8 12 17 21 26 30 34 36 38 42 46 51 53 57 61 65 69 73 78 82 86 87 91
cat_threshold=270008320 67108872 393216 131072 2418147660 16801792 3632332901 844336 2158235724 952144640 305169536 1678016594 2449473600 8720 279117824 40960 1 604176648 74752 10551296 16544 539234904 546058 922813570 876904452 2 269812809 1076418050 33882260 289439985 3366590722 2953906704 136364044 27295752 268445699 16 554238080 13 9077000 301998482 1073741904 36864 5840899 1375781696 1686634522 84443498 33060 2294288 2284849156 142745801 1 1697848453 4 2157659298 2265391104 2148581448 17833600 252215328 3827337780 142619136 3356041235 2156036680 98578436 273088516 138891905 17208068 209727524 2147758276 5383680 2651096324 2148533409 302190592 37776404 134217728 2772 142737680 1207959571 1 1589378 270336 1048640 1049088 142772004 2629769 33753924 134507009 3254788364 50332160 445140992 415236096 136380448
is_linear=0
shrinkage=0.1


Tree=76
num_leaves=31
num_cat=23
split_feature=0 9 7 8 9 9 11 8 5 6 8 10 9 8 9 9 8 11 8 8 4 9 8 8 4 9 8 1 8 0
split_gain=27.1329 71.3132 50.2988 66.0423 52.714 45.311 76.8542 94.9918 44.7706 40.5476 40.7001 39.8168 46.8797 43.5664 37.4632 37.1872 34.523 30.6272 30.3839 29.1978 29.1548 58.1441 46.1055 37.7221 30.0204 88.8434 85.3879 60.7311 81.7137 47.1088
threshold=123.00000000000001 0 1 2 3 4 5 6 15.500000000000002 1411.5000000000002 7 8 9 10 11 12 13 14 15 16 1635.0000000000002 17 18 19 195.00000000000003 20 21 45.000000000000007 22 -74.999999999999986
decision_type=2 9 1 9 9 9 9 9 2 2 9 9 9 9 9 9 9 9 9 9 2 9 9 9 2 9 9 10 9 2
left_child=5 16 3 17 -5 6 -1 -8 11 10 15 12 19 -13 -12 -10 -2 -3 -14 -4 22 -22 -7 -23 25 26 -24 29 -29 -27
right_child=1 2 8 4 -6 20 7 -9 9 -11 14 13 18 -15 -16 -17 -18 -19 -20 -21 21 23 24 -25 -26 27 -28 28 -30 -31
leaf_value=0.55639241580613119 4.9729669664638099 4.0023637776576022 0.052461891177000557 0.86282492349157991 -0.12809063209418811 -0.93894364235013905 -3.8394439355246903 -0.77265082512215144 2.3815970599150122 -1.4179631113850348 -0.69784598164397948 -1.2286290678027101 -0.5788546226921597 -0.26188708412987011 0.14792114934323025 0.35468534227464377 0.89989965792142224 1.5392721008828176 0.094326150114531521 1.244972300222537 3.5646382981385401 -1.6573121421019739 1.2032921648684456 0.47799217638041258 -0.10012735807758305 -0.68845808526177876 0.1520545966664294 -0.5724244015490364 0.027108478795297233 0.086219298831896343
leaf_weight=6169 1385 1048 2958 7038 19011 4799 2760 13880 3268 1503 6733 7885 7005 23010 37316 11175 7447 7535 9907 3199 8446 4789 3332 17331 209948 4003 17011 5714 6233 27352
leaf_count=6169 1385 1048 2958 7038 19011 4799 2760 13880 3268 1503 6733 7885 7005 23010 37316 11175 7447 7535 9907 3199 8446 4789 3332 17331 209948 4003 17011 5714 6233 27352
internal_value=-7.97236e-05 0.00100144 0.000482164 0.00381906 0.00131049 -0.000592735 -0.00489285 -0.00842643 -0.000532162 0.00134761 0.00176434 -0.00262212 0.00052212 -0.00496845 0.00025307 0.00636892 0.00972631 0.0114221 -0.00219832 0.00798605 -0.000275109 0.00265655 -0.000597 -4.06688e-05 -0.000426348 0.00147616 0.00692527 -0.00108515 -0.00715242 0.00122628
internal_weight=489190 157423 148591 34632 26049 331767 22809 16640 113959 59995 58492 53964 23069 30895 44049 14443 8832 8583 16912 6157 308958 30566 278392 22120 273593 63645 20343 43302 11947 31355
internal_count=489190 157423 148591 34632 26049 331767 22809 16640 113959 59995 58492 53964 23069 30895 44049 14443 8832 8583 16912 6157 308958 30566 278392 22120 273593 63645 20343 43302 11947 31355
cat_boundaries=0 4 5 9 13 17 18 22 26 28 33 37 41 46 50 51 55 59 64 68 72 77 81 85
cat_threshold=1074790448 4194304 612377376 2415925504 12 176177162 1078019092 2187265332 271713312 109978242 2282399748 1362231362 22053952 1048768 71303168 44097568 2415923648 2034252554 68158472 1075871748 51445760 336592944 71860544 142672934 3221370288 137389063 657065179 12 67388748 823705758 2449606672 134479945 2 220013632 71405060 537133056 208278568 315106702 67192876 1113835522 16777376 2504789004 2443318405 167837716 604111872 1 590912 4 4199296 4325398 1208101120 2491940902 2636255298 3233808402 174082184 2354053413 53612739 2415923206 105158720 675482136 17330178 335544514 701497914 2 6294592 1073777152 8915368 16777224 293750784 640000 3422564868 52855816 2273838336 2416509712 2286944272 220233776 1 135791104 2148278280 68157440 135684 117866756 2148540800 1073750016 218624
is_linear=0
shrinkage=0.1


Tree=77
num_leaves=31
num_cat=18
split_feature=0 8 1 4 9 3 8 0 2 9 3 9 8 8 4 9 9 11 9 8 6 8 10 9 10 9 6 6 6 8
split_gain=23.4191 48.9369 40.1178 22.0639 60.1587 42.6277 38.1472 34.7138 43.5641 37.1122 26.9992 101.232 50.8755 48.3974 39.434 84.0999 58.1499 45.0835 54.0463 35.8388 34.4558 61.7945 43.0978 36.643 33.4709 47.9227 37.072 33.1214 75.393 95.348
threshold=-350.99999999999994 0 -122.99999999999999 135.00000000000003 1 2.5000000000000004 2 -86.999999999999986 27.000000000000004 3 1.5000000000000002 4 5 6 195.00000000000003 7 8 9 10 11 426.50000000000006 12 13 14 15 16 518.50000000000011 1113.5000000000002 955.50000000000011 17
decision_type=2 9 8 2 9 2 9 2 8 9 2 9 9 9 2 9 9 9 9 9 2 9 9 9 9 9 2 2 2 9
left_child=2 -2 -1 4 -3 6 -6 -8 9 -9 11 12 -5 -13 16 -16 -15 19 -19 -17 21 -12 -23 -24 25 26 -22 28 -26 -30
right_child=1 3 -4 10 5 -7 7 8 -10 -11 20 13 -14 14 15 17 -18 18 -20 -21 24 22 23 -25 27 -27 -28 -29 29 -31
leaf_value=-5.230167968918682 6.3587367847528586 0.49002434949952517 -0.15714697180150897 -2.122357713342653 0.56105138817691691 1.9955279843030951 -1.4214275395164009 -0.13228404357098569 -0.092587523335603814 0.23132225212317029 0.66209957090194538 -0.18338447104152353 -0.45834788410376515 0.76134000052430162 -2.3359196735685543 -4.2631373365246121 0.082347088995319243 -0.14017367711608505 0.95899259721928454 -0.2625399875334441 2.535972725126344 -3.9708143258916446 0.41118050039456194 -1.1238703500895535 -0.0009318965454863104 0.94413811328251995 -4.3481933249091114 -0.16193003498784686 -0.60225620844356131 0.94864178363289975
leaf_weight=1539 959 7607 3586 1273 2640 429 1695 3455 23159 10087 4243 21353 14352 4220 925 364 21103 5878 4931 7831 363 1111 2435 7294 184526 1807 2557 83795 10814 52859
leaf_count=1539 959 7607 3586 1273 2640 429 1695 3455 23159 10087 4243 21353 14352 4220 925 364 21103 5878 4931 7831 363 1111 2435 7294 184526 1807 2557 83795 10814 52859
internal_value=-7.56352e-05 -4.44155e-06 -0.0068 -4.94705e-05 0.00196038 0.000459313 0.000131592 -0.000669166 -2.31601e-05 0.00448235 -0.000276706 -0.00190806 -0.00914934 -0.000207911 0.00164376 -0.00168348 0.00426292 -0.000241927 0.0039976 -0.00583181 0.000104604 -0.00457137 -0.00857143 -0.00642263 0.000314058 -0.00803251 -0.0159386 0.000433127 0.0010135 0.00398049
internal_weight=489190 484065 5125 483106 49072 41465 41036 38396 36701 13542 434034 82230 15625 66605 45252 19929 25323 19004 10809 8195 351804 15083 10840 9729 336721 4727 2920 331994 248199 63673
internal_count=489190 484065 5125 483106 49072 41465 41036 38396 36701 13542 434034 82230 15625 66605 45252 19929 25323 19004 10809 8195 351804 15083 10840 9729 336721 4727 2920 331994 248199 63673
cat_boundaries=0 4 9 13 17 21 25 29 33 37 39 44 47 51 53 58 60 64 68
cat_threshold=128 0 1024 4 2181332996 805839632 8519680 137363464 1 2148007940 4352 4194304 2129920 228065537 18939904 268435520 16 2686746692 417862658 42042500 1610907672 164161 1048576 2147483649 512 67476524 1091568912 2592342018 310965248 268959744 73728 269484352 2098208 402653192 2147483648 139460624 134219040 521834521 12 1283461122 2148532352 201457683 402784512 1 268435456 8320 4194304 369098829 136889636 34013248 4336883 2952855552 8 281994179 2718433553 268445696 2231501312 2 1073741829 34 1213697 1344274688 2281705504 3642691602 1093689913 201984073 76032616 402720768
is_linear=0
shrinkage=0.1


Tree=78
num_leaves=31
num_cat=26
split_feature=0 9 10 7 6 11 9 9 10 9 9 8 8 8 8 6 10 0 8 9 11 8 11 9 8 8 9 9 8 8
split_gain=22.263 54.3673 36.0963 23.2357 46.8158 60.1863 55.1152 48.9375 42.8206 55.9199 52.015 36.3347 36.2298 29.6484 29.4244 26.4172 34.2368 34.0117 30.149 28.1506 58.8619 44.7812 25.3914 82.8081 49.0576 35.8038 33.1828 32.6815 40.274 31.2267
threshold=1149.0000000000002 0 1 2 1174.5000000000002 3 4 5 6 7 8 9 10 11 12 1335.5000000000002 13 45.000000000000007 14 15 16 17 18 19 20 21 22 23 24 25
decision_type=2 9 9 1 2 9 9 9 9 9 9 9 9 9 9 2 9 2 9 9 9 9 9 9 9 9 9 9 9 9
left_child=3 -2 -3 4 8 6 -6 -7 9 -1 13 -9 -11 -10 -8 19 17 -17 -18 20 -5 -22 23 -21 -25 26 -24 28 -27 -29
right_child=1 2 -4 15 5 7 14 11 10 12 -12 -13 -14 -15 -16 16 18 -19 -20 22 21 -23 25 24 -26 27 -28 29 -30 -31
leaf_value=-0.31179227339149257 -6.2822517794295898 -0.53736571626820939 3.7402677278987313 -1.0722829055838177 -1.4983419787564598 3.7219319300429081 -0.70918612163202965 -0.37995202084349206 -0.14419113168436512 1.035346968247844 0.087275037575992809 0.30755181168593709 0.21366468014892634 -1.1174632256299166 0.092270488550676086 0.079527697888724991 0.35292168650012556 2.4449650625972481 -0.51902142716416722 -1.656816392302028 1.9969378701631613 0.1264392770758363 -2.0041282889804282 0.57523053749979791 -0.30118669667782427 0.033275203335049346 -0.28081574781627411 0.36092492421652944 -0.38421719656638942 -0.026613765124850277
leaf_weight=11887 589 1415 2849 4350 5378 838 4802 5794 8304 14464 50555 10081 64561 6744 6922 1730 6526 2151 4438 11334 6629 20104 2607 7450 23606 28466 5883 24770 38143 105820
leaf_count=11887 589 1415 2849 4350 5378 838 4802 5794 8304 14464 50555 10081 64561 6744 6922 1730 6526 2151 4438 11334 6629 20104 2607 7450 23606 28466 5883 24770 38143 105820
internal_value=-9.4033e-05 0.00664537 0.0105756 -0.000161561 0.000699275 -0.00267485 -0.00684315 0.00159361 0.0014283 0.0028332 -0.000518952 0.000343091 0.00379515 -0.00567804 -0.00299131 -0.000718836 0.00339171 0.0114495 0.000528522 -0.000937449 0.00189914 0.00365516 -0.00129288 -0.00352123 -0.000849804 -0.000833499 -0.00718824 -0.000559559 -0.00236194 0.000359877
internal_weight=489190 4853 4264 484337 190330 33815 17102 16713 156515 90912 65603 15875 79025 15048 11724 294007 14845 3881 10964 279162 31083 26733 248079 42390 31056 205689 8490 197199 66609 130590
internal_count=489190 4853 4264 484337 190330 33815 17102 16713 156515 90912 65603 15875 79025 15048 11724 294007 14845 3881 10964 279162 31083 26733 248079 42390 31056 205689 8490 197199 66609 130590
cat_boundaries=0 4 6 7 9 13 17 19 24 28 32 36 40 44 45 49 54 56 60 62 66 70 74 78 82 86 90
cat_threshold=143155210 128 168904736 268442304 1208091658 2 104 270934858 14 144310305 2432706752 34621714 1360071315 6322240 1448960 4264066 2692743809 2306549035 12 13201600 608568392 343969801 2684520640 1 305137996 144704694 174067744 8409389 67272736 136318992 3358589126 391426680 11603144 547373597 1208221826 16911574 2583691300 3238281240 1347949060 69503489 2298512640 3221771496 2588475420 6578208 33546 478838786 76755200 3489661956 403167745 316754520 279747 872546353 2155874592 2 1078470824 2 134258816 120382728 340265376 419496120 2433319558 3 537560064 1049854464 35670276 807802500 26920448 2451861632 537001984 2241312 8736 1073908800 579477539 50987034 83886336 1073750548 1243693058 32897 3239190529 3244302336 3230436928 1090593419 3239494983 202920212 2285961216 8410112 2227257672 184549398 1494602768 4194693
is_linear=0
shrinkage=0.1


Tree=79
num_leaves=31
num_cat=25
split_feature=4 9 8 8 0 9 8 10 8 11 9 0 9 8 9 8 9 11 8 11 9 8 10 9 9 4 11 9 8 0
split_gain=21.5413 84.0419 38.9367 28.5405 23.3561 22.5188 81.8927 41.6399 42.6717 43.9204 43.7491 38.5993 36.3841 34.7098 57.2066 33.2242 32.0493 29.0294 35.3403 27.6878 50.9156 25.9866 24.4902 40.1304 27.255 30.2442 40.8093 31.379 27.1172 24.3547
threshold=105.00000000000001 0 1 2 -74.999999999999986 3 4 5 6 7 8 69.000000000000014 9 10 11 12 13 14 15 16 17 18 19 20 21 135.00000000000003 22 23 24 9.0000000000000018
decision_type=2 9 9 9 2 9 9 9 9 9 9 2 9 9 9 9 9 9 9 9 9 9 9 9 9 2 9 9 9 2
left_child=1 2 -1 4 -3 6 12 21 9 10 15 19 -2 14 -7 -9 -11 18 -13 20 -10 -8 23 -16 29 26 -26 28 -27 -24
right_child=5 3 -4 -5 -6 13 7 8 11 16 -12 17 -14 -15 22 -17 -18 -19 -20 -21 -22 -23 24 -25 25 27 -28 -29 -30 -31
leaf_value=-0.53896744984620992 -1.8836345748722139 -0.66061319425203002 0.027550708529737556 1.390133047324456 0.57864786805700985 2.7850344673213314 0.15704038436366263 -1.0378703808044818 -7.9340274835496549 0.43137101633895691 -0.2351345737921271 -2.4739314424795413 -0.40509186622198706 -0.026860001106183518 -2.0866110843779659 -2.8253973142853086 -0.18526936902193186 1.7481924662410451 0.48323976582348965 0.83889779092969907 -0.086104266293955345 -1.8997357499586927 0.17271634726523716 0.12681062276457739 -0.43599292020655867 -1.6783292775980101 0.64096874988417563 0.033718334345311886 4.1514317635061948 1.0561337075274835
leaf_weight=2612 6952 634 11058 1544 4795 4654 1293 1816 536 7798 10867 784 14217 301771 2916 2251 14495 7855 3518 9980 13126 2837 9258 7845 535 1802 2514 27652 402 10873
leaf_count=2612 6952 634 11058 1544 4795 4654 1293 1816 536 7798 10867 784 14217 301771 2916 2251 14495 7855 3518 9980 13126 2837 9258 7845 535 1802 2514 27652 402 10873
internal_value=-7.80883e-05 0.00308337 -0.00147661 0.0120077 0.00855856 -0.000217374 -0.00156252 -5.05404e-05 0.000502492 -0.00186777 -0.00606263 0.00296713 -0.00707068 0.000139912 0.00217277 -0.0149007 0.000943819 0.00754709 0.000927644 0.000613315 -0.00231129 -0.00980676 0.00139091 -0.00295701 0.0022735 0.000499772 0.00998688 -0.000468917 -0.0119241 0.00517104
internal_weight=489190 20643 13670 6973 5429 468547 98325 77156 73026 37227 14934 35799 21169 370222 68451 4067 22293 12157 4302 23642 13662 4130 63797 10761 53036 32905 3049 29856 2204 20131
internal_count=489190 20643 13670 6973 5429 468547 98325 77156 73026 37227 14934 35799 21169 370222 68451 4067 22293 12157 4302 23642 13662 4130 63797 10761 53036 32905 3049 29856 2204 20131
cat_boundaries=0 4 8 11 15 19 21 25 27 31 35 39 43 47 51 53 57 59 63 67 69 73 78 79 83 87
cat_threshold=361758983 3380707332 270532608 270397 67108866 287309824 1073815552 1025 209879041 1064960 3095789572 129 337649697 178846792 25212611 140510249 1074825216 1400955179 119800344 805308439 34 3574597696 50872342 2147486228 281192773 538620934 27 0 335544320 35651584 38017 0 69206016 169889792 25165826 1275069640 16842782 1107479460 295698581 9264 152596 536870912 536870912 2147483712 524306 2048 4194368 0 268435456 178257920 16781312 71600264 15 772 272760832 675610624 160 1276154072 7 0 0 8388608 128 1179648 16793649 2281701888 131072 3494089092 3 76546560 2734688258 1095827718 1208500256 2216167944 2831155714 1364197766 2483044640 3 67108864 10485760 50331904 32 24 201326592 16777216 32 2097152
is_linear=0
shrinkage=0.1


Tree=80
num_leaves=31
num_cat=26
split_feature=0 8 4 8 9 4 9 8 11 10 1 9 8 8 9 10 9 9 9 8 10 10 9 8 8 8 9 11 11 8
split_gain=22.068 47.3378 34.3979 33.454 30.2598 25.8214 47.1246 21.6503 21.641 19.5747 19.5739 18.8481 17.3912 16.5815 56.8898 31.6112 30.6372 27.3523 24.5559 65.9654 33.8806 30.4032 86.6313 68.6757 55.6514 40.7464 61.467 51.8742 35.9658 56.2119
threshold=-170.99999999999997 0 345.00000000000006 1 2 75.000000000000014 3 4 5 6 249.00000000000003 7 8 9 10 11 12 13 14 15 16 17 18 19 20 21 22 23 24 25
decision_type=2 9 2 9 9 2 9 9 9 9 10 9 9 9 9 9 9 9 9 9 9 9 9 9 9 9 9 9 9 9
left_child=1 2 -1 -2 -3 6 9 10 -4 -5 -8 -7 -11 14 -13 17 -17 -16 19 -15 -21 22 23 -20 -24 26 27 -23 29 -28
right_child=3 4 8 5 -6 11 7 -9 -10 12 -12 13 -14 18 15 16 -18 -19 21 20 -22 25 24 -25 -26 -27 28 -29 -30 -31
leaf_value=-5.1392781171163326 6.7411537382410733 -1.2220059359050073 6.151231458825845 0.261884252315987 0.38265052222979223 90.365644022950335 0.25650456822490247 1.5346814792608527 -3.8067887038124564 -0.38611311609680699 1.6900160282070744 -1.4011907060967008 0.011084087823738287 1.7561657962148367 0.069252638756867227 1.9318443924218791 0.066267011266637962 -1.3475526719004414 4.090619728808595 -2.3307086112043565 0.028061882803256569 0.19994029442762057 -2.0431879563226687 0.44416354155855875 -0.023023906122000073 0.010083306708412466 -2.1582109561019744 -1.0108039359923067 0.029580072746600197 -0.21633986734885013
leaf_weight=1080 688 3958 256 1210 8179 350 1961 647 1610 1094 456 7872 4158 14396 3674 1980 18887 4530 3073 954 38696 6205 2730 20497 25538 229449 2561 22628 52330 7543
leaf_count=1080 688 3958 256 1210 8179 350 1961 647 1610 1094 456 7872 4158 14396 3674 1980 18887 4530 3073 954 38696 6205 2730 20497 25538 229449 2561 22628 52330 7543
internal_value=-7.64529e-05 -0.00384207 -0.0151894 4.33446e-05 -0.00107434 1.10893e-05 0.00516481 0.0153546 -0.00702036 0.000309023 0.0108982 -9.47417e-05 -0.00233751 -0.000112501 -0.00214462 -0.000101441 0.00196628 -0.00535671 6.35241e-05 0.00205528 -5.04286e-05 -0.000225465 0.00202129 0.00649703 -0.00171158 -0.000588664 -0.00237574 -0.00619388 -0.000611748 -0.00607079
internal_weight=489190 15083 2946 474107 12137 473419 9526 3064 1866 6462 2417 463893 5252 463543 36943 29071 20867 8204 426600 54046 39650 372554 51838 23570 28268 320716 91267 28833 62434 10104
internal_count=489190 15083 2946 474107 12137 473419 9526 3064 1866 6462 2417 463893 5252 463543 36943 29071 20867 8204 426600 54046 39650 372554 51838 23570 28268 320716 91267 28833 62434 10104
cat_boundaries=0 4 8 13 17 21 23 25 26 29 33 37 39 43 47 52 56 58 60 64 68 72 76 80 82 84 88
cat_threshold=2165343233 2400862469 67379282 37768896 128 0 1024 20 143655616 167845890 303648344 1077940882 1 294125572 1224736768 268566528 8235 276824066 2299527168 3758096384 8736 2151710984 2 289544281 2 16 67108864 270532608 1342177280 19210288 1208093248 832569371 84410376 466649089 1711337985 136314944 10924097 1742854 10 16456 2164588546 1082130442 16777232 1073743108 19007488 269615140 805325060 14686752 153542 822674049 14713152 2 1447034888 61391907 33768068 310411427 134328320 16 726184099 20 2568160390 150994944 1048608 689137706 8912960 2418036866 37748740 37806624 134382592 42240 33558852 40162368 373817416 2439046147 239323140 268468384 2501117317 2151677968 9474120 2013342362 424294659 4 268477187 20 0 20971522 4194304 32
is_linear=0
shrinkage=0.1


Tree=81
num_leaves=31
num_cat=18
split_feature=4 8 0 0 8 8 4 0 8 9 6 0 0 9 10 9 8 9 8 9 6 9 6 10 9 6 9 8 6 9
split_gain=20.6958 26.9243 19.6265 18.7609 42.637 35.9522 23.6374 18.3374 17.7145 21.2537 22.793 20.9742 16.4916 37.6351 36.137 37.4979 31.2291 38.5297 29.6902 26.8348 23.0162 23.5981 22.7082 53.4548 33.0266 30.166 24.2239 23.9785 22.4836 84.1679
threshold=45.000000000000007 0 4245.0000000000009 -332.99999999999994 1 2 675.00000000000011 219.00000000000003 3 4 1167.5000000000002 399.00000000000006 -44.999999999999993 5 6 7 8 9 10 11 400.50000000000006 12 1330.5000000000002 13 14 1411.5000000000002 15 16 1163.5000000000002 17
decision_type=2 9 2 2 9 9 2 2 9 9 2 2 2 9 9 9 9 9 9 9 2 9 2 9 9 2 9 9 2 9
left_child=1 7 3 5 -5 6 -2 -1 11 10 -10 -6 13 18 15 -15 17 -16 -11 -18 21 -21 28 -24 27 26 -26 -25 -14 -30
right_child=2 -3 -4 4 8 -7 -8 -9 9 12 -12 -13 22 14 16 -17 19 -19 -20 20 -22 -23 23 24 25 -27 -28 -29 29 -31
leaf_value=-0.028368692343977389 -11.011207418726844 1.3332787780110806 112.18216027104445 3.7014934508646835 -0.52192647600893027 -0.28247620237687665 -3.3935946715447916 0.69989535632208799 185.13746409468706 -3.5275197152502105 -131.75566503634693 -8.8191018186832206 0.020771127718218454 3.3744928942273114 0.072699170491891882 -0.18009305828618061 0.38716454634488562 -1.0199303835309945 -0.7074745095760504 -3.1163397390916274 -0.11889918903880244 -0.05808605773938802 3.9292043475325844 0.05333995891163177 0.17664272264564007 -0.41515132237902608 0.76880951439755885 -1.2892385228639651 1.5318669259485547 -0.23694585765209411
leaf_weight=1729 389 604 263 1373 1685 4622 706 421 471 1362 198 513 335294 1243 3595 1178 9650 5132 2612 783 36799 727 1521 2051 7795 3443 5847 1680 4659 50845
leaf_count=1729 389 604 263 1373 1685 4622 706 421 471 1362 198 513 335294 1243 3595 1178 9650 5132 2612 783 36799 727 1521 2051 7795 3443 5847 1680 4659 50845
internal_value=-7.5022e-05 0.00856935 -0.000123963 -0.000138737 -7.09742e-05 -0.00583348 -0.0220362 0.00324074 -0.000121584 -8.02063e-05 0.0175994 -0.00905797 -0.000105412 -0.00161142 -0.000976876 0.0109626 -0.00148864 -0.00698752 -0.0110191 -0.000486773 -0.0016741 -0.0137748 0.000124536 0.00322559 0.00189667 0.00375841 0.00587157 -0.00661588 -5.27127e-05 -0.00191698
internal_weight=489190 2754 486436 486173 480456 5717 1095 2150 479083 476885 669 2198 476216 63081 59107 2421 56686 8727 3974 47959 38309 1510 413135 22337 20816 17085 13642 3731 390798 55504
internal_count=489190 2754 486436 486173 480456 5717 1095 2150 479083 476885 669 2198 476216 63081 59107 2421 56686 8727 3974 47959 38309 1510 413135 22337 20816 17085 13642 3731 390798 55504
cat_boundaries=0 3 7 11 15 17 21 23 27 31 35 39 44 48 49 54 59 63 67
cat_threshold=83886080 136331264 402653184 0 0 1024 20 1114113 34078752 71303296 2096 48 0 536870913 268959752 16 16384 1073741888 88080424 167831560 8389312 19476497 16 403881984 2315460608 2155872320 692944914 277094926 1075220808 1352671294 18092288 2416484996 176718418 1346502784 3221555483 1051912 56098833 2103360 37748736 65630251 1074138180 16778848 2822766594 1 402653700 2861105280 3498180612 1342358792 33026 286785542 1310913 134348816 6531128 2 167953152 1879613956 2457929792 18612226 1 2517237763 506474512 3221291024 135583776 1080064064 1448970 138412160 2692747616
is_linear=0
shrinkage=0.1


Tree=82
num_leaves=31
num_cat=23
split_feature=4 8 3 8 9 9 10 4 6 9 9 11 8 11 8 6 10 8 10 9 6 8 8 7 9 4 8 9 9 9
split_gain=19.5424 80.7418 46.4026 126.057 54.2389 39.9015 36.2308 33.7738 32.0397 59.2759 52.9799 50.6162 59.6599 49.4596 68.3003 45.749 74.0996 74.6522 70.685 62.8677 57.4762 60.7917 56.2745 54.3757 48.674 45.4832 56.6884 51.1543 41.4148 39.9508
threshold=165.00000000000003 0 1.5000000000000002 1 2 3 4 135.00000000000003 760.50000000000011 5 6 7 8 9 10 1107.5000000000002 11 12 13 14 1028.5000000000002 15 16 17 18 435.00000000000006 19 20 21 22
decision_type=2 9 2 9 9 9 9 2 2 9 9 9 9 9 9 2 9 9 9 9 2 9 9 1 9 2 9 9 9 9
left_child=1 7 3 -2 6 -3 -5 -1 9 11 -10 -4 -13 14 -11 16 28 -18 22 -20 24 23 -17 -22 -19 27 29 -15 -12 -27
right_child=2 5 8 4 -6 -7 -8 -9 10 13 15 12 -14 25 -16 18 17 20 19 -21 21 -23 -24 -25 -26 26 -28 -29 -30 -31
leaf_value=0.3869244419767327 -2.1046363639809123 0.19659773977769712 -0.16094033657997789 -0.44689443247800542 -0.046009212517352439 -0.020183559146275343 -1.5368689514614262 1.6943913449662251 3.1722177118565429 2.3571537254521924 -0.5703413638395981 -0.032736880729649545 -2.8652393956622193 -0.056169587729242215 -0.12512896543621466 -1.7832413381949892 -0.61641633544886787 1.5847720464991255 1.130522353926569 -0.10035978256059899 4.251737083192535 0.23470472627569131 -0.31018972018944152 0.85108371620486567 0.0090280651717529643 -1.6159746632018874 -0.021755377454271561 0.7804754281003824 2.2542992486187075 -0.51044345938585278
leaf_weight=967 2127 22344 10234 4357 43308 58156 2375 1032 6856 6566 1414 3097 6394 10995 7898 8297 19218 6219 9896 52359 5700 12634 14907 6688 69832 7194 54555 6617 6326 20628
leaf_count=967 2127 22344 10234 4357 43308 58156 2375 1032 6856 6566 1414 3097 6394 10995 7898 8297 19218 6219 9896 52359 5700 12634 14907 6688 69832 7194 54555 6617 6326 20628
internal_value=-7.54308e-05 0.00132789 -0.000360101 -0.00314471 -0.00212787 0.000833437 -0.0104717 0.0211299 4.9644e-05 -0.0011686 0.000791482 -0.00623005 -0.0114883 -0.000295729 0.00516789 0.000513349 0.00170935 0.00109849 -0.00127839 0.000477797 0.00218484 0.00634242 -0.00598777 0.0113163 0.000817215 -0.00108651 -0.00207279 0.003526 0.0111871 -0.00574519
internal_weight=489190 82499 406691 52167 50040 80500 6732 1999 354524 134178 220346 19725 9491 114453 14464 213490 128031 120291 85459 62255 101073 25022 23204 12388 76051 99989 82377 17612 7740 27822
internal_count=489190 82499 406691 52167 50040 80500 6732 1999 354524 134178 220346 19725 9491 114453 14464 213490 128031 120291 85459 62255 101073 25022 23204 12388 76051 99989 82377 17612 7740 27822
cat_boundaries=0 4 8 12 17 19 23 28 30 34 36 40 41 45 47 51 55 59 60 64 68 72 76 80
cat_threshold=270008320 67108872 393216 131072 2147614724 24576 3632267333 844288 539230276 411074562 11601024 1140900026 2248147008 631568 279117824 139493378 1 2685550404 7 1076969516 67517473 153355394 67121836 1076166728 7202 553910402 4 2 3960738372 2 1079312458 4026846490 137943168 8388736 4372864 4 51446093 19189788 3288334356 285607584 675807376 376463392 34572872 79888968 218105984 3691118596 32 47216900 3014672 11534336 2952795433 2291041602 2428507136 3624141846 3571713 276824838 1348619540 1519124480 2229281 98 16 148176 1107396880 809536129 1217114146 2444349440 2684796928 2236680 461766913 1084293376 2417102916 543760 16942081 269484312 138412128 18616320 268438018 3089629190 2424307712 17894416
is_linear=0
shrinkage=0.1


Tree=83
num_leaves=31
num_cat=24
split_feature=0 8 4 9 4 9 11 8 11 9 8 9 10 2 9 0 9 0 9 8 11 9 10 9 10 8 9 10 8 8
split_gain=18.9199 42.5472 27.3897 25.1343 23.6009 50.3458 33.3054 34.3039 44.7261 29.3731 23.7276 23.6779 20.3766 20.1394 32.2553 32.6105 23.6966 25.4816 19.7211 86.4348 36.8937 38.5408 40.2854 37.7433 35.8739 35.5154 40.8217 35.3747 25.4855 22.595
threshold=-152.99999999999997 0 375.00000000000006 1 135.00000000000003 2 3 4 5 6 7 8 9 21.000000000000004 10 15.000000000000002 11 81.000000000000014 12 13 14 15 16 17 18 19 20 21 22 23
decision_type=2 9 2 9 2 9 9 9 9 9 9 9 9 8 9 2 9 2 9 9 9 9 9 9 9 9 9 9 9 9
left_child=1 2 -1 -3 5 -2 11 8 -8 -10 -6 -7 -11 14 15 -9 17 -15 19 20 21 22 -12 -22 -21 26 -20 -28 -26 -25
right_child=4 3 -4 -5 10 6 7 13 9 12 18 -13 -14 16 -16 -17 -18 -19 25 24 23 -23 -24 29 28 -27 27 -29 -30 -31
leaf_value=-2.9812147597766989 0.66812621290104035 -1.1944487921882221 -1.9183052584016735 0.26510504161722681 5.3872753098534139 -1.6716217527989556 0.93639803338631544 -1.4014931707928142 1.5641797388043994 -0.18920645573918407 1.4369682838216933 -0.28730791785634591 0.21284779210654145 -0.42599521832341658 0.1382308959128391 0.14394682413347404 0.043052117158333125 -0.068277498053321756 -0.082592232040091473 -1.7356546809680353 1.390172693877193 -1.3366357803951907 -1.3261545671593078 -4.0536190360899012 0.63693215469948972 -0.0268213036237837 0.1582654790001346 1.2416000228576669 -0.019076821501631969 -0.28956674687163114
leaf_weight=944 4492 4612 1692 10225 535 631 2362 602 470 2117 2273 2388 4756 2724 10146 606 10843 6068 17275 2440 1990 9041 4623 545 11942 289474 13534 12864 52154 4822
leaf_count=944 4492 4612 1692 10225 535 631 2362 602 470 2117 2273 2388 4756 2724 10146 606 10843 6068 17275 2440 1990 9041 4623 545 11942 289474 13534 12864 52154 4822
internal_value=-9.09667e-05 -0.00332227 -0.0150038 -0.00123594 2.87248e-05 0.0021253 0.00108753 0.00184011 0.00702522 0.00316197 -0.000209911 -0.00902938 0.00148918 0.000214523 0.00356702 -0.0118227 -0.00172396 -0.00557828 -0.000236769 -0.00155165 -0.00679283 -0.00949708 -0.00385172 -0.000929822 0.000284014 0.000117812 0.00277568 0.00524841 0.00073784 -0.00529105
internal_weight=489190 17473 2636 14837 471717 48205 43713 40694 9705 7343 423512 3019 6873 30989 11354 1208 19635 8792 422977 89830 23294 15937 6896 7357 66536 333147 43673 26398 64096 5367
internal_count=489190 17473 2636 14837 471717 48205 43713 40694 9705 7343 423512 3019 6873 30989 11354 1208 19635 8792 422977 89830 23294 15937 6896 7357 66536 333147 43673 26398 64096 5367
cat_boundaries=0 4 9 14 16 20 22 26 30 34 36 40 44 48 52 54 58 59 63 64 68 72 74 78 82
cat_threshold=2165310465 2349998340 2349015122 57019904 152175168 956895232 2181778456 1077941890 1 2181038592 805315348 8585216 137363464 1 16777604 1 2517107205 16781572 1212219392 2138113 3893495809 24 9601024 32768 0 9216 0 0 1024 20 33024 17301504 270532608 394240 3259368460 40 144179200 65536 0 16 9043968 2298478592 301989952 17064965 4498564 346325025 176209152 562061449 3278113 1108393984 1078514221 19935785 1845892616 11 8192 77594624 2048 16385 2185660490 128 0 142606336 16777225 4043311121 1083180168 143147064 1078647424 328204331 1435179267 1213333504 1157906620 268435968 2487393422 2 377561154 8848906 2685536512 131264 0 1048576 4194305 4096
is_linear=0
shrinkage=0.1


Tree=84
num_leaves=31
num_cat=25
split_feature=0 8 8 4 10 9 4 0 9 10 11 8 8 11 1 8 8 9 10 11 9 9 11 10 9 8 8 9 11 8
split_gain=18.7316 40.6258 34.8649 20.6954 24.9252 19.6041 18.1956 17.4753 15.0557 69.0169 55.7172 35.7922 24.8969 25.6822 23.4793 23.8681 20.8476 41.6099 28.3518 22.0737 32.4445 27.2034 21.8273 20.733 81.5782 44.3058 41.4872 35.4204 61.802 31.4074
threshold=-278.99999999999994 0 1 45.000000000000007 2 3 675.00000000000011 4245.0000000000009 4 5 6 7 8 9 141.00000000000003 10 11 12 13 14 15 16 17 18 19 20 21 22 23 24
decision_type=2 9 9 2 9 9 2 2 9 9 9 9 9 9 10 9 9 9 9 9 9 9 9 9 9 9 9 9 9 9
left_child=2 -2 6 4 -3 -4 -1 8 9 11 -11 -5 -12 -14 15 -13 17 18 22 20 -19 -21 -10 27 25 -25 -26 28 29 -18
right_child=1 3 5 7 -6 -7 -8 -9 16 10 12 14 13 -15 -16 -17 23 19 -20 21 -22 -23 -24 24 26 -27 -28 -29 -30 -31
leaf_value=-8.6999634239057624 4.6637291480352703 0.82763358082111227 -2.7407575203563237 -0.36046836138553151 0.045860616205463604 0.0060933888238452029 -1.8560270071527534 100.97666235255838 -0.30986983585747868 3.8015694997562477 -0.41703610715676548 -6.436013592200502 -0.85177811320630781 0.32827838835121315 -0.81275104602647164 -2.0823565990585737 0.41051122808056884 -5.529671346434645 4.4933307031657179 1.3592500603304936 -0.11516215737901128 0.12037370313636871 2.0660760392707886 -1.6560999523202498 0.53448587640528611 -0.4850370407734147 -0.1588338353149652 -0.0098842423837408166 0.050112313269105882 1.6491015911489506
leaf_weight=547 973 925 1251 3432 1793 5599 368 263 2848 1381 12247 1158 2525 15317 1537 1684 2682 412 2853 3838 18212 23254 2917 6474 19520 18795 38361 277712 16604 3708
leaf_count=547 973 925 1251 3432 1793 5599 368 263 2848 1381 12247 1158 2525 15317 1537 1684 2682 412 2853 3838 18212 23254 2917 6474 19520 18795 38361 277712 16604 3708
internal_value=-9.21932e-05 -1.36054e-05 -0.00496458 -5.51552e-05 0.00864606 -0.00249271 -0.0231892 -0.000104661 -0.000118855 -0.0019941 9.52986e-05 -0.0104015 -0.000808997 0.00157405 -0.0163933 -0.0218156 4.92926e-05 0.00188245 0.0082522 0.000680138 -0.00196952 0.00250166 0.00419913 -0.00021023 -0.00160774 -0.00634717 0.000462075 0.000176246 0.00394714 0.0122969
internal_weight=489190 481425 7765 480452 2718 6850 915 477734 477471 39281 31470 7811 30089 17842 4379 2842 438190 54334 8618 45716 18624 27092 5765 383856 83150 25269 57881 300706 22994 6390
internal_count=489190 481425 7765 480452 2718 6850 915 477734 477471 39281 31470 7811 30089 17842 4379 2842 438190 54334 8618 45716 18624 27092 5765 383856 83150 25269 57881 300706 22994 6390
cat_boundaries=0 4 8 9 14 18 20 22 26 30 32 36 40 45 46 48 52 56 58 60 64 68 72 77 78 82
cat_threshold=0 0 1024 20 17825793 185073664 71565440 33556512 2170169674 2281701896 2 302123536 2147523712 1 1073742976 69468193 178322697 1082139265 957614107 18 2164340738 16 134217793 4113 408097282 6422657 354419820 1174407169 289573418 465567880 1678245901 3 1024 1075841024 33554689 16777760 8914248 42532922 1111542688 322961571 134228016 2147635264 536871616 154174482 2 1006877958 134644377 12 0 0 0 4096 100663296 142671872 1073741824 536875048 1090663185 4 796142875 1 2434400268 2978185730 2147549716 2147882296 1140891680 1225791488 720968 134246912 1074987014 3038801921 2684944388 136591368 277414228 17301506 1179648 1316 2 1220865 4259968 21504 9379840 2099200
is_linear=0
shrinkage=0.1


Tree=85
num_leaves=31
num_cat=19
split_feature=4 8 0 9 11 9 0 8 8 4 9 0 3 4 3 7 6 9 3 8 4 9 11 8 8 9 9 9 8 11
split_gain=18.2538 67.6518 40.6178 31.5792 22.2656 20.5045 19.7825 33.4941 31.636 17.8491 16.3546 27.481 16.9998 16.1079 21.531 15.4296 31.2292 45.6322 35.9207 32.5519 30.0675 29.3133 28.5595 29.025 26.6457 26.5618 25.3007 23.7604 34.9452 26.1987
threshold=105.00000000000001 0 -206.99999999999997 1 2 3 -368.99999999999994 4 5 45.000000000000007 6 9.0000000000000018 2.5000000000000004 585.00000000000011 3.5000000000000004 7 1195.5000000000002 8 7.5000000000000009 9 735.00000000000011 10 11 12 13 14 15 16 17 18
decision_type=2 9 2 9 9 9 2 9 9 2 9 2 2 2 2 1 2 9 2 9 2 9 9 9 9 9 9 9 9 9
left_child=1 5 -3 4 -4 -1 8 13 -2 -6 11 -5 -12 -8 -15 16 18 -18 21 -19 -21 22 23 -9 -20 -22 -26 28 -17 -30
right_child=6 2 3 10 9 -7 7 15 -10 -11 12 -13 -14 14 -16 27 17 19 24 20 25 -23 -24 -25 26 -27 -28 -29 29 -31
leaf_value=0.81770898101981482 -3.832076531192123 -6.5790535810317126 -1.1502199087730645 -0.20463277413007008 0.77983650007011218 1.8971651872071904 4.9148892409129337 -3.1493082903944227 -0.24324891320924602 -0.25245180697837671 0.024397197478609557 0.77876744321326896 4.7616994167623714 -8.4288741573186474 3.846701398845076 0.80106941924407526 1.3032976070374802 0.28375622733404954 -0.15014145667448098 -0.1452614957073326 -0.29263780170768039 0.064982077348713571 0.076633177846446188 -0.6202952021154241 -0.056947363236093555 -2.2818975915796051 1.8251274893661305 -0.085440479529547989 0.28872485366641815 -0.18645178934657453
leaf_weight=2357 1239 269 656 1005 318 653 268 1316 3021 2259 10800 2255 71 57 612 10095 2384 4737 8942 13700 2666 103450 7426 7438 5468 5370 19466 239817 8928 22147
leaf_count=2357 1239 269 656 1005 318 653 268 1316 3021 2259 10800 2255 71 57 612 10095 2384 4737 8942 13700 2666 103450 7426 7438 5468 5370 19466 239817 8928 22147
internal_value=-8.36076e-05 0.00282662 0.000456272 0.0010539 -0.00784767 0.0166556 -0.000211825 -0.000149584 -0.00699531 -0.00361422 0.00309384 0.00929664 0.00122691 0.0186378 0.0105381 -0.000187975 0.000528313 -0.00248986 0.00109572 -0.0036835 -0.00532052 0.000281702 -0.00367511 -0.00754222 0.00397036 -0.0101792 0.00564865 -0.000652854 0.00156629 -9.49011e-05
internal_weight=489190 20643 17633 17364 3233 3010 468547 464287 4260 2577 14131 3260 10871 937 669 463350 182363 28857 153506 26473 21736 119630 16180 8754 33876 8036 24934 280987 41170 31075
internal_count=489190 20643 17633 17364 3233 3010 468547 464287 4260 2577 14131 3260 10871 937 669 463350 182363 28857 153506 26473 21736 119630 16180 8754 33876 8036 24934 280987 41170 31075
cat_boundaries=0 4 8 9 14 18 22 26 27 32 36 40 42 46 50 55 59 64 68 70
cat_threshold=2316829440 2155884548 4587584 136683520 344457478 2172649476 270532608 1048616 151126412 0 813694976 1114112 19407874 1 0 0 1024 4 1114113 34078720 71304320 2068 134250496 2105600 131072 16794624 104 98580681 1077023746 541102216 2759860480 2 26026057 344271618 545272608 135465216 39917768 2487231683 170004488 545297088 2819013672 9 8389120 33948161 314597408 132168 4546600 2147569873 974652168 239362048 302841856 3024422932 3283091456 2301512 1 4279626 100794704 8505656 1905786880 312560212 18378 874643504 1619001604 2 173540489 2171258048 1275201664 285245616 3175481472 16
is_linear=0
shrinkage=0.1


Tree=86
num_leaves=31
num_cat=21
split_feature=4 2 0 8 9 4 9 11 8 8 4 8 9 0 11 8 11 9 2 8 9 0 9 9 8 0 9 10 8 8
split_gain=19.118 17.6848 32.299 32.7193 26.1894 25.098 17.1144 29.1084 33.6552 27.9139 21.5123 49.9735 27.7687 24.4508 20.9042 27.9487 18.3434 17.2027 15.934 48.2071 44.7484 42.4217 58.9419 47.5619 41.4258 44.571 42.4595 40.7325 40.7495 35.9137
threshold=1.0000000180025095e-35 -122.99999999999999 -230.99999999999997 0 1 585.00000000000011 2 3 4 5 105.00000000000001 6 7 -26.999999999999996 8 9 10 11 63.000000000000007 12 13 51.000000000000007 14 15 16 123.00000000000001 17 18 19 20
decision_type=2 8 2 9 9 2 9 9 9 9 2 9 9 2 9 9 9 9 8 9 9 2 9 9 9 2 9 9 9 9
left_child=-1 2 5 -4 -5 -2 7 -3 -9 17 11 -11 13 -13 15 -14 -12 -8 19 20 -18 23 -23 -21 25 26 -20 28 -25 -29
right_child=1 6 3 4 -6 -7 9 8 -10 10 16 12 14 -15 -16 -17 18 -19 24 21 -22 22 -24 27 -26 -27 -28 29 -30 -31
leaf_value=2.7196910601402271 -6.4012973245548102 -0.56967264489387215 1.2484998127806586 -1.9604284900818159 -0.15765946166105493 -1.7183623123103899 -4.7570023173895128 1.1836334809514928 0.10303144170197265 0.97394444584917395 2.485669567362379 -0.34063766172902288 -0.63216882631035398 0.94960220878293888 0.12073880327683427 -0.021782875722268003 -1.2679896970016187 -0.46666381803868834 0.2084348468493282 0.1828613671780992 -0.18857890064117841 0.82356884780239314 0.098643234210010186 2.7183602436521781 0.0097438492936117171 -0.082563874015833968 -0.67145129345094068 -0.50829459636122187 0.10246184957812865 -0.03892241890081323
leaf_weight=84 1013 4101 2053 1531 14501 1285 789 9731 17136 2313 730 684 1732 2300 4618 6476 3344 4101 4960 41800 25685 10974 20502 2831 156312 44084 18102 18404 6713 60301
leaf_count=84 1013 4101 2053 1531 14501 1285 789 9731 17136 2313 730 684 1732 2300 4618 6476 3344 4101 4960 41800 25685 10974 20502 2831 156312 44084 18102 18404 6713 60301
internal_value=-8.3812e-05 -9.20046e-05 -0.00297552 -0.00155654 -0.00307942 -0.0141427 3.33886e-05 0.00230486 0.003503 -0.000127351 -4.2391e-05 0.00333002 0.00131479 0.00998664 -0.000708944 -0.0037357 -0.000189757 -0.00763265 -0.000217863 0.00045394 -0.00329729 0.00112824 0.00442242 0.000331029 -0.000790753 -0.00286795 -0.00643049 -0.000985169 0.00518108 -0.00173347
internal_weight=489190 489106 20383 18085 16032 2298 468723 30968 26867 437755 432865 18123 15810 2984 12826 8208 414742 4890 414012 190554 29029 161525 31476 130049 223458 67146 23062 88249 9544 78705
internal_count=489190 489106 20383 18085 16032 2298 468723 30968 26867 437755 432865 18123 15810 2984 12826 8208 414742 4890 414012 190554 29029 161525 31476 130049 223458 67146 23062 88249 9544 78705
cat_boundaries=0 4 9 14 16 20 24 28 32 34 37 38 42 46 50 55 59 63 67 69 73 77
cat_threshold=335568961 2302165139 1325416452 344576 4255748 536974980 714211520 557711552 1 538973712 23554 3040887202 268437824 2 826413062 10 356517004 51380225 1108544480 16910399 16778272 1073744384 553648297 524296 2316305152 8400900 4587584 136683520 2281865218 8448 131072 16802816 1258424261 1 75628546 320864256 3221291008 16777216 0 33693700 167776264 4198400 4204617 276856899 2462717714 271584274 67584 71565328 136445952 22020096 3356066120 2717917681 1208090648 23597104 1 314673354 177832708 34013188 1080623112 373170181 621831425 3703108 83914752 2333171744 1319044 134283273 29364356 1667834114 32 688128 2216182160 1140858884 8736 41959940 2334261508 67108864 16908832
is_linear=0
shrinkage=0.1


Tree=87
num_leaves=31
num_cat=19
split_feature=4 0 1 8 8 9 4 8 9 9 0 9 2 11 8 9 0 4 10 1 1 8 2 11 9 9 8 9 10 8
split_gain=18.1723 17.1305 15.8797 37.0613 23.5734 18.6343 14.3281 43.9462 26.6341 19.5303 17.5153 27.6242 22.8412 17.1975 16.7257 15.6753 17.5637 15.5056 14.2998 28.2698 20.203 18.382 14.8324 14.0264 107.485 42.1858 31.688 31.1259 54.2462 39.4972
threshold=1.0000000180025095e-35 4245.0000000000009 -230.99999999999997 0 1 2 105.00000000000001 3 4 5 69.000000000000014 6 99.000000000000014 7 8 9 111.00000000000001 45.000000000000007 10 33.000000000000007 21.000000000000004 11 -230.99999999999997 12 13 14 15 16 17 18
decision_type=2 2 8 9 9 9 2 9 9 9 2 9 8 9 9 9 2 2 9 10 10 9 8 9 9 9 9 9 9 9
left_child=-1 2 3 -2 -4 -5 7 9 13 -6 14 -12 15 -9 18 -13 -17 -14 20 22 -10 -21 -20 24 -8 -26 -27 28 29 -25
right_child=1 -3 4 5 6 -7 23 8 10 -11 11 12 17 -15 -16 16 -18 -19 19 21 -22 -23 -24 27 25 26 -28 -29 -30 -31
leaf_value=2.4477219541262047 -4.90698909156065 91.838825508484547 6.4750151585983504 -2.2168417472446795 0.59645512299662296 0.034901253096001027 1.3192749251121967 -0.99028067254030105 -0.62967282853420314 1.4024116727552309 1.2525345232524332 0.96733111805249061 0.63307853825381244 -0.10800135766289083 0.21263070869400238 -0.21411563432515168 0.75929616630704688 -0.082761517921653649 0.5239296626506359 -0.72098383141680744 0.14658971219238312 0.20910725052160384 0.09177270180585638 -1.8400500867584677 -3.2232978907162542 0.17193025062494557 -0.95249889867942272 -0.028399493761222062 0.52033001782615218 -0.04734522197823568
leaf_weight=84 1031 264 323 1948 2002 6582 4601 656 1584 921 775 601 361 3178 1839 512 571 3472 211 360 919 146 1632 2108 2015 4332 7627 394595 31483 12457
leaf_count=84 1031 264 323 1948 2002 6582 4601 656 1584 921 775 601 361 3178 1839 512 571 3472 211 360 919 146 1632 2108 2015 4332 7627 394595 31483 12457
internal_value=-7.95192e-05 -8.75066e-05 -0.00010126 -0.0041366 -2.07603e-05 -0.0019555 -3.92511e-05 0.00259878 0.000626969 0.0138936 0.00278996 0.00657978 0.00406188 -0.00668574 -0.000769691 0.0137767 0.00635865 -0.000195669 -0.00384615 0.00175922 -0.00909272 -0.01917 0.00751492 -0.000152651 -0.00284369 -0.00720824 -0.00494193 -3.91464e-05 0.00242086 -0.00262436
internal_weight=489190 489106 488842 9561 479281 8530 478958 19740 16817 2923 12983 6292 5517 3834 6691 1684 1083 3833 4852 2349 2503 506 1843 459218 18575 13974 11959 440643 46048 14565
internal_count=489190 489106 488842 9561 479281 8530 478958 19740 16817 2923 12983 6292 5517 3834 6691 1684 1083 3833 4852 2349 2503 506 1843 459218 18575 13974 11959 440643 46048 14565
cat_boundaries=0 4 8 12 16 20 24 26 27 31 35 37 41 43 47 51 55 60 62 66
cat_threshold=25165841 171442180 21103746 104859698 0 0 0 4 2281701440 1076035713 704745508 272646272 2316337920 2155884548 4587584 2465792 344457478 2172649476 270532608 1056808 131072 8388608 1048576 794626 134217728 8192 151126412 16777216 136314880 3087007744 16416 1 0 131076 16400 3692561152 24 16777216 0 0 16384 277348402 10 336592908 1048784 681705472 134217737 33555457 16844800 51396866 3200 29885696 2577448960 67109968 4194400 551551570 34167814 922813602 272631040 2 556437574 18 102826308 3584 1115881473 2100225
is_linear=0
shrinkage=0.1


Tree=88
num_leaves=31
num_cat=21
split_feature=4 0 0 9 8 8 0 9 8 6 10 9 8 6 9 8 9 7 9 5 9 8 8 8 9 8 9 0 6 8
split_gain=18.1685 17.1239 15.6538 29.9008 36.1986 32.8861 30.2966 30.0568 21.9668 20.5582 38.1707 28.7916 23.1757 21.4566 25.4675 28.1299 20.0902 18.8127 37.2767 31.3964 63.8724 43.9594 30.1255 25.5766 29.7238 27.0366 25.096 24.2207 47.2847 53.6399
threshold=1.0000000180025095e-35 4245.0000000000009 -44.999999999999993 0 1 2 -434.99999999999994 3 4 1330.5000000000002 5 6 7 1411.5000000000002 8 9 10 11 12 19.500000000000004 13 14 15 16 17 18 19 195.00000000000003 1011.5000000000001 20
decision_type=2 2 2 9 9 9 2 9 9 2 9 9 9 2 9 9 9 1 9 2 9 9 9 9 9 9 9 2 2 9
left_child=-1 2 3 4 6 -5 -2 8 -7 17 12 -12 -11 14 -13 -16 -15 18 -4 23 22 -22 -21 26 25 -25 -19 -26 -29 -30
right_child=1 -3 9 5 -6 7 -8 -9 -10 10 11 13 -14 16 15 -17 -18 19 -20 20 21 -23 -24 24 27 -27 -28 28 29 -31
leaf_value=2.2029497587135838 -5.7502445638378736 82.654942957636081 -0.61391502151055199 0.070758747661377797 -0.036305659000768389 -3.6799450431609344 1.614924196714371 -0.32498040026962516 -1.1007538052598946 0.092755074614268559 -1.1504174849706892 0.78118835854470492 5.5955908164172543 0.58711630276506599 -0.57218860340265099 0.34684778432856245 -0.68843224029571248 0.25687050334833544 -0.050987231915268799 -2.3867746293658345 -0.4486148973885371 0.30973496296407177 -0.48137879385148286 0.11241770049241495 0.016689395333828828 2.3244510009624606 -0.21922373337060891 0.011473564917714896 -0.39937024393625226 1.1794952649005681
leaf_weight=84 169 264 6263 20066 11952 1006 3612 31171 2487 505 1208 4937 1036 845 3213 7827 2952 10151 116579 2044 4948 12797 9578 7899 147047 7870 20883 28772 4629 16396
leaf_count=84 169 264 6263 20066 11952 1006 3612 31171 2487 505 1208 4937 1036 845 3213 7827 2952 10151 116579 2044 4948 12797 9578 7899 147047 7870 20883 28772 4629 16396
internal_value=-7.46131e-05 -8.25997e-05 -9.63501e-05 -0.00147524 0.00236613 -0.00257947 0.010881 -0.00444425 -0.0132315 0.000135882 0.00307463 0.00195312 0.0182141 0.00287101 0.00447831 0.0018009 -0.00388465 -3.13245e-05 -0.001059 0.000431098 -0.00265775 0.00111799 -0.00841644 0.000803416 0.00119484 0.00537106 -0.00187798 0.000860028 0.00276623 0.00637099
internal_weight=489190 489106 488842 70463 15733 54730 3781 34664 3493 418379 22523 20982 1541 19774 15977 11040 3797 395856 122842 273014 29367 17745 11622 243647 212613 15769 31034 196844 49797 21025
internal_count=489190 489106 488842 70463 15733 54730 3781 34664 3493 418379 22523 20982 1541 19774 15977 11040 3797 395856 122842 273014 29367 17745 11622 243647 212613 15769 31034 196844 49797 21025
cat_boundaries=0 4 8 12 16 20 21 26 30 34 38 43 44 48 53 57 61 65 70 74 79 83
cat_threshold=32142393 1073891398 805311776 3087007746 1091109260 2303084800 256 82068 3426964032 75498676 172786752 142639153 1073741892 17039360 1208018944 8389184 1059848 51380225 2101248 4194304 33026 285212692 1327296 134348816 4259872 2 2164260865 135823424 270336 16779776 2223251584 2413887504 1085276172 67130369 2323922945 2172534916 201392128 6424288 512 4751636 278921216 1081347 1 17 553660577 1140852736 1076106753 2147491968 2281964672 192962772 1115701558 155205651 2 3443818630 2335178752 2686664720 70321736 370540820 524308 1125842945 369133761 21823664 1342385666 817897801 294125832 1612711568 1074286730 855991938 4235584 2 2214597185 786500 19546146 71435392 5255444 176318996 3230662662 151013422 2 3167748 100958537 101449776 172038288
is_linear=0
shrinkage=0.1


Tree=89
num_leaves=31
num_cat=23
split_feature=4 10 0 8 0 10 8 9 8 9 8 11 9 2 9 8 8 9 0 9 8 0 9 8 9 9 4 9 11 8
split_gain=21.3852 16.8929 15.9853 14.3638 13.903 27.7654 33.7447 41.2709 31.5345 28.6039 27.239 20.5295 36.6911 20.0288 50.0677 55.1079 51.8449 51.1395 41.4073 55.0388 40.7153 42.0682 41.6224 41.593 39.1453 38.4323 33.3548 49.6829 32.8082 32.7808
threshold=45.000000000000007 0 4245.0000000000009 1 -44.999999999999993 2 3 4 5 6 7 8 9 57.000000000000007 10 11 12 13 39.000000000000007 14 15 93.000000000000014 16 17 18 19 195.00000000000003 20 21 22
decision_type=2 9 2 9 2 9 9 9 9 9 9 9 9 8 9 9 9 9 2 9 9 2 9 9 9 9 2 9 9 9
left_child=1 -1 3 -2 5 8 7 -7 -5 10 -8 12 -11 14 16 17 -6 -16 24 -20 21 25 23 28 -17 -15 27 -26 -22 -21
right_child=2 -3 -4 4 13 6 9 -9 -10 11 -12 -13 -14 20 15 18 -18 -19 19 29 22 -23 -24 -25 26 -27 -28 -29 -30 -31
leaf_value=0.048170264863295745 -60.122387975454537 0.64024756546415917 73.433842276090942 2.033957939999393 -1.6421036992136597 -1.8058125133082279 -1.2568145895002971 -0.25206654838944725 -0.084001489976584062 3.5559145748001919 -0.20435435417905534 -0.039041358432028876 -0.14583199892295334 -0.88720269209156299 -0.80254583362654131 -0.11674241257119089 -0.1217466843877439 0.036185854233690938 0.90266499141169509 0.55365972584299927 -0.96191491215962088 -0.12756827757976624 -0.027803344108878039 1.3690219623502964 1.0000814627226393 -0.35872321635379339 0.13672497309812429 0.16423280540088314 0.49738772583151136 -0.044785218215172055
leaf_weight=1635 109 1119 263 2567 3190 3431 4322 5124 3764 1146 10132 37790 1766 4833 9548 26308 23099 25220 6784 14831 3551 44219 166777 9165 1022 6791 40499 11615 8107 10463
leaf_count=1635 109 1119 263 2567 3190 3431 4322 5124 3764 1146 10132 37790 1766 4833 9548 26308 23099 25220 6784 14831 3551 44219 166777 9165 1022 6791 40499 11615 8107 10463
internal_value=-7.25689e-05 0.0087146 -0.000122318 -0.000135651 -0.000127141 -0.00143057 -0.00205819 -0.00789842 0.00488093 -0.00115107 -0.00497096 0.000206327 0.008282 9.23028e-05 0.000916392 0.00163841 -0.00310088 -0.00183737 0.00272209 0.00575472 -0.000491902 -0.00286198 0.000213741 0.00442807 0.00149791 -0.00821576 0.0030595 0.0075453 0.000462804 0.00360417
internal_weight=489190 2754 486436 486173 486064 70042 63711 8555 6331 55156 14454 40702 2912 416022 172579 146290 26289 34768 111522 32078 243443 55843 187600 20823 79444 11624 53136 12637 11658 25294
internal_count=489190 2754 486436 486173 486064 70042 63711 8555 6331 55156 14454 40702 2912 416022 172579 146290 26289 34768 111522 32078 243443 55843 187600 20823 79444 11624 53136 12637 11658 25294
cat_boundaries=0 2 5 7 11 16 20 24 28 30 34 38 42 46 50 55 59 63 67 72 76 80 82 86
cat_threshold=172000896 8 16 0 1 19478801 25 2370056 3256226057 277094460 89261320 172232769 570761348 2206410816 1103201792 1 34112072 100820180 139264020 151552 2416968224 222405144 1209057416 5836512 110625796 289947712 1174409472 134288080 2176919813 17 134247424 1076625412 8389632 134373403 20213920 1147274305 549459200 2432735617 2285912608 3623881730 2966315304 101222408 32 136317513 4718850 271581344 201393216 302004228 421724360 613425168 1074366784 537137414 268517376 547364976 1 1160970405 1678958592 1629487124 344084488 542134832 1346786306 2738888864 268479808 2185271360 323488288 379052040 150997122 3293085965 537731248 2182086672 1614815346 1 268599430 1361216256 2434793536 203345928 8388608 2415919616 402653184 67109888 323098958 6 303039813 607678736 168820756 406922912
is_linear=0
shrinkage=0.1


Tree=90
num_leaves=31
num_cat=21
split_feature=4 9 0 0 1 8 9 6 2 0 8 9 11 8 9 9 8 10 8 8 9 2 8 0 9 11 8 9 10 8
split_gain=17.036 17.286 14.0666 13.7973 28.8232 27.5506 20.9964 16.3682 13.9334 61.7269 69.9635 46.1639 61.1587 37.9897 55.5135 36.7535 36.2731 33.6798 32.011 31.9512 34.479 30.7337 66.9894 31.7201 37.5845 42.7829 37.9719 47.7065 30.6944 33.6532
threshold=45.000000000000007 0 4245.0000000000009 -368.99999999999994 45.000000000000007 1 2 885.50000000000011 165.00000000000003 141.00000000000003 3 4 5 6 7 8 9 10 11 12 13 93.000000000000014 14 81.000000000000014 15 16 17 18 19 20
decision_type=2 9 2 2 8 9 9 2 8 2 9 9 9 9 9 9 9 9 9 9 9 10 9 2 9 9 9 9 9 9
left_child=1 -1 3 4 6 -5 -2 -6 9 11 -11 12 -7 14 -10 16 -15 -16 -14 20 -13 23 -23 24 25 -21 27 -26 29 -17
right_child=2 -3 -4 5 7 8 -8 -9 13 10 -12 19 18 15 17 28 -18 -19 -20 21 -22 22 -24 -25 26 -27 -28 -29 -30 -31
leaf_value=0.073503727986170025 -9.8245361611537518 1.0243946622160536 66.090458048481835 2.0946313017946636 -0.73813772829763102 -5.4293239739549675 -1.5910627697715343 1.356510172524152 -0.57266137807452822 1.0898375710551591 0.14317169715660469 1.3544631819222255 -0.88123016585468295 0.91971446233001197 1.3225531534616763 -1.9193943840087855 -0.042892335379677432 0.17711060164209569 -0.08882438514818887 -0.1087788939119811 0.097621684209897461 0.18058964788097642 -0.64370686980105918 0.28818726443436732 -0.74258943679890166 0.21086414849017637 -0.025176879781019769 -0.05127473884011309 -0.15345962734493812 -0.30248414560856657
leaf_weight=2143 460 611 263 1751 1384 1275 1366 1366 8066 9681 26190 9022 9779 6283 8582 5363 17890 20750 26511 20626 24036 12066 13059 20609 10465 37240 84462 12432 88801 6658
leaf_count=2143 460 611 263 1751 1384 1275 1366 1366 8066 9681 26190 9022 9779 6283 8582 5363 17890 20750 26511 20626 24036 12066 13059 20609 10465 37240 84462 12432 88801 6658
internal_value=-7.23645e-05 0.00777052 -0.000116768 -0.000129275 -0.00559441 -7.73468e-05 -0.0153341 0.000872727 -0.000123162 0.000262244 0.00416911 -0.000235455 -0.00349834 -0.000876577 0.00191938 -0.00171313 0.00178845 0.00393975 -0.00273829 0.000266979 0.00315713 -0.000186046 -0.00346866 0.000257757 -0.000203662 0.00185051 -0.0013109 -0.00492208 -0.00255276 -0.00729366
internal_weight=489190 2754 486436 486173 4576 481597 1826 2750 479846 317453 35871 281582 37565 162393 37398 124995 24173 29332 36290 244017 33058 210959 25125 185834 165225 57866 107359 22897 100822 12021
internal_count=489190 2754 486436 486173 4576 481597 1826 2750 479846 317453 35871 281582 37565 162393 37398 124995 24173 29332 36290 244017 33058 210959 25125 185834 165225 57866 107359 22897 100822 12021
cat_boundaries=0 4 8 12 16 20 21 25 30 35 39 41 45 49 54 58 63 65 69 73 75 79
cat_threshold=285212672 1224736768 0 8195 0 0 1024 20 18350080 1344274432 2147484160 73856 238849 75284625 33583376 135358977 1074799780 1147273217 586285064 2952804805 67108864 1207976008 310444076 2697874080 325059587 8422466 2382365507 67164512 1344012824 2 1412716148 1614848 631373960 537919748 2 1384707 2686730705 1074794770 141472 1678770425 60 38831624 1078493193 1203830802 353379328 270340256 546097681 241238146 402718882 138614864 185622734 17040512 146980882 1 3393200968 2315259968 2416837416 35949632 573080339 2189514528 268435974 1076641800 3 2451115650 16 1080057930 1392640322 2425512240 84049928 138418248 822356098 1224839200 139558928 1109592326 46 2170561828 19931600 1512046659 134234760
is_linear=0
shrinkage=0.1


Tree=91
num_leaves=31
num_cat=22
split_feature=4 8 9 0 11 1 8 0 0 8 10 1 9 2 10 9 8 9 9 8 11 11 9 8 9 8 9 8 4 8
split_gain=17.5167 35.0087 22.0156 17.476 19.6791 23.4165 28.3122 20.4138 15.2808 22.3893 21.805 15.6514 16.1129 14.6823 13.4157 82.8806 42.2656 31.3779 29.2511 41.0642 31.3512 31.2744 70.694 40.9098 35.592 35.0285 34.5293 31.9339 29.3524 29.1988
threshold=105.00000000000001 0 1 -146.99999999999997 2 21.000000000000004 3 255.00000000000003 57.000000000000007 4 5 201.00000000000003 6 51.000000000000007 7 8 9 10 11 12 13 14 15 16 17 18 19 20 165.00000000000003 21
decision_type=2 9 9 2 9 8 9 2 2 9 9 8 9 8 9 9 9 9 9 9 9 9 9 9 9 9 9 9 2 9
left_child=1 -1 3 -3 -5 6 -6 -7 10 11 -4 -10 -13 -11 15 29 -17 -18 19 -16 -21 22 -20 24 -23 -24 27 -25 -26 -2
right_child=14 2 8 4 5 7 -8 -9 9 13 -12 12 -14 -15 18 16 17 -19 21 20 -22 23 25 26 28 -27 -28 -29 -30 -31
leaf_value=1.0757878325128061 -2.3213710414644608 -3.6965826125172656 -0.2187184705552781 0.34402310690845755 0.51848056580464363 -0.5142821015219553 -0.29278149376387691 0.10008622107844189 0.79454113907025936 0.98374650632373106 0.15133309710545842 -0.10747183971179552 1.2152915725075104 0.02263384303720244 -0.17948617032156378 -0.6342912097750113 0.80103195380654102 -0.018384896397718186 -1.5222706115095095 -0.15115173281993119 0.64424525220929996 1.5286974638013149 -0.90716068613637768 -1.1020533875230569 0.73805239680041768 0.59583175459493276 -0.0093898515460566056 -0.14860716574396068 0.045877438362430217 -0.68771832827621826
leaf_weight=962 4538 232 2784 1323 901 2437 883 993 1027 562 3882 606 599 3452 16583 9357 11991 17733 8475 7690 27396 8375 4613 8181 954 7623 285699 17903 21230 10206
leaf_count=962 4538 232 2784 1323 901 2437 883 993 1027 562 3882 606 599 3452 16583 9357 11991 17733 8475 7690 27396 8375 4613 8181 954 7623 285699 17903 21230 10206
internal_value=-8.23811e-05 0.00276849 0.0018511 -0.00276589 -0.00181276 -0.00457504 0.00470852 -0.00941691 0.00427178 0.00782901 0.000945095 0.0158341 0.00817427 0.00333002 -0.000207983 -0.00169314 0.000717556 0.00256272 -1.51905e-05 0.00221076 0.00414862 -0.000332036 -0.00410453 -0.000103694 0.00338742 0.000759432 -0.000445969 -0.00392811 0.00128864 -0.00807916
internal_weight=489190 20643 19681 6769 6537 5214 1784 3430 12912 6246 6666 2232 1205 4014 468547 53825 39081 29724 414722 51669 35086 363053 20711 342342 30559 12236 311783 26084 22184 14744
internal_count=489190 20643 19681 6769 6537 5214 1784 3430 12912 6246 6666 2232 1205 4014 468547 53825 39081 29724 414722 51669 35086 363053 20711 342342 30559 12236 311783 26084 22184 14744
cat_boundaries=0 4 8 10 14 17 19 23 25 29 33 38 43 47 49 51 55 59 64 68 72 76 80
cat_threshold=2182087424 12288 4456512 136683520 343933190 3381198852 270532608 1048620 605042755 8 25165827 2147500032 8388608 1568 134217728 2147500036 2415919104 1549271616 8 0 0 0 17 3489861700 2 2234695940 604017856 169025552 2565160 301999106 1128792324 503513090 134284352 167781377 2283799316 1367343170 135321601 1 900730900 67130562 1879244960 4261156 2 136904822 810551880 413413460 67765249 943720600 12 805339174 11 525570 2164981780 2184200452 536901760 1376256066 1514471430 140706816 1364 2147623456 1628053508 16777480 2013835282 1 2187333705 3357281798 24 306315348 72 1377830929 8914178 2415921355 135431176 0 1073762324 264744 84436480 1427194112 71499785 134349866
is_linear=0
shrinkage=0.1


Tree=92
num_leaves=31
num_cat=23
split_feature=4 0 4 8 9 8 8 4 4 6 9 8 9 8 9 8 11 9 9 8 8 9 6 8 9 8 9 9 8 8
split_gain=15.4866 13.9696 36.4672 53.5539 27.5104 24.1359 21.7869 21.3809 18.8964 53.2298 82.2084 50.0446 48.3669 53.8534 53.6171 53.1934 51.1406 59.7435 56.6296 43.0115 39.5898 37.8107 36.7178 67.2974 41.7861 52.1038 36.7229 35.8356 33.8553 33.7811
threshold=1.0000000180025095e-35 -110.99999999999999 1125.0000000000002 0 1 2 3 675.00000000000011 465.00000000000006 633.50000000000011 4 5 6 7 8 9 10 11 12 13 14 15 585.50000000000011 16 17 18 19 20 21 22
decision_type=2 2 2 9 9 9 9 2 2 2 9 9 9 9 9 9 9 9 9 9 9 9 2 9 9 9 9 9 9 9
left_child=-1 2 3 7 -5 -4 -6 -2 11 10 19 -3 15 14 -14 -11 17 -15 29 -10 27 -22 23 -13 25 -24 -25 -12 -23 -18
right_child=1 8 5 4 6 -7 -8 -9 9 12 20 22 13 16 -16 -17 18 -19 -20 -21 21 28 24 26 -26 -27 -28 -29 -30 -31
leaf_value=1.9906963293569051 -2.996365176618605 0.61665401455936397 4.1289411018355722 -1.275695389560962 0.84573230396380839 0.16852101821184393 -0.29528757547856799 -0.78477089954151757 -0.34950592354870375 -1.5430206839414269 -1.7009396874831966 0.39973960819399462 -0.95051077120577576 -2.4605857286207451 0.23003178929998072 -0.082148882282725169 3.2342060707517954 0.069898484761326429 0.22507169400428584 -2.1701760587245178 0.77994552097236969 -0.7321834637292568 1.7979387025780811 -0.3139845667647615 -0.053396233310981783 0.084409747737862917 0.12061999504994336 -0.21578839474039369 0.17922427889015574 0.73414610623154042
leaf_weight=84 2286 6249 1117 1964 2471 8717 9063 878 5276 10153 4759 15655 19400 4443 24314 28694 7988 14341 74212 8884 10115 14065 2453 7450 113350 34340 13716 7957 18002 16794
leaf_count=84 2286 6249 1117 1964 2471 8717 9063 878 5276 10153 4759 15655 19400 4443 24314 28694 7988 14341 74212 8884 10115 14065 2453 7450 113350 34340 13716 7957 18002 16794
internal_value=-7.68618e-05 -8.42353e-05 -0.00231733 -0.00516745 -0.00241338 0.00251169 -0.000545738 -0.0168557 4.36653e-05 -0.000497593 -0.00289177 0.000798342 0.000327695 0.00108977 -0.00190742 -0.0028399 0.00220226 -0.00258061 0.00310998 -0.00968243 -0.00113827 0.000336557 0.000503813 0.0033337 -0.000190152 0.00273755 -0.00034473 -0.00602703 -0.0013452 0.00724831
internal_weight=489190 489106 26496 16662 13498 9834 11534 3164 462610 269397 69058 193213 200339 161492 43714 38847 117778 18784 98994 14160 54898 42182 186964 36821 150143 36793 21166 12716 32067 24782
internal_count=489190 489106 26496 16662 13498 9834 11534 3164 462610 269397 69058 193213 200339 161492 43714 38847 117778 18784 98994 14160 54898 42182 186964 36821 150143 36793 21166 12716 32067 24782
cat_boundaries=0 4 9 13 17 21 25 29 33 37 41 43 47 52 56 60 65 69 73 77 81 86 90 94
cat_threshold=76555849 2148696064 343943266 23472832 406848000 536871424 1343315968 2301504 1 2148598592 621953414 35948580 135168 3389538432 604004800 33887492 167858181 1075134476 4332725 161480850 83906693 4218880 65602 71436354 78 4238467 1141129352 13254404 2307916416 4677664 3273838798 1157890304 209731624 2499936352 417432080 2334130240 1342512216 39846672 4737810 3493867528 456427552 944320770 26 2156003328 2969676544 1124089922 787457 3867476552 553720354 4076863618 71304208 2 13107211 2543764738 406063104 149888 145240608 293813408 1749585928 704520 62925971 1851392 34810176 1477189952 2 43909782 52719621 260 169184032 2432712902 1112047748 685916432 151031883 2416443392 53886976 8192 3214336 419430592 1619525636 442701072 272802938 2483553538 1879081536 1074794596 943950896 1 3288532290 2288517905 2483298310 54796353 269490436 537460753 2148205712 19926161
is_linear=0
shrinkage=0.1


Tree=93
num_leaves=31
num_cat=23
split_feature=4 9 0 0 1 8 8 0 9 8 9 3 9 8 9 10 2 9 8 8 9 9 11 8 9 8 9 11 9 9
split_gain=15.503 27.2228 20.533 17.71 15.861 37.1689 32.9877 14.4855 45.8919 37.3987 42.7401 26.7712 30.5366 29.093 34.0641 24.6233 24.3746 71.8192 46.5152 39.5582 35.119 33.231 58.2084 38.6859 30.5862 28.1196 29.2903 28.8633 61.8495 52.1939
threshold=75.000000000000014 0 249.00000000000003 -218.99999999999997 45.000000000000007 1 2 -1.0000000180025095e-35 3 4 5 8.5000000000000018 6 7 8 9 39.000000000000007 10 11 12 13 14 15 16 17 18 19 20 21 22
decision_type=2 9 2 2 8 9 9 2 9 9 9 2 9 9 9 9 8 9 9 9 9 9 9 9 9 9 9 9 9 9
left_child=1 -1 3 -3 6 -6 -5 8 -2 10 -10 12 -11 -14 -15 -16 17 19 20 -9 -19 22 -18 -24 -20 26 -23 29 -29 -27
right_child=7 2 -4 4 5 -7 -8 16 9 11 -12 -13 13 14 15 -17 21 18 24 -21 -22 25 23 -25 -26 27 -28 28 -30 -31
leaf_value=1.1274483499435519 0.12389189581643692 -5.2401770239773846 0.54950444637702844 -0.037865816398067853 -0.48396243229826086 0.078738516858010144 0.32195725435399081 0.016287938870659959 -2.0718891615399913 0.075700613763300603 -0.3589465777293146 0.45369314798992416 -0.037178411957005331 -2.1882043553215 -0.53580118817033129 -0.11461225812372966 -1.3467646245037785 -1.0382069970532228 -0.1724776271887265 0.52520648143331494 -0.17083463803697185 0.32249125663849726 -0.0035361919037114834 1.1146647806640857 0.24760926606726918 -0.16184332325059927 -0.3298238895681187 0.22631052370306579 -0.42920109886226498 0.19298346374677494
leaf_weight=601 38664 166 1537 2559 944 2567 1416 6281 1463 21149 16336 18797 19538 2601 13487 13069 3668 4115 15639 14757 13387 7277 8355 12507 36020 39659 35078 23162 42327 72064
leaf_count=601 38664 166 1537 2559 944 2567 1416 6281 1463 21149 16336 18797 19538 2601 13487 13069 3668 4115 15639 14757 13387 7277 8355 12507 36020 39659 35078 23162 42327 72064
internal_value=-7.82927e-05 0.00386108 0.00249484 0.000378986 0.00109538 -0.00380234 0.00542138 -0.00015874 -0.000993081 -0.00206482 -0.00624684 -0.00122446 -0.00212617 -0.00350375 -0.00550451 -0.00443048 0.000203413 0.00160811 5.13221e-05 0.00672273 -0.0044027 -0.000315653 0.00317441 0.00521752 0.0015609 -0.000705675 -0.00302018 -0.000152351 -0.00181911 0.000824734
internal_weight=489190 9790 9189 7652 7486 3511 3975 479400 145104 106440 17799 88641 69844 48695 29157 26556 334296 90199 69161 21038 17502 244097 24530 20862 51659 219567 42355 177212 65489 111723
internal_count=489190 9790 9189 7652 7486 3511 3975 479400 145104 106440 17799 88641 69844 48695 29157 26556 334296 90199 69161 21038 17502 244097 24530 20862 51659 219567 42355 177212 65489 111723
cat_boundaries=0 4 8 12 17 21 25 29 33 37 38 43 47 51 55 60 62 66 70 74 79 81 86 91
cat_threshold=134217984 268960000 1048644 18087936 92274689 268435456 1082130432 8704 67108868 154157056 3892314112 289 847652886 2282868740 271320081 135659522 2 287848448 3439362305 413155388 84947272 1077940224 21627904 151203872 545333248 1147143208 545656601 83955744 805913101 71745792 545397884 1112408448 167919636 0 1078460448 672284672 2214594624 916097224 1074301202 51135266 1359300610 2637928 3 4211746 3623881862 2420969728 322446472 2294890512 1078466564 2630230024 103025792 94572673 4199440 673191040 286425088 1077497968 4346882 688005544 2420115716 2 289945628 4 14753526 2684357186 2350907400 360711178 348266537 1617109057 549585152 135300481 353575945 1141434880 554221637 109056009 2172649474 25438364 71303187 1619001473 1 1597187192 4 67111565 2015887552 3229631490 134324794 1 285605890 2282793928 1082150994 1208255114 1
is_linear=0
shrinkage=0.1


Tree=94
num_leaves=31
num_cat=19
split_feature=4 0 8 8 4 6 6 9 4 8 9 3 8 9 11 0 8 9 9 2 0 8 10 9 11 4 9 10 9 8
split_gain=16.3549 13.9151 26.2965 24.4531 17.8881 13.8259 13.1531 13.8988 12.7611 66.9898 47.3992 39.8902 100.81 40.2359 31.414 30.4392 58.7172 31.3205 28.7943 27.2128 28.1706 34.0827 27.0284 26.2649 25.554 25.3897 87.3134 45.8258 36.7733 35.1705
threshold=1.0000000180025095e-35 -266.99999999999994 0 1 345.00000000000006 1309.5000000000002 848.50000000000011 2 165.00000000000003 3 4 1.5000000000000002 5 6 7 81.000000000000014 8 9 10 45.000000000000007 81.000000000000014 11 12 13 14 405.00000000000006 15 16 17 18
decision_type=2 2 9 9 2 2 2 9 2 9 9 2 9 9 9 2 9 9 9 10 2 9 9 9 9 2 9 9 9 9
left_child=-1 2 4 -3 -2 6 -4 -8 9 10 -5 12 -10 -14 -12 16 22 -17 -11 -20 21 -21 -15 -23 -18 26 -13 28 -28 -29
right_child=1 3 5 8 -6 -7 7 -9 11 18 14 25 13 15 -16 17 24 -19 19 20 -22 23 -24 -25 -26 -27 27 29 -30 -31
leaf_value=1.8023947788752748 -6.751202576791286 3.5217032975058347 -0.63513157647506446 2.5280658774193911 -3.7350212719396709 -3.0853800593504674 -0.83432412591606997 1.3109965984107781 -1.8152889305577689 0.18141620262576447 0.86855496327619341 1.3789638617171716 0.088308496280671278 -2.3526112383295179 0.19219606297819125 0.25794581908622266 -3.3913523190930182 -0.36659825446105221 0.036857260069885815 0.2852565096912521 -0.052424490503173618 -0.23929189446236807 -0.63082116071072614 -0.74228383336850856 -0.14255579082333619 -0.028257537978045023 -0.8025072626649431 0.70076072115916799 0.032332391004996457 0.015383812335523217
leaf_weight=84 424 907 3435 575 776 335 1079 2242 2093 14278 1583 5058 18385 1516 5258 7851 283 5832 32493 735 21307 2994 3107 1980 12096 303508 6663 9755 10496 12062
leaf_count=84 424 907 3435 575 776 335 1079 2242 2093 14278 1583 5058 18385 1516 5258 7851 283 5832 32493 735 21307 2994 3107 1980 12096 303508 6663 9755 10496 12062
internal_value=-7.3591e-05 -8.11685e-05 -0.00414305 -1.11269e-05 -0.0177686 -0.0018096 -0.000828893 0.00365854 -4.22989e-05 0.00110033 0.0101535 -0.000275015 -0.00288197 -0.0019621 0.00780178 -0.0041782 -0.00700506 -0.000668713 0.000189032 -0.000778743 -0.00312407 -0.00936241 -0.0166091 -0.0123194 -0.00340221 0.000108764 0.00235273 0.000746422 -0.00311899 0.00378659
internal_weight=489190 489106 8291 480815 1200 7091 6756 3321 479908 81203 7416 398705 51163 49070 6841 30685 17002 13683 73787 59509 27016 5709 4623 4974 12379 347542 44034 38976 17159 21817
internal_count=489190 489106 8291 480815 1200 7091 6756 3321 479908 81203 7416 398705 51163 49070 6841 30685 17002 13683 73787 59509 27016 5709 4623 4974 12379 347542 44034 38976 17159 21817
cat_boundaries=0 4 8 12 16 20 24 29 31 35 39 44 48 50 54 56 60 62 66 70
cat_threshold=17891329 185090049 71565312 33557152 0 0 1024 20 1537 0 302009088 3489661312 270008840 76025864 134676544 2228224 25165824 16777220 138412032 2129920 2147614724 16801792 3632267333 811520 1074738 2198210696 554566241 136970496 3 2584295426 16 407897416 36098 16973864 353468448 3427336320 541065222 1322352914 1879314497 2256535552 74496 276955136 1056768 1 2147483652 167772160 276824068 40992 2219149401 8 768 1084227584 4 136987674 32770 8 24578 2684387972 8519680 2232844835 2651358916 56 294158596 160505856 2415919104 9240 167903234 2193117440 67436548 296960
is_linear=0
shrinkage=0.1


Tree=95
num_leaves=31
num_cat=25
split_feature=4 8 0 10 8 9 8 9 9 9 8 11 6 10 0 8 8 10 9 8 8 9 8 11 8 8 2 9 8 11
split_gain=13.894 15.6241 12.0817 30.3516 48.3469 48.1229 45.5711 37.1791 34.0636 30.654 29.4611 21.2469 19.4806 38.5327 33.893 31.7377 24.4158 21.7346 61.5181 56.1611 37.4703 34.2943 47.9203 34.5424 31.3461 27.8812 23.0699 22.5563 21.8578 21.585
threshold=45.000000000000007 0 -14.999999999999998 1 2 3 4 5 6 7 8 9 1330.5000000000002 10 27.000000000000004 11 12 13 14 15 16 17 18 19 20 21 117.00000000000001 22 23 24
decision_type=2 9 2 9 9 9 9 9 9 9 9 9 2 9 2 9 9 9 9 9 9 9 9 9 9 9 8 9 9 9
left_child=1 -1 3 4 5 -2 9 11 -6 -5 -9 -8 17 14 -14 -16 -15 18 19 -4 27 22 -19 24 26 -25 -24 -20 -21 -23
right_child=2 -3 12 6 8 -7 7 10 -10 -11 -12 -13 13 16 15 -17 -18 21 20 28 -22 29 23 25 -26 -27 -28 -29 -30 -31
leaf_value=0.075394630033669335 -1.3587951979198749 1.0191324419387797 0.010301480412572329 2.0125030748890356 -0.49776949275549126 -0.18317738931494373 1.722445241948303 -1.999501081660614 0.023191070422004325 0.39912301570040393 -0.24533095825914783 0.11713293966564359 -0.33684828125000127 0.39833632013150294 4.2445615371523262 0.59809678351733742 -0.20194373919686701 2.769320205335307 2.3918691590843593 -3.2236773708605302 -0.067924343882475521 -0.31081927607846538 0.86825050344113641 0.22303978702560132 0.01084159757181169 -0.78563097776205815 0.32105650786485573 0.33538217290187478 -0.99236496624605097 0.014419436681432529
leaf_weight=2272 5017 482 10397 1824 17264 10438 1944 1293 56288 11706 11970 5369 1045 5389 1734 1867 9328 4451 2199 2055 49720 13446 7336 4309 14441 5414 8746 7818 12771 200857
leaf_count=2272 5017 482 10397 1824 17264 10438 1944 1293 56288 11706 11970 5369 1045 5389 1734 1867 9328 4451 2199 2055 49720 13446 7336 4309 14441 5414 8746 7818 12771 200857
internal_value=-7.48176e-05 0.00700799 -0.000114917 -0.000971059 -0.00194289 -0.00702554 0.00156525 -0.00139901 -0.000874093 0.0060709 -0.00455436 0.004322 0.000175188 0.00326137 0.0111899 0.0158151 0.000750323 1.45366e-06 -0.00138637 -0.00552649 0.000362361 0.000456739 0.00297604 0.00188543 0.00353879 -0.0033032 0.0065747 0.00593896 -0.00947695 -6.88246e-05
internal_weight=489190 2754 486436 123113 89007 15455 34106 20576 73552 13530 13263 7313 363323 19363 4646 3601 14717 343960 84960 25223 59737 259000 44697 40246 30523 9723 16082 10017 14826 214303
internal_count=489190 2754 486436 123113 89007 15455 34106 20576 73552 13530 13263 7313 363323 19363 4646 3601 14717 343960 84960 25223 59737 259000 44697 40246 30523 9723 16082 10017 14826 214303
cat_boundaries=0 4 6 10 15 19 24 28 32 36 38 39 43 47 49 53 57 61 66 70 72 76 80 84 88 90
cat_threshold=83886080 153108480 402653184 32 1053951182 2 268444172 203604227 679747632 490799528 2148024320 4456532 1251194912 827950344 1 1208558144 650595588 2286223376 134414497 2291294755 2214854676 3502375938 537068555 1 135291680 123150464 3234873352 610273984 2559078688 2181304320 0 537395210 42993664 152076288 2097344 17827840 2215190796 17 34058 148537856 302137350 2495881236 2532352 370671616 393289984 1145044992 135731713 3506942228 11 338690319 882939458 169345044 136351768 2416498948 2689110356 3728998400 136904832 3290432839 2189952323 1081622536 71306368 10486108 536892610 722690180 2132320 2 201392137 44072960 33756832 54 252085834 12 303039168 1142572065 2491424784 323408000 306742532 1145337117 2152202312 136315905 3242229792 33685508 1073741824 1879049218 1140917258 24576 9519107 71458826 536907782 24
is_linear=0
shrinkage=0.1


Tree=96
num_leaves=31
num_cat=21
split_feature=4 0 8 8 11 2 0 8 9 10 7 2 0 8 9 11 8 8 8 9 9 0 9 9 8 9 6 2 11 8
split_gain=13.8178 11.8468 29.2553 20.0081 11.6556 12.357 11.1279 48.1352 25.1607 19.6642 15.5969 14.104 53.5727 59.1888 37.3933 49.3677 59.8078 37.9395 34.2173 33.362 32.5443 28.4631 32.2249 31.9224 26.9998 26.3899 29.4247 22.876 22.5745 25.6061
threshold=1.0000000180025095e-35 -350.99999999999994 0 1 2 -170.99999999999997 1161.0000000000002 3 4 5 6 165.00000000000003 141.00000000000003 7 8 9 10 11 12 13 14 231.00000000000003 15 16 17 18 1151.5000000000002 261.00000000000006 19 20
decision_type=2 2 9 9 9 8 2 9 9 9 1 8 2 9 9 9 9 9 9 9 9 2 9 9 9 9 2 8 9 9
left_child=-1 2 -2 -3 5 -4 11 9 -9 -8 -10 12 14 -14 15 16 -5 -17 21 -20 -15 23 -23 -13 25 26 -16 -24 29 -22
right_child=1 3 4 6 -6 -7 7 8 10 -11 -12 18 13 20 24 17 -18 -19 19 -21 28 22 27 -25 -26 -27 -28 -29 -30 -31
leaf_value=1.6146158379843805 -9.7744868302827115 3.3606924295212397 -6.4085364186210247 -2.8744231466095607 0.37126909861327206 -0.68671211516401609 1.9703487901182599 5.1437702391070168 1.9573840283950632 -3.7527329265437404 -1.9067360206876629 -1.0748937327771508 -0.14522598861937297 -0.016095400055802147 3.3545409038318725 -0.42264805979410164 -0.31211286628767998 0.14474539983253651 1.9893485741722907 -0.028468529958765788 0.092170301255906403 -1.4394211717129552 0.60298559426848053 -0.31330596459300897 -0.0061320484681650468 0.12263284640590513 -1.6216409125565414 -0.15391247279936238 1.3228185200083276 0.95903454325866599
leaf_weight=84 485 549 206 3095 2190 2244 394 1180 1601 1113 416 4926 12435 5102 5113 10884 7368 18740 2710 122592 5348 2254 3965 8869 216595 20629 1039 14060 7362 5642
leaf_count=84 485 549 206 3095 2190 2244 394 1180 1601 1113 416 4926 12435 5102 5113 10884 7368 18740 2710 122592 5348 2254 3965 8869 216595 20629 1039 14060 7362 5642
internal_value=-7.87015e-05 -8.56665e-05 -0.00486829 -3.5022e-05 -0.0023871 -0.00711382 -5.68838e-05 0.00478316 0.0117088 -0.0099209 0.0048594 -0.000104443 0.000279002 0.00391903 -0.000181858 -0.00301145 -0.0089134 -0.000924614 -0.000872779 -0.000108529 0.00687436 -0.00368208 -0.00129937 -0.00718739 0.000284322 0.00327909 0.00902304 0.000113668 0.00883891 0.00595455
internal_weight=489190 489106 5125 483981 4640 2450 483432 4704 3197 1507 2017 478728 319352 35889 283463 40087 10463 29624 159376 125302 23454 34074 20279 13795 243376 26781 6152 18025 18352 10990
internal_count=489190 489106 5125 483981 4640 2450 483432 4704 3197 1507 2017 478728 319352 35889 283463 40087 10463 29624 159376 125302 23454 34074 20279 13795 243376 26781 6152 18025 18352 10990
cat_boundaries=0 4 8 10 14 18 20 21 25 29 31 35 39 43 47 52 56 61 65 69 71 75
cat_threshold=17825793 168296480 71303296 2048 0 0 0 4 539492946 2 1401873 245903680 2424320016 339740888 338956548 537437716 2415919232 2149744955 1343744 12 46 2284601380 3221229132 808255500 57442336 1343235236 1145077760 653398056 872419781 2248310864 5 33587202 6328332 1094782976 268456481 356533792 1092124944 42010802 105931848 87564977 18533392 52429057 67285512 16 147456 578814976 2304 328649 3818296 406884482 10486177 1 71358720 335700032 34603392 25198818 73826836 2015953408 279052288 3289015312 1 1642656 545835537 1113654946 402718834 201922640 2315280583 16794176 1216364594 2320381324 11 332399170 318926848 2311200768 134421704
is_linear=0
shrinkage=0.1


Tree=97
num_leaves=31
num_cat=22
split_feature=4 8 9 0 11 1 8 0 4 8 0 8 8 7 6 11 9 10 8 3 9 9 9 8 11 9 9 11 9 11
split_gain=12.6621 31.2802 20.7503 19.7682 19.1418 23.653 25.5909 20.2151 25.3831 16.7208 15.7433 25.5935 19.4145 12.7498 27.0678 41.9342 34.3581 34.0817 46.7484 36.9011 42.668 29.3287 28.8676 25.5925 23.4298 23.2702 23.2568 30.4277 22.4028 20.2525
threshold=105.00000000000001 0 1 -218.99999999999997 2 21.000000000000004 3 141.00000000000003 45.000000000000007 4 39.000000000000007 5 6 7 1174.5000000000002 8 9 10 11 3.5000000000000004 12 13 14 15 16 17 18 19 20 21
decision_type=2 9 9 2 9 8 9 2 2 9 2 9 9 1 2 9 9 9 9 2 9 9 9 9 9 9 9 9 9 9
left_child=1 -1 3 -3 -5 6 -6 9 -9 -7 11 -4 -12 14 17 22 -17 18 25 23 24 -20 -16 -19 -21 -2 27 -15 -25 -28
right_child=13 2 10 4 5 7 -8 8 -10 -11 12 -13 -14 26 15 16 -18 19 21 20 -22 -23 -24 28 -26 -27 29 -29 -30 -31
leaf_value=1.0867808073198517 1.5399786427146021 -5.269990755784459 -0.32845987020293066 0.31695535205832698 0.40490188868113253 -0.60421872498294338 -0.067885667584509687 0.60264378798896134 -0.21861582556709891 -0.27233638183372938 0.64704298305869201 0.24283628920247297 0.12784070791977911 -0.22209122591520583 6.1226529472006632 -1.5661212417628663 -0.15826037409904858 0.26401280797908022 -1.0365364225421978 0.87863540891759162 0.83127900619986694 -0.17848668764488523 0.38493612809282657 -0.28861641233762259 -1.0915279097218971 0.10209667165988918 -0.58410238110435131 0.26474417409648154 0.013448231249981291 -0.063125748132713252
leaf_weight=711 3267 132 1886 1479 1003 650 2035 420 2099 1844 2008 2903 3473 10504 615 3641 24349 10772 7968 2775 48577 19201 4554 10535 6977 10905 11417 34070 30239 228181
leaf_count=711 3267 132 1886 1479 1003 650 2035 420 2099 1844 2008 2903 3473 10504 615 3641 24349 10772 7968 2775 48577 19201 4554 10535 6977 10905 11417 34070 30239 228181
internal_value=-7.19557e-05 0.00235189 0.00160967 -0.00171629 -0.00118573 -0.00310755 0.00385122 -0.00733094 -0.00101231 -0.0137129 0.00473735 0.000553351 0.00840175 -0.000178744 0.000468856 -0.00211858 -0.00364643 0.00103627 -0.00141109 0.00195705 0.00367999 -0.00383936 0.00614984 7.76006e-06 -0.00235607 0.00324355 -0.000598912 0.0014983 -0.0011377 -0.000989116
internal_weight=489190 20643 19932 9662 9530 8051 3038 5013 2519 2494 10270 4789 5481 468547 184375 33159 27990 151216 41341 109875 58329 27169 5169 51546 9752 14172 284172 44574 40774 239598
internal_count=489190 20643 19932 9662 9530 8051 3038 5013 2519 2494 10270 4789 5481 468547 184375 33159 27990 151216 41341 109875 58329 27169 5169 51546 9752 14172 284172 44574 40774 239598
cat_boundaries=0 4 8 10 14 18 21 25 26 28 32 34 38 42 46 50 54 55 60 65 67 72 74
cat_threshold=2182087424 12288 4194368 2424832 361758982 3381198852 270532612 1048621 874262530 10 16777219 2148532224 8396800 1536 16777219 16777216 8192 1024 8388608 134234112 3087007744 0 2148548612 2415919104 134225920 104 1111526432 1 135791136 304093376 33769746 1342245507 1342446288 18 411041903 94990592 2718105856 170066464 4809804 2214986849 1075888168 554732168 5249026 536969876 2321748096 145114136 14686212 138240 1077936258 545260160 335675520 537399005 202133578 67146838 84936576 4749056 2190346256 16908422 2769307650 1 312543838 536921794 807534648 549453828 2 3222878757 16 168370881 2420925442 1073745984 4094037008 1 294158338 10
is_linear=0
shrinkage=0.1


Tree=98
num_leaves=31
num_cat=21
split_feature=4 0 8 8 11 9 4 8 9 3 9 8 9 4 6 11 2 8 4 8 8 11 9 10 0 8 8 9 11 9
split_gain=12.2418 11.2824 30.7528 17.7565 13.8271 17.4905 12.6669 60.3967 81.2237 38.1935 83.2849 45.0269 29.7043 46.7037 31.6031 28.6917 26.2958 28.3037 26.1211 77.1597 46.7589 39.6583 47.4617 25.2706 25.0287 32.1039 31.4796 22.9897 22.7322 22.6571
threshold=1.0000000180025095e-35 -230.99999999999997 0 1 2 3 195.00000000000003 4 5 1.5000000000000002 6 7 8 135.00000000000003 481.50000000000006 9 1.0000000180025095e-35 10 255.00000000000003 11 12 13 14 15 279.00000000000006 16 17 18 19 20
decision_type=2 2 9 9 9 9 2 9 9 2 9 9 9 2 2 9 8 9 2 9 9 9 9 9 2 9 9 9 9 9
left_child=-1 2 -2 -3 -4 -6 7 8 -5 10 -8 23 13 -9 -14 -15 17 -16 19 -13 -20 27 -23 -12 26 -26 -18 -22 -21 -10
right_child=1 3 4 6 5 -7 9 12 29 -11 11 18 14 15 16 -17 24 -19 20 28 21 22 -24 -25 25 -27 -28 -29 -30 -31
leaf_value=1.4617459582294545 -5.2032157141399269 5.166130996017305 3.2311383147513335 2.1074919928615699 -2.3531767662527101 -0.081393258266803062 -2.3859871866111919 -0.071552453859435872 -0.037891169091014379 0.0052097865469883913 -0.38725169016101973 1.4789800420919144 0.22020712602501283 -0.3102480973756801 0.24781178770575496 -2.3877980727235588 -0.24020654048730777 -0.0094990254960357848 -1.3992650090374366 -2.6694733485147992 -2.8069279380958498 1.1750555724084291 -0.081158526887028168 -2.5443132841765141 0.78331923708881845 -0.0040158008785681435 -0.029702819190296027 -0.27833154213963951 -0.020731675169419362 0.25732427708700634
leaf_weight=84 1130 247 425 2325 1099 7476 1243 8862 7252 343474 4627 2316 5501 875 6375 776 8826 8965 2079 243 446 2452 6261 1573 2177 7128 26410 8383 7194 12966
leaf_count=84 1130 247 425 2325 1099 7476 1243 8862 7252 343474 4627 2316 5501 875 6375 776 8826 8965 2079 243 446 2452 6261 1573 2177 7128 26410 8383 7194 12966
internal_value=-7.68618e-05 -8.34175e-05 -0.00338598 -1.35706e-05 -0.00142064 -0.00230052 -2.76769e-05 0.00098336 0.00552698 -0.000289384 -0.00335035 -0.00245616 -0.000366906 -0.00529792 0.000426658 -0.020745 -0.000239642 0.00333116 -0.000820174 0.00340921 -0.00292289 -0.00123633 0.00354809 -0.0101932 -0.00146943 0.00314347 -0.00268759 -0.00595656 -0.00156439 0.00348527
internal_weight=489190 489106 10130 478976 9000 8575 478729 98438 22543 380291 36817 35574 75895 10513 65382 1651 59881 15340 29374 9753 19621 17542 8713 6200 44541 9305 35236 8829 7437 20218
internal_count=489190 489106 10130 478976 9000 8575 478729 98438 22543 380291 36817 35574 75895 10513 65382 1651 59881 15340 29374 9753 19621 17542 8713 6200 44541 9305 35236 8829 7437 20218
cat_boundaries=0 4 8 10 14 18 23 27 31 35 37 41 45 49 51 55 57 61 64 68 69 73
cat_threshold=2165309441 253362177 67111170 37752448 0 0 0 4 2148794633 8 2148532744 159973376 8536576 2147519104 446186048 2257326104 72810576 2232362 2340421640 16777988 2294284304 32777 1 269090820 16883728 269484096 2097200 406356032 2149605376 2425426032 4767778 671089218 167772164 41943040 4489392 989858819 5 426243 135422336 8388736 16897 25088 105251100 0 201327632 67126272 38010896 0 69207040 521832748 10 25120 33556486 1082130976 4199424 3025802816 3 33025 268566784 3498049664 1 84049923 269623552 8388736 0 4 35651712 4096 266250 513 9535488 0 9218
is_linear=0
shrinkage=0.1


Tree=99
num_leaves=31
num_cat=25
split_feature=4 0 9 2 8 9 2 8 9 0 9 9 8 8 9 8 8 10 9 10 11 9 9 8 9 9 11 8 8 7
split_gain=11.49 10.7794 47.9944 42.1211 39.6335 37.2715 35.0718 71.598 55.3321 37.8172 43.7317 39.8169 46.9692 36.7734 35.6686 30.4031 30.2055 33.407 31.3494 29.6703 27.8699 42.7594 25.3454 24.5507 23.8756 23.0827 42.6261 34.1277 29.7768 23.4272
threshold=1.0000000180025095e-35 177.00000000000003 0 207.00000000000003 1 2 111.00000000000001 3 4 99.000000000000014 5 6 7 8 9 10 11 12 13 14 15 16 17 18 19 20 21 22 23 24
decision_type=2 2 9 8 9 9 10 9 9 2 9 9 9 9 9 9 9 9 9 9 9 9 9 9 9 9 9 9 9 1
left_child=-1 6 4 15 -3 -5 9 8 -8 11 -11 12 19 -12 -9 24 17 -7 -19 -2 22 -22 -18 -23 -4 26 27 -13 -28 -27
right_child=1 2 3 5 -6 16 7 14 -10 10 13 25 -14 -15 -16 -17 20 18 -20 -21 21 23 -24 -25 -26 29 28 -29 -30 -31
leaf_value=1.3155713624065095 0.051767483034098664 3.3352522748193416 1.655730111462387 -6.3914656574467807 0.60863208705524707 1.6475565316512815 -0.55492593869128981 -0.84315444162353126 1.1116131342330171 1.0981070357339946 0.59543811428006566 1.0016732088308924 -0.24896476271188456 -0.038335575838090108 -0.2998068097676182 0.14401752129535056 0.24799364264675319 -1.2661026857714945 0.51767063800295998 -3.4971489172887789 -1.019264320702348 0.39535299045103617 -0.19609500417984124 -0.32246565479312611 0.39479317977801287 -0.17104378841819426 -0.93900067242361984 0.1686812237148006 0.014137278927122311 0.012099464863167243
leaf_weight=84 680 1734 2555 1032 6325 4036 4306 6885 8298 5431 7399 6044 24138 20999 28148 20955 19077 2163 4941 1857 9209 7538 17649 13808 5043 49554 2381 18493 24245 164183
leaf_count=84 680 1734 2555 1032 6325 4036 4306 6885 8298 5431 7399 6044 24138 20999 28148 20955 19077 2163 4941 1857 9209 7538 17649 13808 5043 49554 2381 18493 24245 164183
internal_value=-7.66573e-05 -8.30086e-05 0.000758627 0.000202748 0.00819804 -0.000981083 -0.000344868 -0.00287906 0.00358332 2.61214e-05 0.00319105 -0.000341079 -0.00402286 0.00161574 -0.00520361 0.00349701 -0.000731216 0.00408969 -4.21704e-05 -0.0169415 -0.00152992 -0.00376084 0.000326655 -0.00130174 0.00891167 2.98214e-05 0.00193755 0.00494358 -0.000833458 -0.000426907
internal_weight=489190 489106 116065 108006 8059 79453 373041 47637 12604 325404 33829 291575 26675 28398 35033 28553 78421 11140 7104 2537 67281 30555 36726 21346 7598 264900 51163 24537 26626 213737
internal_count=489190 489106 116065 108006 8059 79453 373041 47637 12604 325404 33829 291575 26675 28398 35033 28553 78421 11140 7104 2537 67281 30555 36726 21346 7598 264900 51163 24537 26626 213737
cat_boundaries=0 4 8 12 16 20 24 28 32 36 41 45 49 51 55 56 58 62 66 70 74 79 81 85 89 90
cat_threshold=1074790516 1024 545391408 2415923460 1074266114 524309 1077941120 21102646 0 67108896 33572864 8389312 1212751880 46399490 2286577192 34606324 336662721 591296 8525920 1750339643 136855600 1615085701 1107419168 1343265344 224 1415577601 578822688 2415925696 4194312 2129922 16777216 336592936 33604355 70816400 1148321800 155341313 274202662 1209401897 945815824 3223347241 1 285412611 345264536 109187344 1200640 134252872 8454150 811009856 318768534 679772362 36 2307408128 696330498 3238068230 554190864 131584 3677687816 12 138455050 454189571 137433092 1207967760 503709704 428909066 2283798532 220463129 1128809474 3527675776 2259157024 6381600 469910786 1228933316 3272622272 1229783104 539068955 1659674 285999235 144703488 3 671922589 11 238551425 2335866904 1174675456 285214881 167936064 1073743872 1107820552 50720 12
is_linear=0
shrinkage=0.1


end of trees

feature_importances:
target_location=1018
vantage_location=909
current_delay_sec=324
TrainDestination=208
horizon_sched_sec=160
TrainOrigin=131
vantage_minute_of_day=87
horizon_route_stops=72
prev2_delay_sec=38
prev_delay_sec=28
day_of_week=21
vantage_hour=4

parameters:
[boosting: gbdt]
[objective: quantile]
[metric: quantile]
[tree_learner: serial]
[device_type: cpu]
[data_sample_strategy: bagging]
[data: ]
[valid: ]
[num_iterations: 100]
[learning_rate: 0.1]
[num_leaves: 31]
[num_threads: 0]
[seed: 42]
[deterministic: 1]
[force_col_wise: 0]
[force_row_wise: 1]
[histogram_pool_size: -1]
[max_depth: -1]
[min_data_in_leaf: 20]
[min_sum_hessian_in_leaf: 0.001]
[bagging_fraction: 1]
[pos_bagging_fraction: 1]
[neg_bagging_fraction: 1]
[bagging_freq: 0]
[bagging_seed: 400]
[bagging_by_query: 0]
[feature_fraction: 1]
[feature_fraction_bynode: 1]
[feature_fraction_seed: 30056]
[extra_trees: 0]
[extra_seed: 12879]
[early_stopping_round: 0]
[early_stopping_min_delta: 0]
[first_metric_only: 0]
[max_delta_step: 0]
[lambda_l1: 0]
[lambda_l2: 0]
[linear_lambda: 0]
[min_gain_to_split: 0]
[drop_rate: 0.1]
[max_drop: 50]
[skip_drop: 0.5]
[xgboost_dart_mode: 0]
[uniform_drop: 0]
[drop_seed: 17869]
[top_rate: 0.2]
[other_rate: 0.1]
[min_data_per_group: 100]
[max_cat_threshold: 32]
[cat_l2: 10]
[cat_smooth: 10]
[max_cat_to_onehot: 4]
[top_k: 20]
[monotone_constraints: ]
[monotone_constraints_method: basic]
[monotone_penalty: 0]
[feature_contri: ]
[forcedsplits_filename: ]
[refit_decay_rate: 0.9]
[cegb_tradeoff: 1]
[cegb_penalty_split: 0]
[cegb_penalty_feature_lazy: ]
[cegb_penalty_feature_coupled: ]
[path_smooth: 0]
[interaction_constraints: ]
[verbosity: -1]
[saved_feature_importance_type: 0]
[use_quantized_grad: 0]
[num_grad_quant_bins: 4]
[quant_train_renew_leaf: 0]
[stochastic_rounding: 1]
[linear_tree: 0]
[max_bin: 255]
[max_bin_by_feature: ]
[min_data_in_bin: 3]
[bin_construct_sample_cnt: 200000]
[data_random_seed: 175]
[is_enable_sparse: 1]
[enable_bundle: 1]
[use_missing: 1]
[zero_as_missing: 0]
[feature_pre_filter: 1]
[pre_partition: 0]
[two_round: 0]
[header: 0]
[label_column: ]
[weight_column: ]
[group_column: ]
[ignore_column: ]
[categorical_feature: 7,8,9,10,11]
[forcedbins_filename: ]
[precise_float_parser: 0]
[parser_config_file: ]
[objective_seed: 16083]
[num_class: 1]
[is_unbalance: 0]
[scale_pos_weight: 1]
[sigmoid: 1]
[boost_from_average: 1]
[reg_sqrt: 0]
[alpha: 0.5]
[fair_c: 1]
[poisson_max_delta_step: 0.7]
[tweedie_variance_power: 1.5]
[lambdarank_truncation_level: 30]
[lambdarank_norm: 1]
[label_gain: ]
[lambdarank_position_bias_regularization: 0]
[eval_at: ]
[multi_error_top_k: 1]
[auc_mu_weights: ]
[num_machines: 1]
[local_listen_port: 12400]
[time_out: 120]
[machine_list_filename: ]
[machines: ]
[gpu_platform_id: -1]
[gpu_device_id: -1]
[gpu_device_id_list: ]
[gpu_use_dp: 0]
[num_gpu: 1]

end of parameters

pandas_categorical:null
