tree
version=v4
num_class=1
num_tree_per_iteration=1
label_index=0
max_feature_idx=11
objective=quantile
feature_names=current_delay_sec prev_delay_sec prev2_delay_sec horizon_route_stops horizon_sched_sec vantage_hour vantage_minute_of_day day_of_week vantage_location target_location TrainOrigin TrainDestination
feature_infos=[-15720:35424] [-15720:35274] [-15720:35424] [1:29] [0:10470] [0:23] [0:1439] -1:4:6:0:1:5:2:3 -1:95:117:27:105:52:63:31:53:56:114:111:17:44:66:15:110:109:39:108:45:92:40:58:112:46:101:123:107:90:20:57:36:103:91:2:28:96:86:25:94:55:26:106:8:34:113:82:9:0:80:51:49:81:87:18:116:23:1:24:59:77:19:13:60:102:14:10:104:54:121:118:47:76:120:6:32:33:22:3:72:122:65:84:38:97:99:98:100:89:73:62:69:42:43:83:71:50:68:16:35:37:67:21:41:70:11:12:5:74:30:85:78:48:79:124:61:119:88:93:75:4:7:64:115 -1:100:27:45:66:55:123:31:59:110:120:17:116:70:56:15:114:115:40:97:113:41:47:61:117:48:112:106:95:87:128:60:14:20:91:108:101:96:2:53:26:28:36:111:99:8:34:9:118:62:84:0:25:107:51:85:109:92:24:18:57:63:19:1:81:94:122:23:39:54:10:124:13:126:80:50:125:49:33:103:32:105:72:104:102:75:6:78:3:38:22:89:43:93:68:88:65:69:127:44:5:71:76:58:16:7:42:12:52:129:21:73:46:4:11:35:67:119:86:37:30:77:90:82:79:98:64:29:83:74 -1:3:20:26:10:9:18:17:8:27:6:1:15:31:29:35:22:19:25:36:30:11:13:28:7:33:24:12:16:4:37:0:2:23:5:34:21:32 -1:3:20:26:10:9:18:8:17:27:6:15:1:30:32:19:13:11:22:31:34:25:35:29:7:12:33:24:16:36:0:4:28:2:23:5:21
tree_sizes=3029 3215 3326 3259 3278 3339 3352 3390 3257 3406 3343 3278 3300 3329 3280 3375 3396 3365 3402 3331 3458 3518 3432 3444 3432 3547 3597 3459 3437 3494 3524 3490 3485 3470 3508 3611 3544 3551 3365 3371 3441 3530 3449 3447 3654 3456 3478 3395 3396 3459 3398 3490 3480 3486 3508 3312 3515 3428 3449 3464 3493 3396 3596 3568 3373 3511 3401 3504 3493 3515 3575 3466 3384 3331 3370 3557 3479 3499 3429 3305 3244 3422 3488 3287 3545 3220 3446 3560 3535 3415 3447 3416 3564 3507 3272 3432 3422 3439 3311 3371

Tree=0
num_leaves=31
num_cat=15
split_feature=0 0 0 9 9 9 9 0 9 8 3 4 0 9 6 8 8 9 4 0 0 8 10 4 0 4 8 4 9 9
split_gain=23374.4 793.854 764.006 554.033 326.436 199.038 180.923 136.473 122.095 101.99 92.7903 92.1639 87.2508 82.1714 77.0327 69.4551 66.5166 60.4681 58.7037 57.9081 51.36 50.9984 43.9058 42.4604 40.6891 36.725 36.2459 35.5923 35.5484 35.1435
threshold=405.00000000000006 327.00000000000006 489.00000000000006 0 1 2 3 201.00000000000003 4 5 4.5000000000000009 1785.0000000000002 705.00000000000011 6 791.50000000000011 7 8 9 1155.0000000000002 429.00000000000006 687.00000000000011 10 11 2295.0000000000005 567.00000000000011 435.00000000000006 12 735.00000000000011 13 14
decision_type=2 2 2 9 9 9 9 2 9 9 2 2 2 9 2 9 9 9 2 2 2 9 9 2 2 2 9 2 9 9
left_child=1 3 4 5 26 -1 12 18 15 -9 -11 24 -4 21 -7 -3 17 -10 -5 -15 22 -6 -13 -16 27 -21 -2 -8 -18 -12
right_child=2 8 6 7 13 14 11 9 16 10 29 20 -14 19 23 -17 28 -19 -20 25 -22 -23 -24 -25 -26 -27 -28 -29 -30 -31
leaf_value=1381.3199529647827 408.60000000000002 413.39999999999998 433.19999999999999 384.60000000000002 415.91999201774598 408 430.80000000000001 429 412.80000000000001 400.80000000000001 418.80000000000001 445.43998646736145 607.20000000000005 422.39999999999998 423 429 416.39999999999998 420.60000000000002 393 420.60000000000002 617.39999999999998 430.80000000000001 471.0599908590317 448.19999999999999 521.39999999999998 434.39999999999998 421.80000000000001 441 408 409.19999999999999
leaf_weight=1097 963 1073 1163 286421 559 2682 4013 441 2428 25597 1582 474 937 2314 1718 1846 3007 2708 94463 2139 957 2069 640 2138 18129 2548 950 1618 4653 17863
leaf_count=1097 963 1073 1163 286421 559 2682 4013 441 2428 25597 1582 474 937 2314 1718 1846 3007 2708 94463 2139 957 2069 640 2138 18129 2548 950 1618 4653 17863
internal_value=408 407.993 408.074 407.993 408.052 408.019 408.083 407.992 408.015 407.997 407.997 408.085 408.053 408.059 408.013 408.034 408.011 408.02 407.991 408.065 408.065 408.044 408.05 408.022 408.087 408.072 408.014 408.079 408.005 408.002
internal_weight=489190 449717 39473 434002 11542 7635 27931 426367 15715 45483 45042 25831 2100 9629 6538 2919 12796 5136 380884 7001 2071 2628 1114 3856 23760 4687 1913 5631 7660 19445
internal_count=489190 449717 39473 434002 11542 7635 27931 426367 15715 45483 45042 25831 2100 9629 6538 2919 12796 5136 380884 7001 2071 2628 1114 3856 23760 4687 1913 5631 7660 19445
cat_boundaries=0 5 9 14 18 23 27 32 36 40 44 48 50 54 58 62
cat_threshold=2097296 23554 553648258 0 2 134314440 71565508 1251039520 276826304 16 16384 0 0 2 76008 71567360 1258322440 8389312 307495484 1625611 807403538 2751467778 2 0 8388608 4195200 22 2151153696 302188563 2166489218 3896546352 2 104161825 1143384848 42016776 202440768 2286321920 306249860 2521764096 40160256 151568642 38142224 1216366656 1478241808 393252 36992 2189426724 67407880 2151710980 8 3215872 102920210 352321536 219480744 2217350275 151138304 2164261312 1494712345 340008552 1703944 268436240 2751471873
is_linear=0
shrinkage=1


Tree=1
num_leaves=31
num_cat=17
split_feature=0 0 0 9 9 8 9 0 8 3 9 0 9 0 9 0 0 9 3 9 6 4 8 4 9 8 8 9 9 9
split_gain=20688.3 861.161 613.554 451.698 301.752 231.837 173.67 140.114 103.927 98.0433 94.4209 91.8268 89.9295 88.243 87.3678 82.0872 73.9072 69.2797 57.5942 56.6287 56.349 56.03 53.7342 49.2868 38.256 36.8302 36.1301 35.717 34.8106 32.6176
threshold=417.00000000000006 303.00000000000006 513.00000000000011 0 1 2 3 369.00000000000006 4 6.5000000000000009 5 189.00000000000003 6 639.00000000000011 7 453.00000000000006 813.00000000000011 8 4.5000000000000009 9 791.50000000000011 735.00000000000011 10 465.00000000000006 11 12 13 14 15 16
decision_type=2 2 2 9 9 9 9 2 9 2 9 2 9 2 9 2 2 9 2 9 2 2 9 2 9 9 9 9 9 9
left_child=1 3 4 6 25 10 -1 17 19 28 16 -11 -9 14 -7 24 -4 26 -19 -6 -8 -16 -14 -17 -10 -2 -3 -20 -5 -25
right_child=2 7 5 9 8 13 20 12 15 11 -12 -13 22 -15 21 23 -18 18 27 -21 -22 -23 -24 29 -26 -27 -28 -29 -30 -31
leaf_value=875.2680047035218 1.4999931049346913 27.299996995925905 25.313982574939729 -2.1000000000000001 8.1600000000000019 20.389786787211328 0 4.1459969830512984 13.32 -13.5 179.21995144844055 4.080000000000001 16.547996749877932 113.88 20.897934944629672 14.52 419.46000000000004 -1.0800000000000012 12.480000000000002 21.120000000000001 25.380000000000003 32.700000000000003 8.2319822502136244 24.39599391460419 15.360000000000003 16.055998663902283 10.5 4.919999999999999 -17.460000000000004 26.760000000000005
leaf_weight=1070 965 701 938 6193 613 574 2751 2110 1060 99399 1698 10562 2273 14611 5054 2299 504 7640 1677 1475 3860 2115 4137 710 2293 935 1569 3980 303817 1607
leaf_count=1070 965 701 938 6193 613 574 2751 2110 1060 99399 1698 10562 2273 14611 5054 2299 504 7640 1677 1475 3860 2115 4137 710 2293 935 1569 3980 303817 1607
internal_value=-0.000484886 -0.00640611 0.0709378 -0.00744232 0.0522481 0.0797035 0.0165765 0.0119911 0.0591368 -0.00788181 0.0535556 -0.00531652 0.0223005 0.0833151 0.0747217 0.0644579 0.0340771 0.00634868 0.00357932 0.0386177 0.0104803 0.077742 0.0281776 0.0731889 0.0526305 0.0153927 0.0224561 0.0112303 -0.00879198 0.062896
internal_weight=489190 451739 37451 427652 11957 25494 7681 24087 10057 419971 3140 109961 8520 22354 7743 7969 1442 15567 13297 2088 6611 7169 6410 4616 3353 1900 2270 5657 310010 2317
internal_count=489190 451739 37451 427652 11957 25494 7681 24087 10057 419971 3140 109961 8520 22354 7743 7969 1442 15567 13297 2088 6611 7169 6410 4616 3353 1900 2270 5657 310010 2317
cat_boundaries=0 5 9 13 18 22 26 31 35 40 44 48 53 57 61 65 69 73
cat_threshold=2099344 23554 553648258 0 2 134314472 71565380 1251035136 1350568128 6363176 1082166818 587728105 352321548 16 16384 0 0 2 15279136 1075878403 2726305816 83886376 369101261 270532624 2318483456 276828264 134244800 4522176 1234389152 12586704 1 4218928 71696449 1216432130 536873024 39060669 673803 824180882 2751467778 2 319815681 1344274961 2149711904 266264 2285896002 2185887879 2487947264 5393537 2160590848 34799760 131138 155227195 1 170987520 102775554 285212673 206897832 332 2148532231 1078202624 274859651 69206528 729842176 2147680260 274884609 4263976 131072 33554432 2684354816 67273220 198672 18874502 156238867
is_linear=0
shrinkage=0.1


Tree=2
num_leaves=31
num_cat=18
split_feature=0 0 8 0 9 9 0 0 0 9 4 3 9 9 0 3 9 9 8 9 8 9 6 8 9 4 9 8 8 8
split_gain=17065.3 841.471 644.658 453.116 324.4 301.977 190.499 153.826 143.223 118.849 94.3701 93.0323 80.8694 76.6435 72.3078 71.521 70.448 65.3101 51.0418 49.6852 47.7545 40.6477 40.3454 39.2043 38.2358 36.8795 35.8915 35.5607 29.7261 29.431
threshold=429.00000000000006 273.00000000000006 0 699.00000000000011 1 2 375.00000000000006 471.00000000000006 963.00000000000011 3 735.00000000000011 5.5000000000000009 4 5 123.00000000000001 4.5000000000000009 6 7 8 9 10 11 791.50000000000011 12 13 1575.0000000000002 14 15 16 17
decision_type=2 2 9 2 9 9 2 2 2 9 2 2 9 9 2 2 9 9 9 9 9 9 2 9 9 2 9 9 9 9
left_child=1 5 8 4 23 9 12 16 17 -1 19 -7 18 28 -13 -14 29 -2 -3 27 -15 -12 -11 -4 -17 -24 -5 -9 -8 -6
right_child=2 6 3 26 7 11 13 10 -10 22 21 14 15 20 -16 24 -18 -19 -20 -21 -22 -23 25 -25 -26 -27 -28 -29 -30 -31
leaf_value=805.14108492851256 10.007999999999999 4.0499999999999998 5.6410213212788678 305.07697389936448 8.3543983697891218 -16.889999999999997 6.3201545404509751 10.570206505537033 236.53800485515595 -0.75302254557609405 32.472000000000001 -15.15 -1.7034068416073875 11.90520032501221 -1.1279999999999972 10.091999999999997 16.224 23.593975932362554 23.310000000000002 17.170206505537035 4.9368017749786421 30.204116707632974 0.75119943380355847 28.582383186406577 3.0720000000000027 28.842000000000002 113.47200000000001 21.03119498062134 17.065200325012206 15.107997173309329
leaf_weight=557 1941 1523 1167 407 815 281683 724 533 673 4504 1292 102360 12886 2418 23405 3689 2526 1888 1815 7369 4418 2308 1980 920 5944 3932 11806 1033 1685 989
leaf_count=557 1941 1523 1167 407 815 281683 724 533 673 4504 1292 102360 12886 2418 23405 3689 2526 1888 1815 7369 4418 2308 1980 920 5944 3932 11806 1033 1685 989
internal_value=-0.000996752 -0.00623459 0.0656049 0.0707153 0.0610585 -0.0074822 0.00863711 0.0656563 0.0300044 0.00888373 0.0713083 -0.00792298 0.00423212 0.0209573 -0.00566175 0.00207333 0.0494457 0.0225934 0.0187336 0.0768159 0.0154747 0.0576389 0.00644926 0.0234764 0.00859234 0.0118877 0.0857586 0.0587183 0.0363001 0.0336604
internal_weight=489190 453523 35667 31165 18952 418421 35102 16865 4502 10973 12535 407448 25857 9245 125765 22519 4330 3829 3338 8935 6836 3600 10416 2087 9633 5912 12213 1566 2409 1804
internal_count=489190 453523 35667 31165 18952 418421 35102 16865 4502 10973 12535 407448 25857 9245 125765 22519 4330 3829 3338 8935 6836 3600 10416 2087 9633 5912 12213 1566 2409 1804
cat_boundaries=0 4 8 13 15 20 24 29 33 37 41 45 50 54 58 62 66 70 74
cat_threshold=6372392 1073778178 587726969 83886088 140533952 71719104 1233213570 536873664 543234224 23554 553648258 260 2 16 16384 276039353 33708043 2969567378 2684354818 2 3539996 672200203 2952790290 604373248 2148008194 2452168724 2148663360 1230017594 1 386992389 1342177296 2335180840 277090408 256901152 1261864448 532508 84945728 2149057832 33554452 1179664 134255888 2286600515 38273668 206503936 35948673 385875972 572563968 2954887188 69603592 1 135266304 102773009 1409290240 139805312 2273316870 2846393856 2293764 342028289 4202656 393218 18946 536871552 369098756 2101264 3229614084 262145 2183421984 102802688 1074855936 134250561 2425356294 2166370576 3498049536 4293664
is_linear=0
shrinkage=0.1


Tree=3
num_leaves=31
num_cat=17
split_feature=0 0 0 9 9 8 0 9 8 3 8 8 8 9 9 0 8 3 8 3 1 0 6 10 9 9 0 8 2 9
split_gain=13134 831.916 705.242 484.137 244.781 218.706 138.472 126.926 100.571 98.3531 93.9505 81.2186 76.1856 89.1542 74.0353 61.8889 61.6493 57.4397 50.8695 45.7921 45.3511 39.1496 36.1866 35.6922 35.1548 34.7217 32.8139 32.108 31.7636 29.8968
threshold=435.00000000000006 801.00000000000011 273.00000000000006 0 1 2 363.00000000000006 3 4 6.5000000000000009 5 6 7 8 9 117.00000000000001 10 4.5000000000000009 11 12.500000000000002 1203.0000000000002 471.00000000000006 893.50000000000011 12 13 14 459.00000000000006 15 465.00000000000006 16
decision_type=2 2 2 9 9 9 2 9 9 2 9 9 9 9 9 2 9 2 9 2 10 2 2 9 9 9 2 9 10 9
left_child=2 3 4 10 14 -5 16 18 20 28 19 26 -8 -14 -1 -11 24 -18 -7 -2 29 -12 -16 -23 -4 -10 -9 -19 -6 -3
right_child=1 8 6 5 9 7 12 11 25 15 21 -13 13 -15 22 -17 17 27 -20 -21 -22 23 -24 -25 -26 -27 -28 -29 -30 -31
leaf_value=783.05700423316966 18.201600000000003 14.56433026191667 365.77955370543043 9.1207989799423146 -15.225000000000007 24.788081651029703 1.4823533655721328 7.4616000000000042 482.42620104374885 -13.635000000000003 11.498200692438793 20.253178790057905 18.275410559280132 8.2639063029897954 -2.3246977454423927 -0.59519999999999984 -1.5636593158392658 -1.4208021423339838 9.9695883292367071 30.849583007734022 356.86019951448441 15.124799863317762 12.33838371691704 17.220597405481342 12.900567815345642 128.5248 18.154979349446297 7.8228000000000009 13.46699820613861 58.552399246800064
leaf_weight=1390 6648 220 217 3035 298081 817 3608 519 285 85422 750 4211 1872 6772 6623 20983 13005 2497 2355 373 276 471 5636 2592 826 8778 2932 7165 286 545
leaf_count=1390 6648 220 217 3035 298081 817 3608 519 285 85422 750 4211 1872 6772 6623 20983 13005 2497 2355 373 276 471 5636 2592 826 8778 2932 7165 286 545
internal_value=-0.00162943 0.0575726 -0.00616447 0.0476853 -0.00731945 0.0352194 0.00727379 0.0418812 0.0817458 -0.00776349 0.0635522 0.0489025 0.015906 0.0209914 0.00585035 -0.00515343 0.00281316 0.00171231 0.0248209 0.0706429 0.0504186 0.0503453 0.00335887 0.0554913 0.0264672 0.0851945 0.037154 0.0075533 -0.00869456 0.038366
internal_weight=489190 34807 454383 24703 418421 13869 35962 10834 10104 404772 10834 7662 12252 8644 13649 106405 23710 22667 3172 7021 1041 3813 12259 3063 1043 9063 3451 9662 298367 765
internal_count=489190 34807 454383 24703 418421 13869 35962 10834 10104 404772 10834 7662 12252 8644 13649 106405 23710 22667 3172 7021 1041 3813 12259 3063 1043 9063 3451 9662 298367 765
cat_boundaries=0 4 9 13 17 21 25 29 33 38 43 47 51 52 56 59 63 67
cat_threshold=369525780 697344776 805306388 86925568 543234232 23554 553648258 2684354820 2 2427936 1140894211 1124073583 487637000 141113792 71698496 1234257922 536873616 6369386 1082166818 50856104 83886092 2650963972 2148663441 3489730566 5632513 2446893580 20059600 2156404752 4195137 311697952 1294231880 27271168 218170152 101974064 958420491 840958002 2753560832 1 144 16384 0 0 2 1073807688 8388608 4460800 306184210 2214600712 1048580 4325376 2097185 3221225732 68157456 2113536 2684354592 2147483904 8320 393216 1107315200 268723232 218833345 8921106 201478664 369100808 0 170917888 8392712
is_linear=0
shrinkage=0.1


Tree=4
num_leaves=31
num_cat=15
split_feature=0 0 0 9 9 8 0 9 8 3 9 8 9 3 9 3 0 9 3 8 0 6 4 8 9 8 6 6 9 0
split_gain=9555.28 907.526 662.141 392.379 232.394 158.627 153.828 107.701 92.6852 80.1605 78.1631 75.6006 84.6167 73.7824 66.5588 51.135 49.3907 46.8778 43.6397 43.3813 40.2754 40.1785 34.5693 34.5386 32.1008 31.0496 31.032 29.9663 29.7101 28.5736
threshold=453.00000000000006 909.00000000000011 333.00000000000006 0 1 2 189.00000000000003 3 4 6.5000000000000009 5 6 7 3.5000000000000004 8 2.5000000000000004 699.00000000000011 9 12.500000000000002 10 1485.0000000000002 944.50000000000011 2385.0000000000005 11 12 13 695.50000000000011 974.50000000000011 14 639.00000000000011
decision_type=2 2 2 9 9 9 2 9 9 2 9 9 9 2 9 2 2 9 2 9 2 2 2 9 9 9 2 2 9 2
left_child=2 3 4 8 14 24 9 20 29 -6 -7 28 25 -8 -1 -14 18 -17 -10 -15 -3 -11 -16 -12 -5 -13 -24 -21 -4 -2
right_child=1 7 11 5 6 10 13 -9 16 21 23 12 15 19 22 17 -18 -19 -20 27 -22 -23 26 -25 -26 -27 -28 -29 -30 -31
leaf_value=712.56960183124067 11.391126114435195 26.899726503291472 9.2333788866744921 17.311195963440706 -17.302500000000006 7.3365207224730753 -4.2452933842553362 138.47232 17.330816305317885 -13.537680000000007 10.769458020426482 8.5479841950054869 1.0560431730878017 11.341497314343457 -0.9792859277563819 4.6166385112418657 19.483601731971326 10.736705220000815 25.798090951954801 -3.0598477881597983 529.22337128361221 -5.431500000000006 -3.2922279708981534 17.242204260100333 18.483911435876337 29.660448260422228 19.331161628308294 3.819583329648971 -0.54748473444293755 15.173541210216946
leaf_weight=1518 2031 384 618 2565 270364 3301 27546 7178 5321 59092 1037 1013 4387 1971 8302 2791 1938 6581 348 11789 260 38631 1497 5150 1610 1174 3503 11315 4712 1263
leaf_count=1518 2031 384 618 2565 270364 3301 27546 7178 5321 59092 1037 1013 4387 1971 8302 2791 1938 6581 348 11789 260 38631 1497 5150 1610 1174 3503 11315 4712 1263
internal_value=-0.00224085 0.0502483 -0.00596217 0.040802 -0.00680365 0.0294354 -0.00723711 0.0799131 0.0549711 -0.00796027 0.0222278 0.0112634 0.0147054 -0.00217993 0.00550236 0.0117808 0.0611829 0.0159603 0.0659746 0.00174476 0.0386239 -0.00550567 0.00322866 0.0288736 0.0457228 0.0329677 0.0098 0.000526086 0.000936327 0.0404843
internal_weight=489190 32386 456804 24564 435528 13663 420708 7822 10901 368087 9488 21276 15946 52621 14820 13759 7607 9372 5669 25075 644 97723 13302 6187 4175 2187 5000 23104 5330 3294
internal_count=489190 32386 456804 24564 435528 13663 420708 7822 10901 368087 9488 21276 15946 52621 14820 13759 7607 9372 5669 25075 644 97723 13302 6187 4175 2187 5000 23104 5330 3294
cat_boundaries=0 4 9 13 17 21 25 29 34 39 43 47 51 56 60 64
cat_threshold=369526292 697344776 805306388 86917376 543168696 23554 553648274 2684354820 2 2365752131 315097220 205979904 35662882 4204744 395330 1258310146 536871616 2450500 1160079108 580657160 136315936 3242240 1178863616 3405858976 8428240 25439777 1294213448 27271280 201392904 5505072 537941515 855638322 3022004484 3 144 16384 0 0 2 134832448 71573680 1217480768 142610128 528651 281542662 542311176 1050646 65568 1073776897 1107296334 71352328 2173698059 3489726468 2150629440 135377963 1 36716544 2181270146 101777416 17977408 2490368 40960 268435520 152047632
is_linear=0
shrinkage=0.1


Tree=5
num_leaves=31
num_cat=17
split_feature=0 0 0 9 9 8 0 3 9 8 3 9 9 9 8 6 9 9 8 3 9 0 0 9 9 8 4 0 0 8
split_gain=6744.17 1097.86 530.984 327.833 165.965 155.169 119.492 94.2622 90.1007 78.3287 69.7651 64.2839 54.6928 54.2364 48.0113 47.5298 42.7781 40.2211 39.0046 38.6883 34.0477 32.0409 36.3682 31.652 28.9204 28.6468 27.9855 25.376 26.4531 25.1791
threshold=447.00000000000006 1047.0000000000002 231.00000000000003 0 1 2 375.00000000000006 5.5000000000000009 3 4 2.5000000000000004 5 6 7 8 948.50000000000011 9 10 11 4.5000000000000009 12 639.00000000000011 501.00000000000006 13 14 15 1575.0000000000002 699.00000000000011 495.00000000000006 16
decision_type=2 2 2 9 9 9 2 2 9 9 2 9 9 9 9 2 9 9 9 2 9 2 2 9 9 9 2 2 2 9
left_child=2 3 4 9 16 17 10 -6 -3 21 23 -12 27 25 -8 -9 -1 -5 -13 -16 -21 22 -2 -4 -20 -7 -18 28 -11 -15
right_child=1 8 6 5 7 13 14 15 -10 12 11 18 -14 29 19 -17 26 -19 24 20 -22 -23 -24 -25 -26 -27 -28 -29 -30 -31
leaf_value=582.8823509485477 6.5926083270225195 41.514590223106865 2.9928703146358209 17.011587758638264 -14.012250000000002 15.983920146305733 21.565733408394394 -12.183912000000005 146.225088 11.719294403321609 19.654513442462729 -3.8207640458298044 22.756279826802871 15.183161804157193 1.5192831892868643 -4.8345300000000009 -6.0442993781225143 15.286132899898812 -1.3167278463750853 1.3682948860064217 12.838508825098828 12.094965892646531 10.192013502991665 -3.9827640458298053 4.6623616670350998 2.7943624648862664 7.4218902210839364 16.156279826802869 16.123941569422243 12.557920802785905
leaf_weight=1267 708 246 2345 3456 266490 875 1287 72823 5521 730 2710 5944 3388 2909 6056 47054 5838 2188 6423 1007 3379 1361 1176 11240 13658 3626 8486 1104 1857 4038
leaf_count=1267 708 246 2345 3456 266490 875 1287 72823 5521 730 2710 5944 3388 2909 6056 47054 5838 2188 6423 1007 3379 1361 1176 11240 13658 3626 8486 1104 1857 4038
internal_value=-0.00277459 0.0407519 -0.00594195 0.0324095 -0.00719324 0.0238615 0.0033638 -0.00760131 0.080411 0.0464931 0.000888466 0.00368018 0.0525053 0.0171339 0.0122952 -0.00527266 0.00292225 0.0374531 0.00214903 0.0100153 0.0171774 0.0332565 0.0418047 -0.00501656 0.00425514 0.00853247 0.00135761 0.0436071 0.0491419 0.0226865
internal_weight=489190 33183 456007 27416 401958 17092 54049 386367 5767 10324 42320 28735 7079 11448 11729 119877 15591 5644 26025 10442 4386 3245 1884 13585 20081 4501 14324 3691 2587 6947
internal_count=489190 33183 456007 27416 401958 17092 54049 386367 5767 10324 42320 28735 7079 11448 11729 119877 15591 5644 26025 10442 4386 3245 1884 13585 20081 4501 14324 3691 2587 6947
cat_boundaries=0 5 10 14 18 22 27 32 37 41 46 51 55 59 64 68 72 76
cat_threshold=302384660 688972552 805306644 2233876736 2 543234296 154626 587202690 2684354820 2 2399273283 2194210948 207029760 2360323 10248 393216 33572864 536871616 7627776 1159815428 579411976 438371360 308544688 2148686858 855638162 2751467776 2 131584 17850632 20 2164539392 2 137460032 71567360 1260472328 142611184 1 2147549512 34079745 4592896 301991941 144 16384 0 0 2 76578827 1352663045 2149580864 140088362 1 76833 1159865673 44048688 218108168 138993920 1416495300 1216348160 1086359784 2153265325 35665927 2703229056 2147488011 2 142698752 71639472 1087522888 8392400 319488 17825808 524288 6688 272664064 269500690 268963840 34679520
is_linear=0
shrinkage=0.1


Tree=6
num_leaves=31
num_cat=19
split_feature=0 0 0 9 8 4 8 3 9 9 8 9 9 0 9 9 8 10 8 9 8 6 8 8 9 3 6 6 8 0
split_gain=4843.37 1164.76 314.005 256.033 140.124 133.434 130.022 107.917 106.159 77.7441 71.9617 59.3168 54.6606 47.1256 46.0804 41.5644 38.4969 32.5901 32.1286 31.3388 29.6159 28.7893 28.1362 27.1329 24.7204 24.3633 23.5582 26.095 23.3308 22.6885
threshold=411.00000000000006 1173.0000000000002 171.00000000000003 0 1 1245.0000000000002 2 4.5000000000000009 3 4 5 6 7 333.00000000000006 8 9 10 11 12 13 14 944.50000000000011 15 16 17 3.5000000000000004 963.50000000000011 1167.5000000000002 18 2085.0000000000005
decision_type=2 2 2 9 9 2 9 2 9 9 9 9 9 2 9 9 9 9 9 9 9 2 9 9 9 2 2 2 9 2
left_child=2 3 5 10 14 25 11 16 22 29 -2 -4 17 19 -5 -12 -8 28 -13 -9 -17 -10 -7 -14 -15 -1 -21 -28 -6 -3
right_child=1 9 6 4 12 8 7 13 21 -11 15 18 23 24 -16 20 -18 -19 -20 26 -22 -23 -24 -25 -26 -27 27 -29 -30 -31
leaf_value=-15.971025000000004 7.4967245532978684 27.302445234545331 4.7742637589774013 16.545595681587045 20.973230978703604 -1.8126143035387015 0.3941196563579622 -4.2770732922068699 -12.4055208 164.60257920000004 30.873526693281775 28.422607167183379 11.40986151593421 -0.058180328395494189 13.320767239018574 21.218841915552918 -3.4975695380750573 6.2072269089947918 27.522068642721031 -0.055290221184020542 13.650271287128305 -5.2448970000000035 13.650095154535459 2.6319821970563422 9.686381196333798 -12.371025000000003 9.4541892936800682 0.33985117514168367 7.5770740792394466 287.25333848983064
leaf_weight=175521 3359 198 1593 2296 1288 5090 10497 8253 47950 4332 1410 280 3468 1568 5143 1784 33834 3720 1613 9783 3307 29474 7509 5712 4603 103454 5905 3852 2342 52
leaf_count=175521 3359 198 1593 2296 1288 5090 10497 8253 47950 4332 1410 280 3468 1568 5143 1784 33834 3720 1613 9783 3307 29474 7509 5712 4603 103454 5905 3852 2342 52
internal_value=-0.00316646 0.0309206 -0.00607103 0.0245118 0.0189045 -0.00731354 -0.00046478 -0.00130707 -0.00396599 0.0782366 0.0380851 0.0184039 0.0137545 0.00293428 0.0303141 0.0443081 -0.00455686 0.0201902 0.0303573 0.00117907 0.0398334 -0.00535088 0.00454516 0.00858542 0.0108394 -0.00839377 0.00336061 0.00683919 0.026978 0.0207692
internal_weight=489190 38411 450779 33829 23969 368998 81781 78295 90023 4582 9860 3486 16530 33964 7439 6501 44331 7350 1893 27793 5091 77424 12599 9180 6171 278975 19540 9757 3630 250
internal_count=489190 38411 450779 33829 23969 368998 81781 78295 90023 4582 9860 3486 16530 33964 7439 6501 44331 7350 1893 27793 5091 77424 12599 9180 6171 278975 19540 9757 3630 250
cat_boundaries=0 5 9 13 18 22 26 30 34 39 43 47 49 53 58 62 66 70 75 79
cat_threshold=302384700 688972297 805306640 2214985986 2 2349244736 2160656516 205980160 35703827 65864 8912897 5773192 268435478 811670232 547842 822214786 2684354566 2 10248 262145 1107314722 704 2368772 1160093956 780673080 167874624 272699468 268442674 135360514 3900768832 2151710723 3534427590 4 1098473480 76546049 260 2150629408 3167272 1 262160 33280 536870912 67109120 1145049234 37866006 3456581632 33686689 173048330 16 0 8388609 1664 6 146858240 107217316 1220558856 1082984128 1 2281832520 147472 3221229952 393217 4196356 1242826789 2182877184 16786944 310382603 321930776 1577216 1061472 134801668 73662672 3363848448 1082132200 1 301989896 33702914 2416443392 1441952
is_linear=0
shrinkage=0.1


Tree=7
num_leaves=31
num_cat=18
split_feature=0 0 0 9 4 8 3 9 8 9 9 8 9 0 9 8 9 0 0 8 4 8 9 8 3 9 11 9 1 6
split_gain=3130.71 868.236 292.272 149.64 128.579 110.298 94.96 93.111 91.169 86.1026 61.4798 59.8342 47.5147 41.4279 38.0246 37.3713 35.6896 31.6994 61.2037 31.1098 29.8027 27.6047 26.4381 25.8037 24.5233 23.9496 21.9802 21.6947 32.3435 21.6683
threshold=417.00000000000006 1335.0000000000002 153.00000000000003 0 915.00000000000011 1 4.5000000000000009 2 3 4 5 6 7 315.00000000000006 8 9 10 483.00000000000006 639.00000000000011 11 225.00000000000003 12 13 14 1.5000000000000002 15 16 17 273.00000000000006 955.50000000000011
decision_type=2 2 2 9 2 9 2 9 9 9 9 9 9 2 9 9 9 2 2 9 2 9 9 9 2 9 9 9 10 2
left_child=2 3 4 11 27 9 21 19 16 -4 -3 26 15 25 -11 20 -5 -13 -19 -6 -10 22 -7 -9 -20 -8 -2 28 -1 -27
right_child=1 10 5 8 7 6 13 23 12 14 -12 17 -14 -15 -16 -17 -18 18 24 -21 -22 -23 -24 -25 -26 29 -28 -29 -30 -31
leaf_value=-9.167794500000003 31.194031895492671 100.74232128000001 65.864722244791039 10.368271390202857 -3.2284215443962609 1.7010415326961579 -4.9764042197168195 -3.5204073000000053 3.0310827811415941 -0.97919039423015874 253.14232128000003 6.5808619230679799 5.2946811711376771 5.8803260714500691 10.468805158239178 5.2784162996073567 18.913194965536576 11.628437087582499 1.7700095077968943 9.8836469279155281 14.679624194399267 -3.6144498744704721 -3.3459700530361234 -12.058788720000003 16.253896605972514 -1.4156025178422682 15.191088677210923 -14.973922500000004 10.972235131415728 4.2532302857997522
leaf_weight=22813 1819 213 772 1591 7613 6088 8103 18338 1219 3557 2812 1662 10262 7858 4964 5582 2470 2366 1036 9049 3384 35299 7059 78174 1769 10693 1266 220525 139 10695
leaf_count=22813 1819 213 772 1591 7613 6088 8103 18338 1219 3557 2812 1662 10262 7858 4964 5582 2470 2366 1036 9049 3384 35299 7059 78174 1769 10693 1266 220525 139 10695
internal_value=-0.00359533 0.0241887 -0.00589874 0.0196752 -0.00721212 -0.000972575 -0.0020937 -0.00442717 0.0154588 0.00937009 0.0755537 0.0300483 0.0127257 0.00169509 0.0064459 0.0175723 0.029155 0.0247216 0.0286192 0.00247601 0.0242727 -0.00501507 -0.0010998 -0.00561862 0.0186274 -2.40775e-05 0.0417286 -0.00850664 -0.00557095 0.00173007
internal_weight=489190 37451 451739 34426 356651 95088 85795 113174 24508 9293 3025 9918 20447 37349 8521 10185 4061 6833 5171 16662 4603 48446 13147 96512 2805 29491 3085 243477 22952 21388
internal_count=489190 37451 451739 34426 356651 95088 85795 113174 24508 9293 3025 9918 20447 37349 8521 10185 4061 6833 5171 16662 4603 48446 13147 96512 2805 29491 3085 243477 22952 21388
cat_boundaries=0 5 9 14 18 22 26 30 35 39 43 48 52 56 61 65 70 72 77
cat_threshold=268699197 688972293 807403792 2219180290 2 2691400 8915463 643438472 268435479 6363896 678978 855769218 2684354822 2 2348843328 12648448 71762432 35652631 1048592 33701889 2717909760 268435712 534536 2176 1241532418 704 2281898056 2148798481 3489993090 273022983 2197946496 3263894978 16777220 1094311944 1 950081870 9264 1217490944 25266752 306582538 34083970 3632791812 1368224 134242562 67110930 1233272834 419496016 1 22022660 1247022180 77337714 4204032 1145063570 2185348240 3357884418 50465952 416288876 956854798 2415919136 16814339 1 3316193609 2150648326 790536 1049894 146858240 107219364 1220560896 1342703328 1 152085704 16 141631672 131 1627789056 2684387586 2
is_linear=0
shrinkage=0.1


Tree=8
num_leaves=31
num_cat=15
split_feature=0 0 0 4 0 3 9 8 9 8 8 0 4 9 9 0 3 9 9 0 0 4 9 3 6 8 9 10 8 8
split_gain=2057.79 635.266 220.946 119.344 102.183 97.6755 87.2639 75.2817 72.7247 64.3137 52.2806 50.3341 45.0856 42.3938 37.4607 35.6432 33.9354 30.7198 30.0773 31.4965 43.8639 30.8826 29.7564 28.9224 24.6973 23.0521 22.4367 22.377 23.0767 21.85
threshold=387.00000000000006 1575.0000000000002 129.00000000000003 915.00000000000011 483.00000000000006 2.5000000000000004 0 1 2 3 4 639.00000000000011 585.00000000000011 5 6 261.00000000000006 2.5000000000000004 7 8 567.00000000000011 531.00000000000011 195.00000000000003 9 4.5000000000000009 944.50000000000011 10 11 12 13 14
decision_type=2 2 2 2 2 2 9 9 9 9 9 2 2 9 9 2 2 9 9 2 2 2 9 2 2 9 9 9 9 9
left_child=2 4 3 -1 13 10 11 17 22 -8 26 -6 -13 29 -9 -16 -15 -7 -11 20 -20 -22 -5 -21 -10 -18 -4 28 -17 -2
right_child=1 -3 5 8 6 7 9 14 24 18 -12 12 -14 16 15 27 25 -19 19 23 21 -23 -24 -25 -26 -27 -28 -29 -30 -31
leaf_value=-14.676530250000003 7.0007362333430239 306.42808915200004 4.3512735467390558 522.82282583077733 13.106825824613233 1.7441692043715769 16.853510224545087 -4.6127327385061845 -11.477557663967032 3.4611137460172587 -4.1884923157369318 5.2248640212436461 28.554907220739427 -0.50801822536647545 -1.320811567034935 10.284222585852021 10.512302756777592 13.246619893854495 6.8381743087112383 2.8074068578168037 6.3146001707069264 11.339200536468354 1.4017287917548971 16.459806087477521 -6.0806564280000037 2.9857150007866537 12.39116354294385 0.33538916850413458 3.6660831554215139 29.371673482813378
leaf_weight=229584 821 1785 327 899 3478 3347 2745 17928 57616 3918 33797 2549 1903 3946 35213 1697 3603 4826 2139 5248 291 920 13836 3636 35024 4715 141 7008 5263 987
leaf_count=229584 821 1785 327 899 3478 3347 2745 17928 57616 3918 33797 2549 1903 3946 35213 1697 3603 4826 2139 5248 291 920 13836 3636 35024 4715 141 7008 5263 987
internal_value=-0.00393876 0.0170382 -0.00594407 -0.00721242 0.0144896 -0.00204269 0.0181097 -2.81632e-05 -0.00446054 0.0143878 -0.0064687 0.0269269 0.0199191 0.00758812 -0.00113217 0.000294564 0.00546358 0.00902725 0.0119651 0.014412 0.0226866 0.0378943 0.0020651 0.011308 -0.00549811 0.00909113 0.0264017 0.00456901 0.00857962 0.0218482
internal_weight=489190 42684 446506 336959 40899 109547 26827 75282 107375 18897 34265 7930 4452 14072 67109 49181 12264 8173 16152 12234 3350 1211 14735 8884 92640 8318 468 13968 6960 1808
internal_count=489190 42684 446506 336959 40899 109547 26827 75282 107375 18897 34265 7930 4452 14072 67109 49181 12264 8173 16152 12234 3350 1211 14735 8884 92640 8318 468 13968 6960 1808
cat_boundaries=0 5 9 14 18 22 27 32 36 40 45 49 54 56 60 64
cat_threshold=268699197 723051076 805306624 2235957504 2 2691400 277348870 1079973512 269485079 543234808 154690 855769218 2684354822 2 2281709888 8454144 71763456 3146771 1073807360 8388609 4195712 2 47448209 3300363 2701132048 2214592770 2 33579264 73859360 1221609576 11013856 1 676399874 143198256 2281853088 142688769 206137344 71567360 1259436040 545262321 144 16384 0 4 2 2324414720 436736004 2214789164 36997280 1048616 0 8192 4096 2 2823816840 16 134218758 39895041 2483027968 6291616 158074145 2453176320 33619980 353380416
is_linear=0
shrinkage=0.1


Tree=9
num_leaves=31
num_cat=19
split_feature=0 0 4 0 9 0 0 9 8 8 3 9 3 8 8 9 9 8 9 9 8 9 1 3 9 6 8 9 8 8
split_gain=1435.31 470.225 172.645 100.879 97.7264 91.0567 67.6927 64.6062 60.6679 59.7852 52.1832 43.3417 41.1613 38.073 34.9992 33.4062 32.1386 31.4924 28.122 27.4593 26.7792 26.0534 25.0776 24.7628 28.9243 24.0588 22.3392 21.5738 21.228 20.9748
threshold=345.00000000000006 1950.0000000000002 915.00000000000011 483.00000000000006 0 105.00000000000001 75.000000000000014 1 2 3 2.5000000000000004 4 6.5000000000000009 5 6 7 8 9 10 11 12 13 225.00000000000003 2.5000000000000004 14 669.50000000000011 15 16 17 18
decision_type=2 2 2 2 9 2 2 9 9 9 2 9 2 9 9 9 9 9 9 9 9 9 10 2 9 2 9 9 9 9
left_child=2 3 5 11 15 21 20 17 16 18 -11 -2 26 -8 27 -4 -9 -5 -7 -15 -6 22 -1 -10 -25 -17 -13 -12 -18 -14
right_child=1 -3 4 7 6 9 13 8 23 10 14 12 29 19 -16 25 28 -19 -20 -21 -22 -23 -24 24 -26 -27 -28 -29 -30 -31
leaf_value=-8.408877225000003 346.48088959132798 414.87841430010286 452.18446726745333 6.0428707896619924 -3.0687582456154936 4.8713304256051631 6.4105011336068163 8.3645587778834507 1.173274193358111 -5.1666944887462201 3.6005321664767482 -0.97736547086939241 1.4211684936692166 -9.0468508376662733 -3.6534625636164209 -4.3516412888048697 23.181704905273651 31.700430144799455 11.372079069158655 -0.10515408160329685 -12.705154081603297 -15.008877225000004 8.8167984997404787 3.9809895489502325 10.630893204077484 5.7965043441810948 2.3123535712783974 -0.8783228414556451 13.553577408904278 13.743621019410586
leaf_weight=21707 607 1139 1685 1355 15200 285 6210 3348 5634 37370 4522 4794 1230 10614 29445 5071 1186 1751 256 22456 62988 192071 177 3435 7225 13174 12106 15118 3539 3492
leaf_count=21707 607 1139 1685 1355 15200 285 6210 3348 5634 37370 4522 4794 1230 10614 29445 5071 1186 1751 256 22456 62988 192071 177 3435 7225 13174 12106 15118 3539 3492
internal_value=-0.00409596 0.0118092 -0.00594068 0.0103533 -0.00300354 -0.00728162 -0.00410188 0.0144058 0.0126566 -0.00455377 -0.00476204 0.00534482 0.00459412 -0.000715379 -0.00261893 0.00347041 0.0197538 0.0279974 0.028294 -0.00206469 -0.00580371 -0.00839079 -0.00511282 0.00913027 0.01197 0.00222131 0.00228994 0.000651397 0.0251003 0.0128505
internal_weight=489190 50841 438349 49702 137398 300951 117468 27473 24367 86996 86455 22229 21622 39280 49085 19930 8073 3106 541 33070 78188 213955 21884 16294 10660 18245 16900 19640 4725 4722
internal_count=489190 50841 438349 49702 137398 300951 117468 27473 24367 86996 86455 22229 21622 39280 49085 19930 8073 3106 541 33070 78188 213955 21884 16294 10660 18245 16900 19640 4725 4722
cat_boundaries=0 5 10 14 18 23 27 31 36 40 44 49 53 57 62 67 71 76 80 84
cat_threshold=73732856 1596426 822083730 2751463682 2 262716 34652868 805306624 2214592768 2 2281832768 2189492244 2622424836 3146807 65536 8388609 4195712 2 144 17411 553648144 2147483904 2 2225608779 278921218 8062476 1049654 2323644672 2316124316 1409679362 3296481 144 16384 128 0 2 2290655234 339805202 1099958342 672139794 109339136 67248480 1418534912 168909825 0 0 2147491840 4096 2 59648 73802532 3364998176 35521 3299416394 2150910466 267784 17826086 141631672 4231 1627821824 2684387586 2 2283501824 2160328704 1209092136 1753744576 1 1845793 218247497 562036834 218108744 2534670849 1073741956 279052292 4228098 1 134217984 8454160 2151941376 2 2139681 2147544707 176685098 100692072
is_linear=0
shrinkage=0.1


Tree=10
num_leaves=31
num_cat=16
split_feature=0 0 3 0 3 8 6 9 8 8 8 0 9 9 11 0 0 0 9 6 6 0 9 6 9 8 9 9 9 8
split_gain=1009.08 248.095 167.44 137.925 84.6752 68.5439 60.2368 58.9138 53.7947 53.7759 47.5376 43.2739 40.6462 38.752 36.5515 35.6491 51.8995 42.0953 35.5334 30.4579 28.4897 27.723 26.9724 26.3698 26.2931 25.4275 25.3728 25.1251 23.755 21.8095
threshold=345.00000000000006 2373.0000000000005 3.5000000000000004 75.000000000000014 4.5000000000000009 0 791.50000000000011 1 2 3 4 159.00000000000003 5 6 7 501.00000000000006 567.00000000000011 549.00000000000011 8 963.50000000000011 1167.5000000000002 9.0000000000000018 9 1249.5000000000002 10 11 12 13 14 15
decision_type=2 2 2 2 2 9 2 9 9 9 9 2 9 9 9 2 2 2 9 2 2 2 9 2 9 9 9 9 9 9
left_child=2 4 5 7 9 12 -6 -4 26 28 18 -7 21 -10 23 -11 17 -17 -8 -15 25 -1 -9 -12 -16 -21 -5 -18 -2 -13
right_child=1 -3 3 8 6 11 10 22 13 15 14 29 -14 19 24 16 27 -19 -20 20 -22 -23 -24 -25 -26 -27 -28 -29 -30 -31
leaf_value=-0.90798950250000421 7.1379359623792373 521.71368578429872 1.3108441822855736 2.0525024881849734 1.7448092378462539 -12.092207776125381 32.718967840006727 -7.0155659790417531 4.1320104974999934 0.10052902707080287 21.409244173236896 -0.83204821534307039 -4.7087679998977956 -4.2946386734429671 11.10869126102677 3.2875131207907402 8.5195087557218052 6.6322486675701757 17.170517177158612 5.9320104974999941 -3.7977208547394028 23.702448022289662 -13.867989502500008 0.30252675909273763 3.8296946768969358 -1.7053060328984859 14.594154420448575 0.84279055037973361 91.067368894101179 -3.8529736352886177
leaf_weight=1420 645 728 12703 3836 4003 162803 1169 60885 10096 13387 3442 11659 10887 33277 3272 2372 2518 795 3407 9422 10605 1628 73116 577 5029 6858 3293 8957 540 25861
leaf_count=1420 645 728 12703 3836 4003 162803 1169 60885 10096 13387 3442 11659 10887 33277 3272 2372 2518 795 3407 9422 10605 1628 73116 577 5029 6858 3293 8957 540 25861
internal_value=-0.00423333 0.00910269 -0.00578008 -0.00386901 0.00826073 -0.00777885 0.0131207 -0.00567088 -0.000453179 0.00478401 0.0157339 -0.00825042 -0.00099319 -0.00129334 0.0124655 0.00389493 0.00730638 0.0186391 0.0244527 -0.00225554 0.000247347 0.00919555 -0.00628762 0.0203053 0.00864998 0.00287469 0.00781762 0.00417865 0.0255649 -0.00518923
internal_weight=489190 50841 438349 224091 50113 214258 20899 146704 77387 29214 16896 200323 13935 70258 12320 28029 14642 3167 4576 60162 26885 3048 134001 4019 8301 16280 7129 11475 1185 37520
internal_count=489190 50841 438349 224091 50113 214258 20899 146704 77387 29214 16896 200323 13935 70258 12320 28029 14642 3167 4576 60162 26885 3048 134001 4019 8301 16280 7129 11475 1185 37520
cat_boundaries=0 4 9 13 17 21 26 31 33 37 41 46 50 54 58 63 67
cat_threshold=1078005976 101907 172509064 285212678 543234808 679106 855769106 2684354562 2 11017034 276824582 6166152 269485079 65600 8454164 4458368 22 2324235082 8388612 2152141700 36700215 176 18432 553648128 2281701634 2 52761336 1209025539 268566804 2487238912 2 3926032650 4 104109584 2118144 536871168 335697936 2400460801 161488901 4388 482399505 19665923 1772104704 1108345026 87122176 1 2298789889 3375894544 3120627716 2132256 134223876 142615632 406016688 679562785 1443948 971972 1887436930 1090556938 134218248 7 8404992 541099009 1 203442434 2194161860 3826581506 33688737
is_linear=0
shrinkage=0.1


Tree=11
num_leaves=31
num_cat=17
split_feature=0 0 3 0 0 9 9 8 9 3 11 8 6 7 0 8 9 8 2 9 8 9 3 8 8 6 6 8 11 3
split_gain=777.707 214.853 167.092 110.274 78.2866 60.273 48.5595 47.8076 47.0979 43.6399 41.3091 39.7959 34.8206 34.433 32.1121 30.7492 31.5047 30.5556 29.3616 28.9066 26.8476 26.7304 25.0301 24.6509 23.3578 21.8159 35.2647 36.7696 20.9231 20.8092
threshold=315.00000000000006 3150.0000000000005 3.5000000000000004 57.000000000000007 477.00000000000006 0 1 2 3 2.5000000000000004 4 5 944.50000000000011 6 129.00000000000003 7 8 9 183.00000000000003 10 11 12 10.500000000000002 13 14 1136.5000000000002 929.50000000000011 15 16 2.5000000000000004
decision_type=2 2 2 2 2 9 9 9 9 2 9 9 2 1 2 9 9 9 10 9 9 9 2 9 9 2 2 9 9 2
left_child=2 4 5 6 15 17 -4 24 -6 -10 13 -12 19 25 -7 16 -2 -1 -19 -9 -20 -14 -8 -16 -5 26 -11 -28 -23 -17
right_child=1 -3 3 7 8 14 22 12 9 10 11 -13 21 -15 23 29 -18 18 20 -21 -22 28 -24 -25 -26 -27 27 -29 -30 -31
leaf_value=-5.04472767634274 15.271872123312543 566.02221317907436 1.0009215472046997 20.648370720738498 633.97509779531129 -12.298768724887466 -11.431761112298261 3.0587178889008384 1.1990633770212664 3.1718479282330705 18.753922276470927 4.4401058682049532 4.9407355140734444 8.1691566051533346 -0.64477329317211973 -1.0753860723407207 2.1341374410509628 0.26061847511253405 21.38216745089008 -4.6622390983380892 13.677009873073857 3.2971330813132358 -5.6491484267896794 -4.518716802404513 6.701673170118136 9.2233664727507971 50.540300012170157 23.962181448094487 -2.8611388977510308 1.6687210390953391
leaf_weight=13335 2190 422 11711 207 348 146998 95565 5039 9402 513 2454 10347 9023 3130 8457 6809 6300 5136 237 38539 743 9009 26973 35394 5945 938 918 799 18560 13749
leaf_count=13335 2190 422 11711 207 348 146998 95565 5039 9402 513 2454 10347 9023 3130 8457 6809 6300 5136 237 38539 743 9009 26973 35394 5945 938 918 799 18560 13749
internal_value=-0.00425479 0.00658293 -0.00572169 -0.00379882 0.00606473 -0.00773847 -0.00559178 -0.00101041 0.00975458 0.00929431 0.012043 0.00875732 -0.00166251 0.0186779 -0.00827884 0.00240016 0.00745882 -0.00243102 0.00341822 -0.00357245 0.0192857 0.000611607 -0.00617946 -0.00590431 0.00747809 0.0260604 0.0315247 0.0383984 -0.000935134 0.000307271
internal_weight=489190 58319 430871 220571 57897 210300 134249 86322 28849 28501 19099 12801 80170 6298 190849 29048 8490 19451 6116 43578 980 36592 122538 43851 6152 3168 2230 1717 27569 20558
internal_count=489190 58319 430871 220571 57897 210300 134249 86322 28849 28501 19099 12801 80170 6298 190849 29048 8490 19451 6116 43578 980 36592 122538 43851 6152 3168 2230 1717 27569 20558
cat_boundaries=0 5 10 14 19 21 25 26 30 35 39 44 48 53 57 61 65 67
cat_threshold=544222392 154755 822084370 2684387586 2 543234808 679042 855769106 549453826 2 2693450 281018886 5936776 269485078 16 16384 536870912 2147483904 2 3942777226 8 234885448 8454146 273617408 3278038 14 143196232 302516244 2353079820 270699655 2169769137 1350781444 35651590 338052096 2 141578784 1107428868 2153259522 21102720 17110729 3221756042 268566546 2218828032 2 65536 1 384 6 2184516124 412120579 16908564 2214608896 2 1140850944 2731033748 1145372672 50463745 0 8388608 1664 20 2281963520 2167427088 2550398980 2097696 2701363274 7
is_linear=0
shrinkage=0.1


Tree=12
num_leaves=31
num_cat=17
split_feature=0 0 3 0 9 0 8 9 8 3 3 9 9 8 8 9 1 9 9 0 6 10 8 8 6 6 9 10 9 6
split_gain=634.799 161.261 156.761 89.3609 70.1347 57.5639 48.7125 41.5942 40.5683 40.1187 34.7834 32.0703 30.245 27.2406 26.5492 25.3932 24.3838 30.9386 23.6843 22.1237 21.6329 20.7289 20.0275 18.1749 18.0475 25.9942 17.9306 17.376 17.1158 16.8865
threshold=243.00000000000003 3690.0000000000005 3.5000000000000004 471.00000000000006 0 45.000000000000007 1 2 3 6.5000000000000009 4.5000000000000009 4 5 6 7 8 183.00000000000003 9 10 69.000000000000014 921.50000000000011 11 12 13 1212.5000000000002 933.50000000000011 14 15 16 1103.5000000000002
decision_type=2 2 2 2 9 2 9 9 9 2 2 9 9 9 9 9 10 9 9 2 2 9 9 9 2 2 9 9 9 2
left_child=2 3 6 7 -4 11 16 -2 14 12 15 -6 -9 24 -7 -5 18 -18 -1 -8 -13 -11 -21 -14 25 -12 -10 -26 -15 -27
right_child=1 -3 4 10 5 8 19 9 26 21 13 20 23 28 -16 -17 17 -19 -20 22 -22 -23 -24 -25 27 29 -28 -29 -30 -31
leaf_value=3.9161348002387459 1019.5808400957599 683.09660014006386 -9.1142229426096382 7.4640981140376486 3.1401201526123312 20.094919777608439 -14.668891852398719 2.2261017001732197 2.3662786729903331 7.3938804251380326 8.1829817894003085 -9.2961487368585107 0.89862336390505537 15.51430850878368 4.7833122142605839 1.2445327579815908 12.154661158103259 1.7006130555683492 -7.6372909537674047 -1.7159143972210111 -4.738014441020181 -1.6276377481313444 -6.0158663742516474 -1.4629310487810188 61.099801935315682 36.887810841259252 -2.6527341942829921 1.1002963242574724 5.3140536012687862 19.197966927643943
leaf_weight=2557 407 339 58880 3647 7193 109 118191 8669 9617 8612 1201 49984 7232 2216 8117 13719 364 1221 11386 9866 32217 2804 54195 24398 110 1208 43209 848 5589 1085
leaf_count=2557 407 339 58880 3647 7193 109 118191 8669 9617 8612 1201 49984 7232 2216 8117 13719 364 1221 11386 9866 32217 2804 54195 24398 110 1208 43209 848 5589 1085
internal_value=-0.00425479 0.0037676 -0.00587233 0.00348217 -0.00396492 -0.00281917 -0.00789109 0.000989599 -0.000452404 0.000735619 0.00786787 -0.00443587 -0.000746671 0.0119466 0.00607576 0.00498906 -0.00250869 0.0092429 -0.00384638 -0.00834908 -0.00499581 0.00596881 -0.006853 -0.00218079 0.0181936 0.0215684 -0.00146983 0.00607515 0.00834933 0.0278107
internal_weight=489190 82084 407106 81745 209326 150446 197780 52122 61052 51715 29623 89394 40299 12257 8226 17366 15528 1585 13943 182252 82201 11416 64061 31630 4452 3494 52826 958 7805 2293
internal_count=489190 82084 407106 81745 209326 150446 197780 52122 61052 51715 29623 89394 40299 12257 8226 17366 15528 1585 13943 182252 82201 11416 64061 31630 4452 3494 52826 958 7805 2293
cat_boundaries=0 5 9 14 18 23 27 31 35 40 44 49 51 55 59 64 65 70
cat_threshold=1082310914 71598368 146852928 18746052 1 1080103112 9014291 172511112 285212678 144 16384 512 0 2 1210584394 813957634 2152437384 2098198 543232216 679042 553648130 536870914 2 2188379693 3390191620 287310082 1610612751 2382369608 2174750722 2420572676 1181223 0 8388608 1152 20 9437756 3222983309 1350570018 553680899 2 1572992 1 768 258 134217904 2048 553648128 134217730 2 744263176 18 256 1648508932 1077182482 33686561 134271298 302597268 570696970 33606659 35720920 1209554123 285344002 2151694592 2 1858 270533637 687916624 270532786 74475552 2
is_linear=0
shrinkage=0.1


Tree=13
num_leaves=31
num_cat=16
split_feature=0 3 0 0 0 9 9 8 8 11 8 9 9 3 9 8 6 6 0 8 3 8 6 8 10 8 6 6 9 0
split_gain=520.525 161.382 114.429 68.0788 63.4409 48.7079 43.4817 33.9081 32.942 32.1409 28.9102 28.5558 26.8915 26.4445 24.1917 23.4104 23.3634 22.1655 21.5996 25.1759 21.2883 20.263 19.4813 22.6453 20.5918 21.0467 18.3327 19.5616 17.7674 17.592
threshold=243.00000000000003 3.5000000000000004 4245.0000000000009 51.000000000000007 465.00000000000006 0 1 2 3 4 5 6 7 2.5000000000000004 8 9 791.50000000000011 944.50000000000011 69.000000000000014 10 2.5000000000000004 11 933.50000000000011 12 13 14 944.50000000000011 1110.5000000000002 15 -62.999999999999993
decision_type=2 2 2 2 2 9 9 9 9 9 9 9 9 2 9 9 2 2 2 9 2 9 2 9 9 9 2 2 9 2
left_child=1 5 4 6 7 15 -3 -2 -5 10 -6 21 -8 -12 -10 -1 -13 -14 -7 -20 -18 -9 23 -15 -24 -26 28 -28 -16 -17
right_child=2 3 -4 8 9 18 12 11 14 -11 13 16 17 22 26 29 20 -19 19 -21 -22 -23 24 -25 25 -27 27 -29 -30 -31
leaf_value=-5.5573004126766197 -1.5170432831594223 -12.826592146759218 846.0539493821733 5.4907113007152528 0.78871246933840367 -13.202002667158846 0.97526351888125851 592.84064251143332 -6.6605350618714967 1.2208509222457451 2.0053100097272072 -1.4833583371269938 -8.2559849739215618 20.106946964202642 2.515364617761628 -8.3962980322036724 -0.4255643827604037 -3.7712592711768167 0.3119239619628954 -5.4142489282363968 3.69487871885817 5.9253524781792049 8.3323200227289256 1.6567694967234112 44.156972644576335 19.750165963787339 3.5652107967737781 -1.8053197686999853 -3.5201522176564732 3.463477567735902
leaf_weight=14181 13127 37852 264 6199 3697 114135 10747 470 15510 11921 4962 9316 50926 612 4781 3140 7870 30071 4549 56196 17357 3235 2882 2167 557 3647 12121 13411 27708 5579
leaf_count=14181 13127 37852 264 6199 3697 114135 10747 470 15510 11921 4962 9316 50926 612 4781 3140 7870 30071 4549 56196 17357 3235 2882 2167 557 3647 12121 13411 27708 5579
internal_value=-0.00420716 -0.00567189 0.00305735 -0.00373657 0.00284527 -0.0077202 -0.00515109 0.000701701 -0.00143735 0.00646247 0.00906766 0.00220659 -0.00397302 0.011042 -0.00202758 -0.00337844 0.00131016 -0.00459677 -0.00828807 -0.00676517 0.00289095 0.0105384 0.0140446 0.00694854 0.0168275 0.0213004 -0.00108925 0.000915711 -0.00266521 0.000699963
internal_weight=489190 407106 82084 209326 81820 197780 129596 51375 79730 30445 18524 38248 91744 14827 73531 22900 34543 80997 174880 60745 25227 3705 9865 2779 7086 4204 58021 25532 32489 8719
internal_count=489190 407106 82084 209326 81820 197780 129596 51375 79730 30445 18524 38248 91744 14827 73531 22900 34543 80997 174880 60745 25227 3705 9865 2779 7086 4204 58021 25532 32489 8719
cat_boundaries=0 5 10 14 18 20 24 29 34 38 42 46 50 54 56 60 65
cat_threshold=7351480 137351 830477058 2684387586 2 1082310914 609256232 5261376 20843140 1 18097697 1294082376 27283570 201396232 2628426 813957636 7050920 1049622 3944908682 16 277349409 1485090145 41947434 71305480 20972721 1074813504 838861088 67117062 2 543234808 679106 822214658 541065218 2 49408 107348272 1221713032 789216 139481632 1109524996 2149333154 4850688 1073742080 579339285 5013504 16778241 65608 33554434 131200 2097157 2182086980 2181038096 1079706112 195 739117124 16 64 2244624 407109632 268567712 94703241 1074288778 268567058 2218828032 2
is_linear=0
shrinkage=0.1


Tree=14
num_leaves=31
num_cat=17
split_feature=0 3 9 9 0 8 6 11 3 1 8 9 9 6 8 6 9 9 8 0 0 0 3 9 11 9 0 9 8 7
split_gain=424.473 156.32 80.4179 60.6783 53.2447 48.0419 45.0371 43.6276 31.6681 30.1735 39.1781 27.1639 26.247 26.1538 25.724 26.3642 22.82 22.7244 22.5666 20.5325 22.508 19.1733 18.7819 17.3357 17.281 17.4254 15.5178 16.9802 15.4582 14.7679
threshold=231.00000000000003 3.5000000000000004 0 1 501.00000000000006 2 643.50000000000011 3 2.5000000000000004 45.000000000000007 4 5 6 518.50000000000011 7 791.50000000000011 8 9 10 567.00000000000011 549.00000000000011 93.000000000000014 8.5000000000000018 11 12 13 -1.0000000180025095e-35 14 15 16
decision_type=2 2 9 9 2 9 2 9 2 8 9 9 9 2 9 2 9 9 9 2 2 2 2 9 9 9 2 9 9 1
left_child=1 5 13 21 8 16 28 11 17 -9 -11 -8 -7 -2 -10 -16 26 -4 -6 20 -20 -3 -21 -22 -17 -26 -1 -28 -5 -27
right_child=2 3 4 6 18 12 7 9 14 10 -12 -13 -14 -15 15 24 -18 -19 19 22 23 -23 -24 -25 25 29 27 -29 -30 -31
leaf_value=-4.0818024004429621 1131.769922765101 -10.508864209295291 1.1245142681355778 7.3235297259193377 9.7118962151490447 -5.4399071719723855 7.3361760858102842 -6.5139466569549391 -1.5735375253002208 5.9237926128581995 -1.9058321790498114 -1.0045747219799759 -8.0698444658534818 856.85019203900902 -1.0862610886937381 1.6779838842154682 -5.9808263392415491 -1.5463770302842432 2.5623329124140621 0.61080552499367446 6.1969091989150904 -2.7355133802382512 14.643353059217725 4.4938042391928077 -0.11390449286873852 10.883879870142676 303.50516983958886 2.0543090959451962 -6.7086562222879964 5.7902830376065904
leaf_weight=4093 129 43290 4138 1295 5068 43535 10504 45147 9990 6234 33663 10966 132453 836 8257 11738 10799 15203 3400 13869 451 13064 2824 639 2093 1446 535 3630 42750 7151
leaf_count=4093 129 43290 4138 1295 5068 43535 10504 45147 9990 6234 33663 10966 132453 836 8257 11738 10799 15203 3400 13869 451 13064 2824 639 2093 1446 535 3630 42750 7151
internal_value=-0.00416485 -0.0055371 0.00215838 -0.00362244 0.00183513 -0.00756826 -0.00257417 -0.00146216 0.00019228 -0.0024789 -0.000475477 0.00256517 -0.00808464 0.0307179 0.00177627 0.00321062 -0.00279383 -0.00313893 0.00559178 0.0041509 0.0101559 -0.00642148 0.00253819 0.0226605 0.00499019 0.00789719 0.00116352 0.00546218 -0.00526394 0.00989078
internal_weight=489190 401958 87232 206913 86267 195045 150559 106514 60016 85044 39897 21470 175988 965 40675 30685 19057 19341 26251 21183 4490 56354 16693 1090 22428 10690 8258 4165 44045 8597
internal_count=489190 401958 87232 206913 86267 195045 150559 106514 60016 85044 39897 21470 175988 965 40675 30685 19057 19341 26251 21183 4490 56354 16693 1090 22428 10690 8258 4165 44045 8597
cat_boundaries=0 5 10 14 16 20 25 29 33 38 42 46 51 53 57 62 66 67
cat_threshold=144 16384 0 0 2 1082310914 71565600 138464448 20843204 1 1078005960 9014295 172756872 285212678 50497794 5 1210653514 268569088 4986504 2229270 242291416 302013634 3506438144 138444818 2 2188648480 134361221 1368265760 54530 1077964320 86188361 10510546 83890952 155193008 285218819 553648394 2822766850 2 2190616613 2183280775 2952790304 671088899 138424640 8536084 475997696 33686647 393216 687907584 64 3825672 1 474789509 18 8416514 71377033 700465232 209784448 1168 1 256 2147483904 2 72 537133058 33408 20 32
is_linear=0
shrinkage=0.1


Tree=15
num_leaves=31
num_cat=18
split_feature=0 3 9 9 0 8 8 0 0 3 0 10 8 9 9 0 3 9 3 9 8 8 3 9 11 9 9 7 2 9
split_gain=362.672 157.197 61.3258 55.7295 48.5807 44.3419 41.4007 33.2877 31.9686 29.4467 26.6883 26.6296 22.9421 22.3277 21.5765 20.6739 20.6735 19.8751 19.7655 24.1867 19.4627 18.8087 17.9381 17.3533 17.0859 16.946 15.9114 15.8428 15.0294 14.9401
threshold=213.00000000000003 5.5000000000000009 0 1 393.00000000000006 2 3 33.000000000000007 87.000000000000014 6.5000000000000009 8280.0000000000018 4 5 6 7 51.000000000000007 2.5000000000000004 8 2.5000000000000004 9 10 11 1.5000000000000002 12 13 14 15 16 231.00000000000003 17
decision_type=2 2 9 9 2 9 9 2 2 2 2 9 9 9 9 2 2 9 2 9 9 9 2 9 9 9 9 1 10 9
left_child=1 2 11 10 12 15 -3 13 -7 20 -2 -1 14 -8 -5 28 29 -9 -10 -20 -6 -11 -17 -18 27 -15 -22 -23 -4 -14
right_child=3 6 5 4 9 8 7 17 18 21 -12 -13 16 25 -16 22 23 -19 19 -21 26 24 -24 -25 -26 -27 -28 -29 -30 -31
leaf_value=0.23639809253896293 514.45898564592551 1.8404340348481982 -7.9252238340046972 -1.4481087392930152 4.6990904974978163 -10.581889604952677 21.568964054692774 -6.3557765243067621 -5.2658703974174932 -0.48761274603322297 1109.3191983721003 -5.1818896049526764 0.18115674997536313 -3.564997192427751 3.9430671626798217 -4.1375560967767795 -4.5350827191516911 0.022690454685379089 1.0811041244354358 -3.6538555000178405 -2.9060224557821144 21.499236292573119 0.25754166273640899 0.57536747209109484 3.8373475850341365 -9.8596956820967225 0.96557419546994105 7.4871740760314047 9.1072886655547833 -2.4777077620611219
leaf_weight=15711 1037 19669 34384 4814 6202 135652 1214 11726 21602 1800 93 18642 3329 17247 7007 6258 5258 33262 4452 22197 3368 3088 11345 23132 2360 39858 22502 1505 240 10236
leaf_count=15711 1037 19669 34384 4814 6202 135652 1214 11726 21602 1800 93 18642 3329 17247 7007 6258 5258 33262 4452 22197 3368 3088 11345 23132 2360 39858 22502 1505 240 10236
internal_value=-0.00407756 -0.00542062 -0.00676838 0.00144248 0.00117734 -0.00734268 -0.00245625 -0.00325668 -0.00807355 0.00377832 0.0234211 -0.00281786 -0.000797012 -0.00483359 0.00309272 -0.00476808 -0.00189325 -0.00121321 -0.0058633 -0.00404105 0.00237528 0.00891923 -0.00197864 -0.000359284 0.0112696 -0.00511862 0.00116692 0.0148316 -0.00618762 -0.00510505
internal_weight=489190 393459 270483 95731 94601 236130 122976 103307 183903 40825 1130 34353 53776 58319 11821 52227 41955 44988 48251 26649 32072 8753 17603 28390 6953 57105 25870 4593 34624 13565
internal_count=489190 393459 270483 95731 94601 236130 122976 103307 183903 40825 1130 34353 53776 58319 11821 52227 41955 44988 48251 26649 32072 8753 17603 28390 6953 57105 25870 4593 34624 13565
cat_boundaries=0 5 10 14 18 20 24 29 33 37 41 45 49 54 56 60 64 65 69
cat_threshold=2154899704 154758 855769602 536903938 2 176 16384 0 4 2 3359638272 13189142 1213995568 1180726 3324516680 807537158 1076109960 1050150 3624437252 28 2621698 315117076 3825534728 35784725 4266200 20482 553648128 536870912 2 144709891 203429024 16580 2375140432 33612032 71729456 1216404616 151519960 33817604 1477476872 16656 16781352 142652744 42746900 136185344 33686583 525345 1212804273 33554618 100692232 310460416 2219116704 3368060968 1086332608 1 3422684938 17 2181308960 159588485 268534068 2227196939 67072 7077896 705787952 3636468688 46 2181445632 2283968646 823132160 1744834818
is_linear=0
shrinkage=0.1


Tree=16
num_leaves=31
num_cat=20
split_feature=0 3 3 8 0 8 0 9 9 0 6 8 6 8 7 9 9 9 8 8 8 8 6 6 8 7 10 8 9 9
split_gain=323.843 135.146 92.3481 61.2545 59.0816 47.9808 37.3297 36.8607 32.2405 31.8971 31.4078 30.3683 29.343 44.9748 44.8369 25.366 23.3209 23.1431 20.0816 19.4749 17.3451 16.9713 16.4317 16.7005 31.3861 22.488 19.8728 16.3671 15.2734 14.819
threshold=111.00000000000001 5.5000000000000009 2.5000000000000004 0 393.00000000000006 1 8280.0000000000018 2 3 315.00000000000006 944.50000000000011 4 1103.5000000000002 5 6 7 8 9 10 11 12 13 937.50000000000011 1100.5000000000002 14 15 16 17 18 19
decision_type=2 2 2 9 2 9 2 9 9 2 2 9 2 9 1 9 9 9 9 9 9 9 2 2 9 1 9 9 9 9
left_child=1 3 5 8 7 6 -2 21 -1 -7 16 -9 13 14 -12 27 -3 -5 -14 -18 -13 -4 -17 24 25 -24 -25 -6 -22 -15
right_child=2 10 4 17 15 9 -8 11 -10 -11 12 20 18 29 -16 22 19 -19 -20 -21 28 -23 23 26 -26 -27 -28 -29 -30 -31
leaf_value=2.4404959280061864 1.1286048831237974 543.82087401604213 -5.5629193557828156 -5.6647428345121256 47.398473288195078 -3.5153986790907257 1008.2442446123613 5.064088478862617 -5.6567426466232451 -0.45908749289723688 27.261149840064377 -1.9131374799402501 9.5098411639162332 7.1676131220027877 4.4016929627919668 -0.29352838860805214 0.35534405848073919 -8.6607069150692979 -6.8224628904226341 -6.4430160805757071 2.9098255828554134 -0.69505278861900388 35.799595758887818 12.988320524906536 1.8311189195757356 5.4736431683316127 0.51452466716809109 7.8798267232742747 0.12005601245068456 -4.4750348174837713
leaf_weight=7375 8492 261 11062 21245 1375 28963 68 9724 24597 15682 1679 13487 2166 2055 4489 6699 7952 165388 20189 54849 9305 11997 1207 1895 2728 1684 8044 4158 31858 8517
leaf_count=7375 8492 261 11062 21245 1375 28963 68 9724 24597 15682 1679 13487 2166 2055 4489 6699 7952 165388 20189 54849 9305 11997 1207 1895 2728 1684 8044 4158 31858 8517
internal_value=-0.00399824 -0.00586267 -0.000447553 -0.00726585 0.00114361 -0.00389343 0.00296382 -0.000133019 -0.00321806 -0.00520771 -0.00286001 0.00109592 -0.000633076 0.00253285 0.00931045 0.00516013 -0.00424059 -0.00795867 -0.0030038 -0.00436564 0.000179288 -0.00356279 0.003648 0.00543257 0.00979 0.0170252 0.00296911 0.0112159 0.00119908 -0.00142884
internal_weight=489190 320762 168428 218605 115223 53205 8560 87433 31972 44645 102157 64374 39095 16740 6168 27790 63062 186633 22355 62801 54650 23059 22257 15558 5619 2891 9939 5533 41163 10572
internal_count=489190 320762 168428 218605 115223 53205 8560 87433 31972 44645 102157 64374 39095 16740 6168 27790 63062 186633 22355 62801 54650 23059 22257 15558 5619 2891 9939 5533 41163 10572
cat_boundaries=0 4 8 13 18 22 26 27 32 37 41 45 49 53 57 61 62 63 67 72 77
cat_threshold=1080103368 8503862 174332936 285212710 134300114 42667028 207160960 301991941 134242592 73728288 1220597984 9449152 1 138422960 141442 805306370 138444818 3 44604744 12585474 3289384840 269486103 3330836738 2435895300 3221684356 3147300 34 268698268 580736 318898306 876777483 2 144 16384 0 0 2 2725261408 138371 830871042 3758097664 1091043401 134873091 36975138 16909314 102767432 539250180 1076126344 9438758 1073898016 1678188648 178266194 218665224 305173797 203437377 3490709504 222560777 2290254344 2150633474 2550136836 3451392 6 3791684482 2417033544 18924562 132096 268568743 50666134 2417546821 805306640 2151710752 2 302055660 41947145 556826772 16384 1
is_linear=0
shrinkage=0.1


Tree=17
num_leaves=31
num_cat=22
split_feature=0 3 3 8 6 9 9 11 9 0 6 7 9 8 9 8 9 8 6 9 10 7 8 1 10 9 8 8 9 10
split_gain=287.884 121.602 84.245 56.7007 50.9413 50.4584 41.9267 40.5904 40.394 33.5584 30.6073 30.5416 30.4615 28.9799 28.4927 27.7134 30.5419 27.5266 23.5205 23.0564 21.0945 19.8626 23.1491 18.7291 18.3935 18.1082 17.9602 17.1732 16.3172 15.3301
threshold=99.000000000000014 5.5000000000000009 2.5000000000000004 0 944.50000000000011 1 2 3 4 261.00000000000006 1203.5000000000002 5 6 7 8 9 10 11 502.50000000000006 12 13 14 15 153.00000000000003 16 17 18 19 20 21
decision_type=2 2 2 9 2 9 9 9 9 2 2 1 9 9 9 9 9 9 2 9 9 1 9 10 9 9 9 9 9 9
left_child=1 3 5 12 6 13 -4 8 20 -7 21 17 -1 -2 26 -3 -17 28 -18 -5 -6 22 -10 -14 -20 -13 -9 -12 -8 -23
right_child=2 15 4 19 7 9 11 14 10 -11 27 25 23 -15 -16 16 18 -19 24 -21 -22 29 -24 -25 -26 -27 -28 -29 -30 -31
leaf_value=1.7266612799579091 5.0542820257205454 -7.2821362411735464 1041.1213705829712 -5.7794827978351924 28.418426518928072 -3.9294358263565985 16.679051406187945 5.0238530251670497 22.142940326852862 -0.62876385442883798 -3.0936782404540879 -3.9695756177827102 -6.6345134216842432 -0.1273080081865951 -1.1231853675080641 -8.7586461468483616 -6.2439708864246199 0.043781996958299603 6.824703808762 -7.9687868591515674 -1.5514944246875262 1.8145431796372895 7.2029321503786425 4.1270824755259898 -0.59835340040159879 -1.0874137583524621 0.94098199458881204 20.640327810302225 3.6195468578532033 13.174820620398762
leaf_weight=9103 2043 26566 349 20346 158 27514 1477 5800 4334 20257 2697 14960 18993 7112 24605 15728 8350 9227 4131 160617 6523 4873 4116 685 43549 30543 10276 1249 1494 1515
leaf_count=9103 2043 26566 349 20346 158 27514 1477 5800 4334 20257 2697 14960 18993 7112 24605 15728 8350 9227 4131 160617 6523 4873 4116 685 43549 30543 10276 1249 1494 1515
internal_value=-0.00391423 -0.00577431 -0.000750436 -0.0071346 0.000709682 -0.00393599 -0.0014522 0.00260696 0.00573699 -0.0052387 0.00811216 -0.00166364 -0.00300823 0.00286415 0.000646086 -0.00287255 -0.00185013 0.0027785 -0.000756605 -0.00779028 -0.00094306 0.0101981 0.0133806 -0.00522044 0.000100669 -0.00285479 0.00391893 0.000288898 0.0111338 0.00595811
internal_weight=489190 308068 181122 209744 124196 56926 58050 66146 25465 47771 18784 57701 28781 9155 40681 98324 71758 12198 56030 180963 6681 14838 8450 19678 47680 45503 16076 3946 2971 6388
internal_count=489190 308068 181122 209744 124196 56926 58050 66146 25465 47771 18784 57701 28781 9155 40681 98324 71758 12198 56030 180963 6681 14838 8450 19678 47680 45503 16076 3946 2971 6388
cat_boundaries=0 4 9 14 16 21 22 27 31 35 39 44 48 52 53 54 58 59 64 68 72 76 77
cat_threshold=1080103368 8504882 174326792 285212726 2685413533 33585287 2971669026 65794 2 144 16384 0 0 2 2737015114 7 2160681249 92481550 12601348 545261192 1 12 205531832 1073903746 16777218 2017493010 3 65680 524289 2286945792 50331648 2475951117 2038601728 18874374 621826056 419454976 1312891352 402653522 239161353 76038402 911376640 2156943488 1076431076 1 136321858 4327940 3256816392 7472288 2154836064 138375 1904612874 545260800 8 46 2382627081 2159022100 2147680260 271876657 2148008452 302178560 105185568 162545760 14419648 1 153721416 131728 403972104 6512130 2550301444 2200989696 3556773916 6611456 75892228 420022272 1370619910 71779617 336724736
is_linear=0
shrinkage=0.1


Tree=18
num_leaves=31
num_cat=21
split_feature=0 3 3 9 9 9 0 8 8 9 8 6 8 10 8 6 11 9 7 8 4 3 9 3 10 8 9 9 8 11
split_gain=249.769 111.176 85.5825 50.246 49.0715 46.7798 40.4741 37.1433 37.1116 31.6913 30.2829 28.8125 27.2028 23.9738 23.1103 19.635 20.8708 19.1121 17.9551 25.7894 16.7329 15.9475 15.3268 15.2354 15.1308 14.4048 13.9835 13.6581 13.3531 13.2776
threshold=75.000000000000014 3.5000000000000004 2.5000000000000004 0 1 2 261.00000000000006 3 4 5 6 791.50000000000011 7 8 9 751.50000000000011 10 11 12 13 4215.0000000000009 8.5000000000000018 14 12.500000000000002 15 16 17 18 19 20
decision_type=2 2 2 9 9 9 2 9 9 9 9 2 9 9 9 2 9 9 1 9 2 2 9 2 9 9 9 9 9 9
left_child=1 7 4 -3 10 12 -6 17 21 -10 29 24 -4 18 27 -16 22 -1 19 -13 -21 -7 -17 -18 28 -8 -15 -5 -11 -2
right_child=2 3 5 14 6 8 25 -9 9 11 -12 13 -14 26 15 16 23 -19 -20 20 -22 -23 -24 -25 -26 -27 -28 -29 -30 -31
leaf_value=0.23476813384928052 6.0266513573696443 -7.771908173236409 0.74062742639746815 -2.6623363244315001 -3.8110365533671544 -1.8009181102719467 0.50311319265331622 -8.3536796159402567 450.63874524859932 -0.14639324519629598 -0.48329631508635773 2.0987142820836939 -3.8325506615077716 2.8943954925929054 -6.1009225287458158 13.55933916932252 -4.2040144141487286 -7.6319412136757823 2.5783726793262112 12.119647920922416 126.06168382399647 1.8312339242891547 1.0527624080348679 1.8917896936558589 -1.5394701008711027 -1.0567215823006624 -0.60370429311750395 4.1311957780298521 5.9484924504085388 2.2876405167256033
leaf_weight=7156 1438 42772 13790 6956 34328 21414 6402 116669 1111 4214 8386 4750 26454 8615 37274 1219 39226 9371 15106 6534 377 8865 4374 7076 16566 13669 13680 7807 2622 969
leaf_count=7156 1438 42772 13790 6956 34328 21414 6402 116669 1111 4214 8386 4750 26454 8615 37274 1219 39226 9371 15106 6534 377 8865 4374 7076 16566 13669 13680 7807 2622 969
internal_value=-0.00382531 -0.00577921 -0.0012122 -0.0038802 -0.00421862 0.000147952 -0.0054401 -0.00787081 0.00126954 0.00248216 0.00194113 0.00222369 -0.00274606 0.00360116 -0.00269208 -0.00329887 -0.00204162 -0.00342686 0.00561788 0.00856739 0.0124678 -0.00167685 0.00372479 -0.00273839 -0.000663194 -0.00187385 0.00117686 0.000972718 0.00329243 0.0118039
internal_weight=489190 279900 209290 146704 65192 144098 54399 133196 103854 73575 10793 72464 40244 49062 103932 89169 51895 16527 26767 11661 6911 30279 5593 46302 23402 20071 22295 14763 6836 2407
internal_count=489190 279900 209290 146704 65192 144098 54399 133196 103854 73575 10793 72464 40244 49062 103932 89169 51895 16527 26767 11661 6911 30279 5593 46302 23402 20071 22295 14763 6836 2407
cat_boundaries=0 5 10 15 19 23 28 32 36 38 42 44 49 50 54 58 60 64 68 72 76 77
cat_threshold=8569090 609256224 5261888 19860164 1 2182097045 33585287 2703495730 69634 2 134275328 105185568 1220664416 8913620 1 1080119496 9028626 171708032 285212710 285499425 85045600 578822230 201888008 144 16384 570425344 0 2 65680 537397249 2285897216 50331648 2223390784 26362900 71832456 3317808 2287502218 10 1089018186 805342726 33416 152045204 50366720 5 158870712 268572678 1032 675324162 2 44 3293807118 2181169280 69259296 21063683 174133320 2181045248 1342177280 134250499 1651017934 24 176179520 2424496788 67502220 19010053 328466445 939559429 2147483930 2619749376 85004288 1503922176 2558660750 1350586368 2287666694 2718040209 2550140960 25520192 1074039816
is_linear=0
shrinkage=0.1


Tree=19
num_leaves=31
num_cat=20
split_feature=0 3 3 8 6 9 0 9 7 8 10 6 9 10 3 8 9 7 8 8 6 11 0 9 9 9 10 9 9 4
split_gain=224.789 101.775 87.8614 49.6608 49.2172 43.159 41.2457 34.9865 34.2582 33.3858 28.3888 27.9321 35.9803 32.2915 31.5594 22.3184 21.8245 21.6371 20.4585 20.1281 18.6057 19.4638 16.9571 16.4818 16.0817 14.9108 14.6342 14.4278 13.8434 13.5653
threshold=57.000000000000007 3.5000000000000004 2.5000000000000004 0 944.50000000000011 1 261.00000000000006 2 3 4 5 1147.5000000000002 6 7 6.5000000000000009 8 9 10 11 12 751.50000000000011 13 645.00000000000011 14 15 16 17 18 19 45.000000000000007
decision_type=2 2 2 9 2 9 2 9 1 9 9 2 9 9 2 9 9 1 9 9 2 9 2 9 9 9 9 9 9 2
left_child=1 9 3 19 7 -3 24 15 10 25 27 12 -12 -13 -14 -4 -10 18 26 -2 -7 -22 -15 -19 29 -1 -9 -6 -8 -5
right_child=2 5 4 6 8 20 28 17 16 -11 11 13 14 22 -16 -17 -18 23 -20 -21 21 -23 -24 -25 -26 -27 -28 -29 -30 -31
leaf_value=5.4899688062519587 16.644569760462225 -7.5947173559127696 44.665608746437464 5.4065132587561395 3.3456847012227957 -5.2296048349693152 0.39939249722169734 8.8178329887557432 6.1669217936887417 -8.7183116543462322 -3.5596609309968246 -1.0116022483035998 4.6538794508561159 6.7216090834238189 25.778237391248116 1.5039428261279015 -1.0788442882785432 -4.0180463928411125 -1.2685811424210873 0.36019783619522 2.4243807359482719 -3.1407755543550766 25.922965630917556 -1.834640417623939 -3.8988318598017724 -5.2823507225432769 -0.66388258279774848 -1.3670276719173278 -1.1381137523487477 -0.99607430923624918
leaf_weight=1807 576 37390 1316 53 3958 41359 6735 3267 4825 107773 2365 9079 9849 2975 4691 8115 31322 18236 21133 10280 10491 45009 895 25745 36498 11663 2427 11289 13393 4676
leaf_count=1807 576 37390 1316 53 3958 41359 6735 3267 4825 107773 2365 9079 9849 2975 4691 8115 31322 18236 21133 10280 10491 45009 895 25745 36498 11663 2427 11289 13393 4676
internal_value=-0.00374149 -0.00579165 -0.00150014 -0.00439975 -0.000203548 -0.00389493 -0.00550232 -0.00196027 0.00153136 -0.00789184 0.00336924 0.00516207 0.00784087 0.00166885 0.00969759 0.00375913 -0.00076251 -0.00272219 -0.00048329 0.00183508 -0.00277994 -0.00158379 0.00930412 -0.00408743 -0.00731487 -0.00318991 0.00483169 -0.000142232 -0.00179253 -0.00181262
internal_weight=489190 255492 233698 72211 161487 134249 61355 80239 81248 121243 45101 29854 16905 12949 14540 9431 36147 70808 26827 10856 96859 55500 3870 43981 41227 13470 5694 15247 20128 4729
internal_count=489190 255492 233698 72211 161487 134249 61355 80239 81248 121243 45101 29854 16905 12949 14540 9431 36147 70808 26827 10856 96859 55500 3870 43981 41227 13470 5694 15247 20128 4729
cat_boundaries=0 4 9 14 15 19 21 25 26 30 35 36 40 43 45 50 54 59 60 65 69
cat_threshold=138498512 579406864 207291904 318769157 8569090 609256224 7359040 19794628 1 1636042392 3221244042 339739410 2483060995 2 46 1080103112 8504338 171199616 293601318 679877700 24 26765315 3597991980 3368026112 8467456 68681736 65868 278921218 229888 268435488 36766864 271733889 2416120082 4026603520 2 76 2149849666 2421295620 47132936 1180736 144 8388608 4194816 50497794 5 134398208 39125280 688930912 27002580 1 2183135236 34744452 830476288 536871168 138412208 6144 0 134250496 2 2220002560 391118992 3892373766 2165309466 18006272 2 2259030532 3408046724 268439936 1612218368
is_linear=0
shrinkage=0.1


Tree=20
num_leaves=31
num_cat=20
split_feature=0 3 9 0 9 9 8 9 8 0 1 9 9 9 1 8 8 11 10 8 8 9 1 8 3 8 11 8 0 6
split_gain=200.753 147.316 79.0801 48.9059 37.6763 29.5638 29.5332 29.3043 33.3271 24.2167 22.6322 19.9093 19.0509 18.2203 16.7972 20.5047 16.2415 15.6921 15.3185 15.8823 14.7738 13.7472 13.7251 13.586 13.3906 13.0511 14.3658 12.7938 12.7153 12.479
threshold=213.00000000000003 2.5000000000000004 0 27.000000000000004 1 2 3 4 5 501.00000000000006 75.000000000000014 6 7 8 129.00000000000003 9 10 11 12 13 14 15 675.00000000000011 16 8.5000000000000018 17 18 19 2613.0000000000005 518.50000000000011
decision_type=2 2 9 2 9 9 9 9 9 2 8 9 9 9 8 9 9 9 9 9 9 9 10 9 2 9 9 9 2 2
left_child=1 4 10 7 14 29 11 -4 -9 13 24 -5 16 27 20 -16 -8 22 19 21 -1 -15 -11 -12 -3 -14 -27 -7 -19 -2
right_child=5 2 3 6 -6 9 12 8 -10 17 23 -13 25 18 15 -17 -18 28 -20 -21 -22 -23 -24 -25 -26 26 -28 -29 -30 -31
leaf_value=1.5615672262033915 793.92695478085795 -6.9466278144162992 -6.9121470660064093 0.51904066021238016 -5.3508595326492783 0.79957823180441479 -0.45266262769170623 2.6879300050116166 -4.4207152113408776 1.2106991989644034 -0.91904012573304505 6.2573544875818499 -1.4173117937065349 0.37773145256801355 3.3764334113667887 -2.6470848467014729 -5.2102033258246134 3.1468875334550828 -0.82952050052984916 -0.023202179764726286 -6.2447766189271299 5.7543597608029229 -2.6508609116759212 -4.2569907053149478 -5.6051359519079371 2.4829927715904576 -0.65844708054666623 -3.3646995480053246 46.803243812850553 620.81115827151223
leaf_weight=2466 134 40164 38450 4991 96762 3619 15584 10239 56520 4969 13527 3804 19586 4654 1342 2994 21439 16438 23267 22782 10839 5590 4581 11839 13822 16473 12618 8559 263 875
leaf_count=2466 134 40164 38450 4991 96762 3619 15584 10239 56520 4969 13527 3804 19586 4654 1342 2994 21439 16438 23267 22782 10839 5590 4581 11839 13822 16473 12618 8559 263 875
internal_value=-0.00366933 -0.00466857 -0.00342964 -0.00236809 -0.00769062 0.000437578 -0.000716972 -0.00385129 -0.00258339 0.000255244 -0.00610015 0.00479841 -0.0012834 -0.000734766 -0.0034338 0.00196955 -0.00299274 0.0028376 2.43302e-05 0.00140876 -0.0051973 0.0046772 -0.000397492 -0.00363715 -0.00725855 1.70453e-05 0.00136043 -0.00424024 0.00468494 0.0173798
internal_weight=489190 393459 279056 199704 114403 95731 94495 105209 66759 94722 79352 8795 85700 68471 17641 4336 37023 26251 56293 33026 13305 10244 9550 25366 53986 48677 29091 12178 16701 1009
internal_count=489190 393459 279056 199704 114403 95731 94495 105209 66759 94722 79352 8795 85700 68471 17641 4336 37023 26251 56293 33026 13305 10244 9550 25366 53986 48677 29091 12178 16701 1009
cat_boundaries=0 5 10 15 19 23 27 31 35 40 44 48 50 52 56 60 64 68 72 74 78
cat_threshold=1074446594 641794336 72370880 4063940 1 7875769 141315 1636045600 536883458 2 144 16384 0 0 2 1075843402 8651280 8261544 42992663 377488388 2419098137 3365933064 1098983464 130613582 939557906 140608128 285213844 2441091076 411576322 1227034890 1623216131 201335808 2149982224 3900801312 1749134393 1073824096 71565352 1254219816 278923988 1 1207959680 524288 2285897216 33554434 2257420800 3530574090 436211714 4391584 337414229 22 2824382091 2 134234442 2458386455 2349204492 2427124 1073827840 526339 167772160 285212676 205533195 1403108372 64 152047656 2390904832 2710634628 2655518720 516240 2219073540 1294995552 847261778 470294792 1862309698 14 2215002112 2186888212 71831944 40015941
is_linear=0
shrinkage=0.1


Tree=21
num_leaves=31
num_cat=23
split_feature=0 3 3 8 6 6 9 11 0 8 8 9 7 9 9 8 8 8 8 8 9 3 11 9 9 8 9 8 9 9
split_gain=185.413 97.2806 82.9035 45.1148 43.6838 45.2249 40.8553 37.1971 35.4891 33.3363 31.5746 30.164 29.8597 31.9959 26.0046 24.9919 21.0121 19.5888 19.2927 19.2104 18.638 17.1961 16.7242 14.77 14.7246 14.5999 14.235 13.9498 13.7964 12.7069
threshold=45.000000000000007 3.5000000000000004 2.5000000000000004 0 1004.5000000000001 1110.5000000000002 1 2 315.00000000000006 3 4 5 6 7 8 9 10 11 12 13 14 8.5000000000000018 15 16 17 18 19 20 21 22
decision_type=2 2 2 9 2 2 9 9 2 9 9 9 1 9 9 9 9 9 9 9 9 2 9 9 9 9 9 9 9 9
left_child=1 9 3 23 11 10 -3 14 20 29 -6 19 13 18 -7 -9 -13 -8 -12 -4 -5 -19 27 -2 -17 -14 -24 -18 -27 -1
right_child=2 6 4 8 5 7 17 15 -10 -11 12 16 25 -15 -16 24 22 21 -20 -21 -22 -23 26 -25 -26 28 -28 -29 -30 -31
leaf_value=-6.4770606968866451 -0.95398550492734779 -7.0095465497899969 440.93942198350874 -0.72013530864915065 -2.3422937697520085 27.3568122648424 -6.1405828388798627 9.5510126554228325 -0.32617937236953259 -7.937594539701009 4.8639378951510324 -3.6033905740727117 6.0592997417103769 8.1238836572088449 2.6941021857181191 0.54661306073813842 -1.234111835659262 -3.4817727147363402 29.346673022045323 1.8731083622331905 -3.0261789138156816 0.25823443389539308 -0.43510013148987342 2.1813022828532431 -2.3547831222220816 4.1719018890830366 -3.0584725040327729 2.2901638391649723 -0.78181866065994732 -0.50403647681180974
leaf_weight=6975 6525 33370 467 6450 4494 1562 21335 2904 15588 97650 980 20119 5992 4563 2237 12029 10859 43124 1914 9101 43104 26996 23253 5738 28016 2834 26988 10227 6072 7724
leaf_count=6975 6525 33370 467 6450 4494 1562 21335 2904 15588 97650 980 20119 5992 4563 2237 12029 10859 43124 1914 9101 43104 26996 23253 5738 28016 2834 26988 10227 6072 7724
internal_value=-0.00353442 -0.00554125 -0.00164577 -0.00436988 -0.000438176 0.00141487 -0.00361987 -0.000463766 -0.00541687 -0.00767599 0.00468583 -0.00178827 0.00622177 0.0113874 0.00900761 -0.00130334 -0.00234714 -0.00252611 0.0196143 0.00355189 -0.00672681 -0.00171824 -0.00154156 0.0011953 -0.00195357 0.00363026 -0.00253348 0.000821954 0.00105877 -0.00322864
internal_weight=489190 237174 252016 77405 174611 73597 124825 46748 65142 112349 26849 101014 22355 7457 3799 42949 91446 91455 2894 9568 49554 70120 71327 12263 40045 14898 50241 21086 8906 14699
internal_count=489190 237174 252016 77405 174611 73597 124825 46748 65142 112349 26849 101014 22355 7457 3799 42949 91446 91455 2894 9568 49554 70120 71327 12263 40045 14898 50241 21086 8906 14699
cat_boundaries=0 4 9 11 15 19 24 25 30 35 39 43 47 51 55 59 61 66 70 74 79 83 87 91
cat_threshold=138498512 579536912 207422976 318769157 9093378 609256224 1081100288 19794628 1 2197913730 7 1080103112 1082180627 175378048 293601318 5317184 101099851 79700234 205586632 1090782428 3221244035 335545106 3288342785 2 34 2485424128 1770032896 16777222 3031042 1 36894852 268834240 3356622976 538705952 3 6363208 8587782 4456488 132310 285238305 1275700577 9445506 120066312 286261248 1246503369 411574610 4208969 2147762432 2167424020 34209792 1184288 1096 2 520 268435472 2317357572 34742404 562040832 1610612992 1644312448 8 6294412 268566548 2147483794 939590656 1 2153129477 1611301380 268439560 2237832200 2358008064 2551710740 3625189456 36700178 306327552 696301120 196748 288276480 1 217647630 55705734 369102880 134416385 36700672 1224765912 2416115792 89234466 1083248960 134283280 1084764818 21505
is_linear=0
shrinkage=0.1


Tree=22
num_leaves=31
num_cat=20
split_feature=0 3 9 8 0 9 6 8 0 8 9 11 9 9 9 9 10 0 9 8 0 4 3 9 3 8 8 11 9 8
split_gain=165.773 136.007 46.7648 43.6076 34.5889 33.3957 27.6021 27.4069 24.3184 20.817 20.6604 18.4093 21.7651 18.2498 17.5152 16.7576 16.6004 15.9353 25.8581 15.7809 15.7448 14.8365 14.0407 14.0153 12.8796 14.314 12.3506 13.7269 12.1922 15.2129
threshold=141.00000000000003 3.5000000000000004 0 1 333.00000000000006 2 461.50000000000006 3 1.0000000180025095e-35 4 5 6 7 8 9 10 11 -140.99999999999997 12 13 27.000000000000004 1215.0000000000002 1.5000000000000002 14 4.5000000000000009 15 16 17 18 19
decision_type=2 2 9 9 2 9 2 9 2 9 9 9 9 9 9 9 9 2 9 9 2 2 2 9 2 9 9 9 9 9
left_child=1 3 19 15 9 20 16 -8 13 -2 -11 12 -6 -9 -13 -1 -4 -17 -19 -3 -5 -16 -7 -18 25 -12 -22 -28 29 -10
right_child=4 2 6 5 11 22 7 8 28 10 24 14 -14 -15 21 17 23 18 -20 -21 26 -23 -24 -25 -26 -27 27 -29 -30 -31
leaf_value=-7.9878505597120899 -2.6100326352513039 1.5101004263209963 29.606422250511361 -6.091237102436911 27.87271250113006 -5.6863467023281835 1.80575557005457 -7.1638532259813106 0.87675927522826036 1.649060253614649 -0.18246441968601831 -2.9611080673883463 1.1609613949961282 -2.8019201007444301 0.21581517323786101 -6.8451137764186463 148.21087387429799 29.100869612284363 0.11831392616283998 -6.039628183900863 -3.3825308531134244 7.0058437237252411 -4.2702243413043011 -7.1735528424186477 -0.09614143254757393 -1.9395047866925357 7.4117088009236953 -0.0912371024369108 0.58970007227024679 -4.0100168119451913
leaf_weight=4206 15132 3119 163 19049 2189 64986 20566 16141 8298 10116 13625 7262 3209 30582 31839 3538 130 884 9221 39620 7109 9163 50802 12868 27610 21729 579 6567 31313 17575
leaf_count=4206 15132 3119 163 19049 2189 64986 20566 16141 8298 10116 13625 7262 3209 30582 31839 3538 130 884 9221 39620 7109 9163 50802 12868 27610 21729 579 6567 31313 17575
internal_value=-0.00344018 -0.00461672 -0.00271296 -0.00667368 -0.000559936 -0.00723277 -0.00181524 -0.00135489 -0.00201494 -0.00177777 -0.00107813 0.00144199 0.00697485 -0.0037076 0.000821558 -0.00199843 -0.00617051 -0.000295176 0.00172687 -0.00560224 -0.00443778 0.00162342 -0.00803624 -0.00657134 -0.00175215 -0.00301635 -0.00192564 0.00101174 -0.000632325 -0.00223815
internal_weight=489190 347316 180375 166941 141874 149092 137636 124475 103909 88212 73080 53662 5398 46723 48264 17849 13161 13643 10105 42739 33304 41002 115788 12998 62964 35354 14255 7146 57186 25873
internal_count=489190 347316 180375 166941 141874 149092 137636 124475 103909 88212 73080 53662 5398 46723 48264 17849 13161 13643 10105 42739 33304 41002 115788 12998 62964 35354 14255 7146 57186 25873
cat_boundaries=0 5 9 13 17 21 26 28 33 37 41 45 47 52 56 61 65 69 70 74 78
cat_threshold=8569090 72417568 147902080 2951876 1 1078005992 9029139 173280896 293601286 2993692676 134363264 1367740456 103682 1084823880 285281798 6586504 17827508 1090790944 1275343112 60862688 85459224 320077973 2685425163 824185648 603980032 2 2703392898 12 1196436 3800842628 1345454144 5849098 2 369624068 822116957 3760259400 1091706888 138428680 106168522 710107136 2424308692 10551616 16 1076371602 66560 2050 16 1574064 0 512 8192 2 3221229640 9633792 134218274 8388608 16 16386 0 256 2 2282406146 2194229332 206307584 2247685 202375168 1126170692 545923084 69239296 33554434 134742048 2449868884 3760390466 687908154 2181038596 2196766992 1376452608 33554496
is_linear=0
shrinkage=0.1


Tree=23
num_leaves=31
num_cat=22
split_feature=0 3 3 8 0 8 9 9 8 9 9 8 7 6 6 8 8 9 9 10 4 2 9 9 11 9 9 11 9 10
split_gain=162.915 85.1339 82.7139 41.627 37.4844 37.015 32.7163 30.8709 27.9564 23.9551 22.8232 21.2782 20.9509 19.2542 23.62 20.332 19.0873 19.0275 17.8213 16.6784 16.2469 15.262 15.1484 13.316 13.2213 13.7626 12.1889 12.0245 14.9624 11.6312
threshold=27.000000000000004 2.5000000000000004 3.5000000000000004 0 219.00000000000003 1 2 3 4 5 6 7 8 1011.5000000000001 1167.5000000000002 9 10 11 12 13 3855.0000000000005 51.000000000000007 14 15 16 17 18 19 20 21
decision_type=2 2 2 9 2 9 9 9 9 9 9 9 1 2 2 9 9 9 9 9 2 10 9 9 9 9 9 9 9 9
left_child=2 3 8 18 17 9 -4 16 26 -3 -9 -8 -12 27 15 -15 -7 -5 -2 -13 29 24 -6 -23 25 -21 -1 -14 -29 -16
right_child=1 5 6 4 22 7 11 10 -10 -11 12 19 13 14 20 -17 -18 -19 -20 21 -22 23 -24 -25 -26 -27 -28 28 -30 -31
leaf_value=-8.2714932325552191 4.3283717423879935 0.36086938129920104 -7.1890921836464843 -0.86482711665757339 0.29608914987490398 2.7314864451464724 -5.9891043787623035 471.59958858884676 -7.7490004114437632 -2.9459425652013067 -0.83740667537678315 9.0741421885031261 -1.2085156291775165 9.72841809587913 2.719375415727403 2.4469406494400747 -2.5252454561271356 -3.0815272883818525 -0.28021748798587071 12.239360341585458 35.16479845395267 8.7386636710926577 -1.0931824764518137 0.13970018395133377 -4.0379680109613814 -0.71762947633647312 -0.4994320792234514 3.0470614971664078 0.17011260831840258 -1.4682533514131673
leaf_weight=3949 2250 12070 24154 6746 7313 5162 20860 1050 86085 31636 33086 1835 16022 7776 5945 8992 35387 42333 9026 1430 398 1403 18319 5339 49473 4747 7646 7803 22392 8563
leaf_count=3949 2250 12070 24154 6746 7313 5162 20860 1050 86085 31636 33086 1835 16022 7776 5945 8992 35387 42333 9026 1430 398 1403 18319 5339 49473 4747 7646 7803 22392 8563
internal_value=-0.00334124 -0.00177877 -0.00547267 -0.00440264 -0.00525703 -0.000629301 -0.00358208 0.000105774 -0.00758702 -0.00319471 0.000961555 -0.00265897 0.000821986 0.00171743 0.00361684 0.00619155 -0.00225819 -0.00687647 0.00126174 -0.00175709 0.000720513 -0.00203391 -0.00215824 0.00245921 -0.00257862 0.00178277 -0.00296855 0.000416078 0.00159079 0.000173695
internal_weight=489190 282269 206921 85987 74711 196282 109241 152576 97680 43706 112027 85087 110977 77891 31674 16768 40549 49079 11276 64227 14906 62392 25632 6742 55650 6177 11595 46217 30195 14508
internal_count=489190 282269 206921 85987 74711 196282 109241 152576 97680 43706 112027 85087 110977 77891 31674 16768 40549 49079 11276 64227 14906 62392 25632 6742 55650 6177 11595 46217 30195 14508
cat_boundaries=0 4 8 13 17 21 26 31 35 36 40 44 48 53 55 59 63 65 70 75 77 81 83
cat_threshold=1078022608 579405840 207554048 318769157 286286885 201404769 545272016 206049544 8405250 609223464 1089489600 3017412 1 536887586 105193776 213933128 142608084 1080119496 1082180627 170413440 293601318 2152989826 2031124627 50352472 2164264970 2 144 16384 0 0 2 285229056 239870153 1015021872 205576457 17 2297043210 2424308756 2282488324 2523698 2222981632 12713988 134513152 1180720 2317352964 34744452 830476288 536875010 525329 16385 17826336 12298 2 528388 16 2263224836 2283973252 1610617090 1745879298 796825 2147508416 570491144 1342177280 2197854609 13 134226064 33582080 0 155222034 2 1082134848 553713680 1143484418 2147488769 1 2823325726 3 360973901 3221752329 1393558016 2154832161 1611170762 18
is_linear=0
shrinkage=0.1


Tree=24
num_leaves=31
num_cat=20
split_feature=0 3 3 0 9 9 6 8 3 8 9 8 9 8 9 11 7 9 8 6 9 6 8 8 8 11 9 7 6 5
split_gain=150.177 86.2302 69.7354 36.333 34.0603 33.4106 32.6562 29.9394 24.7997 25.8483 21.5275 21.3101 20.7367 19.4329 17.9144 17.8252 17.0722 15.9842 15.9685 15.1825 14.2511 14.4557 17.5795 13.7622 13.5848 13.6387 12.7681 12.6393 17.1811 16.9045
threshold=33.000000000000007 3.5000000000000004 2.5000000000000004 219.00000000000003 0 1 791.50000000000011 2 8.5000000000000018 3 4 5 6 7 8 9 10 11 12 451.50000000000006 13 1159.5000000000002 14 15 16 17 18 19 1171.5000000000002 15.500000000000002
decision_type=2 2 2 2 9 9 2 9 2 9 9 9 9 9 9 9 1 9 9 2 9 2 9 9 9 9 9 1 2 2
left_child=1 7 3 4 11 -3 12 17 9 14 -11 -2 -4 -7 -8 -10 -17 -1 -5 -15 -18 23 -23 -22 -14 -26 -9 28 29 -21
right_child=2 5 6 18 -6 13 8 26 15 10 -12 -13 24 19 -16 16 20 -19 -20 27 21 22 -24 -25 25 -27 -28 -29 -30 -31
leaf_value=-8.1027606767822959 2.0630991480568439 -6.4985635677212432 1.9368839700106451 1.0926438005045991 -2.7079294277438635 -4.9919252987401963 -0.35080356225080406 -4.88961949180747 -2.6899459616043391 -3.4723206919067735 -0.35829351524369873 -1.2478769993083465 -3.8382754156754753 -7.370491689537146 3.8106278499858321 -0.045656111738437588 0.43661791551095919 -0.95403867100919515 -0.70332335072869878 -0.042227086903556012 1.7722222194641937 20.799885336017528 -1.1899284278420259 15.299309017545283 4.1331442643892435 -1.5253419994904558 -7.0957114288793237 -2.9173573665534729 -6.2030851308640305 5.9794944064092235
leaf_weight=3518 2116 27889 7224 6029 43543 20562 7844 17945 5285 11806 60299 7252 12504 6137 9725 8140 4265 10598 24108 18986 2282 794 3566 8245 812 45973 70645 28324 6033 6741
leaf_count=3518 2116 27889 7224 6029 43543 20562 7844 17945 5285 11806 60299 7252 12504 6137 9725 8140 4265 10598 24108 18986 2282 794 3566 8245 812 45973 70645 28324 6033 6741
internal_value=-0.00322656 -0.00518581 -0.00165968 -0.00407451 -0.00565308 -0.0033009 -0.000597256 -0.00729033 0.000372919 -0.000485539 -0.00132358 -0.000179145 -0.00238044 -0.00233233 0.00295295 0.00273598 0.00376456 -0.00300581 -0.00130305 -0.00149794 0.00539505 0.00685574 0.00201835 0.00886577 -0.00299651 -0.00221285 -0.00797179 -0.00101425 0.000355679 0.0014821
internal_weight=489190 217378 271812 83048 52911 114672 188764 102706 122251 89674 72105 9368 66513 86783 17569 32577 27292 14116 30137 66221 19152 14887 4360 10527 59289 46785 88590 60084 31760 25727
internal_count=489190 217378 271812 83048 52911 114672 188764 102706 122251 89674 72105 9368 66513 86783 17569 32577 27292 14116 30137 66221 19152 14887 4360 10527 59289 46785 88590 60084 31760 25727
cat_boundaries=0 5 10 14 18 22 26 31 35 39 40 41 46 50 54 58 62 66 68 72 73
cat_threshold=2450532533 1056775 2711884336 536940554 2 8438018 877691688 7359040 2951876 1 1078284488 1082182674 170134912 294649894 2200392 8457876 1076772896 268583991 545315 2254766112 676383776 1351616192 1073807744 537659395 2287010304 33554432 93064371 3222814922 809501200 2483028224 2 287313920 1178607817 1015554354 205543496 149063968 747119022 143786112 10506241 274276357 17 1084489984 541130768 1076367490 67113984 1 134302162 12665044 202114688 50465287 159408416 1074135446 3800123408 13140672 106961473 503450114 348266536 199811 9463392 206184899 612380930 71503872 290522149 1275600961 580919442 94900488 12416 8 2321809408 134362241 1619400240 612373794 106
is_linear=0
shrinkage=0.1


Tree=25
num_leaves=31
num_cat=23
split_feature=1 3 3 9 9 8 11 0 9 0 0 9 9 8 3 8 8 9 9 9 8 9 8 9 8 10 8 8 8 10
split_gain=142.318 82.7557 56.5083 54.9719 36.3169 31.5816 30.5508 29.8026 27.5703 24.0665 23.642 23.1828 20.2555 17.8558 17.8075 18.1904 15.6662 15.1568 15.0939 13.1755 12.9399 12.8554 12.4746 12.0678 11.9219 11.3233 11.2217 10.987 10.8859 10.3334
threshold=51.000000000000007 2.5000000000000004 2.5000000000000004 0 1 2 3 183.00000000000003 4 297.00000000000006 1.0000000180025095e-35 5 6 7 7.5000000000000009 8 9 10 11 12 13 14 15 16 17 18 19 20 21 22
decision_type=8 2 2 9 9 9 9 2 9 2 2 9 9 9 2 9 9 9 9 9 9 9 9 9 9 9 9 9 9 9
left_child=1 12 4 27 16 8 11 20 -4 14 18 -5 29 -9 15 -7 25 -17 -8 -11 -6 24 -13 -16 -12 -2 -23 -3 -20 -1
right_child=2 3 5 6 7 9 10 13 -10 19 21 22 -14 -15 23 17 -18 -19 28 -21 -22 26 -24 -25 -26 -27 -28 -29 -30 -31
leaf_value=0.58628517590487095 5.9013591603325208 1.0051055019571027 39.955896066282044 -3.1679476320281164 -1.5719378817188645 -3.1236533486503131 -6.2500127101781295 0.27895968108528413 1.5774974225866774 -2.5276410744485887 0.15141549784867986 -1.6474901779191846 -5.9525361252514246 -1.1819829514012172 -4.1116624663358543 -2.4740004501312942 0.92861870396744561 -0.29632099587029165 0.34739977773687669 1.3663772369365412 -3.2214622111831099 2.1499872898218713 4.5366668058245123 1.0830605255486216 -4.8130923321654313 -1.6048338909524966 -1.0991558956446823 -6.0340297795489004 -5.0006575426267235 -4.6441665424327887
leaf_weight=3334 314 1786 2538 7770 10555 22018 24006 9144 21839 5587 5801 3339 59020 18840 7702 20626 8550 39347 6638 30401 24290 6472 9934 28860 13082 6459 17065 40010 28935 4928
leaf_count=3334 314 1786 2538 7770 10555 22018 24006 9144 21839 5587 5801 3339 59020 18840 7702 20626 8550 39347 6638 30401 24290 6472 9934 28860 13082 6459 17065 40010 28935 4928
internal_value=-0.00310636 -0.00490135 -0.00148559 -0.00369502 -0.00372889 -0.000505709 -0.00262995 -0.00479304 0.00283881 -0.00103338 -0.00334569 0.000839308 -0.00785678 -0.0023635 -0.001721 -0.00253943 0.000637185 -0.00163597 -0.00463066 0.00123152 -0.00674559 -0.00154173 0.003378 0.000114324 -0.00348436 -0.00295297 1.8259e-05 -0.00682821 -0.00331985 -0.003206
internal_weight=489190 232120 257070 164838 78152 178918 123042 62829 24377 154541 101999 21043 67282 27984 118553 81991 15323 59973 59579 35988 34845 42420 13273 36562 18883 6773 23537 41796 35573 8262
internal_count=489190 232120 257070 164838 78152 178918 123042 62829 24377 154541 101999 21043 67282 27984 118553 81991 15323 59973 59579 35988 34845 42420 13273 36562 18883 6773 23537 41796 35573 8262
cat_boundaries=0 5 10 14 16 21 25 30 34 38 42 46 50 54 58 62 66 70 74 75 79 82 86 88
cat_threshold=1074446592 2254438696 2286963744 1076757188 1 2417109013 194567 2164527906 536940802 2 3228111176 268435974 7182080 269485335 2197985668 25 4241 35667968 33554722 1073742848 2 77600773 831750800 2228352 562107433 2151753916 153602 830738432 2684420099 2 1275218240 2428658836 70590732 2228740 118498337 1191227721 579870802 138412608 201330784 3389031680 603981836 32832 1275758880 493027360 1327170 276899056 373294598 806193681 1084293184 22030377 176689472 71704618 680547120 2290090432 3422769984 2160214724 68616192 295829504 71303683 269230164 1719767104 743541784 2281734658 1078861952 310976516 270705665 156435 105251076 1082153098 546048706 2210400000 3228582274 335544354 205472 258 176854282 4849813 3229696044 37817600 2147487816 2148532226 32800 1107559748 536870914 1214627904 2229284 530368 24
is_linear=0
shrinkage=0.1


Tree=26
num_leaves=31
num_cat=25
split_feature=0 3 3 0 9 9 8 8 9 6 8 8 9 9 11 8 10 9 11 8 8 8 9 9 8 8 8 7 9 9
split_gain=140.297 71.3778 70.584 40.3853 35.6245 31.4615 29.165 28.6691 26.5173 23.7921 22.6059 20.3093 18.7931 18.2476 15.6574 18.254 15.427 16.5937 15.502 15.3378 13.9262 13.1954 12.3778 12.1644 11.2418 10.6988 10.4949 10.6571 10.4143 10.3357
threshold=15.000000000000002 2.5000000000000004 3.5000000000000004 177.00000000000003 0 1 2 3 4 751.50000000000011 5 6 7 8 9 10 11 12 13 14 15 16 17 18 19 20 21 22 23 24
decision_type=2 2 2 2 9 9 9 9 9 2 9 9 9 9 9 9 9 9 9 9 9 9 9 9 9 9 9 1 9 9
left_child=2 3 7 4 10 6 -3 22 -4 14 -2 -11 25 -5 15 -7 26 18 -18 -14 -15 -19 -1 -22 -6 -10 -13 -28 -9 -17
right_child=1 5 8 13 24 9 -8 28 12 11 -12 16 19 20 -16 29 17 21 -20 -21 23 -23 -24 -25 -26 -27 27 -29 -30 -31
leaf_value=-6.8702757587930794 2.3553181339210134 0.61269721000632549 -6.5216258841756547 -1.8106226398034382 -1.6365391907109303 -2.5308384229454641 -3.7052160438756143 -4.9789206923413136 -1.8758213948786402 9.3432581213287769 -1.2302622455839001 -3.4614412658517377 4.6877296393251582 -0.88630222207810372 -2.0538360444859469 3.5837693082748419 11.357657408837925 -1.1089308022945261 2.2007607038205723 -2.0481796443394216 1.2523024873204063 1.1448641245863229 -0.13817866590648717 -0.13115757516738299 -2.9139359388617465 -5.0694191836402993 1.0713803302869358 -1.1506163995474563 -7.0324727963867382 0.4101726212260024
leaf_weight=3839 1941 11404 20570 10098 11157 7428 27601 15624 8491 5788 8020 6784 4413 9659 33583 3626 1713 21151 15564 39401 6324 32770 7607 11229 33861 24731 14370 18439 59829 12175
leaf_count=3839 1941 11404 20570 10098 11157 7428 27601 15624 8491 5788 8020 6784 4413 9659 33583 3626 1713 21151 15564 39401 6324 32770 7607 11229 33861 24731 14370 18439 59829 12175
internal_value=-0.0030201 -0.00170225 -0.00519634 -0.00402421 -0.00574747 -0.00069333 -0.00325901 -0.00726925 -0.00335082 -0.000115976 -0.000331965 0.000701754 -0.00249799 -0.00148486 -0.00179399 0.000202674 0.000399723 0.00127963 0.00397582 -0.00113728 -0.000136657 0.000415158 -0.00259777 0.00154131 -0.00694413 -0.00429165 -0.00118249 -0.000441515 -0.00797649 0.00212447
internal_weight=489190 304685 184505 92289 54979 212396 39005 86899 97606 173391 9961 116579 77036 37310 56812 23229 110791 71198 17277 43814 27212 53921 11446 17553 45018 33222 39593 32809 75453 15801
internal_count=489190 304685 184505 92289 54979 212396 39005 86899 97606 173391 9961 116579 77036 37310 56812 23229 110791 71198 17277 43814 27212 53921 11446 17553 45018 33222 39593 32809 75453 15801
cat_boundaries=0 5 10 14 18 23 27 31 35 39 40 44 46 51 53 57 61 65 70 75 79 83 87 88 92 97
cat_threshold=2419075221 139271 2711884336 536940555 2 536920352 107217184 1816189984 8980164 1 3296854600 2160132642 38294282 10851344 1080119496 1082179603 170413952 286261286 1074413826 609222952 1089489600 1076626116 1 65920 537397251 2286944768 33555456 2169160 8390144 1770016 311427094 378569732 2449572433 2315325448 286459945 34144 541655296 1245798592 356522740 1108522374 26805537 1208104005 278929412 335861000 1418115156 32 2469658844 8445632 285409432 2101504 2 1107296258 2 1355350351 939558418 1210220608 209 272375853 1295253512 817889540 406954272 3289514533 604123210 549479432 2398977 1082396992 557907984 69218818 5121 1 211169808 3372280451 25297440 1073741827 3 3456320322 2160476736 369557520 19005456 3355508808 1636830210 2721649314 41943588 378020359 1113751623 1249914946 67503104 38 2186559488 16923777 1166414888 612439043 2642543765 1611677704 512 2148573224 2
is_linear=0
shrinkage=0.1


Tree=27
num_leaves=31
num_cat=22
split_feature=0 3 3 0 9 8 9 8 9 9 8 8 10 9 5 6 8 8 7 11 6 8 9 8 11 8 8 11 4 8
split_gain=129.145 67.9734 67.6853 42.6437 31.1957 30.8529 27.6153 26.8156 23.3458 22.522 21.1695 20.8981 20.0032 17.6253 18.0114 23.0527 19.454 18.2999 17.3395 16.8855 16.314 15.7093 15.421 14.6494 14.5936 12.584 12.4381 12.3931 11.2568 13.3178
threshold=9.0000000000000018 3.5000000000000004 2.5000000000000004 123.00000000000001 0 1 2 3 4 5 6 7 8 9 15.500000000000002 1084.5000000000002 10 11 12 13 1025.5000000000002 14 15 16 17 18 19 20 105.00000000000001 21
decision_type=2 2 2 2 9 9 9 9 9 9 9 9 9 9 2 2 9 9 1 9 2 9 9 9 9 9 9 9 2 9
left_child=1 7 3 4 11 22 -3 -1 21 26 -11 -2 -10 -14 19 17 -17 -16 20 23 27 -7 -4 -15 -8 -26 -5 -19 -12 -30
right_child=2 6 5 9 -6 8 24 -9 12 10 28 -13 13 14 15 16 -18 18 -20 -21 -22 -23 -24 -25 25 -27 -28 -29 29 -31
leaf_value=-2.744491367502329 2.5139480152184928 -5.4966447790116266 0.10374927265695011 -0.089041801764793149 -2.932477512364319 -3.8872122219269372 1.2293590098952543 -6.5264298086933739 -0.86955446201274222 -1.0145884339825868 1.671252415997919 -1.2771996211149652 304.25144812702581 -0.68296858695703189 0.14560642396328238 9.6140198232161627 -0.27963040916189869 6.7943372655663739 1.8259174764142507 -1.2297021332284004 11.590735255183837 0.1732799166141008 -2.8004196950047096 2.0077170886154865 -0.24575487195681223 -4.1723033148232407 -2.7422682977393151 -0.65983806263921485 -0.72517888300048183 0.75530984150397174
leaf_weight=11022 1318 23453 8775 3490 38228 20422 9999 70171 45944 13493 3077 6133 1367 13836 5235 3688 25257 2031 4595 27636 4053 11817 28002 16697 13814 44180 10343 1617 10064 9433
leaf_count=11022 1318 23453 8775 3490 38228 20422 9999 70171 45944 13493 3077 6133 1367 13836 5235 3688 25257 2031 4595 27636 4053 11817 28002 16697 13814 44180 10343 1617 10064 9433
internal_value=-0.0029093 -0.00510945 -0.0017094 -0.00393277 -0.00614046 -0.000747699 -0.00323973 -0.00721528 -0.000219595 -0.00191183 -0.000595118 -0.000215791 0.000299012 0.00105431 0.000906309 0.00237413 0.000640868 0.00523587 0.00734113 -0.000266295 0.0102438 -0.00266334 -0.00339169 0.00135448 -0.00221799 -0.00282636 -0.00534061 0.0054057 0.00127789 0.00039134
internal_weight=489190 172639 316551 95579 45679 220972 91446 81193 184195 49900 36067 7451 151956 106012 104645 46476 28945 17531 12296 58169 7701 32239 36777 30533 67993 57994 13833 3648 22574 19497
internal_count=489190 172639 316551 95579 45679 220972 91446 81193 184195 49900 36067 7451 151956 106012 104645 46476 28945 17531 12296 58169 7701 32239 36777 30533 67993 57994 13833 3648 22574 19497
cat_boundaries=0 5 9 14 18 22 26 30 34 36 41 45 49 50 52 56 61 65 67 71 75 77 81
cat_threshold=2419075253 141315 2711884336 536940554 2 286270497 201335113 545267792 67637512 34226432 609223456 1089489024 1094582980 1 1078022344 1082179603 169889680 294649894 537411874 107216944 750836816 8390356 558432 543752448 173105216 356519668 272375853 1295032328 813826308 138486112 1073807744 524291 2285896192 33554432 1426534416 48 144 16448 0 0 2 2169416 1082150404 790560 134351878 4456960 1125026434 68687146 138570944 114 1174812548 12 170559748 2200437760 2551255048 189024897 5251202 1763180562 33558864 2432831784 2 2187401992 1074959492 2181038118 157524992 2164431121 25 3288662860 539099170 36274880 11666964 1342308360 8388624 393236 2179076 2248576072 1 2235570178 2450393728 2321576072 285524480
is_linear=0
shrinkage=0.1


Tree=28
num_leaves=31
num_cat=22
split_feature=1 3 9 3 8 0 9 9 9 7 9 11 9 9 8 0 8 8 9 6 10 9 6 11 9 7 8 8 11 0
split_gain=121.943 73.5014 49.1235 47.6519 45.2009 41.7083 28.6379 23.5038 20.2066 20.1314 19.9761 19.0983 16.6559 13.5905 13.2204 12.5852 17.7282 12.5347 11.7244 11.6805 13.8339 10.5746 10.5187 10.9926 12.6904 14.2875 10.1156 9.94896 10.0835 9.6896
threshold=39.000000000000007 2.5000000000000004 0 4.5000000000000009 1 261.00000000000006 2 3 4 5 6 7 8 9 10 -1.0000000180025095e-35 11 12 13 447.50000000000006 14 15 746.50000000000011 16 17 18 19 20 21 87.000000000000014
decision_type=8 2 9 2 9 2 9 9 9 1 9 9 9 9 9 2 9 9 9 2 9 9 2 9 9 1 9 9 9 2
left_child=1 8 -3 4 10 6 27 15 -1 13 -2 26 -11 -5 21 -4 -17 -14 -7 20 -13 -8 -19 24 25 -24 -9 -6 -29 -10
right_child=3 2 7 9 5 18 14 11 29 12 -12 19 17 -15 -16 16 -18 22 -20 -21 -22 -23 23 -25 -26 -27 -28 28 -30 -31
leaf_value=-2.1173680403356983 2.0305525681996683 -5.0542023661439819 -4.8691211786523043 3.506428247499414 -1.2542018344164205 -2.0663364834020408 -0.20276650873453086 -2.0437884932872499 -5.390159782183443 -2.6374838463814863 -0.35011487318066659 21.79998509018348 -0.74703858895902908 -1.9651683255298389 -2.6505766877546453 1.1096705824219477 -2.8683248747149013 0.097249753301034747 0.087491036013938137 -1.5131015545734698 -7.6651852941330407 -1.9471463490174132 67.255818939649274 0.84180627010883669 3.6720119731344241 6.4311268637494283 3.2087673336680527 6.8098339014828868 0.05506004326501969 -1.2800107642883409
leaf_weight=8418 8816 37722 26284 4979 14313 5938 7369 4208 50717 14754 13778 180 15224 31998 43692 5236 14171 17552 30673 50239 4143 16250 784 16128 21447 1100 9930 521 9551 3075
leaf_count=8418 8816 37722 26284 4979 14313 5938 7369 4208 50717 14754 13778 180 15224 31998 43692 5236 14171 17552 30673 50239 4143 16250 784 16128 21447 1100 9930 521 9551 3075
internal_value=-0.00280055 -0.00458854 -0.00340425 -0.00140639 -0.00259979 -0.00332591 -0.00446541 -0.00237157 -0.00748433 4.63006e-05 0.00152451 -0.00120216 0.000877134 -0.00190797 -0.00552889 -0.00412923 -0.00219869 0.00150252 -0.000472811 -0.00205087 -0.0070391 -0.00361801 0.00218323 0.00308953 0.00447667 0.0123337 0.00207238 -0.00152695 0.000880775 -0.0081971
internal_weight=489190 214323 152113 274867 150901 128307 91696 114391 62210 123966 22594 68700 86989 36977 67311 45691 19407 72235 36611 54562 4323 23619 57011 39459 23331 1884 14138 24385 10072 53792
internal_count=489190 214323 152113 274867 150901 128307 91696 114391 62210 123966 22594 68700 86989 36977 67311 45691 19407 72235 36611 54562 4323 23619 57011 39459 23331 1884 14138 24385 10072 53792
cat_boundaries=0 5 9 13 17 22 23 28 30 34 39 43 47 51 55 57 61 63 67 68 72 76 78
cat_threshold=1076543744 108003616 3360704672 1074660036 1 1073856984 550063140 5064320 268435479 2163220492 134393991 2442006560 538247426 67113987 2952888921 77664320 288435241 2151689404 149506 830734848 3758161923 2 17 63046833 16864261 3238265600 1361056040 2 2197985664 25 1749565762 2219049056 142660096 4034921194 3218648 540038275 33620384 272701443 2 2424438786 2197815504 68290816 19285504 46187776 73400708 294 4704385 25387044 637641832 805331058 205525032 268502371 4194369 1786996736 281025396 2049 24 134611520 303038976 1207959560 1141002249 1728286346 13 69210128 23680 1093664930 131072 36 2166360578 1381894144 310976524 271459584 1053216 3256914192 645933070 19173920 1107296387 4
is_linear=0
shrinkage=0.1


Tree=29
num_leaves=31
num_cat=22
split_feature=0 3 9 0 9 3 8 8 9 8 9 9 3 9 8 11 8 1 9 9 8 8 2 11 8 0 11 8 7 10
split_gain=117.034 100.81 43.3874 36.6219 29.331 26.0009 25.6455 24.7214 24.0765 20.482 20.3394 18.583 18.0689 18.7081 17.426 15.8498 14.8337 14.1355 14.0622 13.7737 13.447 13.0129 12.6007 12.3044 11.0001 10.9541 13.6863 10.8387 10.6907 15.3533
threshold=51.000000000000007 1.5000000000000002 0 351.00000000000006 1 8.5000000000000018 2 3 4 5 6 7 7.5000000000000009 8 9 10 11 99.000000000000014 12 13 14 15 45.000000000000007 16 17 -20.999999999999996 18 19 20 21
decision_type=2 2 9 2 9 2 9 9 9 9 9 9 2 9 9 9 9 10 9 9 9 9 10 9 9 2 9 9 1 9
left_child=1 8 27 4 14 7 12 22 17 -7 -9 16 13 -6 -2 19 -8 -1 24 -13 -17 -12 23 -4 -5 -23 -27 -3 29 -20
right_child=3 2 5 18 6 9 11 10 -10 -11 21 15 -14 -15 -16 20 -18 -19 28 -21 -22 25 -24 -25 -26 26 -28 -29 -30 -31
leaf_value=-3.6518031139306544 -0.38105071751744896 -5.965631633552098 -4.2507571311906416 13.105810722579129 -0.57690355226479417 -3.5255358333267797 1.7101513297255952 -3.5814886482021677 -4.7337646057928611 1.2688062606971606 -5.196104765004776 2.4389461073633609 0.51598219775064769 -2.3098795037711368 -3.4343711405363031 -1.5696790432320327 0.10462241447030429 2.1721662940189481 -1.103447934929185 -0.026218475385548907 -0.15582714857561372 -3.489349682773673 4.0059313780948607 0.87523376582796431 1.5376410826013434 1.8156945979796442 -1.3396628928520735 -3.1803631856152581 -0.462129060787281 2.4450448844706436
leaf_weight=11782 7276 17831 5960 2364 15575 12467 7941 30904 49965 29769 15069 4400 10808 24682 19382 38313 13622 738 4276 9766 41454 18057 3017 10307 8626 7954 12143 20463 20862 13417
leaf_count=11782 7276 17831 5960 2364 15575 12467 7941 30904 49965 29769 15069 4400 10808 24682 19382 38313 13622 738 4276 9766 41454 18057 3017 10307 8626 7954 12143 20463 20862 13417
internal_value=-0.0027012 -0.00423641 -0.00305756 -0.00114284 -0.00176479 -0.00226951 -0.00127159 -0.00312356 -0.00770665 -0.000178997 -0.00386358 -0.000446386 -0.00313755 -0.00411283 -0.00484401 -0.00105415 0.00220043 -0.00377494 0.00128267 0.00202737 -0.00160159 -0.00267748 0.000106767 -0.000994039 0.00443636 -0.00169375 -8.80752e-05 -0.00605263 0.000382469 0.00219002
internal_weight=489190 246426 183941 242764 193219 145647 166561 103411 62485 42236 84127 115496 51065 40257 26658 93933 21563 12520 49545 14166 79767 53223 19284 16267 10990 38154 20097 38294 38555 17693
internal_count=489190 246426 183941 242764 193219 145647 166561 103411 62485 42236 84127 115496 51065 40257 26658 93933 21563 12520 49545 14166 79767 53223 19284 16267 10990 38154 20097 38294 38555 17693
cat_boundaries=0 5 9 13 17 22 26 30 35 39 43 45 49 54 59 63 67 69 73 75 79 80 82
cat_threshold=1073791234 609255792 72378496 1076628164 1 1073758528 73728288 239200417 278924004 302260773 1225830760 2726306192 67666184 1074086220 545310214 33850272 294716452 2152807609 16920576 1636565792 536875267 2 134479872 1280057817 940179744 222392328 539629057 2468938244 1210057032 80946432 18088085 1627444231 823395096 2752512256 2 2351113224 1091799 16908302 604241930 125993024 550016132 2252506752 50561029 1663119746 22 84088008 537545347 1073873442 17901136 18088605 19617793 2147486346 1075945475 2 235577344 2592079872 3223322628 806920 1 97062912 2150253698 38 50805282 327286787 1124470793 536882198 71598146 1479086154 8 590942 75502098 46335040 32914 3875553158 1 303073029 773857745 12587392 71307976 14 139330756 48
is_linear=0
shrinkage=0.1


Tree=30
num_leaves=31
num_cat=24
split_feature=3 0 0 9 9 9 6 9 3 8 8 8 8 10 9 9 9 8 11 9 9 9 2 11 11 8 11 8 8 8
split_gain=110.241 78.0405 65.408 38.051 29.804 29.6358 26.5416 23.1618 19.7877 19.9559 18.2628 17.9541 17.8732 16.0331 15.6704 15.3752 14.6146 14.4738 13.6744 18.16 13.5407 13.416 12.7198 12.481 12.3362 11.26 11.2096 13.1932 12.3047 10.4199
threshold=2.5000000000000004 93.000000000000014 1.0000000180025095e-35 0 1 2 751.50000000000011 3 8.5000000000000018 4 5 6 7 8 9 10 11 12 13 14 15 16 87.000000000000014 17 18 19 20 21 22 23
decision_type=2 2 2 9 9 9 2 9 2 9 9 9 9 9 9 9 9 9 9 9 9 9 10 9 9 9 9 9 9 9
left_child=1 5 3 -2 -4 22 11 -3 9 16 -9 -6 -7 29 25 -11 -8 -16 19 -13 -12 -10 -1 -23 -21 -15 27 -17 -28 -5
right_child=2 7 4 13 6 12 8 10 21 15 20 18 -14 14 17 26 -18 -19 -20 24 -22 23 -24 -25 -26 -27 28 -29 -30 -31
leaf_value=-3.2481385104244525 -4.7596863461307777 -1.7523308027410534 -7.3311601840084863 -3.7121061363368479 -2.3335130704178368 -2.6425289841780617 9.8429477195696844 -0.93052891012761829 5.9988840480617114 -1.8819399262790382 -0.43324092744157705 -1.2981733883552602 -3.7479688373189903 -1.4073547218761082 1.9692318698936859 14.356982713064717 0.54767585105228378 -2.4713210991978127 -1.043574474747796 2.1078555960852401 0.68440842767475119 -3.0996838456425722 2.1487543091804904 2.7712012084609761 30.496558538283047 -4.6332740925097058 -2.2768856991638535 1.7618315541036023 0.16694915289221043 9.6849398361020587
leaf_weight=10372 30505 14233 11744 701 20109 24916 3015 16579 9896 25011 14362 5830 49532 9579 8242 538 13661 38303 40960 4786 13670 5372 1770 23880 1118 24964 10620 1243 52040 1639
leaf_count=10372 30505 14233 11744 701 20109 24916 3015 16579 9896 25011 14362 5830 49532 9579 8242 538 13661 38303 40960 4786 13670 5372 1770 23880 1118 24964 10620 1243 52040 1639
internal_value=-0.00261003 -0.00491797 -0.0016336 -0.00359273 -0.000662382 -0.00682758 -0.000397959 -0.00210795 0.000382993 -0.000325835 -0.000986309 -0.00195638 -0.00757447 -0.00248664 -0.00272239 -0.000917934 0.00284909 -0.00152401 -0.000985506 0.00202316 0.000569857 0.00230459 -0.00223996 0.00122616 0.0059283 -0.00433624 -0.000101009 0.00769961 -0.000323921 0.00565957
internal_weight=489190 145434 343756 113933 229823 86590 218079 58844 145276 106128 44611 72803 74448 83428 81088 89452 16676 46545 52694 11734 28032 39148 12142 29252 5904 34543 64441 1781 62660 2340
internal_count=489190 145434 343756 113933 229823 86590 218079 58844 145276 106128 44611 72803 74448 83428 81088 89452 16676 46545 52694 11734 28032 39148 12142 29252 5904 34543 64441 1781 62660 2340
cat_boundaries=0 5 9 14 18 22 26 30 34 36 40 44 49 53 54 58 63 68 70 71 75 77 81 85 89
cat_threshold=1074446594 72385320 1081100416 4063940 1 16384 71565408 201377824 8389316 2152213688 133123 1636569888 2684432642 2 558432 4718848 172089537 2506099444 1075909960 8454788 3047464 461399063 289153069 1295024392 813711364 134521184 354419745 1275666880 3120701520 338170120 136336128 2188001360 3579772948 2099201 1074270213 16 379585540 841547793 2357268544 1094793257 67731491 2199986696 1618018880 1884302352 34603152 3273874432 1090519042 4026534912 3 373556557 675316754 1080393728 152044691 33600980 5833034 2468553088 4395088 1627479040 3261075594 8523800 1345454342 672044288 1 371693704 553735169 3211264 70452481 3 408430613 16 33555776 3221307720 1101023238 39967266 42206224 67586 4 16777729 131328 134217728 131072 16785953 939700320 546317318 131336 139591681 34115712 4194308 16816256
is_linear=0
shrinkage=0.1


Tree=31
num_leaves=31
num_cat=22
split_feature=0 3 3 8 0 8 9 6 9 6 9 9 8 8 9 9 7 9 9 8 0 3 9 11 9 9 8 11 9 8
split_gain=103.146 60.8245 51.7475 38.6287 32.8425 26.7421 26.2183 23.2221 25.5787 23.3587 24.5377 23.1164 21.451 19.2647 18.8897 18.0615 16.5363 17.3036 15.859 15.2576 21.0341 15.1292 14.9458 14.3755 15.0927 14.1587 13.3211 13.1973 12.9101 12.5641
threshold=1.0000000180025095e-35 3.5000000000000004 2.5000000000000004 0 141.00000000000003 1 2 944.50000000000011 3 1143.5000000000002 4 5 6 7 8 9 10 11 12 13 2613.0000000000005 10.500000000000002 14 15 16 17 18 19 20 21
decision_type=2 2 2 9 2 9 9 2 9 2 9 9 9 9 9 9 1 9 9 9 2 2 9 9 9 9 9 9 9 9
left_child=1 5 3 15 14 -1 -4 8 -8 12 -11 -3 27 22 -5 -2 17 -14 -6 20 -12 -19 -10 24 -15 -25 -18 -9 -7 -13
right_child=2 11 6 4 18 28 7 9 13 10 19 29 16 23 -16 -17 26 21 -20 -21 -22 -23 -24 25 -26 -27 -28 -29 -30 -31
leaf_value=-2.1328682344852266 2.8781213508108827 -5.4348675043870367 -6.6396180379160006 -0.79730028015406162 -2.285492322006911 -3.4973638207944826 559.69231522327198 6.3445977436294054 0.25907024091143438 24.406959334222194 2.8388644633920914 -3.9292011044891497 12.109766374344289 -4.2637654662768183 -2.2658595240627082 -0.23130662984070255 4.2824876824201272 1.2016813052559749 -0.21295509225546427 -1.2285523456985237 51.668413347350509 23.785616898015434 -2.7057616033657683 -1.2162203455931868 -0.29442446989961629 0.61426781506174266 0.32876100920530149 -2.491351880975488 -5.3878462070852358 -1.239032754430534
leaf_weight=10963 3317 17481 11726 11209 8625 15431 568 899 6628 954 4448 14239 5189 7103 34854 11629 7119 7882 29369 40740 35 1390 23505 28625 9541 40327 25286 7858 48883 53367
leaf_count=10963 3317 17481 11726 11209 8625 15431 568 899 6628 954 4448 14239 5189 7103 34854 11629 7119 7882 29369 40740 35 1390 23505 28625 9541 40327 25286 7858 48883 53367
internal_value=-0.00252111 -0.00460041 -0.00150706 -0.00341838 -0.00425102 -0.00667096 -0.000683702 -0.000435889 -0.00140133 0.000666992 -0.00099552 -0.00276858 0.00204717 -0.00150589 -0.00604672 0.00126638 0.00289572 0.00570727 -0.00207507 -0.00133155 0.00419986 0.0031114 -0.00368013 -0.000740137 -0.00337697 -0.000103248 0.00163967 -0.00249458 -0.00744886 -0.00192943
internal_weight=489190 160364 328826 99003 84057 75277 229823 218097 116297 101800 46177 85087 55623 115729 46063 14946 46866 14461 37994 45223 4483 9272 30133 85596 16644 68952 32405 8757 64314 67606
internal_count=489190 160364 328826 99003 84057 75277 229823 218097 116297 101800 46177 85087 55623 115729 46063 14946 46866 14461 37994 45223 4483 9272 30133 85596 16644 68952 32405 8757 64314 67606
cat_boundaries=0 4 8 12 17 22 27 31 35 39 44 45 49 53 57 61 63 68 72 76 77 81 85
cat_threshold=1208045968 583616528 73336320 58722309 1078284488 1619050515 170149776 25165862 16384 71565408 134269984 8389316 144 16384 0 0 2 6297728 136192 4224 2684354560 2 1107869952 72417576 1089489024 1093405380 1 1122912 1107437673 77084096 67246280 289497129 1275409736 2852134928 69734664 2384663172 168966278 1635782658 537923587 268960785 16793603 18350624 12296 2 34 2298779720 1644216832 51445762 204349459 1574243 272629776 191979584 272669432 6299210 1082329602 13639720 172164226 2485395458 563675154 20971524 201477123 2890434560 7 12616996 553853440 2159017984 678269977 1 2281832706 312710160 625021134 1208028176 3366472962 281018374 409207312 454098966 262210 2186297344 134888481 1166152744 620762122 16916482 138682825 814228752 104954121
is_linear=0
shrinkage=0.1


Tree=32
num_leaves=31
num_cat=20
split_feature=1 3 9 8 0 3 9 8 6 9 11 9 10 8 8 8 9 2 8 9 0 8 8 10 0 8 9 5 0 8
split_gain=95.7525 74.7821 42.5288 30.985 34.0478 34.4667 26.0943 24.9562 21.241 19.5275 19.1167 22.2279 17.7312 16.4812 15.6346 13.8835 12.1212 13.9127 17.0521 10.8944 10.0044 17.7179 9.98105 9.90656 9.87316 9.53336 9.35597 8.89261 8.80241 9.37825
threshold=45.000000000000007 2.5000000000000004 0 1 297.00000000000006 4.5000000000000009 2 3 461.50000000000006 4 5 6 7 8 9 10 11 279.00000000000006 12 13 57.000000000000007 14 15 16 33.000000000000007 17 18 15.500000000000002 -8.9999999999999982 19
decision_type=8 2 9 9 2 2 9 9 2 9 9 9 9 9 9 9 9 8 9 9 2 9 9 9 2 9 9 2 2 9
left_child=1 7 25 9 5 6 -5 24 12 -2 11 13 -4 -10 -12 26 -6 18 -18 -7 -9 -22 -13 -21 -1 -3 -8 -11 -16 -30
right_child=3 2 8 4 16 19 15 20 10 27 14 22 -14 -15 28 -17 17 -19 -20 23 21 -23 -24 -25 -26 -27 -28 -29 29 -31
leaf_value=-3.10914265495708 11.460514096461559 0.72084216670498924 21.567734208625243 -0.32227991399600392 -2.5647156532594373 -3.6092070227680879 0.16561147899849496 -3.986493982769554 2.215122096230743 -0.45362004792127419 -0.4509771464635467 5.055084847895003 -4.3515629115786236 -2.243629886311842 -4.0128799971067455 -2.2360507071805324 4.1177312101264647 0.18890831711059888 1.0410557553550792 0.57203082508811365 1.7887591737392698 -2.3097755087673426 0.81533810185716704 -1.1728498585400129 0.77810240987860368 -4.0670506136530218 -1.3753707487949076 1.4870089664197377 -3.597056303986947 -0.49361184789927304
leaf_weight=10639 4076 2313 176 30919 6333 11120 5744 45874 5297 17579 23385 6710 12316 16957 20223 34891 1591 40571 5341 37580 1085 4337 14489 31687 2852 36080 23233 15181 6380 14231
leaf_count=10639 4076 2313 176 30919 6333 11120 5744 45874 5297 17579 23385 6710 12316 16957 20223 34891 1591 40571 5341 37580 1085 4337 14489 31687 2852 36080 23233 15181 6380 14231
internal_value=-0.00243137 -0.00395775 -0.00278808 -0.00114901 -0.00158196 -0.00225799 -0.00354975 -0.00682035 -0.0018618 0.00154263 -0.0014091 0.000210982 -0.00576529 -0.00199605 -0.00250495 -0.00470397 0.000617428 0.00116536 0.00530583 -0.000734823 -0.00782677 -0.00376614 0.0025277 -0.000268057 -0.00298571 -0.00568524 -0.00308311 0.000729323 -0.00368573 -0.00223231
internal_weight=489190 223344 158557 265846 229010 175174 94787 64787 120164 36836 107672 43453 12492 22254 64219 63868 53836 47503 6932 80387 51296 5422 21199 69267 13491 38393 28977 32760 40834 20611
internal_count=489190 223344 158557 265846 229010 175174 94787 64787 120164 36836 107672 43453 12492 22254 64219 63868 53836 47503 6932 80387 51296 5422 21199 69267 13491 38393 28977 32760 40834 20611
cat_boundaries=0 5 9 13 17 22 24 28 30 34 38 42 46 50 54 58 62 64 68 73 77
cat_threshold=1074446592 2254438688 2287032480 1074529988 1 3225506264 545786372 5048192 310378519 2224431118 1208004743 2424443904 538247434 1212240080 3767058451 1308885776 285214756 144 134239233 2718960416 1073744128 2 2231540614 9 278925313 822321684 25165888 166957113 2049 16 92815616 287330324 2651717632 2080 3235120200 2737831937 1746977124 264852 226656770 2199209170 68306944 19272736 134811968 71565352 1804628512 2424310724 67272707 403861520 75497472 134378624 71360770 2252736608 142629000 813728736 109217538 303170948 65540 167989760 445349957 369229840 67239936 153194113 2855800268 8 2147488328 2148007938 536903680 1024 134218240 807535120 1275068424 86118401 1 369115653 402710534 2155876352 69342560
is_linear=0
shrinkage=0.1


Tree=33
num_leaves=31
num_cat=23
split_feature=0 3 3 8 0 8 9 6 9 9 8 9 8 9 9 10 8 10 8 4 9 9 8 9 7 8 9 2 11 9
split_gain=95.489 53.703 46.5216 34.9215 33.7889 25.6886 24.3168 23.5282 20.1162 19.2233 17.5549 16.2632 17.5321 15.9948 15.136 15.117 14.7211 14.6397 14.4123 13.9783 13.9574 13.922 13.7829 13.5253 13.2127 11.9069 11.8361 11.3588 10.1435 11.1637
threshold=-1.0000000180025095e-35 3.5000000000000004 2.5000000000000004 0 117.00000000000001 1 2 469.50000000000006 3 4 5 6 7 8 9 10 11 12 13 75.000000000000014 14 15 16 17 18 19 20 99.000000000000014 21 22
decision_type=2 2 2 9 2 9 9 2 9 9 9 9 9 9 9 9 9 9 9 2 9 9 9 9 1 9 9 10 9 9
left_child=1 5 3 17 9 -1 -4 15 -3 16 25 12 -12 -6 -7 -8 -5 -2 19 21 -17 -15 -10 -19 28 -9 -24 -20 29 -13
right_child=2 8 6 4 13 14 7 10 22 -11 11 24 -14 18 -16 20 -18 23 27 -21 -22 -23 26 -25 -26 -27 -28 -29 -30 -31
leaf_value=-1.8415983583688804 4.5894134437191747 -5.4120527445073767 -9.258949218785764 0.87081783022508863 -2.4912484209979122 -2.9878445844925978 54.013957310629451 16.995398209528158 -3.8681928024765941 -2.2998451373793003 -2.8643937436002971 10.401378901587428 -0.28237913401377107 -0.49923489877313854 -5.0142631957460839 1.266110539554554 -1.3946811332668005 4.7918905842286437 1.0283465490375319 -1.1439016008872045 -3.1179542302777552 1.9403350268842878 -2.6296115415805348 -0.17203308061230765 0.3762751244817566 2.6121707737694102 0.28558486839851244 -0.087409615209956423 -0.90822321843951836 -0.61102831736229146
leaf_weight=10610 798 14003 6394 3207 7443 16004 100 215 13934 30183 20992 1162 26352 857 42690 2143 9597 1121 3532 16054 13197 799 23636 14608 108167 14114 27053 14282 44344 1599
leaf_count=10610 798 14003 6394 3207 7443 16004 100 215 13934 30183 20992 1162 26352 857 42690 2143 9597 1121 3532 16054 13197 799 23636 14608 108167 14114 27053 14282 44344 1599
internal_value=-0.00234224 -0.00446428 -0.00142238 -0.0032046 -0.00401378 -0.00649371 -0.000657472 -0.000489901 -0.00267545 -0.00599647 -0.000221487 -0.000460753 -0.00208304 -0.0020311 -0.00731194 -0.00426166 -0.00274232 0.00100562 -0.00114651 -0.00316592 -0.00452118 0.00557971 -0.00192982 0.000331022 3.40003e-05 0.00315991 -0.00116354 0.000861757 -0.00136369 0.0045074
internal_weight=489190 147930 341260 102481 85954 69304 238779 232385 78626 42987 216945 202616 47344 42967 58694 15440 12804 16527 35524 17710 15340 1656 64623 15729 155272 14329 50689 17814 47105 2761
internal_count=489190 147930 341260 102481 85954 69304 238779 232385 78626 42987 216945 202616 47344 42967 58694 15440 12804 16527 35524 17710 15340 1656 64623 15729 155272 14329 50689 17814 47105 2761
cat_boundaries=0 4 8 12 17 21 25 29 33 38 42 43 47 49 53 58 62 66 71 72 76 80 82 87
cat_threshold=1208048016 2731343888 73336320 25167877 1078022344 1619050519 169887632 26214438 0 71565344 51232 8389316 1116226816 72417576 1089554560 1076626116 1 471929476 2835527814 830476320 537923587 10492232 8389120 5964840 412090582 1086898464 2183331905 3998289922 537463824 437329956 2634653889 134230272 17308425 270009697 4194320 175235200 272637676 1 2186563588 16923681 1166151720 553653546 2048 35651584 18435 3389001728 33752288 1077940227 12 272375817 1159729416 2963292420 407150882 131867792 3221225986 67108864 2416062720 2 150994944 1225261056 0 1 270672896 71312328 881337616 71432456 525312 16386 1049088 12296 2 17 0 8388608 0 4 336724486 3005776384 2164265296 269687849 1644199938 14 303104154 134217858 268566528 0 2
is_linear=0
shrinkage=0.1


Tree=34
num_leaves=31
num_cat=20
split_feature=1 3 3 9 9 9 8 0 9 6 3 8 8 0 8 4 9 9 9 10 3 9 9 8 11 9 9 9 8 4
split_gain=87.5703 47.048 45.1849 34.7416 33.3411 21.2411 21.1847 22.6152 20.9329 21.2267 19.1538 17.6706 17.4009 14.6554 13.93 13.4351 17.5149 13.8331 12.6848 12.314 11.877 11.0384 10.9415 10.4584 16.0609 12.0434 10.4319 9.78867 9.76421 9.75853
threshold=1.0000000180025095e-35 2.5000000000000004 2.5000000000000004 0 1 2 3 93.000000000000014 4 469.50000000000006 8.5000000000000018 5 6 213.00000000000003 7 105.00000000000001 8 9 10 11 7.5000000000000009 12 13 14 15 16 17 18 19 315.00000000000006
decision_type=8 2 2 9 9 9 9 2 9 2 2 9 9 2 9 2 9 9 9 9 2 9 9 9 9 9 9 9 9 2
left_child=1 5 3 13 -3 28 -5 -8 -4 19 11 21 -6 -2 -12 16 -9 -17 -13 -10 26 -11 -16 -20 25 -25 -14 -26 -1 -29
right_child=2 4 8 6 12 -7 7 15 9 10 14 18 20 -15 22 17 -18 -19 23 -21 -22 -23 -24 24 27 -27 -28 29 -30 -31
leaf_value=0.51703021092273238 -2.5793550010554385 -4.7611736990900093 -10.839028768124255 0.54260731252979311 0.23799867630711269 -4.2303713970605203 -1.4758411259271618 1.8007539952279741 5.9936269508003273 12.653889678710573 -2.2161610569158774 -1.6470238017865158 -3.3980532262418652 -0.70755114813897679 7.8763183099082346 0.19011394413920807 -0.24717416827238964 -0.94513764449874227 0.32857080514805082 -2.5874102982947118 -1.1572527159262305 0.44392665336864506 1.521786579977803 9.232819819332839 -4.4249199030449864 0.8829332336683442 -1.7236301786981543 2.4926357920784312 -3.1512813884788233 -0.90307045873175784
leaf_weight=3980 19029 22891 4043 12203 20753 32920 26489 2642 1218 2056 11280 34851 17071 8011 5814 9750 3480 19804 35914 14724 20128 22932 43302 975 9269 1949 25564 2986 7126 46036
leaf_count=3980 19029 22891 4043 12203 20753 32920 26489 2642 1218 2056 11280 34851 17071 8011 5814 9750 3480 19804 35914 14724 20128 22932 43302 975 9269 1949 25564 2986 7126 46036
internal_value=-0.00225148 -0.00425924 -0.00135989 -0.00312678 -0.0031217 -0.00700859 -0.00200974 -0.00275754 -0.000604976 -0.000481152 -0.000222854 -0.000805135 -0.00219405 -0.00619594 0.00129048 -0.00111448 0.0031493 -0.0019977 -0.00126677 -0.00400326 -0.00302407 0.00163293 0.00201807 -0.000679338 -0.00147407 0.00574642 -0.00396975 -0.00183719 -0.00321699 -0.00127305
internal_weight=489190 150433 338757 101408 106407 44026 74368 62165 237349 233306 217364 156968 83516 27040 60396 35676 6122 29554 131980 15942 62763 24988 49116 97129 61215 2924 42635 58291 11106 49022
internal_count=489190 150433 338757 101408 106407 44026 74368 62165 237349 233306 217364 156968 83516 27040 60396 35676 6122 29554 131980 15942 62763 24988 49116 97129 61215 2924 42635 58291 11106 49022
cat_boundaries=0 4 9 14 18 22 26 30 34 38 42 46 48 53 58 62 64 69 73 77 81
cat_threshold=1073774912 7405824 173105217 1428720372 67682304 108004648 3362805920 788164 1 3359648932 16934914 3783655936 3892379651 2 1107493008 13172758 1145640832 42080391 0 71303200 49152 8389316 1075960136 8457732 819592 311452694 28574028 570475030 1380171872 132260 151019812 537731292 302041442 67268616 2148532224 2290098176 131076 1064962 713439240 2198243983 16777234 134217728 1078576928 2149786177 1745885256 1627393040 35653697 20 1200 18432 1610614784 1342180352 3 103652504 21506 540016640 67449130 2 503972868 2488287458 1413486080 153094273 2147553282 4 2281701376 310378624 2147614720 2621440 1 35787555 537071685 33652992 1374894080 41943041 268435584 2149711904 407961600 1073827856 536920083 1243611396 285212836
is_linear=0
shrinkage=0.1


Tree=35
num_leaves=31
num_cat=25
split_feature=0 3 3 8 9 9 8 9 9 8 0 11 6 10 8 9 8 11 9 9 9 8 9 8 9 9 8 8 11 11
split_gain=85.7999 55.6423 38.7154 32.0059 29.111 28.5124 22.8465 20.9621 18.8994 17.2851 16.8924 16.0605 15.3422 14.9453 16.2167 14.7024 13.7941 13.7492 13.4891 13.2223 13.0782 12.7625 12.3084 12.2762 9.61912 9.53828 9.43204 9.25931 9.09265 9.07631
threshold=-1.0000000180025095e-35 1.5000000000000002 2.5000000000000004 0 1 2 3 4 5 6 219.00000000000003 7 709.50000000000011 8 9 10 11 12 13 14 15 16 17 18 19 20 21 22 23 24
decision_type=2 2 2 9 9 9 9 9 9 9 2 9 2 9 9 9 9 9 9 9 9 9 9 9 9 9 9 9 9 9
left_child=1 8 3 -2 -3 10 -7 9 -1 -4 27 22 16 14 -14 28 -9 18 -8 -19 26 -22 -6 -13 -18 -25 -15 -5 -16 -11
right_child=2 4 7 5 11 6 17 12 -10 29 -12 23 13 20 15 -17 24 19 -20 -21 21 -23 -24 25 -26 -27 -28 -29 -30 -31
leaf_value=-2.3083180721559802 -1.8814325798216402 -4.1161873330520118 -4.3613262295907465 -0.84964932696804851 3.8356178876917202 0.89148442289473351 1.3337178801184877 0.76639488305982362 -4.8294001931831394 -1.9927280481762832 -0.19043209345971379 -0.099222861412156582 4.1866862076309621 1.0840349013319401 8.0520164414804061 -0.22181039049648837 -3.0254678412746983 -1.3634890895239318 -0.84760540275504415 -0.22626928908760982 0.48594734503005954 -2.2588104907959852 -1.3912207843514837 -1.9304703254330506 -0.72425168066693268 -3.2135488371314254 -0.23447103564691263 -2.3101746806311474 2.0861828791328834 1.0901390051609896
leaf_weight=9535 19369 23910 15239 7518 5943 10629 4250 11773 27502 13540 8441 13691 10396 16969 1475 32253 12273 13254 4069 21017 12857 24248 7652 27547 35618 32150 27840 13934 14109 10189
leaf_count=9535 19369 23910 15239 7518 5943 10629 4250 11773 27502 13540 8441 13691 10396 16969 1475 32253 12273 13254 4069 21017 12857 24248 7652 27547 35618 32150 27840 13934 14109 10189
internal_value=-0.00216481 -0.0041763 -0.00129286 -0.00291869 -0.00305547 -0.00206468 -0.000676138 -0.000595071 -0.0075322 -0.00271641 -0.00453567 -0.00220512 -0.000181215 0.000390516 0.00161513 0.000836623 -0.0015242 -0.00171127 0.0019342 -0.00259648 -0.000480204 -0.00186852 0.000951854 -0.00279 -0.00227783 -0.00340949 0.00066958 -0.00602834 0.0033577 -0.00102743
internal_weight=489190 147930 341260 102481 110893 83112 53219 238779 37037 38968 29893 86983 199811 140147 58233 47837 59664 42590 8319 34271 81914 37105 13595 73388 47891 59697 44809 21452 15584 23729
internal_count=489190 147930 341260 102481 110893 83112 53219 238779 37037 38968 29893 86983 199811 140147 58233 47837 59664 42590 8319 34271 81914 37105 13595 73388 47891 59697 44809 21452 15584 23729
cat_boundaries=0 4 9 14 18 22 27 31 33 35 39 44 48 50 54 58 62 66 71 75 80 84 88 92 94 96
cat_threshold=270270501 201330696 564187491 68166042 1073922306 72352552 1081174144 1076628164 1 606530 33620240 1074831808 292472404 1 42042768 545802259 1213793792 42142725 536887584 105250912 1816185888 1619529428 5311549 16920578 1636565808 536875275 2 170919201 2334203968 406913280 122180232 2202179845 25 2857895554 2 10688584 10543633 917506 285507630 2148569244 1207967360 287506568 134635818 2 34767178 2185248810 74449696 176226535 2164371843 31 2584907776 1753483778 276824068 1048576 437387776 1619266560 295698438 1610625024 1090913793 1762230788 268435526 2239184897 3221406792 2710635014 2422473216 35721411 139469464 1241831442 8388678 134406162 2 3288678472 536872999 36230112 11535382 1642569 270593045 2175860874 4292648 1 2576621604 3279954113 268567060 218152971 138969160 269099392 1343496484 25550922 17154 29361284 393216 2114560 1107299330 10 1549314315 4
is_linear=0
shrinkage=0.1


Tree=36
num_leaves=31
num_cat=23
split_feature=0 3 9 9 0 9 6 10 8 8 9 8 0 9 8 9 9 8 1 9 11 8 7 8 9 0 8 8 9 11
split_gain=80.3603 87.0636 34.3888 28.008 27.3647 24.5086 18.9541 18.8001 18.4131 17.1576 20.6724 17.1267 15.863 17.7573 15.2448 15.1184 14.6856 14.4517 13.573 13.1635 11.5851 17.3952 12.4917 27.4702 17.8801 14.4471 12.0125 11.2513 10.6005 10.4487
threshold=39.000000000000007 1.5000000000000002 0 1 255.00000000000003 2 461.50000000000006 3 4 5 6 7 -20.999999999999996 8 9 10 11 12 75.000000000000014 13 14 15 16 17 18 2613.0000000000005 19 20 21 22
decision_type=2 2 9 9 2 9 2 9 9 9 9 9 2 9 9 9 9 9 10 9 9 9 1 9 9 2 9 9 9 9
left_child=1 3 27 18 5 11 7 -4 19 10 -7 -2 13 -10 -14 -6 17 -11 -1 -8 21 -17 23 24 -22 26 -24 -3 -16 -18
right_child=4 2 6 -5 15 9 8 -9 12 16 -12 -13 14 -15 28 20 29 -19 -20 -21 22 -23 25 -25 -26 -27 -28 -29 -30 -31
leaf_value=-2.2414800594216033 -3.6277117601330762 -1.2531941022225994 18.367868147910482 -3.0536655274062894 -2.0797463866160792 -2.5966525787910193 -0.15765622919226552 -3.5170472395645818 -2.8056544818009641 1.7614457876970591 -0.35607736696316722 -1.0234707434002985 3.8161157044795999 -0.166833946634173 1.3569091927714911 13.279600272068292 0.45184018485961747 0.20960601862132702 1.7465513066184788 -3.2450745144954101 1.4239447280237751 0.96636384089120198 -1.241021157949274 0.1955025906343692 13.415445285296196 28.995971447288873 0.22632272340632845 -4.119423414127251 -0.53359391604593609 -0.60223342357188903
leaf_weight=11126 12378 8690 264 45358 9190 14552 7547 14714 21785 3906 17972 10710 4261 28763 10253 2096 21506 15691 1072 17047 2762 3708 9759 12494 2552 211 34460 24524 32297 87542
leaf_count=11126 12378 8690 264 45358 9190 14552 7547 14714 21785 3906 17972 10710 4261 28763 10253 2096 21506 15691 1072 17047 2762 3708 9759 12494 2552 211 34460 24524 32297 87542
internal_value=-0.00207977 -0.00345326 -0.00231597 -0.00681528 -0.000883749 -0.00154605 -0.00161537 -0.00497263 -0.00120317 -0.00110927 -0.003161 -0.00459261 -0.000585302 -0.00181372 0.000741063 0.000696341 -0.000590341 0.00192941 -0.00255407 -0.00364738 0.00121054 0.00547987 0.00081159 0.0030486 0.00906461 -8.55109e-05 -0.000210093 -0.00520227 0.000169171 -0.0010433
internal_weight=489190 227701 170145 57556 261489 184257 136931 14978 121953 161169 32524 23088 97359 50548 46811 77232 128645 19597 12198 24594 68042 5804 62238 17808 5314 44430 44219 33214 42550 109048
internal_count=489190 227701 170145 57556 261489 184257 136931 14978 121953 161169 32524 23088 97359 50548 46811 77232 128645 19597 12198 24594 68042 5804 62238 17808 5314 44430 44219 33214 42550 109048
cat_boundaries=0 5 10 15 17 21 25 29 33 37 41 45 50 54 59 61 65 66 70 74 78 82 87 89
cat_threshold=1073791234 74449272 1148217472 1074531012 1 2152795325 143360 1636566816 536875275 2 1627406593 71434352 138537121 268439268 1 2049 16 27273217 1313222720 76033110 71315720 309076512 1073852520 2743099776 201854986 412090376 271058180 4130341184 3296493840 1061893 1328562969 1207996480 85001096 379718660 688488960 2155938370 288559145 65864 8423968 41390976 65543 943784032 71565320 1786831104 2961185732 1312924 3222328845 907281168 2214854912 2 2239762632 545261955 73531938 3146772 2446663688 1225692800 8454212 2701148161 2 2703327299 12 92865112 2460103938 2155881476 153288720 12 140788227 7346198 2316042500 24117378 2192841730 1770001940 131204 1275084818 27592226 6491176 2692751662 68321352 2156032064 2428569602 436240932 8486960 292684480 537412227 2164293904 2170720259 2 3808506752 22
is_linear=0
shrinkage=0.1


Tree=37
num_leaves=31
num_cat=22
split_feature=3 0 0 8 9 9 9 9 8 8 9 9 4 8 8 9 8 11 8 10 8 3 8 11 4 9 2 9 8 6
split_gain=78.579 66.9195 36.7194 29.1919 25.3542 23.2316 22.355 18.5797 18.2139 18.0942 24.355 18.9568 17.7345 22.1565 18.7331 15.1191 13.0565 12.937 12.2886 12.0311 15.5248 13.3914 14.7632 14.8386 11.6822 10.5319 10.0018 9.63794 9.48321 9.47451
threshold=2.5000000000000004 51.000000000000007 -20.999999999999996 0 1 2 3 4 5 6 7 8 105.00000000000001 9 10 11 12 13 14 15 16 6.5000000000000009 17 18 45.000000000000007 19 99.000000000000014 20 21 522.50000000000011
decision_type=2 2 2 9 9 9 9 9 9 9 9 9 2 9 9 9 9 9 9 9 9 2 9 9 2 9 10 9 9 2
left_child=1 3 4 26 -2 17 8 -5 -3 10 -7 18 14 -14 24 -15 -6 -4 -11 20 -13 22 23 -21 -8 -25 -1 -24 -23 -12
right_child=2 6 5 7 16 9 12 -9 -10 11 29 19 13 15 -16 -17 -18 -19 -20 21 -22 28 27 25 -26 -27 -28 -29 -30 -31
leaf_value=-1.3257453566874913 -3.8926421806360283 -0.06075978350279479 -7.2336960577732441 -1.7392054130743291 -0.0166996386487849 -2.1344181538280189 3.9585350477515506 -2.6759919815236879 -3.0241528135954696 142.24492280202031 -2.1147950196218819 6.7861303472341392 -1.1032272196702817 -0.54351320158267125 0.069832628410782416 0.45389416664376941 -2.9841345560781871 0.051604004450148261 0.81980213236829558 1.1698226947370154 0.29833878691732479 -1.1101238137963239 0.86587372059399614 -0.33554818578010975 1.5651346558601922 -2.8091498767047107 1.9065596848569375 -0.47744093328444387 1.5952057828268913 0.37149307248810337
leaf_weight=11268 19431 5322 10978 12034 20548 32152 180 46161 10300 1400 4190 2642 19277 16954 6045 14644 38937 4566 36205 5481 5653 18465 11521 9913 2064 27926 1185 29843 34363 29542
leaf_count=11268 19431 5322 10978 12034 20548 32152 180 46161 10300 1400 4190 2642 19277 16954 6045 14644 38937 4566 36205 5481 5653 18465 11521 9913 2064 27926 1185 29843 34363 29542
internal_value=-0.00201987 -0.0039684 -0.0011955 -0.00617541 -0.00308886 -0.000631327 -0.00188351 -0.00711537 -0.00524693 -0.000397345 -0.00181868 0.000113288 -0.000994358 -0.00169337 0.00329473 -6.26448e-05 -0.0020632 -0.00438087 0.00211485 -0.000403042 0.00329319 -0.000626229 -0.0014057 -0.00269559 0.0110736 -0.00340009 -0.00177566 -5.41427e-05 0.000623152 5.86782e-05
internal_weight=489190 145434 343756 70648 78916 264840 74786 58195 15622 249296 65884 183412 59164 50875 8289 31598 59485 15544 37605 145807 8295 137512 84684 43320 2244 37839 12453 41364 52828 33732
internal_count=489190 145434 343756 70648 78916 264840 74786 58195 15622 249296 65884 183412 59164 50875 8289 31598 59485 15544 37605 145807 8295 137512 84684 43320 2244 37839 12453 41364 52828 33732
cat_boundaries=0 4 9 13 17 21 25 29 33 38 42 46 51 55 57 61 62 66 70 72 76 80 84
cat_threshold=1073828224 545882130 240191376 327157767 1342881794 608273192 7358592 3015364 1 536887552 104857696 201378848 8389316 1091077473 4194560 240246849 2415954676 2349924364 151138304 3783267328 4098 1342308360 8912916 131088 35930116 419962917 1812148577 679485520 69734664 1242202627 2149655317 3490775040 22650928 1192493713 1073796609 33882376 2433646632 2 287055909 3306323976 2558656644 139255810 2148007938 2148663296 2147483652 134558209 576790666 713753728 276955270 5116930 1 1078788424 547374134 138445440 143787700 425208905 1 67174472 25165826 4194304 276824068 3221749767 8554496 274743312 1074003968 10785 106103042 2435337730 2215120940 134515296 2164470144 16 4358150 2147483932 4194304 608239618 402850920 2283995146 2157973632 1074792722 8717058 302547100 3590881410 157697
is_linear=0
shrinkage=0.1


Tree=38
num_leaves=31
num_cat=22
split_feature=3 0 6 9 8 9 11 9 9 5 8 8 6 7 5 7 8 10 0 9 7 9 9 8 8 8 7 8 2 10
split_gain=71.9416 63.1001 34.8879 26.726 25.4689 22.9004 22.8391 31.4672 26.9602 24.0085 27.193 27.0966 23.8616 22.6123 22.4455 46.0396 27.0809 23.0247 22.7131 21.8108 19.3225 18.9042 17.6763 17.6048 17.4129 17.3153 17.1941 15.8709 15.7534 15.6159
threshold=2.5000000000000004 21.000000000000004 819.50000000000011 0 1 2 3 4 5 18.500000000000004 6 7 1022.5000000000001 8 21.500000000000004 9 10 11 -68.999999999999986 12 13 14 15 16 17 18 19 20 63.000000000000007 21
decision_type=2 2 2 9 9 9 9 9 9 2 9 9 2 1 2 1 9 9 2 9 1 9 9 9 9 9 1 9 10 9
left_child=1 3 5 28 -3 -2 7 -4 -8 11 -11 12 -10 -14 21 16 17 -16 -19 23 -7 26 -13 -6 -9 -21 -12 -5 -1 -22
right_child=2 4 6 27 19 20 8 24 9 10 14 22 13 -15 15 -17 -18 18 -20 25 29 -23 -24 -25 -26 -27 -28 -29 -30 -31
leaf_value=-2.1416858561364402 -4.6015117165959305 -1.6552191215869243 13.359931496647418 -2.3802474794196296 -2.2623398573677136 -0.15704667948914816 -4.2452105429986577 -3.7245620116912885 0.8312481297812232 12.065470749666218 4.0339268825115013 -1.84113242699754 21.018207141636807 4.4598732699387531 40.396545045366402 -0.95923919154497261 3.3384808297219219 56.255562910852326 3.6565179803235033 -0.4476343555845631 -0.13854214920107574 -3.0431259269198043 0.39483335105713446 -0.43004531468103702 3.3467001313801767 0.34027436883388673 -1.2384835469901621 -3.1458259002551423 2.3512389664430171 -1.9472379940970059
leaf_weight=7427 19004 15216 3625 16085 9081 49545 16298 4915 17621 2239 3636 19706 1687 9541 536 14476 1917 81 707 25942 18764 28684 48045 13314 10279 25567 9386 31435 1367 63064
leaf_count=7427 19004 15216 3625 16085 9081 49545 16298 4915 17621 2239 3636 19706 1687 9541 536 14476 1917 81 707 25942 18764 28684 48045 13314 10279 25567 9386 31435 1367 63064
internal_value=-0.0019424 -0.00380682 -0.00115361 -0.00642718 -0.00215103 -0.00229603 -0.000265233 0.00304371 -0.000622102 -0.000223163 -0.00176478 0.000760867 0.00332686 0.00693088 -0.0021727 0.000808825 0.0115626 0.0225337 0.0113033 -0.00138323 -0.00182619 -0.0034398 -0.000332199 -0.00398795 0.00104314 -0.000250201 -0.00027778 -0.00736377 -0.0013562 -0.00276986
internal_weight=489190 145434 343756 56314 89120 150377 193379 18819 174560 158262 61662 96600 28849 11228 59423 17717 3241 1324 788 73904 131373 41706 67751 22395 15194 51509 13022 47520 8794 81828
internal_count=489190 145434 343756 56314 89120 150377 193379 18819 174560 158262 61662 96600 28849 11228 59423 17717 3241 1324 788 73904 131373 41706 67751 22395 15194 51509 13022 47520 8794 81828
cat_boundaries=0 5 9 14 16 21 25 29 33 34 35 39 40 45 46 51 55 59 63 67 68 72 74
cat_threshold=4795576 145409 2710312736 2684367104 2 1836068 67145736 564187619 201859482 1073824072 104861745 3474020482 536871620 1 2734786562 13 168345730 2181321088 1074921472 134217747 2 13123650 2252604610 1082379392 708 6363720 8391170 1053216 1026 3668449282 2962229776 405241864 11534880 32 4 163840 20484 2147745796 1483425 262410 4735307 6357264 1074831552 1097500212 1 104 1393829380 805864196 137363464 2422642696 1 370189824 2752804 137368096 2017496376 41951232 402679811 3355443216 1216576 2159708674 2437941954 411303944 62208 1428174923 3241281280 302260244 268730912 10 2319475456 2187870288 1280770064 69206017 682134085 13
is_linear=0
shrinkage=0.1


Tree=39
num_leaves=31
num_cat=18
split_feature=0 3 9 8 9 0 8 9 8 9 3 4 9 4 7 8 11 8 9 6 7 2 8 0 0 0 4 10 9 8
split_gain=69.984 59.5496 30.5158 27.0593 26.5519 22.7285 24.8118 22.0011 16.2462 19.9837 18.8668 18.2875 15.4165 15.3592 14.2758 13.2169 12.3769 11.4004 10.7524 10.3888 13.9323 9.80594 20.6372 11.0902 9.87647 20.3533 20.7963 13.0332 12.2826 15.0943
threshold=1.0000000180025095e-35 1.5000000000000002 0 1 2 255.00000000000003 3 4 5 6 6.5000000000000009 105.00000000000001 7 285.00000000000006 8 9 10 11 12 1365.5000000000002 13 249.00000000000003 14 8280.0000000000018 519.00000000000011 567.00000000000011 195.00000000000003 15 16 17
decision_type=2 2 9 9 9 2 9 9 9 9 2 2 9 2 1 9 9 9 9 2 1 8 9 2 2 2 2 9 9 9
left_child=1 7 3 -2 -3 6 13 -1 9 10 11 17 -10 -4 15 -6 -5 -8 -18 -16 -21 22 -7 24 -23 26 -26 -27 29 -29
right_child=2 4 5 16 14 21 8 -9 12 -11 -12 -13 -14 -15 19 -17 18 -19 -20 20 -22 23 -24 -25 25 27 -28 28 -30 -31
leaf_value=-1.548333045706852 -5.2767737898018954 -3.2734972454143176 -1.1279763230044295 5.2958029492064149 1.7697937426392565 3.6381309243659623 1.393554782288525 -3.2938101933458053 0.84181389607271184 -0.095175438211479474 0.74879133233958162 -1.8898746968984808 -0.1967027537595224 -1.0350124376051646 -2.2656941485663769 -1.057615952599231 -0.42736236496979246 -0.81963904536605614 -4.2511503481600403 38.691608949621155 -0.79209621622247828 -0.24905454630390989 0.47931206044025765 872.95123706938944 2.6841507423015902 -1.1112586038584569 2.5446833739628651 52.220061226231941 0.44461065718387194 6.123670091354688
leaf_weight=9673 17246 25619 13487 433 11676 3711 1282 30538 24332 47226 8525 26205 64508 30172 43911 37802 19917 994 7727 356 789 33675 8883 45 735 7368 2276 334 6902 2843
leaf_count=9673 17246 25619 13487 433 11676 3711 1282 30538 24332 47226 8525 26205 64508 30172 43911 37802 19917 994 7727 356 789 33675 8883 45 735 7368 2276 334 6902 2843
internal_value=-0.00187249 -0.00358522 -0.00103721 -0.00344628 -0.00247044 -0.00065193 -0.00114894 -0.00691627 -0.000611389 -0.00160633 -0.00334612 -0.00458236 0.000332018 -0.00327899 -0.00169593 -0.000522957 -0.00152989 0.00401581 -0.00179504 -0.00298363 0.00641921 0.000961179 0.00347467 0.000376903 0.000335652 0.00206863 0.00966124 0.000758294 0.00309347 0.00823031
internal_weight=489190 160364 328826 45323 120153 283503 216731 40211 173072 84232 37006 28481 88840 43659 94534 49478 28077 2276 27644 45056 1145 66772 12594 54178 54133 20458 3011 17447 10079 3177
internal_count=489190 160364 328826 45323 120153 283503 216731 40211 173072 84232 37006 28481 88840 43659 94534 49478 28077 2276 27644 45056 1145 66772 12594 54178 54133 20458 3011 17447 10079 3177
cat_boundaries=0 4 8 13 17 22 26 31 36 37 41 43 47 51 52 56 58 63 67
cat_threshold=1614823712 71565424 239200257 276859636 137363973 136450049 3378589769 84280012 1073922306 72352056 1081174144 1076628164 1 277618721 1543615560 578847872 67645710 2152795197 143360 1636566832 536875275 2 124785156 556794624 2148016470 291800608 34674696 839065600 1345323204 3914363912 1 389417113 536899585 808452656 2165452800 2 106 1079328844 1621098534 140824960 9438357 2147549184 16 1048576 17825792 2147483648 262144 1614807328 80 167837696 276858928 4 369590275 2563928208 2684354564 134378112 743178252 18 1081493 137001985 3246395618 17891339 2 373325828 1048576 196608 16777219
is_linear=0
shrinkage=0.1


Tree=40
num_leaves=31
num_cat=22
split_feature=0 3 3 9 8 8 9 9 8 0 6 9 9 11 8 7 3 8 8 0 9 9 10 4 11 10 8 8 9 8
split_gain=66.3757 37.9051 34.319 30.588 31.1194 23.9791 20.3972 19.3068 17.4526 16.9738 16.6569 15.5712 14.8035 14.0338 17.0361 13.8027 14.553 12.4733 11.7781 11.1477 11.0179 10.9174 10.4507 10.4214 9.95693 9.9202 9.73133 9.36953 9.28096 9.01642
threshold=-20.999999999999996 3.5000000000000004 2.5000000000000004 0 1 2 3 4 5 117.00000000000001 465.50000000000006 6 7 8 9 10 9.5000000000000018 11 12 117.00000000000001 13 14 15 45.000000000000007 16 17 18 19 20 21
decision_type=2 2 2 9 9 9 9 9 9 2 2 9 9 9 9 1 2 9 9 2 9 9 9 2 9 9 9 9 9 9
left_child=1 5 3 8 9 -1 -4 22 19 -5 11 27 -3 14 25 20 17 -17 -14 -2 -12 -7 24 -15 -6 -9 -18 -8 -22 -25
right_child=2 12 6 4 7 21 10 13 -10 -11 15 -13 18 23 -16 16 26 -19 -20 -21 28 -23 -24 29 -26 -27 -28 -29 -30 -31
leaf_value=-1.126666309562175 -1.4248533137342918 -3.9426048614766014 -9.8671156163441704 -1.3113898286169774 3.1463498762635056 -2.6772575050651053 8.4436668208358849 9.3611170454768899 -3.7531290667148767 -0.33204939681812368 34.511286890172904 -2.4844464497034338 -3.9832283106405555 2.400359468474492 -0.13802447686409902 -1.3513998991269178 -0.91029924333516732 0.10581786927000965 -0.73157728677579748 0.063714176119885418 -1.6156158343156926 -3.8165369499856037 0.051495332766380145 -0.97140393280241855 0.91471744880080463 1.5156448931251139 3.1423745185959326 0.1434429517497178 -0.34820032351002006 -0.2380275758606295
leaf_weight=10173 6316 11872 5314 19651 821 10710 467 276 12623 16273 891 14301 9091 166 8285 20277 9767 108108 38988 5321 23005 30779 6175 13089 5670 2411 29974 3126 49610 15660
leaf_count=10173 6316 11872 5314 19651 821 10710 467 276 12623 16273 891 14301 9091 166 8285 20277 9767 108108 38988 5321 23005 30779 6175 13089 5670 2411 29974 3126 49610 15660
internal_value=-0.0018036 -0.00394605 -0.00117028 -0.00263153 -0.00176828 -0.00593125 -0.000548258 -0.000217456 -0.00577668 -0.00403629 -0.000422526 -0.00336649 -0.00223533 -0.00129759 0.00174649 -0.000204528 0.000295235 -0.00022238 -0.00145335 -0.00297673 -0.00134746 -0.00699752 0.00318239 -0.0024529 0.00598215 0.00865035 0.00196749 0.00251734 -0.00148365 -0.00259801
internal_weight=489190 111613 377577 112737 88477 51662 264840 52553 24260 35924 259526 17894 59951 39887 10972 241632 168126 128385 48079 11637 73506 41489 12666 28915 6491 2687 39741 3593 72615 28749
internal_count=489190 111613 377577 112737 88477 51662 264840 52553 24260 35924 259526 17894 59951 39887 10972 241632 168126 128385 48079 11637 73506 41489 12666 28915 6491 2687 39741 3593 72615 28749
cat_boundaries=0 4 8 12 16 21 25 30 35 37 41 42 46 50 55 60 62 64 65 69 73 77 81
cat_threshold=1099466080 6291728 239198273 268471028 288628838 1561370888 813703172 139239456 1077956808 1619575830 173541264 25165862 0 71303168 52224 8389316 335675411 553674755 2972455472 1610690569 2 1342308617 411045908 16 35930116 400294032 2687009410 131368 2216833280 2 1350583300 609812776 15812736 1074660036 1 587283328 27 2147663872 2181038080 1275199488 1245184 17 1363681313 671133763 545284804 117965068 10494976 205791688 1186473234 138745864 1073807512 20482 8 0 2 3226746884 16918560 3850506296 83891235 2 39061131 12 1074003978 4 525314 151085057 541679868 436245248 67268628 1114120 6307842 262212 295425 21553443 3221489728 1265631814 18359312 2248179713 2181448768 2147614720 198144
is_linear=0
shrinkage=0.1


Tree=41
num_leaves=31
num_cat=24
split_feature=0 3 9 8 9 9 9 9 8 8 8 9 9 10 9 0 8 4 8 11 10 9 11 8 9 9 5 8 11 0
split_gain=60.3863 48.0721 27.8476 23.2089 35.5104 21.6588 20.4927 19.9142 15.0165 14.8926 14.3027 19.1565 14.8882 14.9733 20.622 13.6197 13.0327 12.3413 11.4819 11.425 10.5295 11.1443 9.30721 13.3043 8.96226 8.61981 8.09546 9.74814 7.98361 7.89671
threshold=-8.9999999999999982 1.5000000000000002 0 1 2 3 4 5 6 7 8 9 10 11 12 183.00000000000003 13 105.00000000000001 14 15 16 17 18 19 20 21 13.500000000000002 22 23 237.00000000000003
decision_type=2 2 9 9 9 9 9 9 9 9 9 9 9 9 9 2 9 2 9 9 9 9 9 9 9 9 2 9 9 2
left_child=1 6 8 4 15 -3 -1 16 -2 -7 11 17 -12 14 -14 -4 -5 28 19 -6 -11 -22 23 25 -24 -15 -23 -28 -9 -19
right_child=2 5 3 7 18 9 -8 10 -10 20 12 -13 13 22 -16 -17 -18 29 -20 -21 21 26 24 -25 -26 -27 27 -29 -30 -31
leaf_value=-1.4935006549490539 -7.0174001722764379 -3.3029116148686732 -2.0621378855424068 -0.11717647906471636 2.0948675370179632 -2.4794481054026956 -3.2311880171445253 3.4797370010165363 -1.1286647944040646 -1.8366638482615785 0.49020634990822576 -0.0041100565728881544 7.7898988744702553 -0.31525359976742728 0.60306117666123038 -0.48150801714760549 1.2337088581686646 -1.6711809947242466 -0.62963042930232471 0.029247777609221377 2.353178342965617 -1.9327085373879378 1.5429475541389859 -0.21485045880183626 -0.37981303946237571 -1.5448060698041297 -2.1367950588993141 2.5322113642900526 0.31950203366247082 -0.38545751237293724
leaf_weight=9009 10285 20022 28779 19624 5112 18484 24850 208 8147 25974 37020 26195 1179 10772 5321 11729 25296 24815 25450 15134 9641 14244 7734 41435 15572 24121 5670 7777 1786 7805
leaf_count=9009 10285 20022 28779 19624 5112 18484 24850 208 8147 25974 37020 26195 1179 10772 5321 11729 25296 24815 25450 15134 9641 14244 7734 41435 15572 24121 5670 7777 1786 7805
internal_value=-0.00173205 -0.00352552 -0.00104377 -0.000835492 -0.00224952 -0.00243999 -0.00678963 -0.000345653 -0.00482703 -0.00171761 -0.000765447 -0.00205018 -0.000219611 -0.000821905 0.00382488 -0.00440496 0.0015602 -0.00359404 -0.000338251 0.00143858 -0.000988062 8.78344e-05 -0.00112541 -0.00165946 0.000623604 -0.00309802 -0.000931738 0.000827692 0.00404212 -0.00406193
internal_weight=489190 135671 353519 335087 86204 101812 33859 248883 18432 81790 203963 60809 143154 106134 6500 40508 44920 34614 45696 20246 63306 37332 99634 76328 23306 34893 27691 13447 1994 32620
internal_count=489190 135671 353519 335087 86204 101812 33859 248883 18432 81790 203963 60809 143154 106134 6500 40508 44920 34614 45696 20246 63306 37332 99634 76328 23306 34893 27691 13447 1994 32620
cat_boundaries=0 4 8 12 17 22 27 31 35 39 44 48 50 54 58 62 64 66 71 72 76 81 85 89 90
cat_threshold=1073742112 71303200 239200265 276826820 277618725 1543745608 2827002000 67637512 60310019 2624276 3222405472 72712248 1107345666 72876856 1076979840 1076366020 1 5311549 16920578 1636565808 536875275 2 85459603 1074844181 2970354224 1310760 2 3409921 169869337 3244298313 87032524 27265026 205664712 612379666 71334216 122748928 18353024 33554438 33726530 302160904 805445768 1076887556 688452610 1 304516108 536871040 3149824 738963456 3221227651 38 2147483648 2148016128 64 1 157469184 571474996 304566280 140789776 8912900 268566528 2290089984 4352 553650250 6 936577048 2 2160076985 8837314 548 2894118914 2 509392397 2097154 2149860368 1074135296 138742305 142622720 2552628480 1082130500 16386 1 8256 419438848 0 16793601 2182758917 2451079201 1113784704 35848707 131080
is_linear=0
shrinkage=0.1


Tree=42
num_leaves=31
num_cat=20
split_feature=3 0 8 9 6 9 3 10 0 8 9 8 9 9 8 9 8 8 9 6 6 8 11 7 9 0 0 8 0 9
split_gain=58.4567 56.2178 29.7425 26.7041 24.7084 23.273 20.1606 19.3944 18.4558 17.1984 16.1711 14.1275 13.7124 12.9695 12.9352 12.1034 11.9517 11.0514 10.6539 10.2629 18.3695 17.0296 14.5598 11.4047 10.865 9.887 9.68905 12.8562 9.55364 19.4648
threshold=2.5000000000000004 93.000000000000014 0 1 461.50000000000006 2 8.5000000000000018 3 -26.999999999999996 4 5 6 7 8 9 10 11 12 13 1167.5000000000002 933.50000000000011 14 15 16 17 183.00000000000003 9.0000000000000018 18 -62.999999999999993 19
decision_type=2 2 9 9 2 9 2 9 2 9 9 9 9 9 9 9 9 9 9 2 2 9 9 1 9 2 2 9 2 9
left_child=1 2 28 -2 7 -4 8 25 9 -6 14 13 -9 -10 -3 -13 -12 -8 -14 20 23 -21 -22 24 -19 -5 -7 -28 -1 -30
right_child=3 10 5 4 6 26 17 12 11 -11 16 15 18 -15 -16 -17 -18 19 -20 21 22 -23 -24 -25 -26 -27 27 -29 29 -31
leaf_value=-2.5210239511577655 -8.8108420739136548 -0.28133836528199241 -0.79506920342912446 37.864624793169206 -0.045419106531512682 -3.0421286667159642 -1.4553068194347267 394.60957591973875 0.26819662153879198 -2.7620990420304761 0.67350994020767163 0.77522971352354775 -0.11777630585181922 -1.9029871724469025 -3.0193091512731254 -0.29697301834118978 -0.16058479887859331 7.4025952693548618 -2.7243754386284977 14.141921679308346 8.8701991386316656 -2.7336683062039828 2.304897304240106 -0.45945191591265355 0.5114096317384923 12.304307363356461 -0.54625984644553516 -2.0131473126169199 -0.87410374491712162 2.1500442183461503
leaf_weight=5820 7629 7152 23247 147 14029 26311 17458 103 10979 29170 9278 27148 5251 27578 5955 115455 36459 3878 20204 1069 8047 12252 11426 27191 4591 151 10168 12583 5334 3127
leaf_count=5820 7629 7152 23247 147 14029 26311 17458 103 10979 29170 9278 27148 5251 27578 5955 115455 36459 3878 20204 1069 8047 12252 11426 27191 4591 151 10168 12583 5334 3127
internal_value=-0.00167031 -0.00335094 -0.00497171 -0.000959287 -0.000826362 -0.00579502 -0.000578883 -0.00379641 -0.00107769 -0.00293502 -0.000965946 -0.0006348 -0.00409418 -0.00233283 -0.00406114 -0.000175512 -7.80403e-05 0.000723761 -0.00424701 0.00129645 0.0018985 -0.00119436 0.00436861 0.000549633 0.00375162 0.0211688 -0.0070309 -0.00552108 -0.000798407 0.00134617
internal_weight=489190 145434 86590 343756 336127 72309 310271 25856 224359 43199 58844 181160 25558 38557 13107 142603 45737 85912 25455 68454 55133 13321 19473 35660 8469 298 49062 22751 14281 8461
internal_count=489190 145434 86590 343756 336127 72309 310271 25856 224359 43199 58844 181160 25558 38557 13107 142603 45737 85912 25455 68454 55133 13321 19473 35660 8469 298 49062 22751 14281 8461
cat_boundaries=0 4 8 12 14 18 22 26 31 36 40 45 49 53 57 61 63 64 69 73 78
cat_threshold=1078023040 583598082 240190352 327155719 1073741824 71303200 51200 708 2619539468 1224912897 3783267328 675287043 2048 16 3359727880 547406902 408977536 28311716 49505 541065232 1313988833 2415958612 290988067 2013311072 545267908 86508300 144 0 0 8388608 2 2149908808 546832594 4194308 2375689 2 1073881352 529948 1078067216 170197056 51381907 33610252 2264924856 2168979458 2 167841168 146835847 135796224 135416452 151011616 541925593 1342228802 72052736 98307137 3777085442 553648682 2216702208 6296137 134351394 76558880 16780544 3976202312 4 72 2315550848 1233199121 537919568 210002995 2 2225242178 2434147392 425988 3360256 40896598 269090833 2195456 272695296 1
is_linear=0
shrinkage=0.1


Tree=43
num_leaves=31
num_cat=21
split_feature=3 0 8 9 9 0 9 8 8 4 9 7 8 8 10 9 9 8 4 5 6 11 3 9 9 9 8 11 2 9
split_gain=54.9643 52.7562 26.6945 24.0521 21.547 21.3047 19.6804 18.959 16.592 15.3682 15.0044 14.1632 11.5937 10.7192 10.837 17.0512 10.8906 9.65974 9.25317 9.11234 16.8196 12.9063 11.3351 9.03231 8.8976 8.86813 9.39681 8.78493 15.9737 9.91452
threshold=2.5000000000000004 45.000000000000007 0 1 2 -26.999999999999996 3 4 5 45.000000000000007 6 7 8 9 10 11 12 13 75.000000000000014 14.500000000000002 1171.5000000000002 14 11.500000000000002 15 16 17 18 19 105.00000000000001 20
decision_type=2 2 9 9 9 2 9 9 9 2 9 1 9 9 9 9 9 9 2 2 2 9 2 9 9 9 9 9 10 9
left_child=1 2 -1 -2 8 7 -4 -5 18 17 -7 25 -11 23 16 -16 -15 -6 -3 -18 22 -22 24 -13 -21 -12 -27 28 -9 -29
right_child=3 4 6 5 9 10 -8 27 -10 12 11 13 -14 14 15 -17 19 -19 -20 20 21 -23 -24 -25 -26 26 -28 29 -30 -31
leaf_value=-0.39928828225427354 -9.144763819186787 4.625501324590255 -1.0651818176097054 -3.1142086736971288 0.38696701356549135 308.72973894312781 -2.1946121742517466 -2.4279100881745723 -2.7921800141464432 0.65734169867541403 -1.8575131888659631 0.33662533620541452 -0.28484678894435161 -1.3381279547826166 -0.93609627789835148 2.8315231913842576 -0.27765608143090853 3.8789312904386977 -0.39526140191156878 2.4908497262124225 16.661549606645668 -0.79567456108478929 13.218563717832865 -1.718779659434432 0.10467693938687345 0.9253447717268739 -0.72921889531775841 2.727435767901774 9.8602131654798786 -1.0363363413413822
leaf_weight=11880 7290 100 21809 15834 1056 1328 34340 23657 9019 8340 20142 8113 50904 31468 9319 16934 48927 316 7670 15422 560 18825 4487 15908 14165 8210 53983 6290 401 22493
leaf_count=11880 7290 100 21809 15834 1056 1328 34340 23657 9019 8340 20142 8113 50904 31468 9319 16934 48927 316 7670 15422 560 18825 4487 15908 14165 8210 53983 6290 401 22493
internal_value=-0.00159959 -0.00322923 -0.00526085 -0.000910125 -0.00144371 -0.000786864 -0.00617159 -0.00235821 -0.00461278 -0.000565106 -0.000383921 -0.000436932 -0.00080751 5.06118e-05 0.000346182 0.00220348 -1.82298e-05 0.00989796 -0.00122108 0.000481852 0.00138442 -0.000967245 0.00272231 -0.00191877 0.00201203 -0.00152711 -0.000936131 -0.00144766 -0.00285774 -0.00026847
internal_weight=489190 145434 68029 343756 77405 336466 56149 68675 16789 60616 267791 266463 59244 184128 160107 26253 133854 1372 7770 102386 53459 19385 34074 24021 29587 82335 62193 52841 24058 28783
internal_count=489190 145434 68029 343756 77405 336466 56149 68675 16789 60616 267791 266463 59244 184128 160107 26253 133854 1372 7770 102386 53459 19385 34074 24021 29587 82335 62193 52841 24058 28783
cat_boundaries=0 4 8 12 16 20 24 29 30 34 38 40 45 50 53 55 60 64 68 72 74 79
cat_threshold=1073828288 583532610 173344656 327155719 1073741824 71303168 51200 708 1074299233 4194576 236052928 2415954684 2617458692 688041986 3783267332 675352579 44174340 205922760 42476818 205854720 1342308616 8917524 131216 35930112 144 16384 0 0 2 17 42140816 549521415 1276974592 1202308 1363746848 671195235 671113920 84414732 2098661016 34 507527168 44054244 201330884 1097895968 1 2827047200 1107755026 3233809416 2827029761 1 83886080 136314880 402661376 32768 1 25165920 1629102226 6295696 2820814848 1 286425605 2668801 318832658 21930034 21553411 3221489730 1265632202 16786448 1182811458 843056258 1080279840 33622034 2050752586 2 2185306328 570874882 1092616196 2150678546 2
is_linear=0
shrinkage=0.1


Tree=44
num_leaves=31
num_cat=26
split_feature=0 3 9 8 0 8 8 8 11 9 9 9 11 9 11 3 9 9 9 9 8 8 8 8 9 9 8 9 8 10
split_gain=52.3191 37.3055 26.3025 25.9277 19.4241 31.0203 18.955 17.7608 17.5486 17.3479 16.18 15.6388 14.2077 14.9801 13.0316 18.9183 17.5448 13.7049 12.024 11.1915 10.7481 10.4111 10.0855 10.0361 11.039 9.48324 9.19641 8.58956 8.5239 8.45593
threshold=-20.999999999999996 1.5000000000000002 0 1 147.00000000000003 2 3 4 5 6 7 8 9 10 11 4.5000000000000009 12 13 14 15 16 17 18 19 20 21 22 23 24 25
decision_type=2 2 9 9 2 9 9 9 9 9 9 9 9 9 9 2 9 9 9 9 9 9 9 9 9 9 9 9 9 9
left_child=1 7 3 -2 5 10 11 -1 18 28 -4 -7 19 -14 17 16 -16 22 -5 -6 -10 -11 -8 -18 -25 -17 -27 -23 -3 -15
right_child=2 9 4 8 12 6 14 -9 20 21 -12 -13 13 29 15 25 23 -19 -20 -21 -22 27 -24 24 -26 26 -28 -29 -30 -31
leaf_value=-1.2770202967465774 -4.4735512876138204 -4.2779739566450843 -1.4446773415969945 -1.0905352698844089 0.47655327961978494 -0.58485201631261419 3.2693385707828391 -3.2736315751943281 -0.80624575894013228 -2.9272721069202934 -0.65673278723720463 1.2157307503673804 2.9562220879820535 -0.10900384854509092 -1.8526343847053515 0.74037495103829054 -0.94980046254694594 -0.24015624435836999 -6.1474889561976003 -0.60050070820469614 2.6370710437243012 0.99795168322729078 0.89208058666659173 0.97394479161185843 -0.2463684462755083 -3.5789200041560565 -0.018485594252460213 -1.2886929306922985 -1.6309981407272423 0.78102195803577967
leaf_weight=7442 17475 8077 21944 12583 22293 7349 2612 20145 7817 11660 26819 14874 6947 24540 16840 24433 14445 25779 7338 41860 9415 11701 6814 3575 15354 9179 15515 43665 8923 21777
leaf_count=7442 17475 8077 21944 12583 22293 7349 2612 20145 7817 11660 26819 14874 6947 24540 16840 24433 14445 25779 7338 41860 9415 11701 6814 3575 15354 9179 15515 43665 8923 21777
internal_value=-0.00152518 -0.00342729 -0.000962905 -0.00299206 -0.000619555 -0.00120575 -0.000520416 -0.00661797 -0.00149692 -0.00237974 -0.00340824 0.00218459 0.000406498 0.00161354 -0.000967332 -0.00155318 -0.00291831 0.000685785 -0.00351764 -0.000595829 0.000839807 -0.00165523 0.00394659 -0.00158879 -7.33959e-05 -0.000158164 -0.00153983 -0.00108278 -0.00523222 0.000963367
internal_weight=489190 111613 377577 54628 322949 205532 156769 27587 37153 84026 48763 22223 117417 53264 134546 99341 50214 35205 19921 64153 17232 67026 9426 33374 18929 49127 24694 55366 17000 46317
internal_count=489190 111613 377577 54628 322949 205532 156769 27587 37153 84026 48763 22223 117417 53264 134546 99341 50214 35205 19921 64153 17232 67026 9426 33374 18929 49127 24694 55366 17000 46317
cat_boundaries=0 4 8 12 16 20 22 27 31 36 38 43 45 50 55 59 64 68 72 76 80 84 89 93 98 102 104
cat_threshold=1074282784 71303248 1312943233 276859636 11538949 2281832449 3378524225 88507084 796709 1544565832 579347544 67645704 1073845696 8650785 1081547424 42009685 1208046016 1648937043 138412688 58720295 1549313033 4 35832834 609747744 1081108608 1082657476 1 58757123 3671301 2419195938 74392585 2105352 534826 16912650 675545347 1 474889748 17 1049616 2602848288 2173698048 1073745920 2 1629731718 12 2221932612 572588292 11534404 1080058888 1 2524971142 1610620930 26214464 17842186 2 1074266400 16 134218752 268470320 2178946114 630273 16777766 539059459 1 402924546 1107320396 268435472 35657729 27264002 474362824 612378650 71571464 2165440520 2197815312 134217728 17072160 72351752 2147516416 268435460 153389602 25296897 139776 2147483648 553652480 2533377 1753522688 3145732 69686272 1 155189248 539525136 2281701380 18874496 138752217 1074157634 536905252 2887811072 2 370705412 235151745 307105920 174133440 201461248 2
is_linear=0
shrinkage=0.1


Tree=45
num_leaves=31
num_cat=22
split_feature=0 3 9 9 9 8 8 6 6 9 8 11 8 8 8 6 10 2 8 9 8 9 10 9 6 7 6 10 8 9
split_gain=49.661 54.9961 23.8553 23.6049 19.6938 21.8815 14.2734 13.962 22.2289 16.4545 16.2467 13.9838 15.5276 13.422 12.7199 12.3866 13.8518 10.9591 10.84 10.7968 10.6344 10.8354 10.4917 11.5747 9.88887 12.136 9.52311 25.9977 23.4417 12.4095
threshold=21.000000000000004 1.5000000000000002 0 1 2 3 4 1004.5000000000001 1113.5000000000002 5 6 7 8 9 10 461.50000000000006 11 27.000000000000004 12 13 14 15 16 17 1084.5000000000002 18 1314.5000000000002 19 20 21
decision_type=2 2 9 9 9 9 9 2 2 9 9 9 9 9 9 2 9 8 9 9 9 9 9 9 2 1 2 9 9 9
left_child=1 2 17 14 5 -2 -5 9 10 -6 -9 12 -10 -4 -3 16 -8 -1 -13 -12 21 -11 23 24 25 -17 29 28 -28 -20
right_child=4 3 13 6 7 -7 15 8 11 20 19 18 -14 -15 -16 22 -18 -19 26 -21 -22 -23 -24 -25 -26 -27 27 -29 -30 -31
leaf_value=-1.520953530195529 -3.7159437159951665 -0.56787005361780662 -1.031259092972123 -2.6157154608484259 534.59626117833488 -0.52244468316967141 8.6344237424207719 2.5081540423277136 10.790550555780799 -2.2120879520046262 1.6478751487252379 -1.4550483680183437 1.0619152027582988 -2.2369781185599265 -3.9186643237265146 4.7510974565223822 -2.2966887684225252 1.144751644840289 -1.0475706651495855 -0.41332008701325695 -0.20361122209196161 -0.53410699326266164 -0.63372625677120098 -0.28439712061270306 -1.4572746677717838 0.53060012003410351 22.37946633334802 -0.13314730575196435 1.6244771487909682 0.22165817789105147
leaf_weight=7192 16518 8270 12332 12186 809 25188 522 15293 1185 10253 9616 12489 3024 26408 17666 5025 11523 3380 17681 12706 120526 17360 67673 17613 2888 3198 923 10076 2176 17491
leaf_count=7192 16518 8270 12332 12186 809 25188 522 15293 1185 10253 9616 12489 3024 26408 17666 5025 11523 3380 17681 12706 120526 17360 67673 17613 2888 3198 923 10076 2176 17491
internal_value=-0.00147571 -0.00270865 -0.00559742 -0.00173672 -0.000652341 -0.00266469 -0.0011479 -0.00031866 0.000578607 -0.000937108 0.00251362 -0.000540397 0.00502726 -0.00674581 -0.00447314 -0.000783022 -0.00380656 -0.00138159 -0.000926275 0.000791687 -0.00101513 -0.002785 -0.000405305 0.00119579 0.00372179 0.00549313 -0.000247536 0.00204554 0.0100386 -0.00110656
internal_weight=489190 195876 49312 146564 293314 41706 120628 251608 102660 148948 37615 65045 4209 38740 25936 108442 12045 10572 60836 22322 148139 27613 96397 28724 11111 8223 48347 13175 3099 35172
internal_count=489190 195876 49312 146564 293314 41706 120628 251608 102660 148948 37615 65045 4209 38740 25936 108442 12045 10572 60836 22322 148139 27613 96397 28724 11111 8223 48347 13175 3099 35172
cat_boundaries=0 5 10 14 18 22 27 31 33 37 41 45 47 51 55 59 63 65 69 70 72 76 80
cat_threshold=2421230780 143360 1636566832 536875274 2 1073791234 72352048 1215391880 1082657476 1 4211040 71565376 236055937 276859636 36831749 170004483 3242209353 85328524 18878977 201601088 545269784 71307528 144 16384 0 0 2 2307558675 2491421712 2550465040 271630336 2183233664 7 269504513 1182807296 2148204544 329857 2386747968 1080574032 458776 2163712 2309124096 2424310784 167774752 362513 34817 16 3548905765 940086296 1109545216 2099489 142606852 2046947857 285212786 152920066 13444128 1208063080 2826993812 235405592 104333313 2956465427 2705326178 542707720 3641193414 40 2290234400 537147588 2415919202 2300035090 114 33034 8 164424 33685764 12591108 230400 159416841 1233199250 2952921684 202462210
is_linear=0
shrinkage=0.1


Tree=46
num_leaves=31
num_cat=24
split_feature=0 3 9 0 3 8 9 9 9 8 8 9 9 8 9 8 11 11 8 8 8 4 8 11 8 9 10 5 11 11
split_gain=45.2774 31.7932 24.1624 22.6011 22.8339 27.5672 21.8849 16.4561 16.1678 13.4658 12.7803 19.6116 14.0139 13.4749 12.3497 11.2522 11.0712 10.1684 12.9794 9.65405 9.64012 9.60423 9.49989 9.1255 7.99355 10.8273 11.9513 14.6237 10.2973 7.86571
threshold=-26.999999999999996 1.5000000000000002 0 351.00000000000006 2.5000000000000004 1 2 3 4 5 6 7 8 9 10 11 12 13 14 15 16 45.000000000000007 17 18 19 20 21 21.500000000000004 22 23
decision_type=2 2 9 2 2 9 9 9 9 9 9 9 9 9 9 9 9 9 9 9 9 2 9 9 9 9 9 2 9 9
left_child=1 7 15 4 5 14 17 -1 -3 -8 11 29 13 -12 21 -2 -10 18 -7 -18 -19 -4 -5 -16 25 26 27 -14 -28 -6
right_child=2 8 3 22 10 6 9 -9 16 -11 12 -13 24 -15 23 -17 19 20 -20 -21 -22 -23 -24 -25 -26 -27 28 -29 -30 -31
leaf_value=-1.3460180657343164 -0.27033202001688766 -2.7487553881434152 2.6985556365109682 1.6920025881868179 4.9194619282597385 3.5761491726398988 0.80387111732564487 -2.9849216238260148 1.0944448183197815 -0.1444383915782734 1.1233901306133642 -1.830408019249449 3.5044975614127001 -1.9984556968123 1.756202089583125 -7.8946936006390747 -2.7428305963220532 -0.43971807301943244 -0.037405764506631647 -1.2322717307985989 -1.3155381682572138 0.011946649232590565 0.21018524758911392 -1.3318694472772403 0.51836914742341145 0.40981188271677071 -2.5818341628606669 10.809214599653934 -0.043760610778300263 0.05359595416443616
leaf_weight=6364 2997 15198 69 9392 2507 189 7854 18247 10035 35907 13006 35135 1234 38762 436 8309 10212 9012 3318 40150 13338 2955 38680 23670 57775 42171 16834 38 14425 10971
leaf_count=6364 2997 15198 69 9392 2507 189 7854 18247 10035 35907 13006 35135 1234 38762 436 8309 10212 9012 3318 40150 13338 2955 38680 23670 57775 42171 16834 38 14425 10971
internal_value=-0.00141929 -0.00331477 -0.000930992 -0.000794521 -0.00108997 -0.00238124 -0.00132677 -0.00643656 -0.00229843 3.6323e-05 -0.000553473 -0.00199556 -0.000172861 -0.00156785 -0.00508475 -0.00548427 -0.00156389 -0.00363282 0.00137333 -0.00216827 -0.00441861 0.000942648 0.00123107 -0.00584094 0.000372336 -0.000310796 -0.00168127 0.00778471 -0.00206882 0.00124703
internal_weight=489190 100206 388984 377678 329606 96748 69618 24611 75595 43761 232858 48613 184245 51768 27130 11306 60397 25857 3507 50362 22350 3024 48072 24106 132477 74702 32531 1272 31259 13478
internal_count=489190 100206 388984 377678 329606 96748 69618 24611 75595 43761 232858 48613 184245 51768 27130 11306 60397 25857 3507 50362 22350 3024 48072 24106 132477 74702 32531 1272 31259 13478
cat_boundaries=0 4 8 13 18 23 27 31 36 41 45 49 53 55 57 61 65 69 73 75 79 83 85 87 89
cat_threshold=1073741824 71303168 235004929 708 12320812 1275105800 2961186946 206320008 2118466 572993816 1074790530 21685280 1 5262396 16921600 1640760112 259 2 1377993728 71893344 1081108608 1084883652 1 1107362193 546007043 1213272832 50332676 289941025 1208169536 704651344 342364428 2149846016 565712258 10616852 746734595 3 606496 270993424 1089605762 1753287699 1 2157971530 283150854 2147926570 34734256 65536 2147655808 0 536870912 134217728 2697461762 72385936 12582912 2202188177 25 2153980177 22 8192 16777216 0 32768 12584199 205955400 75507730 218437896 19202 12846212 917508 65568 1074626268 160440340 525824 272632978 2147553282 16 2147485698 3039871294 2424570380 34753056 2172661766 2743076096 2147483980 337141760 4194307 2 290197002 3 121634819 8
is_linear=0
shrinkage=0.1


Tree=47
num_leaves=31
num_cat=19
split_feature=3 0 9 8 9 6 3 9 4 10 8 0 8 9 8 9 9 1 8 9 8 0 8 0 8 9 11 0 8 4
split_gain=42.008 41.9327 30.4725 21.5759 18.4504 17.4805 14.2536 14.0528 13.974 13.9141 13.8689 12.4234 12.7019 12.3904 10.0069 11 10.0364 9.74063 15.4948 9.28457 9.52574 9.16907 12.9129 8.77642 8.68918 8.4809 8.1853 7.86365 12.5574 9.28897
threshold=2.5000000000000004 93.000000000000014 0 1 2 465.50000000000006 8.5000000000000018 3 45.000000000000007 4 5 -38.999999999999993 6 7 8 9 10 75.000000000000014 11 12 13 -38.999999999999993 14 -20.999999999999996 15 16 17 -182.99999999999997 18 495.00000000000006
decision_type=2 2 9 9 9 2 2 9 2 9 9 2 9 9 9 9 9 10 9 9 9 2 9 2 9 9 9 2 9 2
left_child=1 2 -1 -4 -2 9 11 23 -3 -6 -10 12 -7 25 15 -13 26 18 -12 -8 -21 24 -23 -5 27 -11 -16 -9 29 -29
right_child=4 8 3 7 5 6 19 21 10 13 17 14 -14 -15 16 -17 -18 -19 -20 20 -22 22 -24 -25 -26 -27 -28 28 -30 -31
leaf_value=-2.1582610743708481 -7.1140780480823809 1.061150585696514 -1.4972214287159511 -2.2122275634019526 41.45366718359459 -0.092322629097714881 2.7658690958885335 -2.8285074024942731 -1.404841398686961 315.27874356850594 4.080613127404443 0.4201295622456262 -2.5983503277321751 -2.1005014969325493 6.442530755934337 -1.5950816119478883 -0.19766514687864439 -0.12495479915605462 0.3199345088372304 -1.7133596017470341 0.9512780144285311 2.3069631416974792 -0.063415425154234095 -0.41187308123873478 -1.7410953349128082 0.27746995585378648 0.56846424766506842 9.3872861926771538 1.8108804324291379 8.3424794914499554
leaf_weight=17602 7493 1088 20546 7286 118 12636 18439 2125 11323 106 781 10364 21158 22157 2934 28001 136529 41831 3821 21084 45876 2023 15070 13400 6788 5038 11823 36 1635 79
leaf_count=17602 7493 1088 20546 7286 118 12636 18439 2125 11323 106 781 10364 21158 22157 2934 28001 136529 41831 3821 21084 45876 2023 15070 13400 6788 5038 11823 36 1635 79
internal_value=-0.00136655 -0.00279123 -0.00419102 -0.00324184 -0.0007638 -0.000654322 -0.000439512 -0.00208908 -0.000731428 -0.00307415 -0.000942935 -0.000859498 -0.00262591 -0.00322617 -0.00054474 -0.00198697 -0.000178857 -0.000177209 0.00418948 0.000659373 0.000111988 -0.000618024 0.000817291 -0.00406166 -0.00291944 0.00119519 0.00229769 0.000862288 0.00582857 0.0364
internal_weight=489190 145434 86590 68988 343756 336263 308844 48442 58844 27419 57756 223445 33794 27301 189651 38365 151286 46433 4602 85399 66960 27756 17093 20686 10663 5144 14757 3875 1750 115
internal_count=489190 145434 86590 68988 343756 336263 308844 48442 58844 27419 57756 223445 33794 27301 189651 38365 151286 46433 4602 85399 66960 27756 17093 20686 10663 5144 14757 3875 1750 115
cat_boundaries=0 4 8 12 17 18 22 26 31 35 40 45 49 54 58 62 66 71 73 77
cat_threshold=1090552128 7406856 234971330 1143507684 10233861 1561727488 2961221650 201622528 0 71303168 51200 8389316 168099840 847294484 1074921476 289801216 1 2048 53478432 1208520713 2973929761 68157944 3221569800 2694861876 407146688 3146917 97258705 547569666 553648680 2216964352 2 22552611 402829410 612376662 86507788 2155872714 545784018 41943044 2375937 2 1628439728 22564 100663864 2432731170 2 259 2459058304 75579398 33657856 2519046296 16864256 808452176 67314721 2 134250784 2168922245 3657484608 69890049 66304 545849347 138477952 33554436 1073762498 545277963 134223488 8454310 144 0 0 0 2 1107331336 8 1073741824 0 1024 4
is_linear=0
shrinkage=0.1


Tree=48
num_leaves=31
num_cat=18
split_feature=0 3 9 8 9 8 9 0 9 8 4 1 8 9 2 8 9 9 7 5 10 8 2 0 7 2 8 9 6 6
split_gain=39.6521 46.7808 21.4525 20.8842 16.3912 15.6052 14.6327 14.1757 13.6791 13.1733 13.1127 10.8453 10.6802 14.1927 10.6309 17.3617 11.7086 10.4652 9.48121 14.2482 11.7192 11.3775 15.2064 10.518 9.19298 9.06089 15.0822 9.40854 8.94667 19.391
threshold=21.000000000000004 1.5000000000000002 0 1 2 3 4 381.00000000000006 5 6 1.0000000180025095e-35 39.000000000000007 7 8 21.000000000000004 9 10 11 12 21.500000000000004 13 14 -122.99999999999999 -140.99999999999997 15 381.00000000000006 16 17 1171.5000000000002 929.50000000000011
decision_type=2 2 9 9 9 9 9 2 9 9 2 10 9 9 10 9 9 9 1 2 9 9 8 2 1 8 9 9 2 2
left_child=1 2 11 6 9 -4 -3 10 -5 -2 -6 -1 13 -12 15 17 -17 -14 20 -20 23 22 -21 -10 -24 26 -9 -27 29 -22
right_child=4 3 5 8 7 -7 -8 25 18 -11 12 -13 14 -15 -16 16 -18 -19 19 21 28 -23 24 -25 -26 27 -28 -29 -30 -31
leaf_value=-1.0810823287705873 -5.71691382813309 0.13790814626475772 -0.85992855987032335 -1.9057065540524443 5.4167691362261863 -2.0983480345561012 -2.6977966219870497 4.0210182443313931 -1.3943376021563489 0.074039975955287218 -1.6589555548325821 1.099842968929416 1.8332243996472224 -0.33030879372463129 -0.27444752833027852 -1.4001034719457224 0.32891517297632933 0.63088045906173718 -1.0243114182494435 33.704608568567203 -0.43861841565088222 -0.41722061367279473 38.013474946115359 4.3512550754174759 1.1646136143786825 5.982666176769726 0.42438319891790033 -0.024297927964095932 -1.8178101920745893 3.380053991206267
leaf_weight=8698 9174 6146 16737 22756 41 22114 19413 2979 2230 5191 15633 1763 4837 31235 141152 8400 29262 6519 44098 73 26926 1372 377 4896 756 4001 5421 29469 8371 9150
leaf_count=8698 9174 6146 16737 22756 41 22114 19413 2979 2230 5191 15633 1763 4837 31235 141152 8400 29262 6519 44098 73 26926 1372 377 4896 756 4001 5421 29469 8371 9150
internal_value=-0.00130011 -0.00240183 -0.00506611 -0.00150542 -0.00056438 -0.00614781 -0.00410224 -0.000394648 -0.000956495 -0.00385739 -0.000694244 -0.00104193 -0.000704025 -0.00205598 -0.000370704 0.000898035 -0.000135912 0.00432342 -0.000444644 -0.0014771 0.000489888 0.00574864 0.0127796 0.00425168 0.0100353 0.00130165 0.00423809 0.000564682 -0.000114045 0.000569351
internal_weight=489190 195876 49312 146564 293314 38851 25559 278949 121005 14365 237079 10461 237038 46868 190170 49018 37662 11356 98249 46676 51573 2578 1206 7126 1133 41870 8400 33470 44447 36076
internal_count=489190 195876 49312 146564 293314 38851 25559 278949 121005 14365 237079 10461 237038 46868 190170 49018 37662 11356 98249 46676 51573 2578 1206 7126 1133 41870 8400 33470 44447 36076
cat_boundaries=0 5 9 13 17 22 26 30 34 38 42 46 51 52 54 58 59 63 68
cat_threshold=2421230780 143360 567019312 536875274 2 286268933 1275343169 545794072 104862024 32 71303168 235003905 268470976 2386747906 1097351504 458776 36767232 2437947396 429687809 2164424764 2684359690 2 1073791234 373883168 1282427096 1073744588 1049601 170000401 289419265 87163548 46407716 1224839272 2728427904 206045454 1394100224 538968832 3761375714 3226992692 337806146 882508176 71501872 1262081 82121041 268633368 276957826 27787304 227443461 2181074944 278134852 2702114824 2 106 1078497347 24 163840 16532 2147745796 3465729 4 335880709 221278484 201588756 6502400 16848 2251792 2164267682 1073807393 2
is_linear=0
shrinkage=0.1


Tree=49
num_leaves=31
num_cat=20
split_feature=0 3 9 8 8 0 11 9 9 9 9 11 8 9 4 10 8 8 3 9 9 2 8 3 9 0 6 6 11 9
split_gain=41.1853 26.0838 21.4925 22.4193 15.9999 18.897 15.4934 14.4125 13.9738 13.719 13.0515 12.7455 13.8461 13.4449 13.9536 13.2372 11.3592 9.21483 11.317 10.3988 8.49633 9.32505 8.36028 8.18226 7.9552 7.78586 7.65503 12.5643 7.5937 9.90978
threshold=-32.999999999999993 1.5000000000000002 0 1 2 39.000000000000007 3 4 5 6 7 8 9 10 45.000000000000007 11 12 13 6.5000000000000009 14 15 21.000000000000004 16 8.5000000000000018 17 177.00000000000003 1129.5000000000002 963.50000000000011 18 19
decision_type=2 2 9 9 9 2 9 9 9 9 9 9 9 9 2 9 9 9 2 9 9 8 9 2 9 2 2 2 9 9
left_child=1 8 3 23 5 7 -5 -4 -1 -3 24 12 15 -13 -15 -12 -8 -16 19 -19 21 -7 -11 -2 -6 -21 27 -20 -18 -30
right_child=2 9 4 6 10 20 16 -9 -10 22 11 13 -14 14 17 -17 28 18 26 25 -22 -23 -24 -25 -26 -27 -28 -29 29 -31
leaf_value=-1.1966072408519195 -3.6062252547512346 -2.5548527280017646 -1.9349964726273141 5.0124803053956404 257.85840736952122 1.1329235789574514 1.8357038424159393 -0.64062536629147504 -2.6922842279757209 0.13615679278259543 4.5971706571405457 -1.3170957107687942 -0.010558401769349234 4.7641915548050404 0.1275520253012104 1.2121276320246412 -2.4885524785155355 0.18934705798534343 -0.051061972143944638 -1.0324691135182094 -0.63764772420294547 -0.018814373867621938 -1.6686974527391667 -0.36902049930204389 0.3636367917608837 -0.1960307183704017 -3.3005744135983415 8.0352637232069206 1.6662071032569974 -1.5184871919858816
leaf_weight=5520 14995 13898 13464 765 1535 3437 6785 18557 16208 18990 1281 14547 61743 112 45143 13219 15289 11370 11719 28720 29656 29898 34518 2604 36795 11607 4859 4286 5310 12360
leaf_count=5520 14995 13898 13464 765 1535 3437 6785 18557 16208 18990 1281 14547 61743 112 45143 13219 15289 11370 11719 28720 29656 29898 34518 2604 36795 11607 4859 4286 5310 12360
internal_value=-0.00124614 -0.00319003 -0.000813039 -0.00259094 -0.000510825 -0.00161352 -0.00129544 -0.00359171 -0.00620306 -0.0022188 -8.6499e-05 -0.00039815 0.00063171 -0.000991368 -0.000637043 0.00341144 -0.00156815 -0.000670668 -0.00136846 -0.00216202 -0.000608185 0.000487327 -0.00149072 -0.00557045 0.00160928 -0.0029147 0.000597199 0.00165261 -0.00233523 -0.000921948
internal_weight=489190 89134 400056 58108 341948 95012 40509 32021 21728 67406 246936 208606 76243 132363 117816 14500 39744 117704 72561 51697 62991 33335 53508 17599 38330 40327 20864 16005 32959 17670
internal_count=489190 89134 400056 58108 341948 95012 40509 32021 21728 67406 246936 208606 76243 132363 117816 14500 39744 117704 72561 51697 62991 33335 53508 17599 38330 40327 20864 16005 32959 17670
cat_boundaries=0 4 8 12 14 19 24 29 34 36 40 44 45 49 53 57 62 66 71 73 77
cat_threshold=1074348322 72613968 1308747905 268470996 9441857 402786315 3374456833 85361356 269230117 1157738848 578854942 67645704 2147549312 24 25330689 1881675041 2150760480 141231144 1 2152811576 16913424 1640760112 536875282 2 1377993728 71827792 1081108608 1084885700 1 352720016 1610666017 554435120 2156007424 2 1126371202 14 1082298688 2160592898 2286030848 42237986 545259529 655488 2425487424 541130753 1073741962 3221225472 13664256 43550344 41943088 198366464 8519808 1343160448 18238481 138420228 16778496 264 262146 69345865 134268583 4194372 87957768 1 1410154824 547374132 406913216 9569429 16 16384 524320 0 2 1549271049 4 81954 1048576 1073741824 268470272
is_linear=0
shrinkage=0.1


Tree=50
num_leaves=31
num_cat=21
split_feature=3 0 8 4 8 9 9 8 6 9 11 3 4 9 9 9 11 7 6 7 9 9 9 10 6 8 4 8 9 9
split_gain=36.2496 36.0261 22.5688 20.3894 28.317 19.3347 15.7214 15.5671 15.5405 19.0625 14.1576 13.1383 12.9878 12.7874 12.4076 11.6508 11.1648 10.9782 10.9626 20.6258 15.5994 12.4823 10.3299 10.3186 9.82259 9.39161 9.15421 9.03461 10.2467 8.77157
threshold=2.5000000000000004 9.0000000000000018 0 135.00000000000003 1 2 3 4 756.50000000000011 5 6 9.5000000000000018 45.000000000000007 7 8 9 10 11 1340.5000000000002 12 13 14 15 16 1167.5000000000002 17 75.000000000000014 18 19 20
decision_type=2 2 9 2 9 9 9 9 2 9 9 2 2 9 9 9 9 1 2 1 9 9 9 9 2 9 2 9 9 9
left_child=1 2 -1 5 -5 -3 -4 12 9 -2 -10 15 -7 -14 -6 -12 26 18 21 20 -20 -13 -19 -11 25 -23 -9 28 -25 -29
right_child=8 3 6 4 14 7 -8 16 10 23 11 17 13 -15 -16 -17 -18 22 19 -21 -22 24 -24 27 -26 -27 -28 29 -30 -31
leaf_value=-0.3235248357048377 -4.1250392697902321 3.5356260636180061 -0.76514392622764937 -2.1843363397556899 0.32493511796579827 0.51473140549989549 -1.9204237501365526 4.2670888484161287 -3.2333178870925425 4.202915687433463 1.3091018681630289 10.081965389067335 -1.2461933910304621 -0.1227611343324197 -0.5063772299095185 -0.35792161009228685 0.38268388667493602 7.2270864593325799 58.3483706496609 3.1104497138716392 19.420360982167782 6.2662832227661855 -0.87113764481882938 -0.10345994350297492 -2.9648746873628933 -0.085459508240078808 2.6462899227350292 1.5025038461831024 -2.1688486103179492 -0.50524974118139043
leaf_weight=11021 15300 615 13788 12647 11089 1528 25046 70 8316 2978 15070 4742 3693 16869 38017 142365 10599 2644 226 1250 373 7978 19272 8844 4933 7867 452 4417 14573 82608
leaf_count=11021 15300 615 13788 12647 11089 1528 25046 70 8316 2978 15070 4742 3693 16869 38017 142365 10599 2644 226 1250 373 7978 19272 8844 4933 7867 452 4417 14573 82608
internal_value=-0.00121201 -0.00253545 -0.00471467 -0.00139874 -0.00247972 0.000574703 -0.00584749 0.000246528 -0.000652093 -0.00152113 -0.000131887 3.09559e-05 -0.0012896 -0.00195117 -0.00139181 -0.000415094 0.0032962 0.00145582 0.00279082 0.0102271 0.0253038 0.00225313 -0.000212535 -0.00107379 0.00119396 0.0024077 0.0174436 -0.00123058 -0.00297392 -0.00076119
internal_weight=489190 145434 49855 95579 61753 33826 38834 33211 343756 128720 215036 206720 22090 20562 49106 157435 11121 49285 27369 1849 599 25520 21916 113420 20778 15845 522 110442 23417 87025
internal_count=489190 145434 49855 95579 61753 33826 38834 33211 343756 128720 215036 206720 22090 20562 49106 157435 11121 49285 27369 1849 599 25520 21916 113420 20778 15845 522 110442 23417 87025
cat_boundaries=0 4 8 13 17 21 25 26 30 35 40 42 43 44 48 53 58 60 64 68 72 77
cat_threshold=1208046016 583565314 139528080 293603335 1572901 2165440512 3649098019 77083146 2147483648 768 0 135266304 1 2617458692 721599490 1639978016 4263953 453148673 2570084612 2952929285 337152 1073828168 339745827 3408939138 536871620 273162261 16777216 98308 269484032 140336 209722928 2415972371 554041872 939720739 2 1087373532 570481712 83886210 2147483648 2 2181052416 14 46 4 2281701376 142639360 4 135151618 371234966 2420136960 3241148418 2555944 3 2692218 35799232 2550221056 1350639104 2 557061 5 336495618 2444236032 2181500932 3147363 143197731 1485349184 2852659200 340267274 2703633954 696868864 196660 86139904 2192 1064968 536871488 2156134656 2
is_linear=0
shrinkage=0.1


Tree=51
num_leaves=31
num_cat=22
split_feature=0 3 9 8 11 0 8 9 8 2 8 8 8 9 11 9 8 0 11 9 2 8 8 11 3 8 5 9 9 8
split_gain=35.8013 25.7474 21.382 17.8472 15.8824 14.0389 21.8977 15.4553 21.661 14.0671 27.3688 12.9914 12.9138 12.8123 12.7791 12.2161 12.1124 11.8925 11.1802 9.65641 9.49657 15.0441 9.28572 8.94738 8.49628 8.23134 7.93172 7.70755 7.66796 7.49677
threshold=-26.999999999999996 1.5000000000000002 0 1 2 141.00000000000003 3 4 5 159.00000000000003 6 7 8 9 10 11 12 237.00000000000003 13 14 219.00000000000003 15 16 17 4.5000000000000009 18 13.500000000000002 19 20 21
decision_type=2 2 9 9 9 2 9 9 9 8 9 9 9 9 9 9 9 2 9 9 8 9 9 9 2 9 2 9 9 9
left_child=1 3 4 -1 -2 6 15 8 18 10 14 -6 -12 22 -7 -4 28 -11 -8 26 21 -21 -3 27 -10 -22 -19 -15 -9 -25
right_child=2 13 5 -5 11 9 7 16 24 17 12 -13 -14 23 -16 -17 -18 19 -20 20 25 -23 -24 29 -26 -27 -28 -29 -30 -31
leaf_value=-0.52018585273648288 0.79719848015567907 -0.85028898400833064 1.8674429177018781 -2.3711200156887369 -6.1164791688184197 3.407196546455137 0.3985877252101741 -0.96518573622044446 -1.462294944652228 -0.68556452418976621 -1.3413589291501256 -1.2327152378762087 0.78696752096515032 5.520401768217237 0.9456735584447542 0.098796329106378769 -0.0011490747561818397 914.57276561644653 -1.5311556360706811 3.7155920240963702 0.95243033386961773 0.063227140672692916 -3.173695928009455 -2.3656636516999034 -1.2296974207673952 -0.17979734087528229 225.07478317037541 -0.29895500446608197 -0.32348905795854965 -0.83549040914131167
leaf_weight=6913 5711 7740 7323 17698 12932 2833 18395 25604 21785 29980 7231 9711 17752 2991 2989 11396 92718 141 8729 1967 11554 3210 9167 8640 14880 52907 340 6885 28896 40172
leaf_count=6913 5711 7740 7323 17698 12932 2833 18395 25604 21785 29980 7231 9711 17752 2991 2989 11396 92718 141 8729 1967 11554 3210 9167 8640 14880 52907 340 6885 28896 40172
internal_value=-0.00114128 -0.00282678 -0.000707075 -0.0056361 -0.00335073 -0.000499115 -0.000970115 -0.0012609 -0.00256101 0.000327413 0.00219607 -0.00453936 0.000755009 -0.00191217 0.0083642 0.00230711 -0.000697424 -0.000247657 -0.000417928 0.000465064 0.000366412 0.00448715 -0.00433706 -0.00121265 -0.00414588 3.5523e-05 0.0144399 0.00153146 -0.00188039 -0.00176806
internal_weight=489190 100206 388984 24611 28354 360630 229726 211007 63789 130904 30805 22643 24983 75595 5822 18719 147218 100099 27124 70119 69638 5177 16907 58688 36665 64461 481 9876 54500 48812
internal_count=489190 100206 388984 24611 28354 360630 229726 211007 63789 130904 30805 22643 24983 75595 5822 18719 147218 100099 27124 70119 69638 5177 16907 58688 36665 64461 481 9876 54500 48812
cat_boundaries=0 4 8 10 14 19 23 27 31 35 40 42 47 51 53 58 62 66 68 72 77 81 85
cat_threshold=1073758496 71565312 235529377 35524 1241535426 1611171923 139461272 25165863 2156208530 24 1073811904 549716001 1081547552 25232470 27825218 1117553 1050690 1076438072 1 2249638400 439975956 369098754 3573920 491587 474104016 8470530 134313985 1085953 237119505 27275265 219316952 6834488 3221229058 2957652224 357302312 1176667136 71893328 1081108608 1076497092 1 1226047498 7 496504980 2734686209 2956199936 2147497016 2 274472993 1295028296 578871300 337678600 2739347084 4 16 16384 0 0 2 337281026 2232432337 67108868 283136 2307416064 3223851028 2316436256 134663217 2202188181 25 1082947588 209746438 2754304 83887250 139485848 278534 8388672 16834562 2 303300617 304751232 3508666372 424689666 29360131 474915136 109062418 151263496
is_linear=0
shrinkage=0.1


Tree=52
num_leaves=31
num_cat=21
split_feature=1 9 9 8 8 0 8 8 11 6 6 8 9 6 10 7 8 8 9 0 9 4 0 3 9 8 7 8 8 9
split_gain=32.7175 22.9143 18.3361 22.7744 18.0619 12.6799 14.1136 12.4849 12.0227 11.1981 13.5851 12.6279 12.4884 11.5806 10.8713 22.5625 20.8265 11.9531 10.6621 10.602 10.3282 10.305 10.2339 10.0466 9.40872 11.5424 9.15868 10.1526 9.14384 8.45773
threshold=-20.999999999999996 0 1 2 3 -38.999999999999993 4 5 6 756.50000000000011 1167.5000000000002 7 8 1011.5000000000001 9 10 11 12 13 363.00000000000006 14 165.00000000000003 2613.0000000000005 3.5000000000000004 15 16 17 18 19 20
decision_type=8 9 9 9 9 2 9 9 9 2 2 9 9 2 9 1 9 9 9 2 9 2 2 2 9 9 1 9 9 9
left_child=1 28 3 -2 -3 21 29 20 -5 24 13 -12 -13 14 15 16 -11 -17 -16 23 -4 -6 -14 -10 -9 -26 27 -15 -1 -7
right_child=2 4 7 8 5 6 -8 9 19 10 11 12 22 26 18 17 -18 -19 -20 -21 -22 -23 -24 -25 25 -27 -28 -29 -30 -31
leaf_value=-1.1679805369958318 0.19744021473090545 -1.6519636957393704 2.1128618659371265 1.6240747237304376 -2.8545038107840157 2.2864986939545857 -0.54378445289894906 -0.051674708943605201 -2.3417089667264039 14.984562476427621 -1.2954459011536494 3.5329332314107669 -0.19638563802870279 -0.18952407124971277 0.23752111695871544 2.1955655568945014 1.3742170194141725 -0.31011894662179573 -0.65913449821909298 0.2111713527067586 0.072086493927083675 -1.2826227101156886 40.094686610493454 -2.7302743833085246 -0.23947989703456468 -1.0017145247030133 0.16616340836884533 2.6207812059690943 -3.0830735960608457 0.40209287862735482
leaf_weight=5161 20808 18652 11965 2410 5224 3954 23659 36288 17310 1037 25482 2070 25629 5319 18706 3154 1608 14372 39691 4798 21983 27071 43 17362 29031 36296 32925 16600 12142 8440
leaf_count=5161 20808 18652 11965 2410 5224 3954 23659 36288 17310 1037 25482 2070 25629 5319 18706 3154 1608 14372 39691 4798 21983 27071 43 17362 29031 36296 32925 16600 12142 8440
internal_value=-0.00110325 -0.00267423 -0.000677526 -0.00224218 -0.00201241 -0.00125926 2.96761e-05 -0.000373021 -0.00358558 -0.000586658 -0.000126773 -0.00147753 -7.23052e-07 0.000412104 -0.000366309 0.0016347 0.010226 0.000333027 -0.00105758 -0.00400456 0.0014406 -0.00269856 -0.000604317 -0.00461525 -0.00143139 -0.0021484 0.00152724 0.00311049 -0.00599723 0.00276201
internal_weight=489190 104303 384887 62688 87000 68348 36053 322199 41880 288251 186636 53224 27742 133412 78568 20171 2645 17526 58397 39470 33948 32295 25672 34672 101615 65327 54844 21919 17303 12394
internal_count=489190 104303 384887 62688 87000 68348 36053 322199 41880 288251 186636 53224 27742 133412 78568 20171 2645 17526 58397 39470 33948 32295 25672 34672 101615 65327 54844 21919 17303 12394
cat_boundaries=0 5 9 13 17 21 25 27 31 35 37 38 42 45 50 55 60 64 65 69 73 77
cat_threshold=18911232 2254438480 137395361 276835044 1 1073758562 72679752 236707969 33492 3557330948 1087930692 102401168 6389793 8430114 470168832 566769280 302010450 167773441 55083155 1577173256 138808864 1074484440 818151458 4986752 276824214 2701197314 16 2323652902 2301120528 3456237654 2097768 308360192 136192 14684168 2692743168 2287473024 24 8 2315518724 35785364 1115693056 1192961 2432696577 2282228368 1277165576 50794632 4027070645 1342180116 802816 2 546833553 545412225 2684358464 1342188800 2 491007616 1266680454 816 2228617216 2 2315559426 2149741633 75499520 50814497 42 294912514 170041609 1149313120 188743945 2315911234 2418544640 369132320 262180 335677057 1074276870 2969567252 2840465410
is_linear=0
shrinkage=0.1


Tree=53
num_leaves=31
num_cat=23
split_feature=0 8 9 3 4 9 8 8 3 9 8 4 9 2 9 8 6 9 10 8 8 8 9 8 11 10 8 8 9 11
split_gain=31.8998 19.415 19.4046 16.8753 19.0322 29.3225 28.1638 15.9962 15.8659 13.0767 12.6319 11.588 15.9842 12.0668 9.98954 9.59603 9.58399 12.7668 12.9658 9.54409 8.86095 8.61046 8.39159 17.0465 11.484 8.43244 18.3573 8.71197 8.64863 9.33522
threshold=-38.999999999999993 0 1 1.5000000000000002 135.00000000000003 2 3 4 1.5000000000000002 5 6 105.00000000000001 7 21.000000000000004 8 9 426.50000000000006 10 11 12 13 14 15 16 17 18 19 20 21 22
decision_type=2 9 9 2 2 9 9 9 2 9 9 2 9 8 9 9 2 9 9 9 9 9 9 9 9 9 9 9 9 9
left_child=1 -1 21 4 5 10 -6 -7 -3 -8 -4 12 -9 20 -10 -13 17 18 -5 -18 -14 -2 23 -21 -25 26 -24 -27 29 -29
right_child=2 8 3 16 6 7 9 11 14 -11 -12 15 13 -15 -16 -17 19 -19 -20 22 -22 -23 25 24 -26 27 -28 28 -30 -31
leaf_value=-0.53280820145775365 -0.10602256370021862 -2.3444235892715581 4.2396229470510987 22.205494063320273 -1.8613020217670231 -0.42927247389138667 0.19260945323104292 -0.02457196541848532 -2.8357104326889591 -0.53237486034726911 0.76431327223467216 1.6551870947713305 2.8942076988797321 1.0453192329391043 -1.4022837623795497 -0.1943484086425763 4.0946137360996797 -2.3580373790026523 0.0048887288945500445 -2.636636056656434 3.6932901890999155 -5.9942624213347884 0.41945839439643029 -1.1260193961282907 1.0917335562047343 -0.38933637879256761 -1.6842850013656872 1.053924224680113 0.75463329358604092 -0.46776492195265473
leaf_weight=26518 2985 13386 581 376 17035 16633 12585 3884 8371 37402 3090 990 590 2577 30932 13608 5391 8215 2374 21067 183 8211 22930 15514 22721 38343 28605 15754 70046 38293
leaf_count=26518 2985 13386 581 376 17035 16633 12585 3884 8371 37402 3090 990 590 2577 30932 13608 5391 8215 2374 21067 183 8211 22930 15514 22721 38343 28605 15754 70046 38293
internal_value=-0.00107504 -0.00291224 -0.000720105 -0.000604746 -0.00166438 9.46923e-07 -0.00271135 -0.000814817 -0.00402266 -0.00151349 0.00852757 0.000965111 0.00423832 0.00928571 -0.00301071 -0.000656257 -0.000205403 -0.00310534 0.00278985 -9.12951e-05 0.0202717 -0.0048242 -0.000173559 -0.00122606 3.26816e-05 0.000118186 -0.000996219 0.000471785 0.000878864 -7.15935e-05
internal_weight=489190 79207 409983 398787 109158 42136 67022 38465 52689 49987 3671 21832 7234 3350 39303 14598 289629 10965 2750 278664 773 11196 273273 59302 38235 213971 51535 162436 124093 54047
internal_count=489190 79207 409983 398787 109158 42136 67022 38465 52689 49987 3671 21832 7234 3350 39303 14598 289629 10965 2750 278664 773 11196 273273 59302 38235 213971 51535 162436 124093 54047
cat_boundaries=0 4 8 13 17 21 26 30 34 39 43 48 49 53 57 61 65 69 71 73 77 81 86 88
cat_threshold=3358150856 547439670 138445312 11534502 0 71303168 235462689 708 2181169408 268444416 2097152 137363464 1 3703077 3272740864 3667918944 73150976 184582145 404758532 2416058372 337152 76818992 2147521550 555090704 469897219 2 131072 2147491840 0 376832 345505797 2164326400 0 263200 2786304 103285076 1211295872 12624832 1 2491417088 33554432 138674176 32769 382476998 17399938 268566784 2504139784 2 134220801 1073741912 8388608 1232160 310378514 0 1048576 142606336 512 134217728 2160590850 68158864 512 13131042 2149974088 550571136 1216449552 170065954 487219889 8204 846152 1582870599 6 1166256209 48 2282913796 2149064834 1153511936 21297344 2504008224 3221495914 1652625936 69734796 1210098244 806922034 2147483970 874512395 1 1076047240 4
is_linear=0
shrinkage=0.1


Tree=54
num_leaves=31
num_cat=21
split_feature=3 0 9 8 9 9 8 2 6 10 3 9 8 9 8 0 11 8 9 0 8 9 8 8 9 4 9 8 11 1
split_gain=28.9818 29.114 28.2152 17.1103 14.3485 12.9526 11.8405 12.6479 11.6634 18.5519 9.82375 9.72425 12.4944 9.25776 9.2137 9.14487 12.0496 9.91641 8.89444 8.8803 12.6903 12.4703 13.6774 12.2202 12.1489 8.94385 9.49356 11.9016 9.56197 8.71248
threshold=2.5000000000000004 87.000000000000014 0 1 2 3 4 87.000000000000014 426.50000000000006 5 11.500000000000002 6 7 8 9 -68.999999999999986 10 11 12 183.00000000000003 13 14 15 16 17 345.00000000000006 18 19 20 195.00000000000003
decision_type=2 2 9 9 9 9 9 10 2 9 2 9 9 9 9 2 9 9 9 2 9 9 9 9 9 2 9 9 9 8
left_child=1 2 -1 -4 14 -2 18 13 9 -7 19 12 -11 -8 -5 -6 -17 -18 -3 21 29 23 24 -10 -23 -24 27 -27 -28 -21
right_child=5 6 3 4 15 8 7 -9 10 11 -12 -13 -14 -15 -16 16 17 -19 -20 20 -22 22 25 -25 -26 26 28 -29 -30 -31
leaf_value=-1.6269423808893138 -4.1589432849736969 0.027498631491028894 -1.0135012807212693 -1.5917026150921236 -1.7047188819182697 25.510498354475423 1.5716554129647446 -0.1503357480449444 -2.4538819216607468 5.1597434426865059 1.3893554387904896 -2.5393550059057652 -0.91208493111737043 0.27999956533401538 -0.45434434489593667 3.8190742231863077 1.1182214637957077 -0.025836909208109493 -1.5377073749317747 3.8827918406618886 -0.10977901417387076 -1.9931280809160055 1.4584949684028328 -0.43126237471281137 -0.33815106789512039 -1.5349089416369219 9.6719808556219355 0.068676932999030896 0.20200786041884689 0.73222341698086124
leaf_weight=17813 13179 4179 17743 5579 5117 218 3157 38235 15534 662 38301 10172 2986 8688 23625 743 2874 11044 6637 2622 50961 17717 7875 20457 22723 25148 457 31011 72588 11145
leaf_count=17813 13179 4179 17743 5579 5117 218 3157 38235 15534 662 38301 10172 2986 8688 23625 743 2874 11044 6637 2622 50961 17717 7875 20457 22723 25148 457 31011 72588 11145
internal_value=-0.00102823 -0.00221159 -0.00341243 -0.00246722 -0.0015027 -0.000527586 -0.000544537 0.000103811 -0.000404949 -0.00322553 -0.000279873 -0.00368764 0.000743573 0.00295905 -0.00291094 0.000577115 0.00184776 0.00117892 -0.00354332 -0.000486564 0.000539486 -0.000797623 -0.000453393 -0.00249466 -0.00206922 2.34131e-05 -0.000176003 -0.00115349 0.000575591 0.0032322
internal_weight=489190 145434 84538 66725 48982 343756 60896 50080 330577 14038 316539 13820 3648 11845 29204 19778 14661 13918 10816 278238 64728 213510 177519 35991 40440 137079 129204 56159 73045 13767
internal_count=489190 145434 84538 66725 48982 343756 60896 50080 330577 14038 316539 13820 3648 11845 29204 19778 14661 13918 10816 278238 64728 213510 177519 35991 40440 137079 129204 56159 73045 13767
cat_boundaries=0 5 9 13 17 21 23 28 32 36 39 40 44 48 52 57 61 65 69 73 77 78
cat_threshold=16810304 5309832 235135170 1076398816 1 10233861 1561625088 815835150 235175936 2316632576 981471254 1076887572 138814742 1073741824 71303168 134273024 1082131140 1092617312 1074299139 2982187297 101716314 2050 16 2546902160 17121538 67109376 2237800704 2 5242881 16809990 1078198594 279681 3239576320 36711299 1141899328 3042330 50331712 33710336 2181038080 1615333382 82176 34152451 2147484544 4 4460553 1074309120 536875008 1744830597 285817935 1233133844 10502656 373299328 2676000 2149663809 1131479200 268512256 1 20982305 1074180680 2717982796 40374538 302518316 3445107089 109060144 335546944 973079041 268448004 2147483976 158896384 2243954690 463077810 8519700 604000313 2148171780 2198359296 1208356866 17170977 2048
is_linear=0
shrinkage=0.1


Tree=55
num_leaves=31
num_cat=20
split_feature=0 3 9 9 8 8 1 4 11 7 9 9 0 8 11 8 9 4 7 6 1 8 9 11 8 8 8 0 1 10
split_gain=28.7278 25.8489 19.9932 15.6146 19.6408 12.6104 11.4321 10.3663 11.1387 10.4759 10.21 9.88173 8.80225 8.7075 8.20128 10.8577 9.04339 7.76198 7.44102 22.5637 9.92001 8.5139 7.77274 7.39538 10.6527 7.3922 7.38973 12.2739 7.22875 7.07336
threshold=-14.999999999999998 1.5000000000000002 0 1 2 3 99.000000000000014 45.000000000000007 4 5 6 7 309.00000000000006 8 9 10 11 1.0000000180025095e-35 12 1345.5000000000002 -68.999999999999986 13 14 15 16 17 18 -122.99999999999999 21.000000000000004 19
decision_type=2 2 9 9 9 9 10 2 9 1 9 9 2 9 9 9 9 2 1 2 8 9 9 9 9 9 9 2 10 9
left_child=1 2 23 4 -2 11 10 8 -5 14 -7 -3 -6 -11 15 -9 -16 -10 19 -12 -21 -20 -23 -1 29 -4 27 -8 -26 -25
right_child=3 5 25 7 12 6 26 9 17 13 18 -13 -14 -15 16 -17 -18 -19 21 20 -22 22 -24 24 28 -27 -28 -29 -30 -31
leaf_value=-1.6770620579264339 -3.2758597942321508 -3.0224498813097673 -0.76706087850194304 3.4786415742719381 -0.72624479780137907 -2.361728841223389 2.2462995827637693 -2.0494401885476274 2.5029565346333467 0.60796442852513533 -2.0687997207066768 -0.9763742069393857 1.3109093838323798 -0.061602309011080096 2.0002206141688847 -0.43915958220983847 -0.24521274434498752 0.25672696563477743 -0.75779411247891371 43.593918946292376 14.198466002764036 3.3124814242112643 0.056537450415105807 0.40816918773371963 -1.7875666328980981 -2.1044962176003441 3.1172860147252206 16.851575639982482 1.0919941118577563 9.6833414286324242
leaf_weight=4032 18039 5730 6787 131 32544 12620 200 9293 66 32416 10115 10204 6077 180249 4687 21435 58583 1883 20730 173 254 6664 25192 424 3416 14471 998 156 1169 452
leaf_count=4032 18039 5730 6787 131 32544 12620 200 9293 66 32416 10115 10204 6077 180249 4687 21435 58583 1883 20730 173 254 6664 25192 424 3416 14471 998 156 1169 452
internal_value=-0.000983056 -0.00229968 -0.00481318 -0.000537026 -0.00206282 -0.0014689 -0.000939156 -0.000256939 0.00677884 -0.000304669 -0.00110208 -0.0040291 -0.000789783 8.39285e-05 -0.00118373 -0.00252391 -0.000532556 0.00475242 -0.000582536 -0.00300607 0.0195082 -9.62074e-05 0.000930143 -0.000992321 0.00140559 -0.00651589 0.00816839 0.0203279 -0.000533191 0.0114447
internal_weight=489190 123787 30751 365403 56660 93036 77102 308743 2080 306663 75748 15934 38621 212665 93998 30728 63270 1949 63128 10542 427 52586 31856 9493 5461 21258 1354 356 4585 876
internal_count=489190 123787 30751 365403 56660 93036 77102 308743 2080 306663 75748 15934 38621 212665 93998 30728 63270 1949 63128 10542 427 52586 31856 9493 5461 21258 1354 356 4585 876
cat_boundaries=0 5 9 13 17 19 20 24 29 33 35 39 44 45 49 54 56 60 64 68 69
cat_threshold=2488340025 16916480 1640760080 134222090 2 8405280 71696464 1310449825 268470996 35258371 2315388929 2311073793 227680476 286264327 1275470793 545792024 205525064 4168 8 17 2703618 2253979937 141645976 1073742532 101225986 1073742148 168863744 1365814176 1 167968922 8653325 69082624 411108560 422391345 16 16777256 1208638732 2986868740 74042664 370215068 35672098 268435456 1619005440 2 4 44212736 34084864 2250448102 17064210 138551545 159814 512 673218570 2 739803795 4 1275068736 131072 131072 32 2214642178 4227408 983064 35718145 0 8388608 2147484672 16 337119616
is_linear=0
shrinkage=0.1


Tree=56
num_leaves=31
num_cat=22
split_feature=0 8 9 3 6 6 9 9 8 8 8 6 10 8 9 7 11 9 9 8 3 8 4 8 9 8 9 8 8 2
split_gain=27.9338 16.3308 15.9362 15.2225 14.1918 15.1269 19.6533 15.0663 13.1569 12.9736 12.5877 12.2317 15.5897 17.7087 13.7255 12.4913 12.1015 17.4152 15.1548 12.8065 11.2423 10.8361 10.686 10.5053 10.3085 9.38452 9.35972 8.93354 8.91648 8.89894
threshold=-38.999999999999993 0 1 1.5000000000000002 795.50000000000011 1167.5000000000002 2 3 4 5 6 1314.5000000000002 7 8 9 10 11 12 13 14 2.5000000000000004 15 1.0000000180025095e-35 16 17 18 19 20 21 279.00000000000006
decision_type=2 9 9 2 2 2 9 9 9 9 9 2 9 9 9 1 9 9 9 9 2 9 2 9 9 9 9 9 9 8
left_child=1 -1 10 -3 7 16 25 8 -4 -9 -2 14 27 -14 -8 24 18 -18 21 -19 22 -6 -11 -20 29 -7 -5 -13 -24 -15
right_child=2 3 4 26 5 6 11 9 -10 20 -12 12 13 15 -16 -17 17 19 23 -21 -22 -23 28 -25 -26 -27 -28 -29 -30 -31
leaf_value=-0.40666881000569161 -5.0959247400769865 -1.9967972258983886 -0.04094370248558081 -2.6116509067331877 6.1502690955734769 1.6793077931744844 -1.5186905258470327 2.7036701769242057 -1.9617752267001831 2.0198612713736348 -0.76487071164105147 -1.8136327549861555 -0.25467543070308951 28.976051267170945 -0.28691572338862148 1.1198170204858111 -0.2356116882068976 2.3962003575163835 0.25261774791628566 0.47942268671677096 -0.10613244115211445 0.42176731482187269 -0.71040671840244807 -0.76854675684530815 1.9499107116336156 15.692671621426554 -1.1250484524558975 -0.036290459415087718 -0.18197736848819759 0.80829228759053484
leaf_weight=26283 9723 13388 10204 8108 2011 1049 19919 4712 24030 22 13122 4617 5584 929 25786 4024 31976 20155 14017 44391 80207 14462 11735 34754 811 679 31428 8202 22568 294
leaf_count=26283 9723 13388 10204 8108 2011 1049 19919 4712 24030 22 13122 4617 5584 929 25786 4024 31976 20155 14017 44391 80207 14462 11735 34754 811 679 31428 8202 22568 294
internal_value=-0.000940537 -0.00265974 -0.000608393 -0.00367137 -0.000456882 3.38074e-05 -0.00117312 -0.00120395 -0.0030528 -0.000672852 -0.00317436 -0.00143297 0.00037161 0.00301922 -0.00239908 0.00676005 0.000570204 0.00128123 -0.000481812 0.00222659 -0.000884569 0.00213978 -0.00239913 -0.00136754 0.0131409 0.00933256 -0.00268515 -0.00203368 -0.00244381 0.0189538
internal_weight=489190 79207 409983 52924 387138 233660 71894 153478 34234 119244 22845 70166 24461 11642 45705 6058 161766 96522 65244 64546 114532 16473 34325 48771 2034 1728 39536 12819 34303 1223
internal_count=489190 79207 409983 52924 387138 233660 71894 153478 34234 119244 22845 70166 24461 11642 45705 6058 161766 96522 65244 64546 114532 16473 34325 48771 2034 1728 39536 12819 34303 1223
cat_boundaries=0 4 8 12 16 20 24 28 30 34 38 39 41 46 51 55 59 63 67 71 76 80 84
cat_threshold=3358150856 547439666 138445440 11534502 32 71565312 168421537 268470980 6305856 1184768 4198400 2692743168 1081168200 269621296 3312451586 671155256 2147496192 2437944322 5013506 49286883 1107366092 549718563 73538440 16777364 1315329 134350865 297803777 95559884 2886861856 32 2340446501 2618831040 1342177282 2111586 2307391763 8413329 805438288 152134675 36 140285093 17 29909568 1227951310 549584960 7406592 1 1392984469 151017521 84149762 65800 3 2560630084 2155907601 3423208520 35653712 1107394712 51380224 38961664 287309888 3229942785 837820800 136384962 1114826 2281832448 142713088 10485828 135676946 6363149 101122 4198664 16850944 36306944 371196244 1244850304 12624832 1 412091140 302338324 1552285700 2172064 229376017 352423936 805380100 135803136
is_linear=0
shrinkage=0.1


Tree=57
num_leaves=31
num_cat=24
split_feature=3 0 9 8 4 9 8 9 6 10 9 9 8 7 6 9 6 10 8 7 8 8 11 9 11 9 8 9 8 9
split_gain=25.137 27.005 24.3033 16.6008 15.5374 19.72 17.7849 11.5817 11.1528 15.4445 10.425 8.96207 9.4357 8.56823 13.7875 22.5978 21.0007 15.8953 15.998 13.7176 12.1611 12.1071 13.4985 11.5322 11.3926 11.2272 10.4804 10.4603 9.99354 9.60969
threshold=2.5000000000000004 39.000000000000007 0 1 75.000000000000014 2 3 4 426.50000000000006 5 6 7 8 9 1171.5000000000002 10 1025.5000000000002 11 12 13 14 15 16 17 18 19 20 21 22 23
decision_type=2 2 9 9 2 9 9 9 2 9 9 9 9 1 2 9 2 9 9 1 9 9 9 9 9 9 9 9 9 9
left_child=1 2 -1 -4 5 -3 -6 -2 9 -9 -5 -11 -13 14 16 19 17 25 -19 28 -21 22 -18 -15 -23 -10 -17 -24 -16 -26
right_child=7 4 3 10 6 -7 -8 8 13 11 -12 12 -14 23 15 26 21 18 -20 20 -22 24 27 -25 29 -27 -28 -29 -30 -31
leaf_value=-1.6091914760695349 -6.639105524986717 1.5214813241241354 0.1323896955765296 -0.35407017389437107 -1.3420717568179645 0.31485198973316286 -0.10217829986707272 12.586963275069188 0.95659007772237281 -4.6782197360936957 -1.1259704425914252 0.98023668470465875 -1.4058372080760593 -1.5734151014928726 15.034841570748453 -2.7922568154837002 -0.015344887032597605 2.4254300454846938 0.11343439576789807 -1.366601925139495 3.8074913298092028 10.757946738635153 3.5778451486908356 -0.13150489535477325 -2.8056325034726539 -1.0306358422411959 -0.50972870009327065 16.858756388786368 1.8996989453997597 1.203833808741078
leaf_weight=14179 5795 466 13161 18527 11752 4952 62953 458 11193 4466 19444 2695 6813 40184 696 13311 2541 13478 45333 2578 1614 1855 2630 106955 2945 42648 13756 3439 803 17570
leaf_count=14179 5795 466 13161 18527 11752 4952 62953 458 11193 4466 19444 2695 6813 40184 696 13311 2541 13478 45333 2578 1614 1855 2630 106955 2945 42648 13756 3439 803 17570
internal_value=-0.000921117 -0.00202319 -0.00353249 -0.00251496 -0.000792908 0.004378 -0.00116793 -0.00045486 -0.000378763 -0.00309867 -0.00357574 -0.00369279 -0.00195209 -0.000257445 0.000212583 -0.00163869 0.000634814 7.07767e-07 0.00113718 0.00408525 0.00113755 0.0029406 0.00612529 -0.000820871 0.00171135 -0.00124065 -0.00284264 0.00868728 0.0122664 0.00103045
internal_weight=489190 145434 65311 51132 80123 5418 74705 343756 337961 14432 37971 13974 9508 323529 176390 32758 143632 112652 58811 5691 4192 30980 8610 147139 22370 53841 27067 6069 1499 20515
internal_count=489190 145434 65311 51132 80123 5418 74705 343756 337961 14432 37971 13974 9508 323529 176390 32758 143632 112652 58811 5691 4192 30980 8610 147139 22370 53841 27067 6069 1499 20515
cat_boundaries=0 4 8 12 16 20 22 26 30 34 35 40 42 46 47 51 55 57 62 64 69 73 77 81 85
cat_threshold=18911552 1079574936 201416770 69765860 1208210176 549978195 1212420480 25297061 1 268959744 131136 1048576 19924000 1225424897 2441089441 102236184 0 67108864 55296 708 2049 16 2617311384 2843781125 2178941460 541393152 1209073707 3527555137 3358785792 671154194 38813697 58753063 1079444230 33875648 106 6322240 537319178 4194984 4037148672 3 2508590608 18 1385955588 840433712 1549844480 43002048 2 172032 112768 2215641412 352645189 2166898691 1486374420 437125186 67110690 85467200 9 688939297 1348862035 2852454400 1208033296 1 16777602 1 537158360 805585111 578879792 67420161 2 2285896997 2150682641 3359638534 102796072 2395472931 1235427330 1073741868 541107459 163840 4224 4 323584 74360 263388 1357054264 2705358849
is_linear=0
shrinkage=0.1


Tree=58
num_leaves=31
num_cat=21
split_feature=1 9 8 9 8 9 0 8 8 9 2 11 4 9 8 8 3 8 0 9 9 8 3 11 11 6 6 9 10 8
split_gain=24.1602 19.8545 14.375 13.4546 19.8326 11.6505 9.99766 9.35579 8.97347 11.7142 9.71695 8.33831 8.30935 19.4814 8.22152 8.19574 7.73662 9.28907 9.10117 8.75243 7.72986 7.20856 7.04626 6.53304 6.51016 6.42471 11.7728 6.34278 6.02492 5.93276
threshold=-20.999999999999996 0 1 2 3 4 -50.999999999999993 5 6 7 3030.0000000000005 8 105.00000000000001 9 10 11 1.5000000000000002 12 249.00000000000003 13 14 15 2.5000000000000004 16 17 906.50000000000011 717.50000000000011 18 19 20
decision_type=8 9 9 9 9 9 2 9 9 9 10 9 2 9 9 9 2 9 2 9 9 9 2 9 9 2 2 9 9 9
left_child=1 7 23 4 -2 25 20 -1 9 -7 12 -6 13 24 27 -15 17 18 -14 -19 -4 -13 -17 -3 -10 26 -5 28 -8 -22
right_child=3 2 6 5 11 8 14 -9 10 -11 -12 21 16 15 -16 22 -18 19 -20 -21 29 -23 -24 -25 -26 -27 -28 -29 -30 -31
leaf_value=-0.59579474660669207 -2.6977376885653492 3.8523161866519779 1.2701242917418405 145.52051990096632 2.7856897691179139 -1.2914467815291681 6.4329049517783448 -2.3798416498827222 3.223307076988625 -0.17467245257973485 41.569397215217222 0.37849243215784173 -0.61400360771569917 -0.35060435907276666 -0.36467229376599075 0.45307712305232273 0.047845483012945764 -0.2148793532957945 0.14477450910827658 0.25768059637525265 -0.73899650222855251 -1.3956070938896892 2.425525594732274 -1.7293701265601407 2.0645189084585303 96.436527910266349 763.89215593500796 1.7886642126420023 -0.20172488129492644 -2.0101107986418714
leaf_weight=4878 13978 389 3752 555 2276 18344 371 11473 309 46835 124 12165 17554 3751 30574 5229 195656 27918 5276 12598 7703 20083 21 13363 937 985 293 6420 8842 16538
leaf_count=4878 13978 389 3752 555 2276 18344 371 11473 309 46835 124 12165 17554 3751 30574 5229 195656 27918 5276 12598 7703 20083 21 13363 937 985 293 6420 8842 16538
internal_value=-0.000885139 -0.00223513 -0.00163957 -0.000519298 -0.00207619 -0.000294745 -0.0010888 -0.00543427 -0.000338415 -0.00139119 -8.3638e-05 -0.00078879 -9.65301e-05 0.0026964 -0.000185472 0.00106425 -0.000207028 -0.00116756 -0.00278021 -0.000258108 -0.00258029 -0.00120218 0.00361216 -0.00460834 0.0143631 0.00763429 0.0140566 0.00167934 -3.25512e-06 -0.00323327
internal_weight=489190 104303 87952 384887 48502 336385 74200 16351 334552 65179 269373 34524 269249 10247 46207 9001 259002 63346 22830 40516 27993 32248 5250 13752 1246 1833 848 15633 9213 24241
internal_count=489190 104303 87952 384887 48502 336385 74200 16351 334552 65179 269373 34524 269249 10247 46207 9001 259002 63346 22830 40516 27993 32248 5250 13752 1246 1833 848 15633 9213 24241
cat_boundaries=0 5 9 13 17 22 26 30 34 36 41 45 49 53 58 63 67 69 70 74 75 79
cat_threshold=18911232 2248152149 137395361 268446404 1 12593184 1552299264 566769280 303042578 1610694978 72613992 240771200 536904404 36701697 2449866776 3376427113 68321496 144 16384 0 0 2 2282356802 2433242112 369230648 262180 1384484 1208516632 981622902 206049320 181407776 3257606422 2416052224 1493244936 2164326656 26 2147516416 524544 268435520 18497544 1 151012673 2718466197 1577156866 138546720 528482306 320864256 1073807360 33792 296222785 2266109441 2147483656 17063936 168202244 2852716544 8388663 23991306 1 1078206712 1460234 927203656 2818572288 2 2215219264 1087373632 110757248 39845921 2315255810 24 2147614728 2191287564 417660928 277053504 1612746769 524291 2148533312 576716886 2315681812 4195500
is_linear=0
shrinkage=0.1


Tree=59
num_leaves=31
num_cat=22
split_feature=0 3 9 0 9 8 9 8 2 8 8 4 8 10 9 9 8 4 1 9 10 4 9 8 11 8 9 11 10 9
split_gain=22.3943 21.3994 17.4424 12.4979 15.4135 16.0012 13.1158 11.7242 11.5582 12.2655 10.7752 10.5934 10.4948 10.2497 8.08941 7.75026 7.68805 9.78469 10.7414 8.956 7.45217 9.83809 7.40867 15.1904 12.6282 10.5436 12.8043 9.97492 8.73374 8.16463
threshold=-14.999999999999998 2.5000000000000004 0 501.00000000000006 1 2 3 4 603.00000000000011 5 6 45.000000000000007 7 8 9 10 11 75.000000000000014 -1.0000000180025095e-35 12 13 165.00000000000003 14 15 16 17 18 19 20 21
decision_type=2 2 9 2 9 9 9 9 8 9 9 2 9 9 9 9 9 2 10 9 9 2 9 9 9 9 9 9 9 9
left_child=1 2 -1 4 5 -2 10 -4 9 -8 -5 15 14 -10 -3 -6 17 18 -13 20 21 -19 23 27 -25 26 -24 -18 -28 -29
right_child=3 12 7 6 11 -7 8 -9 13 -11 -12 16 -14 -15 -16 -17 22 19 -20 -21 -22 -23 25 24 -26 -27 28 29 -30 -31
leaf_value=-0.067424602088070315 -2.8498446927968 -2.7109738987125982 -0.87218233708738391 19.360067645264699 0.018659526940897519 -0.58782565774491169 -1.3255911134863489 -1.604816953028426 6.5501317206846723 1.8571334877508745 3.7820705024887311 4.2557824133688786 -0.38268717762539006 -1.0628709881955729 -0.9797568505096047 0.83829297403980607 1.2741493647455837 8.0258112611207633 3.5006119125939499 -0.090666641298839112 0.68250853850494841 14.268214223572819 -0.73876575492232088 1.1946143988973119 -1.0952352389373237 0.11748611699640213 0.51196104918113283 -1.773717873274832 -0.701480999283562 0.038620349422050441
leaf_weight=9273 15426 4891 10425 703 885 38025 2085 16439 1316 6235 3697 24 74478 12705 8281 1027 8130 56 172 27137 14990 274 29704 3974 35344 103712 19770 6269 12193 21550
leaf_count=9273 15426 4891 10425 703 885 38025 2085 16439 1316 6235 3697 24 74478 12705 8281 1027 8130 56 172 27137 14990 274 29704 3974 35344 103712 19770 6269 12193 21550
internal_value=-0.000837509 -0.00199997 -0.00404765 -0.000443704 -0.000608042 -0.00216625 0.00163756 -0.0053375 0.000652765 0.00360577 0.00662131 -0.000315933 -0.00115574 -0.00109907 -0.00375664 0.00710251 -0.000366011 0.000871244 0.0231633 0.00076854 0.00270058 0.0173529 -0.000585319 -0.00140774 -0.00276597 -0.00021096 -0.00124633 7.81422e-05 0.000142931 -0.000822526
internal_weight=489190 123787 36137 365403 338662 53451 26741 26864 22341 8320 4400 285211 87650 14021 13172 1912 283299 42653 196 42457 15320 330 240646 75267 39318 165379 61667 35949 31963 27819
internal_count=489190 123787 36137 365403 338662 53451 26741 26864 22341 8320 4400 285211 87650 14021 13172 1912 283299 42653 196 42457 15320 330 240646 75267 39318 165379 61667 35949 31963 27819
cat_boundaries=0 5 9 13 18 22 26 30 34 36 41 45 49 54 56 60 64 66 70 75 77 79 83
cat_threshold=2421828664 141313 2714501920 2818638080 2 16744 71697488 1242163362 268472016 5248067 1208109571 2298621953 81657992 525136 613525 159451266 44098 2 2382381826 15353168 140447768 2129921 2432712994 1107873281 322961450 437291041 2425425928 2155872257 1073938688 301990016 290458631 1275208520 547890200 239079432 3221229570 40 67671558 1073742676 135317504 23639008 1 268435456 134217728 268435456 8195 1285578 8784033 5413408 134283348 51905686 2692759809 632291400 3222479105 2 134348801 4 693639186 1358954785 2240938304 3222343721 2416443904 2205173080 1177362432 14724224 2734764418 6 67641904 1226900824 579346436 304655394 109084673 573661196 6291464 155861250 1 2165702656 10 710150735 32 16 16777248 17825792 1073741856
is_linear=0
shrinkage=0.1


Tree=60
num_leaves=31
num_cat=24
split_feature=9 6 8 3 0 8 11 9 8 9 2 8 9 9 8 9 8 9 10 10 9 0 8 7 9 0 9 10 11 9
split_gain=20.5746 17.5718 15.2809 13.1161 16.5766 20.8366 16.5955 15.9836 14.7496 13.9175 12.6543 14.4433 12.0261 11.7449 10.7684 10.3859 9.85995 9.38055 9.17296 8.94469 8.75554 8.10966 8.10766 8.09398 8.02439 7.91302 16.2644 7.65879 7.65372 11.612
threshold=0 465.50000000000006 1 4.5000000000000009 39.000000000000007 2 3 4 5 6 45.000000000000007 7 8 9 10 11 12 13 14 15 16 8280.0000000000018 17 18 19 -170.99999999999997 20 21 22 23
decision_type=9 2 9 2 2 9 9 9 9 9 10 9 9 9 9 9 9 9 9 9 9 2 9 1 9 2 9 9 9 9
left_child=14 2 12 4 5 24 9 -8 18 -7 11 20 -2 -13 -1 21 -17 -4 -9 -5 -6 -12 -11 -21 -3 -10 -27 -14 -25 -30
right_child=1 3 17 19 10 6 7 8 25 22 15 13 27 -15 -16 16 -18 -19 -20 23 -22 -23 -24 28 -26 26 -28 -29 29 -31
leaf_value=-0.5484706095709232 2.6992924240353506 -1.4042438749979878 -0.19619321847386617 -1.9904701565033891 0.075401859498351792 2.8069454017805313 -1.228601179057526 1.7773466988462034 -2.6601106405360389 -2.0027088845742704 0.30272010207429545 0.62528928014848473 13.190922546194498 -0.39331661267042972 -5.2177487226610193 -1.153900038073987 -0.15252647863389604 -1.4746280708968458 -0.7754558606307681 -0.4564802949858135 1.1059404490667515 613.16795716520448 0.54445623984534253 1.1488517939877674 -0.66927511506929005 2.9276979235113587 0.12630713993808002 -0.12203966568467198 -2.7256780156717468 0.39901628691187774
leaf_weight=5609 660 9169 7729 14854 3229 5021 18222 1162 3164 2729 15261 7984 128 15833 12330 20005 64753 22363 24467 54971 6708 67 5581 66260 13261 2098 16654 6897 12287 49734
leaf_count=5609 660 9169 7729 14854 3229 5021 18222 1162 3164 2729 15261 7984 128 15833 12330 20005 64753 22363 24467 54971 6708 67 5581 66260 13261 2098 16654 6897 12287 49734
internal_value=-0.000810321 -0.000683721 -0.00275221 -0.00050347 -0.00100813 -0.00197168 -0.00120822 -0.00186038 -0.000894756 0.00200809 -0.000277199 0.00139717 0.00122807 6.00136e-05 -0.00413338 -0.000841878 -0.00127501 -0.00376786 -0.00252311 9.61078e-05 0.00459736 0.001553 -0.00050481 0.000287455 -0.00466132 0.00100976 0.00179074 7.10494e-06 0.000722496 -7.59322e-05
internal_weight=489190 471251 37777 433474 235368 101528 79098 65767 47545 13331 133840 33754 7685 23817 17939 100086 84758 30092 25629 198106 9937 15328 8310 183252 22430 21916 18752 7025 128281 62021
internal_count=489190 471251 37777 433474 235368 101528 79098 65767 47545 13331 133840 33754 7685 23817 17939 100086 84758 30092 25629 198106 9937 15328 8310 183252 22430 21916 18752 7025 128281 62021
cat_boundaries=0 4 8 12 14 19 23 28 32 37 41 45 50 54 59 61 63 67 71 72 76 80 82 84 88
cat_threshold=0 71303168 167897217 708 16842825 708837926 73714498 38060291 7866373 420884488 547365194 205664520 2202188180 9 4244296 2425174 1083179110 338176304 1 2625897474 3321938196 2516585988 19169888 138436748 1124477442 1082130500 1092247579 2 268600323 932262032 171081732 35663616 50364544 0 8389160 2148016128 2 118413316 2208661632 545390594 141558795 402653248 3234333184 101713296 516 1082392722 269637659 289411608 631767297 2 125837600 40536592 2726691214 184549448 2504788497 2158084610 537133600 2218927360 3 1107306514 8 1342375953 50 2214780928 2166956048 2164260880 1157628929 8553088 107481874 1346965504 51840 17 16815139 1343759624 131168 1907144744 26739745 2148008576 554303744 1073741824 2048 16 2231840644 13 2193647176 2156857366 3238002690 541133835
is_linear=0
shrinkage=0.1


Tree=61
num_leaves=31
num_cat=18
split_feature=0 8 9 8 9 11 0 3 8 4 9 3 8 4 9 9 9 4 9 9 3 4 3 8 8 11 9 0 9 2
split_gain=21.2913 12.856 12.7124 14.0738 11.6562 11.1633 10.1129 8.93491 8.74899 8.86068 21.157 15.2417 12.8979 9.88337 9.31462 8.6748 8.639 8.24049 8.13541 8.08347 7.77606 7.18172 7.0514 6.97532 6.30192 6.28074 12.7192 6.13926 8.52657 6.64171
threshold=-44.999999999999993 0 1 2 3 4 357.00000000000006 2.5000000000000004 5 105.00000000000001 6 1.5000000000000002 7 135.00000000000003 8 9 10 1.0000000180025095e-35 11 12 2.5000000000000004 6105.0000000000009 1.5000000000000002 13 14 15 16 111.00000000000001 17 111.00000000000001
decision_type=2 9 9 9 9 9 2 2 9 2 9 2 9 2 9 9 9 2 9 9 2 2 2 9 9 9 9 2 9 10
left_child=1 15 3 -2 -3 -5 7 18 16 10 17 12 13 19 -12 21 -4 -10 -7 -11 -19 -1 24 -8 -6 26 -15 28 -14 -29
right_child=2 4 8 5 22 6 23 -9 9 11 14 -13 27 25 -16 -17 -18 20 -20 -21 -22 -23 -24 -25 -26 -27 -28 29 -30 -31
leaf_value=2.4117512703889363 0.61773185800741059 -2.8081260254830189 3.1435777745885152 4.8903711664527822 -0.74432088724857637 -1.0462093954401859 2.2730412267079521 -1.9667147005832886 1.8873674915797647 1.6953101793913234 4.2985511003588828 -0.058617170662146556 0.18356334103015248 3.4669522929709382 0.69456400420226183 -0.99627455274609833 0.171432982211674 -0.15309114308896679 -5.0291039656079137 -0.16206106602428536 2.3247905130629207 406.92989370113577 -1.0527267087295578 -0.86687690988789545 -2.4475576111417094 -1.2528724606584001 -1.0178867155736584 0.61511888643142454 -0.40812937417303063 -0.073579210054570202
leaf_weight=5515 12233 8316 5251 589 5524 6591 2826 34080 69 735 183 231187 7115 1199 5664 16052 24826 9663 4522 6119 22 21 31086 2500 3964 15667 3301 4642 23263 16465
leaf_count=5515 12233 8316 5251 589 5524 6591 2826 34080 69 735 183 231187 7115 1199 5664 16052 24826 9663 4522 6119 22 21 31086 2500 3964 15667 3301 4642 23263 16465
internal_value=-0.000781089 -0.00238912 -0.000510425 -0.00181544 -0.0032863 -0.0025447 -0.00270518 -0.00319143 -0.000277761 -0.000428648 0.00189667 -0.000545801 -0.00174968 -0.00351856 0.00664675 -0.000355591 0.00135374 -0.000956578 -0.00565374 -0.000239279 -0.00120289 0.00305445 -0.00258575 0.00141569 -0.0049726 -0.0046348 -0.00133038 -0.00082047 -0.00173086 0.000489409
internal_weight=489190 70478 418712 63341 48890 51108 50519 45193 355371 325294 15601 309693 78506 27021 5847 21588 30077 9754 11113 6854 9685 5536 40574 5326 9488 20167 4500 51485 30378 21107
internal_count=489190 70478 418712 63341 48890 51108 50519 45193 355371 325294 15601 309693 78506 27021 5847 21588 30077 9754 11113 6854 9685 5536 40574 5326 9488 20167 4500 51485 30378 21107
cat_boundaries=0 4 8 12 17 19 23 27 31 35 40 45 49 53 57 61 63 67 71
cat_threshold=3223933128 2694943794 138707456 9437350 537411938 71696480 236055712 101072 3292533064 9475392 43681226 44040240 2654754 2960130114 137422976 10527684 1 2164326400 16 1082347928 817889283 5316480 310379542 521273349 3774939136 268435456 9263 20709477 3473413640 2592210944 71839776 2147483648 256 64 1048576 4860081 21155984 1149239616 672433170 2 67114128 2703245316 524288 268444704 2 540962 131072 67175424 100352 2148564992 268501008 8388608 134217728 286827524 1214786065 1140858896 71572353 235045634 1175077197 2151284884 169934849 2188030722 9 2156920832 1049088 1082130496 2097152 339746820 2172748290 16777216 134217729
is_linear=0
shrinkage=0.1


Tree=62
num_leaves=31
num_cat=24
split_feature=0 8 9 6 8 9 8 9 8 9 3 9 4 8 8 8 9 5 6 8 11 8 9 11 9 9 8 7 9 9
split_gain=18.698 14.6959 13.0207 11.4929 14.0831 13.4266 10.6607 10.3029 9.60464 9.76349 9.42708 12.3606 13.8967 20.8199 13.6918 10.4747 10.4048 10.0023 20.558 14.3451 14.264 13.0699 9.39688 9.28611 15.1475 11.3054 9.85158 9.28294 16.0033 9.16052
threshold=-56.999999999999993 0 1 469.50000000000006 2 3 4 5 6 7 4.5000000000000009 8 75.000000000000014 9 10 11 12 18.500000000000004 1011.5000000000001 13 14 15 16 17 18 19 20 21 22 23
decision_type=2 9 9 2 9 9 9 9 9 9 2 9 2 9 9 9 9 2 2 9 9 9 9 9 9 9 9 1 9 9
left_child=1 -1 6 4 5 -4 -2 -6 9 -5 11 14 13 -13 -10 16 -14 18 23 27 -19 -22 -3 24 -12 -25 -27 28 -20 -29
right_child=2 22 3 8 7 -7 -8 -9 10 -11 17 12 15 -15 -16 -17 -18 20 19 -21 21 -23 -24 25 -26 26 -28 29 -30 -31
leaf_value=-0.21709933420514488 0.25328632740015089 -0.37994250671812879 2.393825151502063 3.7824472314665964 -0.0080384496734373211 -0.09978669404203383 -3.8485970427784233 -1.3850229414559017 -1.2761564061255517 0.091720254697704381 -4.6486571527302178 0.011370790812933044 -0.9798533266452627 1.8080855103738096 -0.24872942538437878 0.0083224181033009579 -0.1972654657043279 11.33642378895359 0.23471210996046291 0.50860183840445872 -3.0467622190383441 -0.005081381022679775 -2.2580306975905482 -1.0569126304967762 -0.061311311975923169 2.1107682839756561 0.11654447002185959 0.50921526727237021 29.479817833340793 6.2021128251779398
leaf_weight=21077 4443 7158 1348 7017 6740 6370 8641 18491 15669 12306 8114 4157 15211 1928 19602 91252 51149 1651 825 13774 16183 21025 27867 18351 18307 20276 36871 4483 1352 7552
leaf_count=21077 4443 7158 1348 7017 6740 6370 8641 18491 15669 12306 8114 4157 15211 1928 19602 91252 51149 1651 825 13774 16183 21025 27867 18351 18307 20276 36871 4483 1352 7552
internal_value=-0.000747769 -0.00246551 -0.000525254 -0.000428417 -0.00222131 0.00151656 -0.00363067 -0.00336397 -0.000275803 0.00189675 -0.000390004 -0.000856321 -0.00049033 0.00419885 -0.00255407 -0.000671398 -0.00162724 0.000159747 0.000580807 0.00298149 -0.00124785 -0.00165189 -0.00372057 -7.8398e-05 -0.00169158 0.000486304 0.00117973 0.00520883 0.0112163 0.00411374
internal_weight=489190 56102 433088 420004 32949 7718 13084 25231 387055 19323 367732 198968 163697 6085 35271 157612 66360 168764 129905 27986 38859 37208 35025 101919 26421 75498 57147 14212 2177 12035
internal_count=489190 56102 433088 420004 32949 7718 13084 25231 387055 19323 367732 198968 163697 6085 35271 157612 66360 168764 129905 27986 38859 37208 35025 101919 26421 75498 57147 14212 2177 12035
cat_boundaries=0 4 8 12 17 21 26 30 35 40 44 48 52 56 60 62 66 71 73 78 82 86 87 91 95
cat_threshold=3356053704 551555134 406884880 9437348 0 72613888 167829504 704 114697 576716870 69587778 38062147 318801025 1073807440 8 2703763456 2 436207684 13107202 68158848 167789056 2513175120 2695463554 32 2221023488 3 1073815000 545328128 5934976 294649878 538453168 2181058561 2771911177 75832 3 1645930 1073742928 1141967936 1342289936 1 67108868 422051840 2013274116 289 198181408 269124115 3355443242 71499912 270008357 3442873088 916455492 168308768 195068417 721668 2149711904 134479872 2379005954 2567966740 2550464518 73401088 2149613570 3 2600992805 2567983120 1579237378 69206817 3361026057 18237448 541066826 2684436483 2 2857926674 2 147850754 2987098628 3221225472 677452858 1 538992676 2418117824 2711617698 3239118116 2527625222 2555941392 1208029192 38013632 32 277905668 2415960832 3224371200 6232104 143409920 2198547972 1367343104 608207875
is_linear=0
shrinkage=0.1


Tree=63
num_leaves=31
num_cat=24
split_feature=0 9 8 3 8 2 8 9 9 8 8 9 10 0 9 9 8 9 8 8 9 7 10 6 8 10 6 9 8 8
split_gain=19.1085 24.3202 17.4743 12.8637 13.1426 11.4241 28.395 13.5878 11.3112 10.625 10.4628 9.8848 10.4306 12.2103 11.4123 9.68712 9.65275 12.676 8.36014 8.20013 8.12871 10.1942 9.51021 8.72953 12.0825 10.1385 9.68455 11.7027 13.0578 10.209
threshold=183.00000000000003 0 1 1.5000000000000002 2 177.00000000000003 3 4 5 6 7 8 9 -8.9999999999999982 10 11 12 13 14 15 16 17 18 1143.5000000000002 19 20 1028.5000000000002 21 22 23
decision_type=2 9 9 2 9 8 9 9 9 9 9 9 9 2 9 9 9 9 9 9 9 1 9 2 9 9 2 9 9 9
left_child=1 2 -1 4 15 6 7 -2 9 -7 -8 -6 14 18 -13 -3 17 -5 -14 -15 -18 22 -22 26 -25 -26 27 -24 -29 -28
right_child=5 3 -4 16 11 8 10 -9 -10 -11 -12 12 13 19 -16 -17 20 -19 -20 -21 21 -23 23 24 25 -27 29 28 -30 -31
leaf_value=-0.29727007203564954 3.7969037129681613 0.032854189236175523 -2.875584057302635 0.41222399901729156 0.27332782603315137 3.2526838791156139 -1.6772244394943412 1.528677730158633 -0.21371919109382001 0.23156936027244823 1.0662209148398158 -0.38554836006291598 -1.4898928636206394 0.15242419706638971 1.5229500677981773 -0.93687693198299637 0.37409233901672806 -1.4261899542648422 -0.5264712254318934 -0.31517653274727936 2.8860921576838607 -0.70207828821224949 -1.0162428802307166 1.5418845570425141 -0.16492273625055467 -3.5147617197685892 7.3683839050965965 1.8641561627353245 -0.2500223595175447 0.84006461024648493
leaf_weight=12093 2556 4546 23206 13913 6886 4041 5982 4139 72869 14379 8503 3700 6621 12518 3486 18642 42770 28724 12375 21752 4917 76392 17994 3595 5517 7265 2777 17645 22792 6595
leaf_count=12093 2556 4546 23206 13913 6886 4041 5982 4139 72869 14379 8503 3700 6621 12518 3486 18642 42770 28724 12375 21752 4917 76392 17994 3595 5517 7265 2777 17645 22792 6595
internal_value=-0.000733869 -0.00107536 -0.00357388 -0.000816915 -0.00183881 0.000409977 0.00250236 0.00788218 -7.5477e-05 0.00213782 1.0346e-05 -0.00113114 -0.00154014 -0.00202268 0.00203446 -0.00389172 -0.000448236 -0.00181889 -0.00405665 -0.00089583 -0.000167526 -0.000485141 0.000241617 -8.31691e-06 -0.00208036 -0.00351939 0.000492159 1.35178e-05 0.000957547 0.00347631
internal_weight=489190 376721 35299 341422 90526 112469 21180 6695 91289 18420 14485 67338 60452 53266 7186 23188 250896 42637 18996 34270 208259 165489 89097 84180 16377 12782 67803 58431 40437 9372
internal_count=489190 376721 35299 341422 90526 112469 21180 6695 91289 18420 14485 67338 60452 53266 7186 23188 250896 42637 18996 34270 208259 165489 89097 84180 16377 12782 67803 58431 40437 9372
cat_boundaries=0 5 9 13 17 22 27 31 35 40 41 45 49 53 58 62 66 71 72 74 78 80 84 88 92
cat_threshold=1073762560 72352848 135391393 2752 1 227209536 818480128 2450721312 8392737 10231849 1191450114 2743607306 71446784 337018883 290615444 8388624 138670721 276988166 1751220996 145948736 2902024 1 1073778832 270228496 423626896 274738241 3 2149130395 231310347 3225952256 371195920 138437040 3221228034 828993824 353370152 8389680 3238035968 822346752 134217728 2 1648900513 302023169 679682052 14811140 539279384 4194816 2138112 16777216 67633156 71840289 1208989768 536882192 338170120 2168782917 1636321674 8519694 738214915 2 285278724 408052100 1342439424 169116674 2252505088 524480 139788800 168903297 578036440 49673 639632384 2712567808 2 120 1074278403 16 1099186250 348127238 11539360 156360784 2181301768 10 2492006438 2432897314 1094717954 1409291560 2450785540 2200961041 1589838082 9568900 153485314 281034772 436666370 5243923
is_linear=0
shrinkage=0.1


Tree=64
num_leaves=31
num_cat=22
split_feature=1 8 9 9 6 9 8 8 8 3 9 8 11 0 6 8 6 11 8 11 9 11 6 7 10 2 8 9 11 9
split_gain=17.3162 16.4883 11.7531 10.6621 10.4942 13.4584 11.0336 10.2447 10.2291 8.53003 11.9998 14.8287 9.57092 8.60703 8.13864 14.5016 11.1335 9.94164 8.21114 7.94535 8.27477 7.87444 8.61993 16.2174 8.81433 9.76856 7.86501 9.79722 9.02795 9.58239
threshold=-38.999999999999993 0 1 2 469.50000000000006 3 4 5 6 6.5000000000000009 7 8 9 243.00000000000003 1167.5000000000002 10 1015.5000000000001 11 12 13 14 15 1314.5000000000002 16 17 75.000000000000014 18 19 20 21
decision_type=8 9 9 9 2 9 9 9 9 2 9 9 9 2 2 9 2 9 9 9 9 9 2 1 9 8 9 9 9 9
left_child=1 -1 -2 -3 5 6 -4 -5 -7 10 11 -6 -11 -13 16 -16 18 -18 -14 -20 -21 -17 -23 24 25 -24 27 -12 29 -28
right_child=2 3 4 7 9 8 -8 -9 -10 12 26 13 14 -15 15 21 17 -19 19 20 -22 22 23 -25 -26 -27 28 -29 -30 -31
leaf_value=-2.5260860517444335 243.34255639096111 -1.9591379861847156 1.6452660995590105 -0.92310820910828439 -2.0757390271227654 -0.074468093331940766 -0.1686381393323344 0.084866092639938634 -1.6769805834746998 -4.9129870450383741 -1.2372805692726063 -0.65981721998848764 2.5408441856700907 0.63526118537409104 14.14367310223286 14.336035023967979 10.766350812925094 1.3361851542302794 0.94534112896763001 0.98824019070061242 -2.2995791133537398 -3.9170581527022614 47.351964159354218 -2.6407398566617934 3.8738345298392689 5.0017745404353589 -0.1558063939332707 -0.12304916720042434 -0.072699529300172011 1.2392481319015092
leaf_weight=9468 1903 9927 1923 23153 15560 6851 7624 31208 15362 3146 16932 21706 9523 6886 889 445 6195 11949 24780 6722 16187 11024 333 3971 1221 433 8460 30392 173035 11982
leaf_count=9468 1903 9927 1923 23153 15560 6851 7624 31208 15362 3146 16932 21706 9523 6886 889 445 6195 11949 24780 6722 16187 11024 333 3971 1221 433 8460 30392 173035 11982
internal_value=-0.000716084 -0.0021281 -0.000465395 -0.00155339 -0.000501549 -0.00224811 0.000892537 -0.00100256 -0.00359673 -0.000356263 -0.000631791 -0.0021471 0.000454665 -0.000794352 0.000637046 -0.00125355 0.00109666 0.00325507 0.000412149 -0.000123485 -0.0014656 -0.00189081 -0.00223753 0.000825778 0.00817726 0.0165464 -0.000353848 -0.00150928 -7.117e-05 0.0019157
internal_weight=489190 73756 415434 64288 413531 31760 9547 54361 22213 381771 284953 44152 96818 28592 93672 18316 75356 18144 57212 47689 22909 17427 16982 5958 1987 766 240801 47324 193477 20442
internal_count=489190 73756 415434 64288 413531 31760 9547 54361 22213 381771 284953 44152 96818 28592 93672 18316 75356 18144 57212 47689 22909 17427 16982 5958 1987 766 240801 47324 193477 20442
cat_boundaries=0 4 9 14 18 22 26 30 34 38 40 44 46 50 52 56 58 59 60 64 68 70 74
cat_threshold=297805857 143010304 562574984 369098842 144 16384 0 0 2 2099200 907018516 137427104 281062112 1 366085633 539591424 2751463980 2154178816 335544836 677642244 70523718 33849859 101220890 343430272 2151809314 18937856 25329678 57426276 67390208 38034464 4266304 71630856 705947648 2818639824 33694720 106447361 2176847981 72909016 273154065 16 23138376 2563 9515520 16909328 3892314378 5 3525908482 67127809 541274504 26214836 67514636 9 42288389 3276022017 1116480 1409824008 32768 1 20 295432 9505377 1661239304 2919376980 139067656 387465248 1360135698 1096814656 1351653384 1130437073 4 2458386434 3282577824 291505238 17958913
is_linear=0
shrinkage=0.1


Tree=65
num_leaves=31
num_cat=22
split_feature=0 8 9 0 9 8 8 9 9 9 8 0 8 8 9 11 9 9 9 2 8 0 8 1 8 8 0 10 3 10
split_gain=16.8173 12.1019 11.8512 9.46236 10.134 20.1495 9.93097 10.3955 9.20635 8.97359 8.66537 8.50829 8.37729 8.0466 10.8825 10.5984 23.3626 11.5279 7.75161 8.77707 12.3442 18.0201 7.63548 8.25292 14.9251 6.79913 6.73077 6.70027 6.67092 6.62559
threshold=-62.999999999999993 0 1 255.00000000000003 2 3 4 5 6 7 8 27.000000000000004 9 10 11 12 13 14 15 -8.9999999999999982 16 -206.99999999999997 17 249.00000000000003 18 19 327.00000000000006 20 14.500000000000002 21
decision_type=2 9 9 2 9 9 9 9 9 9 9 2 9 9 9 9 9 9 9 8 9 2 9 10 9 9 2 9 2 9
left_child=1 18 10 4 5 -4 7 11 25 -3 -2 -6 -7 15 29 16 -8 -17 -1 -20 21 -21 -10 24 -24 -5 -12 -14 -18 -15
right_child=2 9 3 8 6 12 13 -9 22 -11 26 -13 27 14 -16 17 28 -19 19 20 -22 -23 23 -25 -26 -27 -28 -29 -30 -31
leaf_value=2.5272112928862285 0.40060626872245608 -0.10662640670934741 -1.6929713003635531 1.6279253367074245 -1.3811409554123695 0.7353605466291292 -1.0287046438470773 -0.028171935878904528 -0.840432544928436 -2.241143546028709 -5.7386785770495372 -0.29846495495418862 -0.93411116335763722 2.8063186203863246 0.0093045479411022446 -0.32975638245556904 0.10646925030172696 0.65799907903385424 -3.5137296794951873 0.041436148204485199 -0.13776071183847236 14.970202023335752 5.1968811297172994 -0.0091823368513732004 0.20687248766728039 0.43843858873187308 0.52562293797725967 0.14041636462940973 9.1535010049425765 0.62744641766557951
leaf_weight=3130 3223 6109 20936 6324 14280 15467 24448 33398 12686 25941 6620 21060 26263 990 85920 22462 26409 22784 5368 183 9844 126 2345 35645 4515 13638 1209 13754 159 23954
leaf_count=3130 3223 6109 20936 6324 14280 15467 24448 33398 12686 25941 6620 21060 26263 990 85920 22462 26409 22784 5368 183 9844 126 2345 35645 4515 13638 1209 13754 159 23954
internal_value=-0.000694007 -0.0024183 -0.000494633 -0.000410977 -0.000628302 -0.00164726 -0.000345957 -0.00138739 0.000607691 -0.00359638 -0.00372627 -0.00258275 -0.000649442 -2.92049e-07 0.000580476 -0.000669148 -0.0016572 0.000445021 -0.000391728 -0.00130771 0.000420563 0.0197806 -5.81535e-05 0.000584497 0.00376093 0.00244742 -0.00552239 -0.0014133 0.000395814 0.00241885
internal_weight=489190 50701 438489 427437 352284 76420 275864 68738 75153 32050 11052 35340 55484 207126 110864 96262 51016 45246 18651 15521 10153 309 55191 42505 6860 19962 7829 40017 26568 24944
internal_count=489190 50701 438489 427437 352284 76420 275864 68738 75153 32050 11052 35340 55484 207126 110864 96262 51016 45246 18651 15521 10153 309 55191 42505 6860 19962 7829 40017 26568 24944
cat_boundaries=0 4 8 13 17 21 25 30 35 39 43 47 52 54 58 62 67 71 75 79 83 85 87
cat_threshold=1212698824 551572586 408977920 9437350 0 71303168 167829504 704 1076384034 134264 4394210 402754576 1 2103300 1276009089 3229622284 223052040 274473509 1275441224 578830336 338178088 445677577 1379152132 2217738240 560730150 1090830610 88432 21039330 6349824 3 2283089920 1329152 1610613866 671155218 2 134217728 13107200 68158848 37749248 3321970760 2191589410 383490 45097584 2250244168 2200962306 405578836 139592576 2216034521 151061125 540803600 2231374116 2 1544325146 5 2173772360 2701983748 1085276164 559960104 407241793 413217667 335544321 3291488515 4237499 17489936 71335940 135315464 2 0 0 0 4 2147713314 2198048 1916801194 369131613 310661121 3619704976 2281775108 2510848 1652317 68182792 1116209216 341967504 35042970 34 675352704 4
is_linear=0
shrinkage=0.1


Tree=66
num_leaves=31
num_cat=19
split_feature=9 0 8 8 0 8 8 6 9 10 8 4 8 3 8 9 9 9 9 9 0 0 11 9 9 2 2 4 9 4
split_gain=15.2449 10.8536 11.2365 10.3327 10.2842 10.388 9.36456 9.02694 12.022 11.0743 8.50517 8.24058 20.4555 10.1687 12.586 8.16131 7.73527 7.62701 7.59667 7.23598 8.15692 7.04859 6.65058 8.98371 7.87125 6.56164 6.32429 6.1084 5.82169 5.80652
threshold=0 -86.999999999999986 1 2 309.00000000000006 3 4 426.50000000000006 5 6 7 75.000000000000014 8 1.5000000000000002 9 10 11 12 13 14 93.000000000000014 -14.999999999999998 15 16 17 111.00000000000001 117.00000000000001 195.00000000000003 18 3105.0000000000005
decision_type=9 2 9 9 2 9 9 2 9 9 9 2 9 2 9 9 9 9 9 9 2 2 9 9 9 10 8 2 9 2
left_child=4 2 -2 21 5 -1 -6 8 -5 -10 18 12 -9 14 16 -14 -13 -4 -11 -16 22 -3 23 -21 -24 -22 -17 -8 -25 -15
right_child=1 3 17 7 6 -7 27 11 9 10 -12 13 15 29 19 26 -18 -19 -20 20 25 -23 24 28 -26 -27 -28 -29 -30 -31
leaf_value=-1.254231900905274 -4.1682654398080308 10.178383249591519 2.7361949985876306 -3.0636013319517392 -3.5560929002122381 -5.4261591207979549 5.9215883813737058 -0.029505120047238622 16.797910198703846 2.6445039169466877 -0.67589408554430319 -1.1674235806864082 1.0307182111960331 -0.098244503263706387 0.20079361921585367 3.2088331596247182 -0.36483105985447983 -1.4455992722654996 -0.21926549515146665 1.6246235924595309 0.44548599433485969 3.5699729391767505 -1.3539381875118073 -0.73907217099428324 -0.3192709929719042 -0.12072532644903873 1.7583112129953762 3.9280496733554231 0.016920568585982655 3.9185970647872881
leaf_weight=7882 5082 620 3222 4809 1056 10420 64 6167 342 1104 8859 7104 1817 295061 14806 310 20985 22789 2214 1204 7350 1992 5235 3868 15837 19573 332 1304 9431 8351
leaf_count=7882 5082 620 3222 4809 1056 10420 64 6167 342 1104 8859 7104 1817 295061 14806 310 20985 22789 2214 1204 7350 1992 5235 3868 15837 19573 332 1304 9431 8351
internal_value=-0.00067704 -0.000559564 -0.00236484 -0.000431238 -0.00333044 -0.00414272 0.00278878 -0.000468964 -0.00270545 -0.00106872 -0.00157299 -0.000376136 0.00268259 -0.000440677 -0.0012869 0.0103726 -0.0030994 -0.00152223 0.00274038 -0.000627832 -0.00109874 0.00582761 -0.00209276 -0.000443053 -0.00322645 0.000214313 0.0200613 0.0082148 -0.00119393 -0.000146734
internal_weight=489190 468464 31093 437371 20726 18302 2424 434759 17328 12519 12177 417431 8626 408805 105393 2459 28089 26011 3318 77304 62498 2612 35575 14503 21072 26923 642 1368 13299 303412
internal_count=489190 468464 31093 437371 20726 18302 2424 434759 17328 12519 12177 417431 8626 408805 105393 2459 28089 26011 3318 77304 62498 2612 35575 14503 21072 26923 642 1368 13299 303412
cat_boundaries=0 4 8 12 16 20 24 25 29 33 37 41 45 49 54 58 60 65 70 74
cat_threshold=0 71303232 167897216 268436160 126002179 2283284545 9969930 21273088 1073807504 8388609 3712 8388628 134217792 46661696 76554128 33554980 134223361 33556498 285217825 70254604 1209094440 303176721 3241152515 671156242 2049 55722240 285261830 3260485890 50643008 2231369735 422051840 2013274116 257 297279596 1291916802 2457866242 172503040 67633152 2306940928 131072 262176 26247265 268960000 2228224 4202512 2185327027 143017984 263178 2819620864 272794752 153174150 8388640 2219312416 2 1451233281 2147516930 24510481 201330969 2252586752 9 2148663296 0 1073741824 0 1 2148532480 3211284 1073741888 4244482 1 256 134743192 335544386 554336256
is_linear=0
shrinkage=0.1


Tree=67
num_leaves=31
num_cat=25
split_feature=9 0 8 8 4 11 9 7 9 11 8 9 9 11 8 8 8 1 0 10 9 8 4 8 9 8 9 11 8 9
split_gain=14.3149 10.4839 9.52079 8.38982 7.56124 7.70118 7.11124 7.43005 6.9657 6.95995 6.90463 6.90295 6.42475 10.4394 10.647 9.68972 7.64037 6.42009 6.15416 5.78863 10.7902 10.0982 8.27411 7.34993 6.65019 5.99338 5.77038 5.69394 5.55316 5.47943
threshold=0 -44.999999999999993 1 2 45.000000000000007 3 4 5 6 7 8 9 10 11 12 13 14 3102.0000000000005 327.00000000000006 15 16 17 135.00000000000003 18 19 20 21 22 23 24
decision_type=9 2 9 9 2 9 9 1 9 9 9 9 9 9 9 9 9 10 2 9 9 9 2 9 9 9 9 9 9 9
left_child=3 2 11 18 5 -3 -6 8 10 -4 -8 -2 13 14 -9 -15 17 27 -1 20 21 22 -18 24 -21 -22 -11 -14 -20 -25
right_child=1 4 9 -5 6 -7 7 12 -10 26 -12 -13 16 15 -16 -17 19 -19 28 23 25 -23 -24 29 -26 -27 -28 -29 -30 -31
leaf_value=-4.4139117762878071 -0.39455968315869272 3.2809177940547949 -1.2244691953517099 -0.68976665934920478 180.34817358164958 0.28690744575293942 0.025275397969569097 -2.553128935478659 -0.1826921898119207 -1.0970536065954986 -1.0728865724628531 -1.9848109061404167 -1.1960009899325399 -1.1035815562385947 -0.53193971278555285 0.6015258207465739 4.0253771372460463 43.343628589813349 4.4291994735124272 -1.076517893146518 -0.47271136102402189 0.082024739822337447 1.3845912736202901 0.21974687936135237 -0.13300577213181036 0.23004647244951362 0.10256317524297127 0.68441364305952679 -2.4825511817026071 -0.20705641320677698
leaf_weight=10271 3681 106 10480 9508 1915 2213 7602 10608 97311 14357 19166 6898 2910 14169 16356 27621 351 41 534 11639 15779 7977 7598 38503 13421 29203 29201 25816 926 53029
leaf_count=10271 3681 106 10480 9508 1915 2213 7602 10608 97311 14357 19166 6898 2910 14169 16356 27621 351 41 534 11639 15779 7977 7598 38503 13421 29203 29201 25816 926 53029
internal_value=-0.00064699 -0.000531692 -0.00171426 -0.00318556 -0.00034225 0.00535144 -0.000375175 -0.000404402 -0.00104675 -0.00117636 -0.00247517 -0.00445651 -0.000114571 -0.000951663 -0.00248536 3.82751e-05 0.000164485 0.00167599 -0.00497488 -8.05612e-05 0.000709476 0.00294553 0.00546676 -0.000493304 -0.00201037 -8.26837e-05 -0.000619264 0.00162013 0.00109589 -7.77809e-05
internal_weight=489190 467951 64617 21239 403334 2319 401015 399100 124079 54038 26768 10579 275021 68754 26964 41790 206267 28767 11731 177500 60908 15926 7949 116592 25060 44982 43558 28726 1460 91532
internal_count=489190 467951 64617 21239 403334 2319 401015 399100 124079 54038 26768 10579 275021 68754 26964 41790 206267 28767 11731 177500 60908 15926 7949 116592 25060 44982 43558 28726 1460 91532
cat_boundaries=0 4 8 12 13 18 19 23 25 29 33 37 39 43 47 51 52 57 61 65 70 74 78 80 84 88
cat_threshold=0 71303232 235006080 276824768 293871623 1477716232 1084235786 155660544 1054209 136314899 289554537 91226329 73 144 16384 0 0 2 17 23097633 1074006024 1630799219 151035920 440139778 2 3225987072 2171699200 404602880 84959651 1213358080 436674592 4194372 854035 681138536 50463796 2156003616 1610713105 1950912605 5 139235908 241705490 2621448204 134349600 1517554468 2684518408 3632533504 21381129 144840706 546048517 69475256 263318 711736102 2216821760 2684655872 20971586 18227456 1 33562625 2251297152 2181169158 138510849 318841388 1224951064 1782792194 169869344 385909762 3758893698 1076887564 19947552 1 2216174597 1141899488 2726305798 632904 1442956804 404848694 3149841 1076500752 2286467111 1 1048576 136314881 4194304 4194448 268706308 1753852555 268439581 16801804
is_linear=0
shrinkage=0.1


Tree=68
num_leaves=31
num_cat=23
split_feature=9 0 8 3 9 9 1 8 8 0 8 0 1 9 11 9 9 1 8 10 8 10 9 9 7 8 10 10 8 9
split_gain=13.7173 12.1023 16.9694 12.3704 13.7381 10.6137 10.2337 22.5718 12.6238 9.76267 15.423 9.47906 9.18302 10.1441 9.4751 8.99233 8.92148 9.1476 15.7735 8.98581 8.74173 8.24811 17.2353 8.17503 7.99816 7.89681 7.88709 7.84836 7.85927 7.61268
threshold=0 39.000000000000007 1 1.5000000000000002 2 3 51.000000000000007 4 5 75.000000000000014 6 219.00000000000003 81.000000000000014 7 8 9 10 207.00000000000003 11 12 13 14 15 16 17 18 19 20 21 22
decision_type=9 2 9 2 9 9 10 9 9 2 9 2 10 9 9 9 9 10 9 9 9 9 9 9 1 9 9 9 9 9
left_child=-1 2 5 4 -4 -2 7 9 -9 -3 -11 20 14 -14 15 -5 -13 18 -18 -19 29 24 -23 -12 -16 -21 -17 -6 -29 -8
right_child=1 6 3 12 27 -7 11 8 -10 10 23 16 13 -15 21 26 17 19 -20 25 -22 22 -24 -25 -26 -27 -28 28 -30 -31
leaf_value=-13.517295594915097 -0.06460355774446784 0.54492634008522045 -0.80452767387750912 -2.2643655513905308 0.74603036983575466 -1.1399678629886263 -1.9389490866944437 0.41597508809594408 -0.80832316902860457 12.384730718810777 2.7785466903673854 -0.61557089322915326 4.3007046308271661 0.13015436740973294 0.34664278558061601 4.4869437365801552 4.2219725466961648 -0.47181590393447154 0.57912077908763349 -0.28172106406434566 -0.17049452626618319 3.7357377784864561 -0.14939629619038164 0.76722874845688671 -1.0202750076421085 0.74728700391614256 -0.30106244092883594 -0.60828197433744147 0.0037043261935280156 -0.70619938021431794
leaf_weight=4336 7466 8965 16393 20011 4190 19766 6957 24556 15627 560 2180 19048 2052 3191 26527 788 1638 17012 4279 12252 100456 7986 11939 2195 15154 31367 61292 13738 14700 12569
leaf_count=4336 7466 8965 16393 20011 4190 19766 6957 24556 15627 560 2180 19048 2052 3191 26527 788 1638 17012 4279 12252 100456 7986 11939 2195 15154 31367 61292 13738 14700 12569
internal_value=-0.000610195 -0.000560036 -0.00109653 -0.000774409 -0.00215235 -0.00343661 -9.47798e-05 0.00112919 -7.29006e-05 0.004601 0.00817629 -0.000416778 -0.000320937 0.00378981 -0.000470924 -0.00117429 0.000387165 0.000933319 0.00468649 0.000567199 -0.000990318 0.000466435 0.00213945 0.00612314 -0.000333648 0.00132733 -0.000579806 -0.000964522 -0.00156004 -0.00292588
internal_weight=489190 484854 225193 197961 49021 27232 259661 54083 40183 13900 4935 205578 148940 5243 143697 82091 85596 66548 5917 60631 119982 61606 19925 4375 41681 43619 62080 32628 28438 19526
internal_count=489190 484854 225193 197961 49021 27232 259661 54083 40183 13900 4935 205578 148940 5243 143697 82091 85596 66548 5917 60631 119982 61606 19925 4375 41681 43619 62080 32628 28438 19526
cat_boundaries=0 4 8 13 18 22 26 30 35 37 41 45 49 51 55 57 62 67 68 72 73 75 79 84
cat_threshold=0 67108864 57344 640 292559877 1208231944 547891322 71307528 11321664 4522774 201326659 86556692 1 340789388 690127394 20971800 2147483674 3 100716547 109211792 1140951110 33905408 144313344 2440560901 2558795824 139502624 32769 42090624 4 4096 17432721 2181177361 2717911040 1224886336 2 2017010762 6 3225445124 2163017730 1209075776 1342180462 512827620 1074004484 2726297880 2558791948 344195101 2458444176 41943044 2527872 1464473876 32 4221218 1073780224 3859095936 303630470 2635139338 1 2655023760 142886934 1073742916 5300258 2 520127749 446693632 201392129 285876536 1 114 2275460611 2415919248 608317502 1084480 134224128 1648900497 40 75760264 2471641492 1379926016 304383490 436210212 1080216324 806355426 2150662416 1
is_linear=0
shrinkage=0.1


Tree=69
num_leaves=31
num_cat=27
split_feature=1 9 8 9 8 8 9 4 3 8 9 11 8 11 10 8 10 9 8 10 8 9 8 9 9 11 10 9 8 11
split_gain=12.5268 12.8909 10.8679 8.43802 14.2732 9.71008 10.7722 8.48119 14.3022 16.671 13.8923 8.28057 9.14144 7.38562 7.1697 7.08538 11.202 6.96839 5.65987 5.52125 13.1797 8.11411 7.92192 7.25295 6.27267 6.0854 5.42359 8.4544 6.26218 5.17291
threshold=-44.999999999999993 0 1 2 3 4 5 135.00000000000003 1.5000000000000002 6 7 8 9 10 11 12 13 14 15 16 17 18 19 20 21 22 23 24 25 26
decision_type=8 9 9 9 9 9 9 2 2 9 9 9 9 9 9 9 9 9 9 9 9 9 9 9 9 9 9 9 9 9
left_child=1 18 -3 4 -2 6 -5 10 9 -9 13 12 -6 -7 -4 16 -12 -16 -1 20 24 22 -21 -22 -10 -24 27 -13 -28 -23
right_child=3 2 14 5 11 7 -8 8 19 -11 15 26 -14 -15 17 -17 -18 -19 -20 21 23 29 25 -25 -26 -27 28 -29 -30 -31
leaf_value=-0.4486163837094001 -1.9038181138174861 0.60454903279500938 -0.87090591010183571 -0.097261955604427602 -0.60683908096425165 3.17440273168482 0.97434093960234103 -1.3660737147803166 0.66685771654490722 -0.16005433052931795 1.5712208133831214 -5.8551669852282 4.3260073360496563 0.65478682060502524 0.63398034496340294 -0.0085124888146919878 0.35138428073789957 -1.0365359490919066 -3.9093902665077671 -1.4040590026856448 -3.0492872560262589 0.66814159783211813 -2.1988371795799186 -0.64829329516627876 -0.49861973797730913 0.32072921702778878 1.1361384869229902 -0.52293593000549665 -0.59983643380223783 0.059608575665168986
leaf_weight=2099 19662 13243 23688 28566 2381 540 25325 11919 12817 39006 224 3244 2398 451 8575 25499 6881 10083 7900 21849 10795 26639 3257 15367 14862 24870 9696 19376 20299 77679
leaf_count=2099 19662 13243 23688 28566 2381 540 25325 11919 12817 39006 224 3244 2398 451 8575 25499 6881 10083 7900 21849 10795 26639 3257 15367 14862 24870 9696 19376 20299 77679
internal_value=-0.000604267 -0.00189029 -0.00129481 -0.000405147 -0.00135157 -0.000194661 0.00103875 -0.000421816 -0.00061569 -0.00211782 0.00107307 -0.000554668 0.0034266 0.0126773 -0.00207669 0.000716254 0.00350667 -0.000609602 -0.00519433 -0.000248159 -0.00111994 5.61206e-05 -0.00099148 -0.00272887 0.00040124 0.000118347 -0.000916867 -0.00208573 -3.49966e-05 0.000558045
internal_weight=489190 65588 55589 423602 77056 346546 53891 292655 259060 50925 33595 57394 4779 991 42346 32604 7105 18658 9999 208135 53841 154294 49976 26162 27679 28127 52615 22620 29995 104318
internal_count=489190 65588 55589 423602 77056 346546 53891 292655 259060 50925 33595 57394 4779 991 42346 32604 7105 18658 9999 208135 53841 154294 49976 26162 27679 28127 52615 22620 29995 104318
cat_boundaries=0 4 8 12 16 20 24 28 33 35 39 40 42 46 48 52 56 58 62 66 70 74 79 80 82 86 90 92
cat_threshold=2365952 67109893 1244692128 276868064 268780864 3791683610 1510113300 134612133 1208041800 1145307240 143777929 2692777616 140641283 3221241873 2285908536 169648344 1242108056 8404999 4478864 310657174 16255488 2986901762 1342964086 3428358 3179873 3272605696 3397386241 72888832 2147483648 784 2097216 134217728 1 2164326672 30 2417000448 193986566 33554432 23070720 2349335048 39101977 26 2215641605 33685504 2155872256 40993 4460568 16 2290130947 3238077192 2147483648 2300511234 1073742144 2167948288 50 2596 1292083280 50 2495775808 2165846144 1253380 71348800 845679648 16982020 2235570194 136923214 2215675425 139233472 312543236 75014216 2156953604 2457905536 1073872960 1079785512 1 975840004 96 136661032 1 2957023507 26092671 18 0 67108936 9437184 128 2214592512 40244226 42729728 2102816 1191260226 14
is_linear=0
shrinkage=0.1


Tree=70
num_leaves=31
num_cat=26
split_feature=0 8 9 0 9 8 11 10 8 8 9 9 9 8 9 8 8 9 8 2 8 11 9 11 9 9 9 4 11 8
split_gain=12.4363 10.4185 9.4827 9.38014 12.3126 15.8359 9.75655 8.57125 21.5696 12.0887 11.7677 11.1141 8.20161 9.18885 8.06759 9.49749 8.91835 7.8673 7.25884 6.99271 9.49869 6.93572 6.8103 6.64715 11.4233 6.81522 5.60983 8.07428 5.5638 5.55863
threshold=-62.999999999999993 0 1 309.00000000000006 2 3 4 5 6 7 8 9 10 11 12 13 14 15 16 321.00000000000006 17 18 19 20 21 22 23 75.000000000000014 24 25
decision_type=2 9 9 2 9 9 9 9 9 9 9 9 9 9 9 9 9 9 9 8 9 9 9 9 9 9 9 2 9 9
left_child=1 -1 -3 4 5 -2 -7 8 10 17 -6 -10 13 -5 16 26 23 -9 -14 20 -20 22 -19 24 -11 -25 -16 -28 -4 -8
right_child=3 2 28 12 7 6 29 9 11 14 -12 -13 18 -15 15 -17 -18 21 19 -21 -22 -23 -24 25 -26 -27 27 -29 -30 -31
leaf_value=-2.8024784579310533 -1.9872598010968763 -1.8489363469178661 2.2429429565489047 4.8463579806308035 4.1065323836814107 7.6608745056091738 -1.479041568381958 -0.1651152259913326 -1.394335041115897 -0.66112736909213465 1.609766433331699 0.32975450459274003 -1.2691974518564506 0.43872656568852497 -0.66817525798793931 0.30576952096013177 -0.035842653784808623 3.4389134752406947 2.1289542395459065 -0.02325704194061351 0.076764965381821704 -1.0075493093718104 -0.44622177068195951 -1.4748086423412841 1.0807384274621519 -0.48636244015730024 0.86589798265993656 -0.084545186246292453 -0.64908418459126083 0.063423860684499553
leaf_weight=8117 15160 10205 4113 3315 750 278 17799 19492 8393 9071 4703 26147 6650 10426 7805 70046 45854 1542 3668 30893 4917 29031 4091 8172 4755 16659 1061 69165 28266 18646
leaf_count=8117 15160 10205 4113 3315 750 278 17799 19492 8393 9071 4703 26147 6650 10426 7805 70046 45854 1542 3668 30893 4917 29031 4091 8172 4755 16659 1061 69165 28266 18646
internal_value=-0.000584438 -0.00206722 -0.00144011 -0.000412989 -0.000596907 -0.00202783 -0.000904639 -0.000369616 0.00100167 -0.000560901 0.00684056 7.81452e-05 0.000750135 0.00289361 -0.000247554 0.000197382 -0.00102708 -0.00190636 0.000110969 0.000626011 0.00315084 -0.00281018 0.000402266 -0.00214576 -0.000387398 -0.00312427 -0.000561374 -0.000278492 -0.00060175 -0.00104924
internal_weight=489190 50701 42584 438489 378620 51883 36723 326737 39993 286744 5453 34540 59869 13741 232588 148077 84511 54156 46128 39478 8585 34664 5633 38657 13826 24831 78031 70226 32379 36445
internal_count=489190 50701 42584 438489 378620 51883 36723 326737 39993 286744 5453 34540 59869 13741 232588 148077 84511 54156 46128 39478 8585 34664 5633 38657 13826 24831 78031 70226 32379 36445
cat_boundaries=0 4 9 13 17 19 21 25 29 34 38 43 47 52 56 60 64 68 72 74 78 80 84 88 92 94 98
cat_threshold=26223619 1478264833 41951594 258213888 335544836 747209572 3686544 2157976232 1 1075859744 1145310288 167963811 35536 3150855 3355592194 2311073816 22159560 2147483648 16 141048197 21 16875521 2285899776 205654342 33874946 302522916 1359254604 713711652 67110184 163858 8912896 1048576 17957120 2 5341258 815833734 2153775172 1497108480 1073791250 2150193264 138496162 33906 3 278732828 1132499481 104923520 273810048 2827585614 419627296 8454152 1082729731 1 69501011 238100736 2217017362 406228996 163842305 2283479955 1073807368 50557440 2148371021 687895202 291504132 3296989184 25231648 1078003817 658575403 370180109 270173698 2486186768 8212 151221920 2164326790 31 42074114 4 1082130496 554696704 2706451200 6 134250500 65792 8 525314 2693332992 150994944 8454144 73985 352321536 4226 16777472 135266304 2185275781 25 134654464 608184341 1411514624 201590276
is_linear=0
shrinkage=0.1


Tree=71
num_leaves=31
num_cat=25
split_feature=9 6 9 10 9 9 11 8 6 9 9 8 8 9 8 9 8 8 10 11 9 1 9 2 8 8 8 3 7 11
split_gain=11.8976 10.5143 13.9139 12.2242 13.3975 12.8942 11.4514 10.538 10.2043 25.3795 13.9594 12.6079 10.8383 10.7062 10.6382 10.1934 9.95369 9.06196 9.43583 8.22283 8.51676 8.17796 8.1279 8.02854 7.44067 7.32905 7.29098 6.8742 8.54959 7.77542
threshold=0 807.50000000000011 1 2 3 4 5 6 1167.5000000000002 7 8 9 10 11 12 13 14 15 16 17 18 75.000000000000014 19 315.00000000000006 20 21 22 11.500000000000002 23 24
decision_type=9 2 9 9 9 9 9 9 2 9 9 9 9 9 9 9 9 9 9 9 9 10 9 8 9 9 9 2 1 9
left_child=-1 2 21 5 7 16 15 -5 11 12 25 19 -10 -13 -12 -6 22 -16 -19 -3 -21 -2 23 -4 -20 -11 -8 -15 29 -29
right_child=1 8 3 4 6 -7 26 -9 9 10 14 13 -14 27 17 -17 -18 18 24 20 -22 -23 -24 -25 -26 -27 -28 28 -30 -31
leaf_value=-12.245335495428899 -2.1495114561769033 -0.072931597625747607 7.9865555744011392 1.8749142646650734 0.14185535837909904 -0.84641713871571533 0.50561722660970776 0.188165427966235 1.5645520549511105 -0.31533810619949465 20.112212859795605 -1.1684656200514121 19.37525560998164 -0.019654435279062025 0.56302878335402839 -1.4895090540791107 -0.33824648827158388 -0.13124883595266373 0.037950425750353491 0.14972356350992691 2.2923943962756526 -0.1528884476857677 0.23167182731475258 452.21142765573904 -2.2275591436947138 -2.027062827583018 -0.24289871297450205 17.105871247027984 1.1719351431364766 1.9401384064905807
leaf_weight=4216 15840 13024 1291 5700 5694 37897 18645 19649 602 6726 259 15316 668 121475 11273 11643 32762 43645 3107 10526 18600 6223 11417 193 7292 15701 38829 1653 7833 1491
leaf_count=4216 15840 13024 1291 5700 5694 37897 18645 19649 602 6726 259 15316 668 121475 11273 11643 32762 43645 3107 10526 18600 6223 11417 193 7292 15701 38829 1653 7833 1491
internal_value=-0.000575852 -0.000529793 -0.00107215 -0.000787027 -4.19311e-05 -0.00168003 -0.000715176 0.00194447 -0.000130057 -0.00101184 -0.00121494 0.000284436 0.0129687 -0.000150769 -0.000478153 -0.00296709 -0.000548029 -0.000559802 -0.00109779 0.00180977 0.00274368 -0.00344448 0.00180389 0.00874163 -0.00380344 -0.0033681 -3.54905e-05 0.000138754 0.0025353 0.00693088
internal_weight=489190 484974 205783 183720 100160 83560 74811 25349 279191 89273 88003 189918 1270 147768 65576 17337 45663 65317 54044 42150 29126 22063 12901 1484 10399 22427 57474 132452 10977 3144
internal_count=489190 484974 205783 183720 100160 83560 74811 25349 279191 89273 88003 189918 1270 147768 65576 17337 45663 65317 54044 42150 29126 22063 12901 1484 10399 22427 57474 132452 10977 3144
cat_boundaries=0 4 8 10 15 20 22 26 30 34 38 42 46 49 53 57 61 63 65 69 74 78 82 86 87 88
cat_threshold=0 67108864 24576 640 1080103240 272636976 1325472899 805308512 2501182512 18 2231512243 1107607688 131680 93651200 3 134250640 698540810 537919764 1210978308 3 2785054754 1 1118400650 2185512096 201441540 67117571 6295552 136192 4198400 2692743168 201917346 38281361 1921223440 8211 3422618004 813697168 1244119184 10486100 74520577 35328 68288776 16777217 75512880 4590668 574689440 4034961728 0 1 1053216 142622720 546373696 2420113412 147456 189857992 2148811779 1078988800 419728020 1411715659 133218 539009032 18304017 102532618 18 156766342 26 287312958 1092091934 2157969408 300519448 144 24578 536870912 0 2 42606592 1456013828 3230220290 176160768 1149927426 46539332 268697676 17224336 1351106565 2213810224 72387088 35653344 96 621027656
is_linear=0
shrinkage=0.1


Tree=72
num_leaves=31
num_cat=19
split_feature=0 3 8 9 4 8 3 8 4 9 9 9 1 8 9 8 11 8 7 9 4 8 9 9 6 10 4 6 11 6
split_gain=12.8802 14.2431 17.1469 9.21623 8.63834 21.8682 15.0264 15.549 10.8539 9.65361 8.5639 8.26167 6.83382 6.61733 6.41607 9.8403 6.68948 6.95006 6.33517 12.9598 12.0142 11.4385 9.15692 7.22451 7.06069 15.9084 10.2369 9.81636 8.00864 7.32474
threshold=-8.9999999999999982 2.5000000000000004 0 1 165.00000000000003 2 1.5000000000000002 3 135.00000000000003 4 5 6 33.000000000000007 7 8 9 10 11 12 13 2265.0000000000005 14 15 16 1345.5000000000002 17 765.00000000000011 1203.5000000000002 18 1369.5000000000002
decision_type=2 2 9 9 2 9 2 9 2 9 9 9 10 9 9 9 9 9 1 9 2 9 9 9 2 9 2 2 9 2
left_child=1 2 -1 -3 5 8 7 -6 -2 -7 -4 -9 13 -12 15 -8 17 -16 19 -18 24 23 -23 -20 27 26 -26 28 -21 -28
right_child=4 3 10 -5 6 9 14 11 -10 -11 12 -13 -14 -15 16 -17 18 -19 21 20 -22 22 -24 -25 25 -27 29 -29 -30 -31
leaf_value=-1.4396602335138089 0.90378192196674068 -3.8016677487356989 -0.97958279880754628 -0.24143413873931607 -2.1988969560783125 0.36799391488384453 -0.50514059410680778 -0.7337278697006302 1.8690492484429502 -0.0094071904232812045 -0.92373525308523918 -0.013855953384830097 0.90547756252599143 -0.031158674770137274 0.85100059671194872 0.86728139622944755 -0.89416957316468315 -2.4541644793207897 1.0466240498842776 13.313520901374089 13.448992984674968 -2.430382894693695 -0.43374279865519388 -0.13577222169349065 13.48083898718623 0.84565580406913166 78.682356626086019 -1.5209765741386558 0.51059658356949689 42.917550718723618
leaf_weight=8516 771 4794 8367 91362 8187 11968 15359 9455 711 48350 6791 19745 1932 13909 2006 19381 21600 9198 11784 505 3507 9977 89925 16886 390 2064 125 6281 45241 103
leaf_count=8516 771 4794 8367 91362 8187 11968 15359 9455 711 48350 6791 19745 1932 13909 2006 19381 21600 9198 11784 505 3507 9977 89925 16886 390 2064 125 6281 45241 103
internal_value=-0.000563383 -0.00139168 -0.00299001 -0.00073485 -0.000245505 0.000828477 -0.000473026 -0.00234494 0.0127882 0.00053242 -0.0018959 -0.00126327 -0.0008842 -0.00141546 -0.000197854 0.00106475 -0.000397631 -0.00277689 -0.000269583 0.000430183 0.00120633 -0.000703989 -0.00120927 0.00105648 0.000842821 0.00584638 0.0197771 0.000584886 0.00109386 0.0369298
internal_weight=489190 135671 39515 96156 353519 61800 291719 37387 1482 60318 30999 29200 22632 20700 254332 34740 219592 11204 208388 79816 58216 128572 99902 28670 54709 2682 618 52027 45746 228
internal_count=489190 135671 39515 96156 353519 61800 291719 37387 1482 60318 30999 29200 22632 20700 254332 34740 219592 11204 208388 79816 58216 128572 99902 28670 54709 2682 618 52027 45746 228
cat_boundaries=0 4 8 12 16 21 26 30 34 39 43 44 48 49 54 58 62 66 67 68
cat_threshold=288890885 202375176 278962274 139604440 2637824 71303168 3168384 8389316 270008320 343937024 64 131072 2417501220 2197839872 3682664609 77094944 2199388160 536904448 280100864 2654212 1 10780992 411239198 268460230 285917248 1 271360200 545360640 2018541664 84705538 12910600 289855556 3225951368 295939 1074562768 542136577 306305056 268566852 2 2221304128 2150178980 2218856496 71329796 273193013 285737984 2174783492 1073741904 21234208 44 676347936 35947242 536879360 3969981056 1 26247490 717750690 73482272 167864704 1062912 270794754 2902467202 17840640 38817804 302023186 134217728 2702448640 266 8320
is_linear=0
shrinkage=0.1


Tree=73
num_leaves=31
num_cat=20
split_feature=0 8 8 9 8 0 9 2 8 6 9 8 9 2 8 9 11 9 9 8 4 8 11 11 6 8 0 4 0 11
split_gain=12.325 17.6163 12.4812 9.42526 8.65534 8.06416 7.77012 7.22194 10.4293 7.00146 14.132 12.6051 7.29179 6.79881 6.21338 9.58768 6.96364 7.0454 6.49202 10.6882 7.75146 14.7569 7.73389 6.77633 6.0226 5.33917 5.17628 9.73709 7.02756 5.11964
threshold=-122.99999999999999 0 1 2 3 -80.999999999999986 4 63.000000000000007 5 469.50000000000006 6 7 8 243.00000000000003 9 10 11 12 13 14 75.000000000000014 15 16 17 1068.5000000000002 18 39.000000000000007 165.00000000000003 117.00000000000001 19
decision_type=2 9 9 9 9 2 9 8 9 2 9 9 9 8 9 9 9 9 9 9 2 9 9 9 2 9 2 2 2 9
left_child=2 5 -1 4 -3 13 -4 29 -9 10 -5 12 -12 -2 15 24 17 -17 19 22 21 -20 -16 -21 -11 -13 -6 28 -28 -8
right_child=1 3 6 9 26 -7 7 8 -10 14 11 25 -14 -15 18 16 -18 -19 20 23 -22 -23 -24 -25 -26 -27 27 -29 -30 -31
leaf_value=-5.0339111048357585 18.129881405027927 -4.8146323510560025 5.5969811246218422 -2.0898800269340851 -3.3696256025198519 5.5579294144129809 2.2211250088033743 9.7945140791267225 -0.33051546153562839 6.2562227522373117 0.02388682566538592 -1.2927849084117886 1.7017456990406203 5.2602574777743873 -1.2229707849293185 -2.9125609089913786 0.0088615574470284307 3.1415020404924325 0.062830481265468599 -1.5712683940489895 -0.084945629200970263 1.8897000892253057 0.33998360879811124 -0.3241737015356283 -0.11413545336993847 -0.23479458386421637 0.30583261179352028 0.17259810423432367 4.0131086783019017 -4.0310342116201552
leaf_weight=6262 146 6335 1685 9247 3879 1164 714 272 6884 3878 2963 3022 2669 148 7070 476 43432 1399 5098 17380 296367 1390 20588 12905 1779 19071 59 5367 45 7496
leaf_count=6262 146 6335 1685 9247 3879 1164 714 272 6884 3878 2963 3022 2669 148 7070 476 43432 1399 5098 17380 296367 1390 20588 12905 1779 19071 59 5367 45 7496
internal_value=-0.000545598 -0.000433314 -0.00278943 -0.000467867 -0.00287671 0.0105041 -0.00138386 -0.00209157 0.000229176 -0.000383606 -0.00170183 -0.000571482 0.00364764 0.0253741 -0.000265253 0.000768232 0.000283114 0.00623342 -0.000411246 -0.00138095 -0.00022568 0.00319359 4.04776e-05 -0.00267866 0.00464619 -0.00164819 -0.000940173 0.00104003 0.0313462 -0.00411693
internal_weight=489190 465877 23313 464419 15685 1458 17051 15366 7156 448734 36972 27725 5632 294 411762 50964 45307 1875 360798 57943 302855 6488 27658 30285 5657 22093 9350 5471 104 8210
internal_count=489190 465877 23313 464419 15685 1458 17051 15366 7156 448734 36972 27725 5632 294 411762 50964 45307 1875 360798 57943 302855 6488 27658 30285 5657 22093 9350 5471 104 8210
cat_boundaries=0 4 8 12 16 21 25 29 33 37 41 46 47 51 55 59 63 65 66 70 72
cat_threshold=16 8388608 1152 8388628 2432738305 2300059653 77469122 54532096 0 71565312 172025985 8389312 13313 8 289411081 91234505 46375351 4507648 16809996 152584202 2 1073741824 2113536 32768 6 1210143080 1195057 1075118098 134250527 25231375 839122950 7789380 38043905 64619012 2290106374 2483032128 1095845120 3223412168 536938544 4887048 319817922 33554480 17025 288625216 269747216 2 1612720132 75501568 16782336 0 34848 811075680 3221356608 3247510018 1342289968 269746179 36705284 1417693200 6295585 4 422051840 4160757760 134218016 1447592593 4 1009126488 1479288864 1140919312 705167360 3145736 604119296 8
is_linear=0
shrinkage=0.1


Tree=74
num_leaves=31
num_cat=22
split_feature=0 8 4 9 8 8 2 9 11 6 9 8 9 10 9 4 8 0 8 9 11 3 10 9 8 8 9 6 10 10
split_gain=12.2345 9.98677 8.36672 7.67394 8.8706 6.96521 6.78527 7.65086 6.64602 6.64093 11.3119 8.46297 6.37164 5.8041 5.41473 5.36977 5.06205 4.96825 4.88601 11.7282 7.1029 6.46588 5.59446 10.7279 6.59994 6.35944 5.40269 5.34163 5.17095 4.86918
threshold=-86.999999999999986 0 45.000000000000007 1 2 3 -80.999999999999986 4 5 469.50000000000006 6 7 8 9 10 1.0000000180025095e-35 11 567.00000000000011 12 13 14 10.500000000000002 15 16 17 18 19 477.50000000000006 20 21
decision_type=2 9 2 9 9 9 8 9 9 2 9 9 9 9 9 2 9 2 9 9 9 2 9 9 9 9 9 2 9 9
left_child=1 6 8 4 -4 13 -1 -8 -2 10 -7 -12 -3 -5 16 -10 -13 -6 19 20 -11 28 23 25 27 -20 -24 -25 -22 -21
right_child=2 12 3 5 17 9 7 -9 15 18 11 14 -14 -15 -16 -17 -18 -19 22 29 21 -23 26 24 -26 -27 -28 -29 -30 -31
leaf_value=-4.169156299507959 1.2583235655244478 -4.0487585929663927 -1.536688540561195 109.67696280245134 -0.43120061851733243 -2.0689817234722527 5.6382749537164489 -0.31209194553630121 1.4014713638632363 1.3074945877787139 0.42650368966623003 -0.28714441085769588 -1.853988260563332 3.4016555453383677 -0.017678911854507789 0.18606555331915664 -1.9682080609004473 6.4015494386631362 7.8666410795343005 0.30450486742785854 -0.79642226662508431 1.0096472451342489 0.19469746346891975 9.4259907222505195 -0.80049801105088414 1.2852607161399943 -0.12320021898595308 1.2412895653570803 -2.7565720283925543 -0.2708315564883364
leaf_weight=3235 230 4139 8123 110 9473 8113 2076 10709 75 1614 7216 5138 15186 2159 9777 2182 4595 476 566 25028 10980 3033 60964 61 6567 5793 233104 3292 5731 39445
leaf_count=3235 230 4139 8123 110 9473 8113 2076 10709 75 1614 7216 5138 15186 2159 9777 2182 4595 476 566 25028 10980 3033 60964 61 6567 5793 233104 3292 5731 39445
internal_value=-0.000523725 -0.00231575 -0.000384164 -0.000416036 -0.00243447 -0.000331785 -0.000467875 0.000567068 0.00540008 -0.000360931 -0.00168461 -0.000690457 -0.00384536 0.0051821 -0.00177254 0.00367446 -0.00344145 -0.000430769 -0.000244539 -0.00091227 -0.00294272 -0.00346462 -5.98367e-05 0.00174412 -0.000312188 0.0049474 -0.000159756 0.0032917 -0.00423733 -0.00023929
internal_weight=489190 35345 453845 451358 18072 433286 16020 12785 2487 431017 34839 26726 19325 2269 19510 2257 9733 9949 396178 85831 21358 19744 310347 16279 9920 6359 294068 3353 16711 64473
internal_count=489190 35345 453845 451358 18072 433286 16020 12785 2487 431017 34839 26726 19325 2269 19510 2257 9733 9949 396178 85831 21358 19744 310347 16279 9920 6359 294068 3353 16711 64473
cat_boundaries=0 4 8 12 16 21 23 27 31 36 38 42 46 50 54 56 58 62 66 70 75 76 77
cat_threshold=3221750468 547377590 1348567556 8389030 0 1145307136 167814275 268436160 16790593 69209104 289439785 70262988 65680 8388608 2944 16 2181039281 159555584 41976132 140427282 3 37748825 1 1210144072 1195057 1078282256 134250519 25296911 841220102 6811718 38060033 268993632 580912196 175267968 6333376 3 131073 4 34775076 2600468740 2175930432 1629292584 369132800 152720265 3289382944 67251554 23593508 1225163274 2728439846 557352 294717508 1028 2690728048 1217505329 17367296 6 55050370 29 2214658228 18366480 720940 536994083 1182795008 34078768 138674176 33555074 8 2149580800 0 512 554109649 54277 556859472 2354057220 2 3255209900 3238527948
is_linear=0
shrinkage=0.1


Tree=75
num_leaves=31
num_cat=26
split_feature=0 9 8 2 8 8 9 10 8 6 8 9 11 8 8 8 9 9 10 9 11 9 8 9 8 9 6 7 8 7
split_gain=11.3039 15.9964 17.2795 11.9812 26.5088 14.2017 11.5146 11.3365 11.8936 11.3494 13.3407 12.9241 13.5396 12.4456 12.1213 10.925 9.99502 9.46241 8.82622 12.8964 8.81245 8.81081 8.68455 8.48795 8.27698 8.10792 8.30711 7.51176 8.64811 7.49972
threshold=93.000000000000014 0 1 87.000000000000014 2 3 4 5 6 925.50000000000011 7 8 9 10 11 12 13 14 15 16 17 18 19 20 21 22 540.50000000000011 23 24 25
decision_type=2 9 9 10 9 9 9 9 9 2 9 9 9 9 9 9 9 9 9 9 9 9 9 9 9 9 2 1 9 1
left_child=1 2 -1 4 6 -6 -2 8 25 11 -11 12 14 -13 -9 -14 27 -5 19 -19 21 22 -21 -16 29 26 -3 28 -12 -20
right_child=3 7 -4 17 5 -7 -8 9 -10 10 16 13 15 -15 23 -17 -18 18 24 20 -22 -23 -24 -25 -26 -27 -28 -29 -30 -31
leaf_value=0.092606661875419355 2.1671045200817569 4.1122539500876227 -2.1120166670809839 -0.85509931801111461 -2.3142157373225847 0.37092797415015216 1.0930483549881043 -0.52954614326730876 -0.06359976347292165 -0.82323836635086711 13.217783184156511 -0.27433193137878253 -0.42962168233991771 -0.94027758247690341 235.46618061053132 0.23890598389702866 -0.067598047076473641 11.234154281549785 1.5233145685133394 -0.79033055242694317 -0.21660482662834224 0.93935321754398482 0.60655459953635926 2.1895523196550526 0.033036692644008631 0.98005401896977329 2.5004490917432891 0.44881501444788985 1.8131014539959383 -1.134932377505337
leaf_weight=12276 3659 477 23108 32316 6429 30969 7307 1495 39222 19270 622 41791 18259 41938 413 18946 46076 2403 2515 5975 22904 16217 7984 2991 31631 13984 938 17833 1973 17269
leaf_count=12276 3659 477 23108 32316 6429 30969 7307 1495 39222 19270 622 41791 18259 41938 413 18946 46076 2403 2515 5975 22904 16217 7984 2991 31631 13984 938 17833 1973 17269
internal_value=-0.000506554 -0.000885644 -0.00288298 0.000102995 0.00145893 0.000190331 0.00577988 -0.000620049 0.000664272 -0.00095158 -6.45907e-05 -0.00155627 -0.000126801 -0.00227481 0.00480953 -0.000777915 0.000606787 -0.000368069 8.53046e-05 0.000959939 0.000634769 0.0017571 -8.5191e-05 0.00810193 -0.000858534 0.00301836 0.0102105 0.0024474 0.00746641 -0.00246236
internal_weight=489190 301612 35384 187578 48364 37398 10966 266228 54621 211607 85774 125833 42104 83729 4899 37205 66504 139214 106898 55483 53080 30176 13959 3404 51415 15399 1415 20428 2595 19784
internal_count=489190 301612 35384 187578 48364 37398 10966 266228 54621 211607 85774 125833 42104 83729 4899 37205 66504 139214 106898 55483 53080 30176 13959 3404 51415 15399 1415 20428 2595 19784
cat_boundaries=0 5 9 13 17 21 23 27 31 36 38 42 46 50 55 59 61 66 68 72 76 81 85 89 90 94 95
cat_threshold=1075860736 72351860 172091778 1342210756 1 2349490432 2980659200 2182284800 8395829 270042113 227160476 1082146912 4487425 1080099248 1614908963 554176769 352911368 165158 2130752 2363654150 2216314904 1483225543 25 1208648008 2471039122 2348810340 33858752 35398149 3373679117 75510280 304219168 402664081 1219281536 813826068 83107840 2 2148182292 3 2156384512 2354057227 2420178952 137709697 4233921 134394500 310845444 268743937 84190209 2240876562 2189762560 134501171 374669516 2147677954 1628439572 131112 2 3191875652 2416189504 2696085760 3363832480 2702445720 14 8389138 540692 268453920 4227077 2 34744136 10 935168 1113593481 33554582 335700314 2265089057 1158292992 138417166 202686532 144 262144 536870912 8388608 2 142606592 427461140 2428895272 169937929 268574752 2148139264 1073741888 2685536256 2 339738624 36992 1073807364 16801921 4
is_linear=0
shrinkage=0.1


Tree=76
num_leaves=31
num_cat=22
split_feature=0 8 9 8 8 0 4 0 4 2 8 9 8 7 6 8 9 9 11 8 9 11 6 11 8 9 9 11 9 8
split_gain=11.4462 10.7428 8.07724 9.63369 6.90326 6.46264 8.59805 6.44733 7.23189 6.36831 12.1477 6.3168 8.69292 6.20808 12.001 15.8893 11.4748 11.2965 8.49165 11.284 8.87668 8.19444 7.99729 8.88561 12.3365 11.8959 11.3288 8.43927 9.80962 7.78104
threshold=-122.99999999999999 0 1 2 3 39.000000000000007 165.00000000000003 381.00000000000006 1.0000000180025095e-35 405.00000000000006 4 5 6 7 1188.5000000000002 8 9 10 11 12 13 14 885.50000000000011 15 16 17 18 19 20 21
decision_type=2 9 9 9 9 2 2 2 2 10 9 9 9 1 2 9 9 9 9 9 9 9 2 9 9 9 9 9 9 9
left_child=1 -1 3 -2 -4 -5 -7 8 -6 10 -9 12 -11 14 16 -16 -10 21 19 -18 -21 -15 23 24 -19 -26 -25 28 -24 -29
right_child=2 -3 4 5 7 6 -8 9 13 11 -12 -13 -14 17 15 -17 18 22 -20 20 -22 -23 27 26 25 -27 -28 29 -30 -31
leaf_value=-0.11387561800197157 -4.6283182525248803 -3.5100255578934112 7.1325566440175265 -2.5229491593671525 1.9799663678703148 1.4558613977662285 0.74884489109949337 2.5246668809471835 -0.63766486302481695 9.7704897114375004 0.070265931419754041 -0.26805315203816127 0.28674730624490358 -0.32161610017599102 0.96830543003702818 -0.79238968749697392 -0.23949678617184489 -1.1708136120165931 0.057701296880480958 4.1225090601116756 1.0171411788140701 0.38793675278898443 0.050835553056436236 -1.5719170823296711 1.7136190838101955 -0.12486312416653476 -0.36699979387009751 1.8182419121700506 -0.8100459338372592 -0.0074512730594910037
leaf_weight=9959 6695 13354 2185 3503 58 139 4223 5108 18467 1419 8167 21806 5202 11828 4177 21074 9529 9265 83474 4240 16634 29806 19224 19673 5150 26540 50342 5501 22195 50253
leaf_count=9959 6695 13354 2185 3503 58 139 4223 5108 18467 1419 8167 21806 5202 11828 4177 21074 9529 9265 83474 4240 16634 29806 19224 19673 5150 26540 50342 5501 22195 50253
internal_value=-0.000515548 -0.00267791 -0.000407342 -0.00272478 -0.000332511 -0.000349209 0.00221916 -0.000359844 -0.000481067 0.000824419 0.00263277 -2.00537e-05 0.00268285 -0.000486094 5.39085e-06 -0.0019924 0.000386566 -0.000796161 0.000761542 0.00219215 0.00349358 0.000707422 -0.00109694 -0.00167703 -0.000506532 0.000432174 -0.0023613 -0.000434588 -0.00151561 0.000368694
internal_weight=489190 23313 465877 14560 451317 7865 4362 449132 407430 41702 13275 28427 6621 407372 157595 25251 132344 249777 113877 30403 20874 41634 208143 110970 40955 31690 70015 97173 41419 55754
internal_count=489190 23313 465877 14560 451317 7865 4362 449132 407430 41702 13275 28427 6621 407372 157595 25251 132344 249777 113877 30403 20874 41634 208143 110970 40955 31690 70015 97173 41419 55754
cat_boundaries=0 4 8 12 16 20 25 29 30 34 39 44 46 50 54 56 57 61 66 70 72 76 80
cat_threshold=1242055300 547508658 2556461588 136708096 0 71565312 172007552 8389316 2372609 102762496 289406985 87032009 65680 8388640 3200 8388628 68172301 87040276 2281705526 6699040 16797840 1345477660 16797698 272739347 1 69747784 35657218 3225616384 356515969 104 1080819786 340271173 543691120 139658242 1455517780 19490 3284002 2952792096 1 373366936 1098370 69211952 3022389504 2 1094853617 15 2299556352 33792960 449392644 167968896 2147484168 303038976 1619001424 17846272 2417109921 3 2186034948 157286504 1342411016 2954895462 86589512 8406560 570427656 3499098176 6144 1 540037986 2450133025 2172667906 138511386 424453895 2 3230715972 142745873 2155872260 155830314 369112320 1207960596 1250885632 3328
is_linear=0
shrinkage=0.1


Tree=77
num_leaves=31
num_cat=25
split_feature=0 8 9 8 9 4 9 9 8 3 8 9 2 11 8 10 9 8 8 9 11 9 1 9 9 11 8 8 8 11
split_gain=10.4782 11.0927 7.97801 7.98102 7.36885 6.76774 14.8379 10.9076 9.12468 7.61409 18.5654 7.59763 6.59288 6.3098 5.91768 6.48254 5.81629 7.66275 5.79068 9.73573 5.73834 6.92649 5.66601 5.63549 5.56121 5.48888 8.17441 7.53519 5.44474 5.42758
threshold=-26.999999999999996 0 1 2 3 135.00000000000003 4 5 6 1.5000000000000002 7 8 303.00000000000006 9 10 11 12 13 14 15 16 17 75.000000000000014 18 19 20 21 22 23 24
decision_type=2 9 9 9 9 2 9 9 9 2 9 9 8 9 9 9 9 9 9 9 9 9 10 9 9 9 9 9 9 9
left_child=1 4 3 -3 -1 6 12 8 -8 10 -7 -12 -2 24 -9 -16 17 -11 19 -18 21 -20 -4 -22 -10 26 -13 -27 -15 -21
right_child=5 2 22 -5 -6 9 7 14 13 16 11 25 -14 28 15 -17 18 -19 20 29 23 -23 -24 -25 -26 27 -28 -29 -30 -31
leaf_value=-2.0277395526034994 3.8694577798628522 -0.34998999636422623 -0.25830392089457094 -2.0597753618580654 -1.060117069734124 -1.1565739640974744 -2.4302575176367895 0.11233998556097224 0.0023153694871109669 1.3530680050887502 0.1414499610588251 3.2711760278188993 1.3196006849747386 -1.4998363290471552 0.41756433714656815 1.3316946082224321 -3.4051285892761713 0.047106983751376917 1.021574865227465 0.8011486466305725 0.51263049247319126 -2.2287184492553083 2.4266592628773598 -0.15460727881669561 0.83662356416113903 -1.12701359367765 0.080540091863175303 -0.1781851724147894 -0.049843665133205373 -0.74859791327278657
leaf_weight=3665 72 7949 69510 8168 8691 10918 1482 14504 4467 11015 14335 597 142 2448 4561 1755 7515 42165 1083 7538 32151 8359 2223 147873 2322 6562 3999 29645 9320 24156
leaf_count=3665 72 7949 69510 8168 8691 10918 1482 14504 4467 11015 14335 597 142 2448 4561 1755 7515 42165 1083 7538 32151 8359 2223 147873 2322 6562 3999 29645 9320 24156
internal_value=-0.000509825 -0.00142167 -0.00102664 -0.00303652 -0.00422611 -0.000274924 0.000939057 0.000797913 -0.000867377 -0.000418242 -0.00138459 -0.000637922 0.0266071 -0.000262296 0.00240038 0.00495416 -0.000191768 0.000750139 -0.00041083 -0.00151687 -0.000181872 -0.00258358 -0.000574693 -5.57696e-05 0.00216355 -0.00133365 0.00191923 -0.00174697 -0.00166242 -0.000748804
internal_weight=489190 100206 87850 16117 12356 388984 41073 40859 20039 347911 66056 55138 214 18557 20820 6316 281855 53180 228675 39209 189466 9442 71733 180024 6789 40803 4596 36207 11768 31694
internal_count=489190 100206 87850 16117 12356 388984 41073 40859 20039 347911 66056 55138 214 18557 20820 6316 281855 53180 228675 39209 189466 9442 71733 180024 6789 40803 4596 36207 11768 31694
cat_boundaries=0 4 9 13 17 22 26 30 34 39 41 45 47 52 56 60 64 65 69 73 77 79 83 87 91 93
cat_threshold=288631813 201591560 1653090394 205520904 1075838976 207159622 1213292673 277578436 1 3355623432 1638458452 2483028612 9732132 83887904 1612185604 439519360 27308768 0 784 65536 0 1 469762563 1761673220 303038528 2491411 0 0 2147622912 1024 1075873057 3272606722 461373665 379073024 1279278128 2148631554 286654977 2753930 2 1515198536 18 285376514 2551185668 1623195652 1315584 3860366913 40 1124369108 542661504 67143712 335675744 3 403767320 570475585 542279682 329552081 6357033 1073859689 541069830 86544476 0 371195904 704667904 697313920 2420674561 2281718017 2359296 65540 1074790424 16385034 335675394 134299648 688664576 0 1207959552 33554496 393218 2148073792 31 68165696 67145984 131072 136314880 1581124 67275008 393232 2097184 33554432 150994944 268435456 134283264 2348810498 12
is_linear=0
shrinkage=0.1


Tree=78
num_leaves=31
num_cat=21
split_feature=9 8 0 8 8 9 0 8 0 0 6 11 4 11 6 6 9 10 9 9 3 11 9 8 9 8 8 8 9 11
split_gain=10.7682 8.66298 7.48573 7.82545 6.58586 6.18813 5.76173 6.5816 5.73094 6.63827 5.06533 6.26072 5.05858 6.14148 4.82098 14.3825 17.8032 17.3999 14.3004 14.2105 10.8677 10.4491 14.7749 13.5939 13.1387 10.2973 10.1106 9.86096 9.23096 9.22032
threshold=0 1 -194.99999999999997 2 3 4 -86.999999999999986 5 561.00000000000011 705.00000000000011 993.50000000000011 6 45.000000000000007 7 929.50000000000011 1113.5000000000002 8 9 10 11 11.500000000000002 12 13 14 15 16 17 18 19 20
decision_type=9 9 2 9 9 9 2 9 2 2 2 9 2 9 2 2 9 9 9 9 2 9 9 9 9 9 9 9 9 9
left_child=1 8 3 -2 5 -4 7 -6 -1 -10 -5 -12 13 -8 21 16 -16 18 -17 -19 25 23 27 28 -25 -18 -24 -23 -14 -22
right_child=2 -3 4 10 6 -7 12 -9 9 -11 11 -13 14 -15 15 17 20 19 -20 -21 29 22 26 24 -26 -27 -28 -29 -30 -31
leaf_value=-2.9861169056182693 -5.4554161932110601 -0.67495873965149 -0.021973759075455662 -2.1182015623320294 0.30705971701782303 3.2717957431961198 2.5686503793640263 -1.7623921785168832 5.3446933652383635 -4.4034923916184505 -2.1503202290635777 7.7726432912409296 -1.4376646082679416 0.19547120707894117 -1.0773503229462049 -1.670992203160228 1.5017991672983257 1.7421192079123877 -0.19930845539503972 -0.05324006350436275 11.245036718029004 -0.27791056401724118 0.43881527070626669 1.7061616450356656 0.11955973141843956 0.13227749876586822 -0.24048036768849934 -2.4642084334790506 -0.2206209383945463 1.6504695101312254
leaf_weight=9315 4002 11300 5186 4494 5843 4258 120 11920 192 271 1109 1223 5898 2367 12658 20118 17491 9555 45457 29642 3578 7540 18898 9087 53989 52999 110593 12911 14045 3131
leaf_count=9315 4002 11300 5186 4494 5843 4258 120 11920 192 271 1109 1223 5898 2367 12658 20118 17491 9555 45457 29642 3578 7540 18898 9087 53989 52999 110593 12911 14045 3131
internal_value=-0.000482024 -0.00269253 -0.000382424 -0.00298116 -0.000320897 0.00229109 -0.000376021 -0.00214097 -0.00487127 0.00598272 -0.000915743 0.00286449 -0.000303134 0.00419381 -0.00032929 3.80701e-05 0.000966311 -0.000758029 -0.00175421 0.000908764 0.00153622 -0.000636203 -0.0011345 0.000263881 0.000983417 0.00117038 -0.000739842 -0.00363179 -0.00201123 0.00538232
internal_weight=489190 21078 468112 10828 457284 9444 447840 17763 9778 463 6826 2332 430077 2487 427590 194629 89857 104772 65575 39197 77199 232961 149942 83019 63076 70490 129491 20451 19943 6709
internal_count=489190 21078 468112 10828 457284 9444 447840 17763 9778 463 6826 2332 430077 2487 427590 194629 89857 104772 65575 39197 77199 232961 149942 83019 63076 70490 129491 20451 19943 6709
cat_boundaries=0 4 8 12 16 20 24 26 27 32 34 38 43 45 49 53 58 62 66 70 74 75
cat_threshold=0 71565376 168421504 8389316 3421697 2 2437026921 95420633 2169569281 2367160389 106304896 37882404 1073812624 8388640 4199552 22 2100744 1344405506 822084664 536942848 2153250884 589320342 1509982324 42009000 2654786 3 72 7371952 1705100 549589000 3764424704 2 3961126924 40 2367161121 1376256144 3566338112 4235291 2154852416 537531698 12582976 2708603145 3 5127110 8 1114718540 268570644 29491210 809539595 422602752 1074894602 2986868752 157892736 80756808 838994688 1620050000 538972160 1 2561149196 268470928 1210466832 325058560 141574216 571867142 370256648 360711360 176824578 809500931 3221293664 65018049 2156003328 1225791266 18874432 1634993184 621152584
is_linear=0
shrinkage=0.1


Tree=79
num_leaves=31
num_cat=20
split_feature=9 0 0 4 9 8 9 9 11 8 8 10 10 2 8 0 0 0 4 11 6 6 7 8 8 10 9 9 8 9
split_gain=10.2058 8.18982 19.7917 24.1235 11.7894 9.26739 8.29759 7.18151 16.0111 13.7167 10.9997 7.02453 6.93992 6.58734 8.98015 8.47411 6.57594 5.32179 8.57212 5.62883 5.98505 8.03948 6.07112 5.30482 5.12107 5.08515 18.0951 16.7715 14.3136 12.3881
threshold=0 525.00000000000011 567.00000000000011 195.00000000000003 1 2 3 4 5 6 7 8 9 609.00000000000011 10 591.00000000000011 543.00000000000011 111.00000000000001 165.00000000000003 11 628.50000000000011 914.50000000000011 12 13 14 15 16 17 18 19
decision_type=9 2 2 2 9 9 9 9 9 9 9 9 9 8 9 2 2 2 2 9 2 2 1 9 9 9 9 9 9 9
left_child=-1 7 3 6 -4 -5 16 8 10 12 -2 23 -10 14 15 -13 -3 19 -19 20 -11 22 -22 -6 -15 26 -9 -27 29 -29
right_child=1 2 4 5 11 -7 -8 25 9 17 -12 13 -14 24 -16 -17 -18 18 -20 -21 21 -23 -24 -25 -26 27 -28 28 -30 -31
leaf_value=-10.01941404085219 -3.1333975391342221 2.8453025655155262 10.102078632697202 6.513237654397912 -0.71384620372767449 0.45100032976982907 2.2717225870109075 -0.39429815375509825 -0.30355690089157178 -1.8951045678818952 -0.74998239788249599 -2.3930415803671914 -3.297046198062362 1.4532492427172004 -0.21355091447659116 7.2873610709145344 2.9673486457959894 2.3226606860896344 1.706104686830026 -0.27622687475295932 17.569260440971306 1.0919245792659378 7.3296138467128529 11.053510986609311 -1.5149063068456914 0.11816402879669684 0.20043873666398881 -2.1970122689299809 -0.22443398687105903 -0.75230057819265628
leaf_weight=3608 9043 90 1249 517 705 1978 495 83404 8599 858 13882 335 3354 2740 3417 1021 129 240 6572 13415 262 1347 799 958 10629 76470 103040 10956 101601 27477
leaf_count=3608 9043 90 1249 517 705 1978 495 83404 8599 858 13882 335 3354 2740 3417 1021 129 240 6572 13415 262 1347 799 958 10629 76470 103040 10956 101601 27477
internal_value=-0.000479571 -0.000440125 0.00135061 0.00866625 0.000235582 0.00402805 0.0248739 -0.000534318 -0.00157089 -0.000238608 -0.00362983 -0.00036084 -0.00299507 -0.000932131 0.00225644 0.00910688 0.0410917 0.00116453 0.00352026 0.000203223 0.00391941 0.00648671 0.0129972 0.00583981 -0.00207121 -0.000384112 -1.28956e-06 -0.000713767 -0.00136415 -0.00300783
internal_weight=489190 485582 24263 3209 21054 2495 714 461319 58371 35446 22925 19805 11953 18142 4773 1356 219 23493 6812 16681 3266 2408 1061 1663 13369 402948 186444 216504 140034 38433
internal_count=489190 485582 24263 3209 21054 2495 714 461319 58371 35446 22925 19805 11953 18142 4773 1356 219 23493 6812 16681 3266 2408 1061 1663 13369 402948 186444 216504 140034 38433
cat_boundaries=0 4 9 13 18 22 24 28 32 34 35 39 41 42 46 50 52 57 62 66 70
cat_threshold=0 67108864 8192 8389248 64 21508 159385730 64 2 168067840 155904 65536 4461056 16777216 1073742080 64 136863760 1 1073762624 1078199396 176937362 1342218308 1434590220 3 287587072 132626 1100756105 38839296 152045064 69214800 364913848 204079716 3489665024 44 2315333380 38143556 2147508240 2240024596 67248129 2147484048 24 65 68180000 1073809808 234881036 134529024 145256448 59298310 144188160 50466058 676080111 21 458261000 446704410 270533632 140513299 1 994419344 144730882 270795776 141033474 2 137372704 2231410944 2824536866 234948106 2215641088 2969600000 1049128 2148533520
is_linear=0
shrinkage=0.1


Tree=80
num_leaves=31
num_cat=16
split_feature=9 8 0 9 8 4 0 6 9 10 8 9 1 5 4 0 2 6 6 1 1 7 8 9 10 9 9 7 8 6
split_gain=9.57998 9.83565 6.28708 6.31141 6.0934 5.90124 5.68317 5.43065 10.4185 9.17604 10.3427 7.1355 5.33684 5.41686 5.31807 9.88577 5.48937 5.21357 8.15735 5.71833 5.09053 4.70941 7.79022 13.1799 9.76537 7.55625 7.47838 7.16508 21.7762 9.27821
threshold=0 1 -194.99999999999997 2 3 1.0000000180025095e-35 459.00000000000006 426.50000000000006 4 5 6 7 57.000000000000007 18.500000000000004 165.00000000000003 123.00000000000001 351.00000000000006 906.50000000000011 717.50000000000011 459.00000000000006 -56.999999999999993 8 9 10 11 12 13 14 15 687.50000000000011
decision_type=9 9 2 9 9 2 2 2 9 9 9 9 8 2 2 2 8 2 2 10 8 1 9 9 9 9 9 1 9 2
left_child=1 6 4 17 12 -5 14 8 -7 -10 11 -11 -2 -14 15 -1 -17 18 -4 -20 -3 22 23 -9 26 27 -24 28 29 -23
right_child=2 20 3 5 -6 7 -8 21 9 10 -12 -13 13 -15 -16 16 -18 -19 19 -21 -22 25 24 -25 -26 -27 -28 -29 -30 -31
leaf_value=-0.070179296634053576 4.8974697920176427 -3.6554338639100785 60.094642638226858 1.0546223789215612 -2.4284335861400619 -1.917846329012096 1.4352952987022898 -0.98625805388278998 -0.86496457241189662 0.41010753583689513 -0.18900385235813505 2.7336049710035293 26.098313949972347 60.454478006695958 -3.2975832555748426 2.9336315989653006 -1.1570031948849415 21.14554404017521 431.3380981563007 984.41548529957606 0.12857582000528719 -0.028368730083032964 -0.48895914744457536 0.0063424472405894418 0.48720747175846102 -0.26862303417390926 0.077562235739578558 -0.089010746585369727 -0.056337743387726361 9.5681253892432832
leaf_weight=265 228 2874 680 78 9754 5201 1011 16937 4087 1629 6208 1185 25 32 11810 60 29 1170 288 52 13551 1038 33179 40382 62389 152219 81463 28737 9295 3334
leaf_count=265 228 2874 680 78 9754 5201 1011 16937 4087 1629 6208 1185 25 32 11810 60 29 1170 288 52 13551 1038 33179 40382 62389 152219 81463 28737 9295 3334
internal_value=-0.000465261 -0.00220872 -0.000352918 -0.000297655 -0.00282797 -0.000323917 -0.00424346 -0.00032872 -0.00201529 -0.00050995 0.00127103 0.00628895 0.0113559 0.0391228 -0.00484545 0.00723164 0.0360674 0.00504545 0.0102941 0.0229412 -0.000574995 -0.000256732 4.52272e-05 -0.000967924 0.000373301 -0.000620298 -0.000174618 0.00056019 0.00244425 0.0082565
internal_weight=489190 29600 459590 449551 10039 447361 13175 447283 18310 13109 9022 2814 285 57 12164 354 89 2190 1020 340 16425 428973 234350 57319 177031 194623 114642 42404 13667 4372
internal_count=489190 29600 459590 449551 10039 447361 13175 447283 18310 13109 9022 2814 285 57 12164 354 89 2190 1020 340 16425 428973 234350 57319 177031 194623 114642 42404 13667 4372
cat_boundaries=0 4 8 13 17 21 23 27 31 32 36 40 42 46 50 51 55
cat_threshold=64 71565376 168355970 1350599364 3421705 132114 289939801 74580169 144 16384 0 0 2 134365704 163842 2149613568 64 1209077800 276962321 3306622992 671678482 2738454552 8 167903296 2479128612 3222733636 184582786 100812292 167846152 278922052 84955137 106 224403744 1074058761 3800629830 11010056 1141901312 302516512 3232174144 555235608 1963333256 34 1378847744 34675745 354681872 88867072 2292289793 2298544144 1083184672 2822769963 4 2390785284 2251776 2315686924 2359298
is_linear=0
shrinkage=0.1


Tree=81
num_leaves=31
num_cat=23
split_feature=9 8 0 8 9 0 4 10 6 8 9 11 9 8 8 7 10 9 6 9 6 8 9 10 8 8 9 4 9 9
split_gain=8.77254 9.37083 5.90457 9.73681 7.44728 5.72507 5.62344 5.34478 4.90872 9.40961 5.12318 5.10083 7.93674 5.00998 4.79933 4.6929 8.45704 8.64868 6.31257 5.06181 4.54405 4.57556 13.9246 10.2291 7.40658 7.32256 6.09721 5.61912 13.8834 6.57812
threshold=0 1 -32.999999999999993 2 3 405.00000000000006 45.000000000000007 4 461.50000000000006 5 6 7 8 9 10 11 12 13 481.50000000000006 14 1411.5000000000002 15 16 17 18 19 20 135.00000000000003 21 22
decision_type=9 9 2 9 9 2 2 9 2 9 9 9 9 9 9 1 9 9 2 9 2 9 9 9 9 9 9 2 9 9
left_child=1 5 3 4 -2 -1 7 -4 9 10 -5 12 13 -10 -7 16 17 -13 -19 -17 21 22 -8 25 -25 26 -24 28 -23 -30
right_child=2 -3 6 8 -6 14 20 -9 11 -11 -12 15 -14 -15 -16 19 -18 18 -20 -21 -22 27 23 24 -26 -27 -28 -29 29 -31
leaf_value=-2.6988960667420039 -0.22210371088005298 -0.23405248562642314 1.0831417936476302 -1.193269262839485 -1.4441330898294358 3.6546734249949981 -1.7639874448312298 0.12418461696783288 -0.82317934099247769 -1.5201269586528832 2.0235090348811418 5.8225077416162803 -0.086364583590812283 3.2222386545366302 -2.2038746875946855 -1.3175073849494983 -0.30365625238207866 9.5319039576898952 0.21463405184760709 -0.20712834373701303 -1.0613703288668392 2.0387636044556663 0.23162385811815756 -1.1651651195991122 -0.15859284558486197 -0.3504901524321879 2.5825687341852523 -0.053157670709815509 -0.078414043314689666 0.27817814769445259
leaf_weight=10867 4339 14400 347 1143 7611 489 8673 1901 942 5760 1340 1271 8920 2954 639 12004 9506 164 2630 23615 3682 501 5464 9257 22253 5901 6058 285304 13826 17429
leaf_count=10867 4339 14400 347 1143 7611 489 8673 1901 942 5760 1340 1271 8920 2954 639 12004 9506 164 2630 23615 3682 501 5464 9257 22253 5901 6058 285304 13826 17429
internal_value=-0.000440731 -0.0022136 -0.000339562 -0.00110817 -0.00374582 -0.00427739 -0.000173572 0.00481316 -0.00065885 -0.0029516 0.00219414 -0.000354162 0.00142211 0.00518177 0.0025 -0.000817076 0.000765037 0.00457668 0.00144793 -0.00141991 -0.000203202 -0.000168846 -0.000988617 -0.000333656 -0.00140863 0.00161016 0.00307665 -1.98718e-05 0.00124197 0.00097393
internal_weight=489190 26395 462795 82199 11950 11995 380596 2248 70249 8243 2483 62006 12816 3896 1128 49190 13571 4065 2794 35619 378348 374666 57606 48933 31510 17423 11522 317060 31756 31255
internal_count=489190 26395 462795 82199 11950 11995 380596 2248 70249 8243 2483 62006 12816 3896 1128 49190 13571 4065 2794 35619 378348 374666 57606 48933 31510 17423 11522 317060 31756 31255
cat_boundaries=0 4 8 12 17 18 22 26 28 33 37 41 42 44 48 52 56 60 61 65 69 73 78 82
cat_threshold=0 71565376 168323202 276857540 269760001 33686546 289939497 91357401 291774469 202639624 1654138986 134291720 139485704 402832033 2151678568 2147682323 2 5898560 9437768 570564644 71304964 37912726 1082261584 445129351 2953252864 1226983426 84121988 21 2417103052 2726482962 1073741828 19021832 3 2190475336 18915328 2147549184 398848 269492224 0 532480 88080528 34 3393759314 9 2298609953 1073750144 69636 687955986 285214277 1487077394 1084264961 2147697722 1097334816 1210156641 2726302900 34078780 286263328 1610743812 539066464 68689936 1209154118 32 1075905536 1184 524328 524288 2163712 2181042208 33554464 2155872770 78080 2164396036 1073811456 0 784 65536 16785408 1 226492931 1761607684 9437248 394275
is_linear=0
shrinkage=0.1


Tree=82
num_leaves=31
num_cat=23
split_feature=9 0 8 10 9 6 9 9 11 8 9 8 4 8 3 8 11 10 9 1 8 9 9 2 0 9 8 10 8 9
split_gain=8.57526 7.43452 12.2 6.69075 10.0867 7.71053 7.6921 7.14419 8.80624 8.21227 6.75134 6.56647 6.03002 17.5088 10.4079 15.6744 10.1983 6.09202 5.91738 5.89501 5.44103 5.40709 5.40045 5.24813 7.94149 8.13245 7.55035 4.79499 11.6652 7.25616
threshold=0 -14.999999999999998 1 2 3 461.50000000000006 4 5 6 7 8 9 165.00000000000003 10 1.5000000000000002 11 12 13 14 63.000000000000007 15 16 17 1.0000000180025095e-35 27.000000000000004 18 19 20 21 22
decision_type=9 2 9 9 9 2 9 9 9 9 9 9 2 9 2 9 9 9 9 10 9 9 9 10 2 9 9 9 9 9
left_child=-1 2 22 4 11 6 -5 9 10 -7 -9 -4 13 16 15 -14 17 -3 -17 20 21 -10 -2 24 26 -26 -15 28 -16 -29
right_child=1 12 3 5 -6 7 -8 8 19 -11 -12 -13 14 23 27 18 -18 -19 -20 -21 -22 -23 -24 -25 25 -27 -28 29 -30 -31
leaf_value=-8.6227505045419317 -1.4603671408515151 0.67411863310359599 4.0382073638647986 0.16899210943142667 -0.20929613034752489 -0.022390605804292425 -1.5126502989587234 13.365879731079747 -0.32191387993551052 -1.3236666207053072 1.9240065376472406 1.2568841395432315 -2.1549638280571672 0.29651599938540024 0.36545094577950704 0.19310645746971125 1.493995753124242 -0.57022229930251156 -0.40920890487883615 2.4897463170034815 -0.42626543902625152 0.59525722882924137 -0.81576123568652936 -0.033315842129402008 1.8731582107316402 0.39102104417722117 -0.41136699338740368 0.4909883440163143 -1.2029112073886461 -0.095286620362879479
leaf_weight=3608 5853 2287 1116 2432 10978 7703 7399 234 15618 9687 968 4111 7610 3684 23083 10321 1076 853 20556 1761 34631 10691 9353 44546 546 6769 4066 38449 36349 162852
leaf_count=3608 5853 2287 1116 2432 10978 7703 7399 234 15618 9687 968 4111 7610 3684 23083 10321 1076 853 20556 1761 34631 10691 9353 44546 546 6769 4066 38449 36349 162852
internal_value=-0.000423151 -0.000386994 -0.00106052 -0.000684656 0.00118717 -0.00101762 -0.00366291 -0.000697848 -0.000208567 -0.00249426 0.00823432 0.00479855 -0.000159679 0.000722733 -0.000347907 -0.00188298 0.00694273 0.00403174 -0.00087966 -0.000371708 -0.000536596 0.000547511 -0.00371057 0.00028161 0.00189512 0.00425837 -0.000335486 -0.000121314 -0.00091047 0.000111715
internal_weight=489190 485582 122535 107329 16205 91124 9831 81293 63903 17390 1202 5227 363047 63827 299220 38487 4216 3140 30877 62701 60940 26309 15206 59611 15065 7315 7750 260733 59432 201301
internal_count=489190 485582 122535 107329 16205 91124 9831 81293 63903 17390 1202 5227 363047 63827 299220 38487 4216 3140 30877 62701 60940 26309 15206 59611 15065 7315 7750 260733 59432 201301
cat_boundaries=0 4 8 10 15 19 24 26 30 34 38 42 46 48 50 55 59 63 67 71 75 77 81 86
cat_threshold=0 67108864 8192 8389248 292561925 1275470408 547891274 205521160 3255384405 57 243418402 1073938960 3489660992 558828586 1 56001553 1881145344 2147555618 2217478432 2392341 22348032 155210400 2416516164 1 16779268 1 2357379200 8392740 2152005760 2526212 134217728 0 1073741824 134217730 209879048 2097554 262660 35725825 278396928 344068096 458816 134414336 3489694756 2197839874 3682795553 77127712 3306358404 17 704905291 16 1812995636 2282758286 8782353 405405696 2 2282045440 23609378 406847488 288455335 2300118536 3902930968 9437516 1073897747 1124111392 1074004062 403871746 1365289056 33554433 33024 0 1728520 2231533824 2302173444 8192 2101249 1426296851 50 2148171842 2176852099 1078399232 4502243 1074692820 4211080 339908648 273286212 2
is_linear=0
shrinkage=0.1


Tree=83
num_leaves=31
num_cat=21
split_feature=0 8 9 9 11 8 0 11 4 6 9 8 9 4 10 8 9 9 0 10 9 8 11 0 11 9 2 6 11 11
split_gain=8.35643 9.54108 6.76402 5.47224 12.4905 9.66243 5.49938 5.19697 4.77538 9.33439 4.72242 4.61254 4.4215 4.19361 4.72049 4.36725 11.5687 4.465 4.49997 4.44161 10.1822 6.84594 5.27455 4.08464 3.90629 5.8574 3.96671 8.61378 12.6274 10.4025
threshold=-86.999999999999986 0 1 2 3 4 27.000000000000004 5 165.00000000000003 514.50000000000011 6 7 8 45.000000000000007 9 10 11 12 465.00000000000006 13 14 15 16 2613.0000000000005 17 18 57.000000000000007 929.50000000000011 19 20
decision_type=2 9 9 9 9 9 2 9 2 2 9 9 9 2 9 9 9 9 2 9 9 9 9 2 9 9 10 2 9 9
left_child=1 -1 -3 4 11 -6 -7 -4 9 -8 -10 -2 -5 14 -14 16 17 18 -15 20 -18 22 -21 24 25 -17 27 29 -29 -26
right_child=3 2 7 12 5 6 8 -9 10 -11 -12 -13 13 15 -16 23 19 -19 -20 21 -22 -23 -24 -25 26 -27 -28 28 -30 -31
leaf_value=-3.4389424747344943 -0.32588889942111537 -2.0764030841879921 -2.657113683823463 223.22989528534629 -3.5914108570274865 -1.9174829935129445 2.6996187357660526 -0.0010920895633898919 4.8734839058969275 0.47912306538045013 -0.29309389943863362 2.7545245881999758 0.94338536546818996 -2.4345271286965033 0.11029156798127022 0.056593223723312561 -2.5753905715631138 -0.55965841799196103 0.62076977088925211 1.6709876865210411 0.043048962325019355 -0.15138738592306528 0.083063775434384979 25.134874947911573 -0.24566311093287957 -2.0001682480934906 -0.12631247774431356 2.9865179806022764 0.18418820930765512 0.27934887580064172
leaf_weight=4869 2626 6289 2330 1464 10220 6729 44 21857 462 523 9013 3772 405 3373 2082 5332 5829 20177 418 8092 12091 25660 8331 186 65793 4634 139626 8588 63153 45222
leaf_count=4869 2626 6289 2330 1464 10220 6729 44 21857 462 523 9013 3772 405 3373 2082 5332 5829 20177 418 8092 12091 25660 8331 186 65793 4634 139626 8588 63153 45222
internal_value=-0.000415996 -0.00189702 -0.0012386 -0.000300656 -0.00153268 -0.00247436 -0.000995771 -0.000478161 0.000485957 0.00940035 -4.74958e-05 0.00243758 -0.000202777 -0.000222006 0.00387213 -0.000246458 -0.000890799 -0.00274752 -0.00589582 -0.000148803 -0.00146682 0.000412655 0.00200633 -8.37206e-05 -9.20144e-05 -0.0020409 -3.17029e-05 0.0002749 0.00112892 -0.000276992
internal_weight=489190 35345 30476 453845 33389 26991 16771 24187 10042 567 9475 6398 420456 418992 2487 416505 83971 23968 3791 60003 17920 42083 16423 332534 332348 9966 322382 182756 71741 111015
internal_count=489190 35345 30476 453845 33389 26991 16771 24187 10042 567 9475 6398 420456 418992 2487 416505 83971 23968 3791 60003 17920 42083 16423 332534 332348 9966 322382 182756 71741 111015
cat_boundaries=0 4 8 12 14 18 20 24 28 33 34 38 42 46 48 52 55 57 58 62 64 66
cat_threshold=125838339 3357149249 110633290 17045504 84281936 536879462 3688576 6591168 1073742120 71565408 243328386 276857540 2684428690 24 4535873 102760464 2176843785 70288108 37290002 2 0 4194304 0 64 2550137604 68 1082130432 16384 16 16384 0 0 2 5906880 23666725 1210376714 2726347812 268960008 328308800 1107301633 2149650528 135360561 64 33554432 2166816 1048593 1447235857 10 2218786816 413270144 16908292 3758623744 18874368 2113546 2181038112 272153 12 810033153 34112066 2592079892 268503116 1091846144 2332133440 7 1318092808 7
is_linear=0
shrinkage=0.1


Tree=84
num_leaves=31
num_cat=25
split_feature=9 0 8 1 8 8 9 9 8 8 9 11 9 11 8 9 9 9 9 4 8 9 7 8 9 7 2 10 9 0
split_gain=7.99287 6.2732 10.733 10.4563 15.9003 9.96638 8.26705 7.45187 11.9723 8.11233 8.59233 7.12168 6.91129 6.98654 6.80873 9.02235 8.45702 6.11886 5.73962 5.52537 5.34203 5.1012 5.02967 6.09444 4.86255 4.83241 4.69467 4.49594 5.36966 4.47965
threshold=0 39.000000000000007 1 51.000000000000007 2 3 4 5 6 7 8 9 10 11 12 13 14 15 16 45.000000000000007 17 18 19 20 21 22 15.000000000000002 23 24 87.000000000000014
decision_type=9 2 9 10 9 9 9 9 9 9 9 9 9 9 9 9 9 9 9 2 9 9 1 9 9 1 8 9 9 2
left_child=-1 2 6 4 24 12 -2 8 -4 10 -9 -10 13 -6 15 25 19 -11 -7 -16 -21 -17 -13 -24 -3 -5 -15 28 -19 -18
right_child=1 3 7 14 5 18 -8 9 11 17 -12 22 -14 26 16 21 29 27 -20 20 -22 -23 23 -25 -26 -27 -28 -29 -30 -31
leaf_value=-4.9857198845115889 -0.90759009651715083 -2.8767062461188058 -1.7082260360890882 10.018855012850125 4.4540281024165118 0.81631960056562258 -0.39270139651843128 0.65582259218900418 -1.3334263800978898 -0.48134718411926447 -0.018362861213832505 -1.200285576666138 0.84026896653172123 2.0598824884397633 2.0110429876490024 -1.6833022879353345 -0.5164044284916488 -0.74193250426613466 0.079602497239532707 2.854852538310114 0.32277735946327873 -0.57136142880388308 -0.25084280770305289 1.5650813324914146 -0.21035433177910964 0.3210802226932562 0.57081568408012451 -0.083735934628311248 4.0938834584264923 -0.030487915221516639
leaf_weight=5491 7109 3025 12054 670 606 10036 17975 15487 9215 32104 30131 3157 6919 1114 23 6618 25835 1099 24133 2247 16694 21214 10452 8259 5054 4095 2929 76108 1578 127759
leaf_count=5491 7109 3025 12054 670 606 10036 17975 15487 9215 32104 30131 3157 6919 1114 23 6618 25835 1099 24133 2247 16694 21214 10452 8259 5054 4095 2929 76108 1578 127759
internal_value=-0.000410681 -0.000367558 -0.000754159 -3.20909e-05 0.00120856 0.00193083 -0.00270344 -0.000509083 -0.00167266 -0.000188289 0.000934073 -0.00063455 0.00446709 0.00745009 -0.000357537 -0.00168277 -0.000107091 -0.000650053 0.00107112 0.00188468 0.00182619 -0.00237124 0.000348293 0.000971634 -0.00287922 0.00233508 0.00591414 -0.000175775 0.00384443 -0.000353118
internal_weight=489190 483699 224728 258971 53816 45737 25084 199644 43137 156507 45618 31083 11568 4649 205155 32597 172558 110889 34169 18964 18941 27832 21868 18711 8079 4765 4043 78785 2677 153594
internal_count=489190 483699 224728 258971 53816 45737 25084 199644 43137 156507 45618 31083 11568 4649 205155 32597 172558 110889 34169 18964 18941 27832 21868 18711 8079 4765 4043 78785 2677 153594
cat_boundaries=0 4 8 12 16 20 25 29 33 38 40 44 45 49 53 58 62 66 70 74 75 79 84 85 87 91
cat_threshold=0 67108864 24576 708 275789957 1207970824 545794170 339742984 3244360308 1074039906 52957441 344457225 67162115 113397904 75597894 38099200 555783201 1074530628 168007842 1363181600 1075855632 2170881138 1279264969 8490000 1 168625152 2684486208 3357688192 17238656 1216726336 2152268354 1078087680 43319509 331522273 1644843008 37291014 151519264 2 2082480195 1 285345541 1879867776 469958913 1493968128 142805186 100663586 281051153 3864473762 35192838 2150046848 549016704 138416264 25296896 1610614066 39868728 1246071400 2080 2 46170208 973099016 53547284 1476943880 2460762624 2183201028 2216691778 2561036297 16973976 536870912 17160 335544848 806355488 4358148 838926624 1074794544 4 1090700098 100684034 32768 137388081 7341640 312610838 3523346624 2420128769 2 4 1078472709 32 2148139008 1082171652 2147483648 19140608
is_linear=0
shrinkage=0.1


Tree=85
num_leaves=31
num_cat=18
split_feature=0 8 9 11 2 6 4 9 11 8 8 0 8 9 10 8 8 11 8 1 10 6 6 0 9 0 8 2 5 9
split_gain=7.88001 9.90677 5.93321 6.29521 12.3472 10.0974 8.5854 5.46433 11.6646 9.9157 5.22122 4.55168 4.37936 11.4572 6.215 7.13342 4.45475 4.81953 4.32906 5.00878 4.31505 4.26828 5.59694 4.23116 4.27109 12.9555 4.23082 4.20636 4.07973 18.1488
threshold=-122.99999999999999 0 1 2 -434.99999999999994 1350.5000000000002 465.00000000000006 3 4 5 6 141.00000000000003 7 8 9 10 11 12 13 63.000000000000007 14 1084.5000000000002 1043.5000000000002 447.00000000000006 15 579.00000000000011 16 -86.999999999999986 18.500000000000004 17
decision_type=2 9 9 9 10 2 2 9 9 9 9 2 9 9 9 9 9 9 9 8 9 2 2 2 9 2 9 8 2 9
left_child=1 -1 -3 4 -4 -6 -7 8 10 -10 -2 26 13 20 15 -15 -16 -18 19 -13 -9 22 -19 -22 25 -25 -11 -5 -14 -30
right_child=7 2 3 27 5 6 -8 12 9 11 -12 18 28 14 16 -17 17 21 -20 -21 23 -23 -24 24 -26 -27 -28 -29 29 -31
leaf_value=-3.593857965955495 -3.8819704606978038 -3.4999373864158332 61.279535578634125 -3.9449177679769249 0.57107509963615044 21.731223810990045 61.342530380774171 -0.30364548230769306 -1.3742906235298671 6.343208997054389 -1.7976144210380509 4.8807227584511281 0.024125316722572322 -1.7507874669579924 -0.23171856434580951 -0.057575351036444192 -0.22543673162997457 1.1419709487584697 1.8988531623235509 3.3900571550294005 -1.4855496753619137 -0.071005753465807508 9.4529984477798656 1.5595581809293333 -0.3463492091165164 -1.1501741251273814 0.048725680963011476 0.065825192225249934 0.76787320566407125 -0.38399305800286782
leaf_weight=5450 6078 2999 61 3319 994 51 50 9128 9066 101 5736 25 282803 5215 12872 11138 5089 9989 3627 355 10472 4115 708 41 1137 79 9600 10389 14248 64255
leaf_count=5450 6078 2999 61 3319 994 51 50 9128 9066 101 5736 25 282803 5215 12872 11138 5089 9989 3627 355 10472 4115 708 41 1137 79 9600 10389 14248 64255
internal_value=-0.000411908 -0.00220607 -0.00106474 -0.000244725 0.0068096 0.00442922 0.0345545 -0.000322126 -0.0015313 -0.000208043 -0.00407984 0.00148855 -0.000225113 -0.000949097 -0.000115193 -0.0017069 0.000679313 0.00161669 0.00432493 0.014359 -0.00291226 0.00252867 0.00358325 -0.00418179 0.00129674 0.0184615 0.000318521 -0.000844149 -8.48589e-05 -0.00072265
internal_weight=489190 23313 17863 14864 1156 1095 101 465877 34588 22774 11814 13708 431289 69983 49126 16353 32773 19901 4007 380 20857 14812 10697 11729 1257 120 9701 13708 361306 78503
internal_count=489190 23313 17863 14864 1156 1095 101 465877 34588 22774 11814 13708 431289 69983 49126 16353 32773 19901 4007 380 20857 14812 10697 11729 1257 120 9701 13708 361306 78503
cat_boundaries=0 4 9 10 14 16 20 24 28 32 34 38 42 44 48 49 53 57 62
cat_threshold=2432705545 2350383173 76682562 54548480 335544840 671094598 2902208 6328992 1 2349211912 352 71565408 176267394 1082163904 1439437836 6 2418021121 1107430930 1091182601 1228992 403710984 35785732 390078576 69337696 124256288 1344569928 2726314006 67633416 17831936 302125316 3241148480 944844817 3038840080 14 101187616 2097152 2 67633160 67108864 262664 545259524 8 2736336902 16 1058816 142606336 0 136314880 3360296704 0 0 0 16 0 0 1024 20 1079278592 3381006 23072800 2688555008 2
is_linear=0
shrinkage=0.1


Tree=86
num_leaves=31
num_cat=23
split_feature=9 0 8 1 0 8 0 2 8 9 9 8 0 8 2 8 9 8 9 11 9 7 9 8 8 7 9 10 9 10
split_gain=7.35228 6.14617 9.13983 8.71484 8.22008 6.98538 5.13188 8.98401 10.5086 9.93614 9.5 9.09778 8.87427 16.5885 8.50737 13.1297 9.98433 7.84959 7.13085 6.66392 6.66388 6.61222 11.8173 7.4389 6.34311 6.30839 14.2224 10.4964 6.69745 7.92854
threshold=0 -194.99999999999997 1 -68.999999999999986 15.000000000000002 2 225.00000000000003 165.00000000000003 3 4 5 6 147.00000000000003 7 261.00000000000006 8 9 10 11 12 13 14 15 16 17 18 19 20 21 22
decision_type=9 2 9 8 2 9 2 10 9 9 9 9 2 9 8 9 9 9 9 9 9 1 9 9 9 1 9 9 9 9
left_child=-1 5 3 4 -3 -2 7 9 10 11 -9 -4 17 -14 15 16 -8 -11 24 -13 -15 22 -17 -24 -16 26 27 -19 29 -27
right_child=1 2 6 -5 -6 -7 14 8 -10 12 -12 19 13 20 18 21 -18 25 -20 -21 -22 -23 23 -25 -26 28 -28 -29 -30 -31
leaf_value=-7.5551663462759038 -5.0700626836722016 24.676669069630243 -2.0336735934665851 5.2958374466907765 -67.03476212438467 -0.55055930642902817 3.4801431630982829 -1.1758965863074098 -1.0036724054365853 0.43798809254581422 1.1660567610925243 -3.6174932745716242 1.5582614870916345 0.7601391304822176 2.8899570406655251 6.0938058393260057 0.76729409279422134 5.0738007207557221 -0.28468962910452522 -0.11556811576968547 -0.46632451553739451 -0.22515485774023314 5.0004123301180048 -1.1051615335406231 0.17538518477198067 0.15987272854000539 -0.22578153443154975 0.79932898019700727 -0.28887814589727351 -0.40173748159467099
leaf_weight=3252 4156 69 10087 1417 31 8319 2576 4013 20350 27034 6345 4383 6761 5911 3481 1324 5617 1045 48801 24662 10257 13407 604 2187 11309 46735 21638 15700 162637 15082
leaf_count=3252 4156 69 10087 1417 31 8319 2576 4013 20350 27034 6345 4383 6761 5911 3481 1324 5617 1045 48801 24662 10257 13407 604 2187 11309 46735 21638 15700 162637 15082
internal_value=-0.000393919 -0.00036214 -0.000304419 0.00741977 0.036 -0.00255311 -0.000329397 -0.000488712 -0.00212909 -0.000345581 0.00046489 -0.00184763 -0.000157606 0.00173623 0.000353165 0.001888 0.00518956 -0.000307415 -0.000267493 -0.000948204 -4.94737e-06 0.000341088 0.00384242 0.000139234 0.0016554 -0.000474309 0.000710283 0.00289764 -0.000676904 0.00020913
internal_weight=489190 485938 473463 1517 100 12475 471946 382640 30708 351932 10358 39132 312800 22929 89306 25715 8193 289871 63591 29045 16168 17522 4115 2791 14790 262837 38383 16745 224454 61817
internal_count=489190 485938 473463 1517 100 12475 471946 382640 30708 351932 10358 39132 312800 22929 89306 25715 8193 289871 63591 29045 16168 17522 4115 2791 14790 262837 38383 16745 224454 61817
cat_boundaries=0 4 8 12 16 20 24 28 32 36 41 45 50 51 55 56 60 64 68 69 74 76 81 83
cat_threshold=0 67108864 8192 640 144 8388608 1024 20 2165376001 2333622341 105256400 33556640 2586378252 1241516547 2550669838 52560032 1075925312 4197488 1241766017 1619037248 430443026 1073476 273699008 1478041618 40898572 1074924034 25702464 106561672 43682309 67264656 42991730 134312705 2417074187 2216429008 536871040 138844801 404260116 1616125952 3627106368 1116176 1 1075926336 536936993 4626848 13697218 18894928 575167504 155340992 272641104 3 1895901193 46662274 2165145857 297795908 67457287 12 38175232 134327556 279054434 24945920 134479876 6308352 262152 35677192 504458312 1377829913 2315849984 335545024 32 2312896517 3499761678 2151678468 134283291 2 1094750273 8 906373768 1086338 85983264 2222325764 3 205924236 8
is_linear=0
shrinkage=0.1


Tree=87
num_leaves=31
num_cat=25
split_feature=0 8 9 4 9 8 10 8 9 8 11 8 11 8 9 1 9 0 2 9 9 8 8 8 11 11 8 9 10 9
split_gain=6.82801 7.37274 6.52604 5.47659 5.46495 5.11216 6.67703 4.69179 4.6831 10.4019 8.14393 6.13701 6.10786 5.84225 6.20462 5.63665 6.04082 5.09637 12.7978 11.7979 8.38113 7.00767 5.84733 5.72194 5.57441 5.44155 6.15225 7.38133 6.09509 5.90447
threshold=-56.999999999999993 0 1 45.000000000000007 2 3 4 5 6 7 8 9 10 11 12 39.000000000000007 13 81.000000000000014 51.000000000000007 14 15 16 17 18 19 20 21 22 23 24
decision_type=2 9 9 2 9 9 9 9 9 9 9 9 9 9 9 10 9 2 8 9 9 9 9 9 9 9 9 9 9 9
left_child=1 4 7 -2 -1 6 -5 -3 9 12 11 -11 -7 14 -10 16 -16 20 19 22 21 -15 24 -21 -19 29 27 28 -27 -22
right_child=3 2 -4 5 -6 8 -8 -9 13 10 -12 -13 -14 17 15 -17 -18 18 -20 23 25 -23 -24 -25 -26 26 -28 -29 -30 -31
leaf_value=-0.3445458364619951 0.28973427378030903 -2.2271728700892193 -0.1251908355352381 -3.5192325157546183 -2.6442828997335739 1.7787861412949526 -0.27653190516039683 -0.61167637940710096 3.7582406471383578 -5.1901098140178377 0.91699958119895708 -0.41422884483799821 -1.3933926571727018 -1.1653386456643149 0.76328806618387235 -0.084097922470746711 0.095628008565239564 4.8855479732996443 -0.026509862673258135 -0.4230458998032014 -0.65431891700563849 -0.24097257540223038 1.3678767740513496 0.95237611490249263 2.2392403930513374 2.087339875487237 0.44076534415440999 0.19795340412154072 -0.88876667233033191 -0.081623234404450989
leaf_weight=3606 2374 5191 36298 2278 5354 1673 25880 5653 3370 2216 17027 15403 18899 16480 9304 30054 13629 823 118918 4444 12702 23808 2450 5362 807 358 29561 13279 10571 51418
leaf_count=3606 2374 5191 36298 2278 5354 1673 25880 5653 3370 2216 17027 15403 18899 16480 9304 30054 13629 823 118918 4444 12702 23808 2450 5362 807 358 29561 13279 10571 51418
internal_value=-0.000391875 -0.0014299 -0.000929337 -0.00025741 -0.00405797 -0.00028381 -0.0015862 -0.00308089 -0.000192666 -0.00104802 9.80833e-06 -0.00149697 -0.00282869 -5.66603e-05 0.000875155 0.000610032 0.00179087 -0.000237157 0.000219569 0.00309232 -0.000620636 -0.0018656 0.00760391 0.00120619 0.0122561 -0.000195 0.000546865 -0.000635067 -0.00255874 -0.000817093
internal_weight=489190 56102 47142 433088 8960 430714 28158 10844 402556 55218 34646 17619 20572 347338 56357 52987 22933 290981 132804 13886 158177 40288 4080 9806 1630 117889 53769 24208 10929 64120
internal_count=489190 56102 47142 433088 8960 430714 28158 10844 402556 55218 34646 17619 20572 347338 56357 52987 22933 290981 132804 13886 158177 40288 4080 9806 1630 117889 53769 24208 10929 64120
cat_boundaries=0 4 9 14 18 20 24 28 32 34 38 40 44 49 54 59 64 68 72 76 78 80 84 88 90 94
cat_threshold=50340865 1478002945 41951594 124004360 335562516 603980134 170934417 2149616296 1 504374786 402786962 2684354682 2684356890 1 1097334816 1073776232 596119571 68681996 285481113 14 273744704 100671702 1140921360 134370513 694747232 1141115970 1690316962 545260432 169030473 2348828675 2151874592 38036033 509085249 14 2214592512 18874368 268435456 32 2147551492 17 142825944 679477249 5377856 46417938 3221242000 138436608 36700160 2116 2 101878784 8552497 590096 420032552 1 369271050 33587973 150997252 3492222986 1 1074839824 37814328 135334145 134847588 1 269747204 55992594 1210065028 17006784 303071232 50331920 1073741856 12481 2148794883 306206854 3489669160 287376577 201495240 8 807217257 23 2215641605 20586514 1344561152 402698432 33555968 957391620 2149580800 291766275 1638464 48 2155872260 2686976128 2228228 1077952520
is_linear=0
shrinkage=0.1


Tree=88
num_leaves=31
num_cat=22
split_feature=9 8 1 6 9 8 10 3 0 8 1 4 8 9 9 8 8 9 9 9 9 8 9 6 8 8 9 5 7 8
split_gain=6.47702 6.99515 7.28843 5.4584 10.1722 7.37522 5.08923 4.90412 6.36531 11.4424 7.85213 10.9764 11.0414 10.9514 7.6154 8.3034 7.33506 7.52262 6.93925 6.37756 6.24761 6.02311 5.88405 5.8749 13.0465 8.24382 7.78048 9.61589 15.2854 9.70932
threshold=0 1 141.00000000000003 426.50000000000006 2 3 4 7.5000000000000009 21.000000000000004 5 39.000000000000007 165.00000000000003 6 7 8 9 10 11 12 13 14 15 16 1133.5000000000002 17 18 19 21.500000000000004 20 21
decision_type=9 9 8 2 9 9 9 2 2 9 10 2 9 9 9 9 9 9 9 9 9 9 9 2 9 9 9 2 1 9
left_child=1 -1 -3 4 -2 -6 -7 8 9 19 11 13 18 -10 15 -11 17 -12 -13 -5 -14 22 -16 25 -25 -9 -26 -28 29 -29
right_child=3 2 -4 7 5 6 -8 23 10 14 16 12 20 -15 21 -17 -18 -19 -20 -21 -22 -23 -24 24 26 -27 27 28 -30 -31
leaf_value=-6.1007870849561652 -2.0587467640214814 -3.1576189828400127 1.8705900724269935 -0.97117692529508703 0.48382263290515137 -1.8624051146715601 -0.20660289743066793 -1.1206509282744206 1.4123589626455544 -1.4626542547893493 0.05438863941007404 -0.046572436502707953 -1.1220996630795395 0.29915648443715565 0.87849876491543621 -0.22583095360241084 -0.022931334993798107 -0.85739496700253648 1.4277233878906241 -0.47371963902343528 0.028442710617048686 -0.18261210759665591 0.041376500446901353 6.0756786071374647 1.7726139991900707 1.0349695725108756 -4.7037008195532577 27.536825714129819 -3.0339013782193631 0.29265792403370267
leaf_weight=2494 4863 5505 1895 6237 4306 2120 8993 14074 1300 7237 12062 3967 6875 8610 7494 13686 142680 19614 6398 15637 22024 67631 21964 2793 4000 60316 10429 823 2353 810
leaf_count=2494 4863 5505 1895 6237 4306 2120 8993 14074 1300 7237 12062 3967 6875 8610 7494 13686 142680 19614 6398 15637 22024 67631 21964 2793 4000 60316 10429 823 2353 810
internal_value=-0.000380632 -0.00291196 -0.00136303 -0.00032831 -0.00193374 -0.00067341 -0.00203453 -0.00025738 -0.000425025 -0.000954065 -9.39495e-05 0.00102208 0.000271493 0.00399596 -0.000564473 -0.00229447 -0.000408706 -0.00178502 0.00306988 -0.00305429 -0.000732992 -0.000191456 0.00100176 0.000379922 -0.00108827 0.000798492 -0.00205428 -0.00313692 0.00103863 0.00844187
internal_weight=489190 9894 7400 479296 20282 15419 11113 459014 363416 139886 223530 49174 39264 9910 118012 20923 174356 31676 10365 21874 28899 97089 29458 95598 21208 74390 18415 14415 3986 1633
internal_count=489190 9894 7400 479296 20282 15419 11113 459014 363416 139886 223530 49174 39264 9910 118012 20923 174356 31676 10365 21874 28899 97089 29458 95598 21208 74390 18415 14415 3986 1633
cat_boundaries=0 4 8 12 16 18 22 26 30 35 39 43 48 52 56 61 65 70 74 78 83 84 88
cat_threshold=0 71303168 33579136 8389312 1053696 0 135177 3145809 1209077816 310402113 3439790098 134225938 16452 2164297893 3226927874 51675479 2706997248 8 5776385 1226061312 578824314 71438604 100844802 2521108624 637575182 33763329 77070336 805339392 402849792 134743040 2476304 2442354 1212219465 2216691988 1 168099916 2147486019 3422552192 17836192 46137634 1354793473 3796055206 34145312 2283938056 965744818 5246980 17040391 1 2190483490 3146376 292552706 286758915 20058657 1342972169 136550466 558928896 8135696 2969587202 3221981696 353373184 1 1218822400 541132962 1212339200 160497809 2294423648 167778432 20451334 956317696 2 23140425 1217012547 9450016 138498 16802665 1074487499 1311040 67793160 2193932 539809280 3489794048 274799616 3 28 2147647488 2148532356 2147483652 2416640
is_linear=0
shrinkage=0.1


Tree=89
num_leaves=31
num_cat=23
split_feature=0 8 9 9 7 6 8 8 2 11 8 9 9 3 9 4 8 9 9 11 9 0 2 11 8 9 8 9 9 8
split_gain=6.24805 8.35101 6.07664 5.81665 5.61702 12.3614 10.9528 8.09206 7.61348 6.79441 5.9124 5.71813 5.39228 4.98047 4.75633 4.7529 10.0827 10.3488 7.2544 7.03379 5.65625 5.33229 7.34686 4.72461 4.71276 8.55615 4.44562 4.39482 4.34363 6.60519
threshold=-32.999999999999993 0 1 2 3 1350.5000000000002 4 5 -116.99999999999999 6 7 8 9 8.5000000000000018 10 135.00000000000003 11 12 13 14 15 441.00000000000006 501.00000000000006 16 17 18 19 20 21 22
decision_type=2 9 9 9 1 2 9 9 10 9 9 9 9 2 9 2 9 9 9 9 9 2 8 9 9 9 9 9 9 9
left_child=1 3 -3 -1 5 7 8 27 -7 11 14 -6 -12 -8 -11 16 18 19 21 -18 -20 -2 -23 -22 25 -17 -25 -4 29 -26
right_child=15 2 4 -5 9 6 13 -9 -10 10 12 -13 -14 -15 -16 24 17 -19 20 -21 23 22 -24 26 28 -27 -28 -29 -30 -31
leaf_value=-0.018815617975278549 -1.1808554604405757 -10.558164848595663 2.1590415843330404 -1.6111420619599013 -1.3948441563511449 34.646322026259199 -2.1976119741583413 -1.4342464567633337 35.970173053166889 -0.93944219503021142 5.5753502756886144 -0.094931889380739723 0.48302941376626107 120.85696594592126 0.018391327473898395 -2.708655560018582 3.5472012054892574 0.16856233599423978 1.1632990278428792 1.9752657689872146 0.12907381210234134 1.0281803882435796 -0.81394559073257122 -0.69121205782427864 0.19416007590799522 -0.47216982376625583 -0.16056687471636705 -0.66268513505269977 -0.025719320372884998 -0.97051078952350933
leaf_weight=3258 2131 1521 1020 8472 8094 52 252 9045 179 4427 907 12022 27251 54 10040 3353 107 23419 1086 932 7205 64 185 1811 19685 12476 5119 2540 283608 38875
leaf_count=3258 2131 1521 1020 8472 8094 52 252 9045 179 4427 907 12022 27251 54 10040 3353 107 23419 1086 932 7205 64 185 1811 19685 12476 5119 2540 283608 38875
internal_value=-0.000377565 -0.0011347 -0.000757488 -0.0036201 -0.000631549 -0.00251065 0.0123464 -0.00314558 0.0281743 -0.000237608 0.000477305 -0.00175197 0.00132136 -0.000506331 -0.0011653 -0.000208873 0.000796736 0.00210969 -0.00102834 0.0118303 -0.000223888 -0.00615063 0.00767068 -0.000759988 -0.000327016 -0.00201339 -0.00262248 0.000896356 -0.000248937 -0.00103295
internal_weight=489190 89134 77404 11730 75883 13142 537 12605 231 62741 42625 20116 28158 306 14467 400056 42059 24458 17601 1039 15221 2380 249 14135 357997 15829 6930 3560 342168 58560
internal_count=489190 89134 77404 11730 75883 13142 537 12605 231 62741 42625 20116 28158 306 14467 400056 42059 24458 17601 1039 15221 2380 249 14135 357997 15829 6930 3560 342168 58560
cat_boundaries=0 4 8 12 13 17 21 23 27 32 37 41 45 50 54 55 59 61 65 69 73 78 82 86
cat_threshold=276048901 206440456 1653088322 205586696 0 67108864 4219008 704 147873802 671266849 4194588 2147696915 4 2147647488 4096 2147483652 2404352 134299904 2097153 408000288 58720338 977018946 2 42107008 1073779009 2148600236 18115638 2282799364 445186048 3258056784 289489978 1 33563808 20480 1074266120 17301512 2 287608832 3760275716 136386848 3629146408 453017602 287863044 2952929285 1280 2156003328 276 268500992 16785408 1 2 98308 269484032 1072 134225928 2147483648 512 0 134234112 2588974105 16 4194337 1073775648 562040865 68681740 67371008 308805632 587415812 285271040 2 16781312 536870916 256 2147516545 545294337 572590128 2416183304 1 2153842788 67511394 545792931 2281720448 3464799236 2282102868 168018496 16788496
is_linear=0
shrinkage=0.1


Tree=90
num_leaves=31
num_cat=20
split_feature=0 8 9 8 0 8 11 0 9 4 0 1 9 8 2 0 8 8 8 9 8 8 11 9 8 2 8 0 8 11
split_gain=6.63528 7.61497 6.04471 6.05848 5.24836 7.22117 4.88912 4.79537 8.23779 4.71526 4.2324 6.61292 9.77961 7.63877 5.87073 8.17879 16.3017 9.00166 7.98773 6.98599 9.07688 8.80204 8.12738 6.82168 6.54898 5.89069 8.1237 6.23006 6.92993 6.03718
threshold=-62.999999999999993 0 1 2 -350.99999999999994 3 4 -266.99999999999994 5 1.0000000180025095e-35 333.00000000000006 357.00000000000006 6 7 177.00000000000003 135.00000000000003 8 9 10 11 12 13 14 15 16 57.000000000000007 17 51.000000000000007 18 19
decision_type=2 9 9 9 2 9 9 2 9 2 2 8 9 9 10 2 9 9 9 9 9 9 9 9 9 10 9 2 9 9
left_child=1 -1 3 -3 -4 6 -6 -8 -9 -2 14 12 13 -12 15 19 -17 -18 -16 20 -11 -21 -22 24 -20 26 -23 29 -29 -28
right_child=9 2 4 -5 5 -7 7 8 -10 10 11 -13 -14 -15 18 16 17 -19 23 21 22 25 -24 -25 -26 -27 27 28 -30 -31
leaf_value=-2.0050999032073031 1.2718405614908088 -2.4002909210804422 -2.5833560575930794 -0.54828073784694131 0.14408522571085355 -0.19023485607319215 -0.065487659884681068 5.6119957641351697 3.3324805718750889 -1.5869757083713671 0.416343320186635 0.014280724819121741 0.27499914851350254 3.4969239027337928 -1.3376886324271944 1.1700358513034941 -1.0277744025058142 0.23032481703911234 5.0247848735581808 1.6767213272518202 -2.507846766203313 0.17971117169323944 0.31687847220642279 -0.36237288913562127 0.4596153185904413 -0.36597862611225512 0.42863749205969559 0.58806837864865535 -0.10285129514865916 -0.30980556498547451
leaf_weight=7817 70 3921 4269 6135 1936 24159 697 276 1491 8830 1174 43032 7564 1873 8311 12899 9234 27005 616 4731 6919 69535 14146 37516 3907 57292 8985 9875 18015 86960
leaf_count=7817 70 3921 4269 6135 1936 24159 697 276 1491 8830 1174 43032 7564 1873 8311 12899 9234 27005 616 4731 6919 69535 14146 37516 3907 57292 8985 9875 18015 86960
internal_value=-0.000362847 -0.00144593 -0.00092181 -0.00306577 -0.00026433 0.000224445 0.00394558 0.00689571 0.00969439 -0.000237614 -0.000241757 0.000590382 0.00282631 0.00759895 -0.000357769 -0.000206206 0.000985386 -0.000101798 -0.00136445 -0.000411446 -0.00185755 -0.00024209 -0.000728354 -0.000803589 0.00286124 -0.000322815 -5.89567e-05 -0.000544635 0.000770883 -0.000927096
internal_weight=489190 50701 42884 10056 32828 28559 4400 2464 1767 438489 438419 53643 10611 3047 384776 334426 49138 36239 50350 285288 29895 255393 21065 42039 4523 250662 193370 123835 27890 95945
internal_count=489190 50701 42884 10056 32828 28559 4400 2464 1767 438489 438419 53643 10611 3047 384776 334426 49138 36239 50350 285288 29895 255393 21065 42039 4523 250662 193370 123835 27890 95945
cat_boundaries=0 4 8 12 16 18 22 26 30 34 38 42 46 50 54 56 61 65 69 73 75
cat_threshold=16786435 1209829377 41951610 258230280 335544852 738230894 1211121808 2153810616 441679936 2248155458 1142231040 132817 1380519940 8396810 1024 4244 3228828680 14 1024 1 2304 269221888 8553218 541673856 135481476 552471584 2353537280 2148668611 1485307952 271863816 337149958 75653328 11550842 33714817 1080127528 3355707907 558731268 353895424 1166021894 272663700 1108545952 1123402 1075859744 71305328 1258548361 536907392 38801413 1091701313 166203392 51512008 69888 66081 37886848 41943042 1485350921 4 67175636 5391394 3271592728 553683392 2 138477696 33554435 1544 16908304 1342358530 693633172 1141178368 420957249 0 346173704 136364068 4207360 2168502662 24
is_linear=0
shrinkage=0.1


Tree=91
num_leaves=31
num_cat=23
split_feature=9 1 8 8 6 9 9 0 6 6 11 9 9 6 8 7 10 9 3 8 11 9 8 8 10 8 9 9 10 10
split_gain=5.65295 5.12415 8.52676 6.78272 5.36504 4.60032 4.51955 4.23553 4.10043 4.92998 10.0051 18.6731 12.7702 10.8238 12.7561 11.6241 12.6383 19.9017 13.9481 10.858 9.97005 15.7337 9.68714 9.22776 8.88106 14.4627 13.2711 10.9017 8.65055 8.59178
threshold=0 -122.99999999999999 1 2 1350.5000000000002 3 4 93.000000000000014 1411.5000000000002 955.50000000000011 5 6 7 1084.5000000000002 8 9 10 11 11.500000000000002 12 13 14 15 16 17 18 19 20 21 22
decision_type=9 8 9 9 2 9 9 2 2 2 9 9 9 2 9 1 9 9 2 9 9 9 9 9 9 9 9 9 9 9
left_child=-1 2 -2 4 -4 -3 -5 -8 9 20 11 -11 28 15 -15 16 17 19 -19 -14 21 -7 -17 -13 25 -22 -27 -26 -12 -16
right_child=1 5 3 6 -6 8 7 -9 -10 10 12 23 13 14 29 22 -18 18 -20 -21 24 -23 -24 -25 27 26 -28 -29 -30 -31
leaf_value=-6.3503672012070211 -3.5080443068140066 112.22705152323994 7.7178253287894236 0.90796421100769398 23.635348651086591 0.85354986594517834 -0.63387382944668413 0.95946711485293612 -1.0077421559205972 4.5892238407635375 -1.8189420014758999 2.8053733531180196 11.788662772123615 2.6461480126205918 0.30570989325758796 1.2958976756120348 -0.033610698288310058 0.3406555828327702 15.89346180258927 3.5134712119125489 3.5782304016014934 -1.9618461406614551 -0.55190691390305813 -0.48108257163056323 -1.2765836025070367 0.74307935020204174 -0.21432880214817698 -0.10923219566669609 -0.28677420599483805 -0.29319647662995524
leaf_weight=2526 3181 2236 199 2976 33 2591 13355 1868 4478 6624 10021 4913 1619 5523 14498 6532 10436 12970 1323 3972 1380 11097 13401 10498 22660 24252 37309 166026 14330 76363
leaf_count=2526 3181 2236 199 2976 33 2591 13355 1868 4478 6624 10021 4913 1619 5523 14498 6532 10436 12970 1323 3972 1380 11097 13401 10498 22660 24252 37309 166026 14330 76363
internal_value=-0.000361825 -0.000337271 -0.0018425 -0.00101459 0.0156198 -0.000267327 -0.00123511 -0.00193199 -0.000289226 -0.000259811 0.000124698 0.00212973 -0.000133805 0.000218413 -0.000401936 0.00140827 0.00264095 0.00411983 0.00213731 0.00917514 -0.00053955 -0.00316689 -0.000467836 0.000219828 -0.000396486 0.000632077 0.000404246 -0.000739605 -0.00225401 -0.0006857
internal_weight=489190 486664 21612 18431 232 465052 18199 15223 462816 458338 193023 22035 170988 146637 96384 50253 30320 19884 14293 5591 265315 13688 19933 15411 251627 62941 61561 188686 24351 90861
internal_count=489190 486664 21612 18431 232 465052 18199 15223 462816 458338 193023 22035 170988 146637 96384 50253 30320 19884 14293 5591 265315 13688 19933 15411 251627 62941 61561 188686 24351 90861
cat_boundaries=0 4 8 11 16 20 22 27 31 35 36 38 42 46 48 53 57 61 63 67 72 76 78 80
cat_threshold=0 0 8192 640 2302705696 3424266240 25311104 102770770 514 536870928 2281701380 144 16384 67108865 0 2 2151801216 42837008 536870986 3759145218 2701232194 21 236634178 100929920 1486045184 152307715 1 134222410 369887436 1921207048 1073774597 1080056392 8454735 3159818 42075144 114 2618298954 16 369623301 3223330832 2165309440 134422586 2156920836 11540496 1480785920 1048707 2696970272 7 536895488 3224635394 1073741896 1207959580 1 2284615684 301468186 402718728 36704832 168301568 1182807300 50988176 19269877 1760169349 8 32832 1074009088 34078724 303364 2299536169 270074140 276824096 2822780177 1 7356750 1315874 1266749586 2415924490 1216747622 8 302252034 50
is_linear=0
shrinkage=0.1


Tree=92
num_leaves=31
num_cat=28
split_feature=0 8 9 11 8 9 9 9 8 11 9 8 11 8 11 9 10 8 2 8 10 9 9 8 8 9 8 11 9 10
split_gain=6.02542 8.39245 5.23421 5.48754 4.82934 10.3706 5.264 4.76884 11.1722 10.3632 9.11103 7.8912 5.6439 5.21569 4.81745 14.0852 8.14508 6.9768 5.39879 5.33168 7.30581 11.278 7.27686 7.61934 6.83123 5.99381 4.6075 4.41075 4.32084 4.20157
threshold=-122.99999999999999 0 1 2 3 4 5 6 7 8 9 10 11 12 13 14 15 16 57.000000000000007 17 18 19 20 21 22 23 24 25 26 27
decision_type=2 9 9 9 9 9 9 9 9 9 9 9 9 9 9 9 9 9 8 9 9 9 9 9 9 9 9 9 9 9
left_child=1 -1 -3 -4 5 -2 -6 8 27 10 -10 -11 -13 -14 15 26 -17 -18 -19 25 22 -22 23 -21 28 -16 -9 -8 -23 -27
right_child=4 2 3 -5 6 -7 7 14 9 11 -12 12 13 -15 19 16 17 18 -20 20 21 24 -24 -25 -26 29 -28 -29 -30 -31
leaf_value=-3.1298488557233437 -1.9490061578137265 -3.3521361549717321 4.5748926833273833 -0.41182371624218428 40.279434908620757 -0.10729697123809093 -1.5666610275973785 -0.21073127855121718 4.1138700281014247 -2.3972517721780537 0.34681453977778193 1.1401560146697192 -8.1946251932078162 -0.44516045595836112 0.15979178070299688 14.596396358792155 -0.31147220803630149 0.70072856638048919 -0.0027253871384315879 1.8746209966108272 0.61473952523518605 -1.7084070276131262 0.10718588232967996 0.34155310314509779 -0.083943051310916506 -0.28768070138292912 -1.8556265042603568 -1.7641687892958864 -0.6359177844394468 0.029918039258781687
leaf_weight=5344 11867 2310 801 14858 2288 33789 4883 6770 3979 8740 13688 7407 1702 16208 29004 410 21415 9023 12600 7159 10956 5238 79345 24985 29112 58500 14870 11020 10090 30829
leaf_count=5344 11867 2310 801 14858 2288 33789 4883 6770 3979 8740 13688 7407 1702 16208 29004 410 21415 9023 12600 7159 10956 5238 79345 24985 29112 58500 14870 11020 10090 30829
internal_value=-0.000379814 -0.0019487 -0.000911621 -0.000254645 -0.000301305 -0.00127798 -0.000195157 -0.000221396 -0.000990141 -0.00027719 0.0016875 -0.00129657 -0.00040155 -0.00136161 -7.29651e-05 -0.000849184 0.000189146 5.38909e-05 0.00132067 0.000104195 0.000468256 -0.000470349 0.000934625 0.00220377 -0.00117886 -0.000409237 -0.00293303 -0.00330736 -0.00288695 -0.000814764
internal_weight=489190 23313 17969 15659 465877 45656 420221 417933 67627 51724 17667 34057 25317 17910 350306 65088 43448 43038 21623 285218 166885 55396 111489 32144 44440 118333 21640 15903 15328 89329
internal_count=489190 23313 17969 15659 465877 45656 420221 417933 67627 51724 17667 34057 25317 17910 350306 65088 43448 43038 21623 285218 166885 55396 111489 32144 44440 118333 21640 15903 15328 89329
cat_boundaries=0 4 9 11 15 19 24 28 32 34 38 42 43 47 49 53 54 58 62 64 68 72 76 80 85 89 91 95 97
cat_threshold=2432705545 2350415877 75642178 54573056 335544336 671094598 2900112 4199072 1 2348949761 16 6300704 1074234890 598261815 68681992 1084992 843350020 2384596999 403215425 144 16384 34078720 64 2 673202464 67505378 1216405664 1619004304 134419202 2181040129 2286030848 4498112 2701596882 27 2113536 67108994 1207959552 536870912 319848448 201875456 67174400 134348800 41224 2147483649 18874368 0 32 2957813779 17 2157053453 285278224 2150629440 22090792 134219776 437305600 17856772 3628347400 39939072 2275312397 102768721 1073815560 16822305 140814283 26 328204288 142610964 2164260864 134217731 2228757070 810549252 2150959106 2421559328 134217728 2165325956 2147618816 395280 16384 2420130052 335675456 136382976 67108864 571572232 543164752 2503054336 1 2165211397 134238208 1140858880 17096865 1497759753 2 2214592513 1612742912 65540 2548768 2082767882 56
is_linear=0
shrinkage=0.1


Tree=93
num_leaves=31
num_cat=25
split_feature=9 8 2 0 9 8 2 8 0 8 9 9 9 8 10 11 8 9 10 11 10 8 8 8 2 8 10 9 8 9
split_gain=7.65298 6.09489 4.60001 4.40199 6.45144 5.69537 4.91117 8.23862 5.49975 8.92116 7.09926 5.96463 4.9827 13.1366 6.33669 5.80911 5.27129 6.60106 5.94968 7.42268 5.7354 4.91294 4.90014 4.74028 5.29327 6.39342 4.636 9.75682 5.94548 5.80949
threshold=0 1 87.000000000000014 399.00000000000006 2 3 279.00000000000006 4 255.00000000000003 5 6 7 8 9 10 11 12 13 14 15 16 17 18 19 417.00000000000006 20 21 22 23 24
decision_type=9 9 10 2 9 9 10 9 2 9 9 9 9 9 9 9 9 9 9 9 9 9 9 9 10 9 9 9 9 9
left_child=1 -1 -3 6 5 -5 8 -8 12 11 -11 -10 13 15 -15 -2 17 18 -14 -20 -19 -9 -16 -6 25 -25 27 28 -18 -28
right_child=3 2 -4 4 23 -7 7 21 9 10 -12 -13 16 14 22 -17 26 20 19 -21 -22 -23 -24 24 -26 -27 29 -29 -30 -31
leaf_value=-4.6219894561929644 11.232828244691159 -2.9496825968277705 1.3792468206049586 3.3109984378379198 -1.547771599268474 0.73571157949372845 -1.7039213558412183 1.9527322469508386 0.47413115469490519 1.2099654426582191 -0.39326658813692345 2.5463568431263832 -2.2618273812848204 -1.0487248844056061 -0.33764463307908854 -1.1457485612336511 6.1108651147031985 -0.61948405085990443 1.4857463160054305 -0.62239089138331927 0.08982130283215746 -0.36452930675762635 0.56113605612496487 2.7451290900054279 -0.18988873548939428 0.1123407794002497 -0.30244278434844452 0.11030203519143617 2.4799880737933013 0.020522622502618604
leaf_weight=3299 115 4509 2016 2399 3411 7786 5463 1427 2584 3216 9420 3120 4095 8691 22064 17711 265 9061 1819 16936 34406 15858 18923 2866 18662 4486 67313 28812 4736 163721
leaf_count=3299 115 4509 2016 2399 3411 7786 5463 1427 2584 3216 9420 3120 4095 8691 22064 17711 265 9061 1819 16936 34406 15858 18923 2866 18662 4486 67313 28812 4736 163721
internal_value=-0.00038472 -0.00314623 -0.00136955 -0.000328054 0.000681644 0.00284943 -0.000419007 -0.00184984 -0.000340955 0.00135223 -0.000131269 0.00463073 -0.000418847 -0.00120183 -0.000365885 -0.00352994 -0.000259201 -0.00105643 -0.0024322 -0.00167599 -0.000332822 -0.000777684 0.000154399 -6.96474e-05 0.000390406 0.00266322 -5.95439e-05 0.00103391 0.00510676 -0.000219614
internal_weight=489190 9824 6525 479366 39610 10185 439756 22748 417008 18340 12636 5704 398668 67504 49678 17826 331164 66317 22850 18755 43467 17285 40987 29425 26014 7352 264847 33813 5001 231034
internal_count=489190 9824 6525 479366 39610 10185 439756 22748 417008 18340 12636 5704 398668 67504 49678 17826 331164 66317 22850 18755 43467 17285 40987 29425 26014 7352 264847 33813 5001 231034
cat_boundaries=0 4 8 13 17 21 25 30 34 38 42 44 46 50 54 56 58 60 64 68 72 76 78 83 87 92
cat_threshold=536870912 71303168 100688001 704 1053696 0 16929801 34603089 16793946 1075861520 142739562 269060147 2 1639448 10494210 2160271616 340787328 3331334400 268469270 1246954678 33726466 270580481 2526174160 67108876 1347712 2933009 134307140 4196448 1214557440 2 10496512 1484887680 2150629444 1297532929 1075862848 2147486818 148604930 1350609936 137562441 3288359427 3366461448 201851020 1090957442 50 2147483648 16 6304289 1118089288 580386948 354943272 521404420 302403596 3240100112 2840137738 2169569331 19 2147484416 10 1140916241 58 17389704 146800905 786688 268435520 327451648 559417424 71436658 12982816 7865696 268634729 575025194 269484057 335837704 2229309844 142606356 4631040 38285767 21 2214756482 131328 8 537853955 3 0 4194432 0 319488 2281766928 1359020304 1073745960 2684436771 1
is_linear=0
shrinkage=0.1


Tree=94
num_leaves=31
num_cat=20
split_feature=9 0 8 10 8 1 4 9 8 8 9 2 11 11 9 10 5 8 2 4 9 9 11 8 11 9 8 6 1 5
split_gain=7.07844 4.84541 7.88855 7.78092 5.67984 5.262 4.26313 10.3081 5.19544 4.80807 15.8311 4.91347 4.66097 4.0414 8.73063 4.80965 4.40213 3.98532 3.86865 4.26357 3.83151 3.73309 14.2838 8.78446 4.71993 8.66536 5.95326 5.28177 4.57593 4.5567
threshold=0 -242.99999999999997 1 2 3 -80.999999999999986 75.000000000000014 4 5 6 7 327.00000000000006 8 9 10 11 9.5000000000000018 12 1173.0000000000002 2565.0000000000005 13 14 15 16 17 18 19 576.50000000000011 117.00000000000001 18.500000000000004
decision_type=9 2 9 9 9 8 2 9 9 9 9 8 9 9 9 9 2 9 10 2 9 9 9 9 9 9 9 2 8 2
left_child=-1 3 5 -2 -5 -3 7 17 -9 10 11 -8 -10 14 16 -15 -12 -4 -16 -20 -7 22 -11 -24 25 26 27 -23 -29 -26
right_child=1 2 6 4 -6 20 9 8 12 21 13 -13 -14 15 18 -17 -18 -19 19 -21 -22 24 23 -25 29 -27 -28 28 -30 -31
leaf_value=-4.6001034720492937 25.943619303954343 8.6614716818795969 -1.1077946502018818 -0.58465722683420329 -6.0613099307788199 -0.18425849413301987 -1.3909333638599932 0.44619346197193344 1.4305256825636792 -2.4420048848142559 -5.5036491995608525 -0.35805668159606019 0.43720219972623559 -2.4334333236922965 0.35893915516535069 -0.10370175348577911 10.321504283956555 0.070838100542949853 31.390847601724762 88.143328861678128 6.783170575067242 -1.7024210267950175 -0.93084705494753406 1.2022140126045602 0.022032600513656062 -1.7225796734642842 -0.29229352863361624 7.953619193317353 1.5824649819666285 -0.20479406866791142
leaf_weight=3827 140 190 871 5811 3271 1584 11141 904 514 8653 94 6056 567 2637 10608 22166 453 6792 47 23 1899 218 13558 10496 283362 7773 3894 487 721 80433
leaf_count=3827 140 190 871 5811 3271 1584 11141 904 514 8653 94 6056 567 2637 10608 22166 453 6792 47 23 1899 218 13558 10496 283362 7773 3894 487 721 80433
internal_value=-0.000378996 -0.00034516 -0.000301195 -0.00261549 -0.00298284 0.00430898 -0.000337119 0.00174336 0.00814536 -0.000380496 -0.00127454 -0.00376998 0.0128231 -8.26929e-05 0.00149087 -0.00079515 0.0136984 7.42841e-05 0.000853291 0.0242857 0.00343669 -0.000264281 -0.00128893 -3.49093e-05 -0.000175328 -0.00203999 0.00106942 0.00657381 0.0092053 -0.000108165
internal_weight=489190 485363 476141 9222 9082 3673 472468 9648 1985 462820 53225 17197 1081 36028 11225 24803 547 7663 10678 70 3483 409595 32707 24054 376888 13093 5320 1426 1208 363795
internal_count=489190 485363 476141 9222 9082 3673 472468 9648 1985 462820 53225 17197 1081 36028 11225 24803 547 7663 10678 70 3483 409595 32707 24054 376888 13093 5320 1426 1208 363795
cat_boundaries=0 4 8 10 14 18 22 26 30 31 33 37 39 43 47 51 53 57 59 64 68
cat_threshold=0 0 67117056 704 65680 8388608 1664 20 68419584 8 134218304 75530273 2594 134283474 428343552 1224810496 268435456 532523 2416050178 2164785152 1073741828 262656 6299680 1208190472 2745827443 93847816 17859073 57156100 2587332672 1343787024 2751497992 2755723275 21 2147483648 264322 1073741824 1024 16843395 22 75497472 18874368 536879104 8193 1080 1107427330 2181043464 268435712 1075923040 2214854882 679495850 1082132740 1428688909 4 352589640 536873031 138424584 37906563 2952790067 16 9076738 304619776 268566592 18137088 1 134218241 4368 201326596 2228224
is_linear=0
shrinkage=0.1


Tree=95
num_leaves=31
num_cat=22
split_feature=9 8 0 8 11 4 9 9 0 0 4 9 9 9 10 8 0 2 0 8 9 11 8 9 9 8 9 11 8 8
split_gain=6.71413 6.95799 4.38074 8.69542 4.8087 4.44676 4.21765 3.6822 3.68049 13.9891 17.0258 7.33242 6.20541 6.10061 5.85845 5.97719 5.49769 5.09271 8.35421 16.343 12.043 7.6217 7.63525 7.14603 6.5045 6.00673 7.51737 5.76261 5.53473 5.37824
threshold=0 1 -98.999999999999986 2 3 45.000000000000007 4 5 525.00000000000011 567.00000000000011 195.00000000000003 6 7 8 9 10 537.00000000000011 177.00000000000003 183.00000000000003 11 12 13 14 15 16 17 18 19 20 21
decision_type=9 9 2 9 9 2 9 9 2 2 2 9 9 9 9 9 2 10 2 9 9 9 9 9 9 9 9 9 9 9
left_child=1 -1 3 -2 7 -4 -6 -5 17 10 13 14 -12 16 15 -11 -10 18 25 20 -20 22 -19 29 -21 26 -7 -26 -25 -23
right_child=2 -3 5 4 6 8 -8 -9 9 11 12 -13 -14 -15 -16 -17 -18 21 19 24 -22 23 -24 28 27 -27 -28 -29 -30 -31
leaf_value=-4.1724193833353258 -2.9391646164798999 -0.9127146894996665 0.24160715281435247 -5.0435416584043429 -2.3092811989353472 -0.27324990289659784 -0.27155082161223443 3.4258269080821417 2.1487261331230449 14.628728483779666 3.9656480625762436 -0.46940512312020832 -0.46528367143253907 1.9236753141068874 -2.7568756650318744 1.8589236420597239 3.0348172099732325 -0.010358688430367049 5.5226624889440261 1.072720711290212 1.1190049817452115 -0.088878915121735666 -1.626258692061235 0.046785296896919855 -1.1798049824372561 -0.11961836511037426 0.45721883404368824 0.42064690082623113 -0.5554074903815186 1.305850751615405
leaf_weight=3156 4822 9753 2520 207 3146 15656 19533 938 66 1052 1141 16649 1277 474 639 2172 148 6390 2052 4823 4776 6039 11934 18267 6989 277000 30496 7659 22606 6810
leaf_count=3156 4822 9753 2520 207 3146 15656 19533 938 66 1052 1141 16649 1277 474 639 2172 148 6390 2052 4823 4776 6039 11934 18267 6989 277000 30496 7659 22606 6810
internal_value=-0.00035835 -0.00260779 -0.000297321 -0.0014962 -0.000710752 -0.000220606 -0.0010309 0.00558441 -0.000244321 0.000970444 0.00722472 2.33986e-05 0.00327543 0.0211046 0.00394268 0.00567718 0.0350893 -0.000312389 -0.000154559 0.00155937 0.00576484 -0.00107792 -0.00283844 -0.000476813 8.16156e-05 -0.000294044 0.000762096 -0.000967392 -0.00112345 0.00157944
internal_weight=489190 12909 476281 28646 23824 447635 22679 1145 445115 23618 3106 20512 2418 688 3863 3224 214 421497 349451 26299 6828 72046 18324 53722 19471 323152 46152 14648 40873 12849
internal_count=489190 12909 476281 28646 23824 447635 22679 1145 445115 23618 3106 20512 2418 688 3863 3224 214 421497 349451 26299 6828 72046 18324 53722 19471 323152 46152 14648 40873 12849
cat_boundaries=0 4 8 12 14 18 22 27 32 37 39 43 47 52 54 58 63 68 72 77 79 83 87
cat_threshold=0 71565376 101212288 8389312 1054208 0 151561 34611281 2508227851 2350415936 76095810 16832513 2281715968 16 50351632 537465878 11730960 6324224 2214592512 687866496 1073741824 2621440 89 1109941268 2307070466 4234243 2 2617393282 555778960 68 221044786 1 32768 1073807616 64 136855568 1 2147649352 28 2417033500 2175844354 1141047296 37879939 336763907 65712276 131088 4248192 294818084 570528020 1082198080 2906152 1 3091339799 17 346571268 3221363200 680001692 4588544 2151908496 2157137970 1081084436 557845504 2 2656019 17861520 1347551336 70386944 2 1082213632 8913056 5741482 34669651 537691404 8923186 1090751756 675872769 1 1917525574 17 2349596740 2394173698 33829380 218204288 131158 2284875904 743571750 4252865
is_linear=0
shrinkage=0.1


Tree=96
num_leaves=31
num_cat=26
split_feature=9 11 8 8 10 7 10 9 10 9 8 9 8 8 8 7 9 8 8 6 10 7 8 2 6 9 6 11 9 8
split_gain=6.28695 12.8448 8.67814 4.42888 4.05217 3.72426 9.95111 7.6737 7.03973 11.2257 9.71427 6.69582 6.48093 6.27226 5.68276 6.21146 9.72586 5.40486 5.39576 5.36501 9.49222 9.7975 23.0562 8.15107 8.04421 13.9751 9.39906 9.73778 8.47107 7.70035
threshold=0 1 2 3 4 5 6 7 8 9 10 11 12 13 14 15 16 17 18 1324.5000000000002 19 20 21 117.00000000000001 1129.5000000000002 22 885.50000000000011 23 24 25
decision_type=9 9 9 9 9 1 9 9 9 9 9 9 9 9 9 1 9 9 9 2 9 1 9 10 2 9 2 9 9 9
left_child=1 3 -3 -1 -4 6 12 17 9 18 -11 13 -2 -10 15 16 -9 -8 -7 24 -21 22 23 -22 26 -26 27 -13 29 -28
right_child=5 2 4 -5 -6 8 7 14 11 10 -12 19 -14 -15 -16 -17 -18 -19 -20 20 21 -23 -24 -25 25 -27 28 -29 -30 -31
leaf_value=-5.6004106641099387 4.5357769994696353 -1.1147144438812235 2.9377796958369622 -1.7194853154987009 0.01622494419835253 -0.59416608767546308 0.19037745809204143 11.705285270743403 0.49790452283457703 0.56069627300946778 -0.53818595793282742 -0.91351277725221525 0.76531909235586015 0.0079105073124962882 0.037764971226433075 0.30620487218916126 1.712489748975436 -0.47756569955669054 -2.7337318630220606 -0.39487133500261629 38.215785609082296 0.59192934410453668 1.6796793843097086 1.4058233527954846 -1.1830711450201334 0.024638954244867173 2.9854612730253987 -0.1710251636876893 -0.15436842074582616 0.34921443323265866
leaf_weight=5328 2142 7032 5052 8358 11050 5746 7272 571 19360 8462 15393 10802 4767 67462 62218 7964 3495 19543 6253 5579 376 4586 1390 125 18752 16327 8338 103533 31448 20466
leaf_count=5328 2142 7032 5052 8358 11050 5746 7272 571 19360 8462 15393 10802 4767 67462 62218 7964 3495 19543 6253 5579 376 4586 1390 125 18752 16327 8338 103533 31448 20466
internal_value=-0.000350991 -0.00160739 -0.000170241 -0.00403476 0.00110973 -0.000248687 0.000263745 1.25628e-05 -0.000409342 -0.00173545 -0.000479784 -0.000255193 0.00393265 0.000489218 0.000536236 0.00252491 0.00570167 -0.00143709 -0.00422933 -0.000546698 0.00150464 0.00410513 0.0101473 0.0283562 -0.000664679 -0.00204653 -0.00038703 -0.000919668 0.000623711 0.00186229
internal_weight=489190 36820 23134 13686 16102 452370 107972 101063 344398 35854 23855 308544 6909 86822 74248 12030 4066 26815 11999 221722 12056 6477 1891 501 209666 35079 174587 114335 60252 28804
internal_count=489190 36820 23134 13686 16102 452370 107972 101063 344398 35854 23855 308544 6909 86822 74248 12030 4066 26815 11999 221722 12056 6477 1891 501 209666 35079 174587 114335 60252 28804
cat_boundaries=0 4 6 10 14 15 16 18 22 24 28 32 37 41 45 49 50 54 58 62 63 64 68 72 74 78 82
cat_threshold=16448 71565378 243820672 1350566592 1158157324 2 3158528 1107297282 21107721 38805697 268502088 35792900 54543440 170001012 67142400 40 55154689 49 33653784 1613940608 2266400 554895620 1136889872 51 2148696069 1101105537 1091765266 924720 2173354051 2618380291 2148600064 2122275 33783961 1074843520 270697473 2216562692 2 377627140 103813136 100859904 239310530 269551261 16960848 406851588 21267081 136922122 545853189 13456 47320082 8 512 159449088 1048576 134251552 10504260 3630180512 1594274 201366024 2488402249 2183925914 3326093376 50335808 739247136 4 33718272 24960 4 438272 2348811042 142614553 553714258 134299699 1619034114 13 3638296836 304095233 2164326482 16851002 3593475328 965741056 410124304 30409120
is_linear=0
shrinkage=0.1


Tree=97
num_leaves=31
num_cat=21
split_feature=9 8 0 8 11 8 0 2 1 6 11 8 9 2 0 9 8 2 0 8 8 9 9 10 8 9 11 9 9 8
split_gain=6.10268 4.23054 4.17618 7.21317 5.28497 4.74232 3.97359 5.34545 3.50014 3.49911 3.52668 3.3709 7.71714 4.09667 3.19714 7.28833 9.28709 6.89482 8.07782 13.1344 7.77547 7.58414 6.92415 6.28067 7.57743 6.04841 5.91231 12.7129 12.2256 6.62603
threshold=0 1 -218.99999999999997 2 3 4 8280.0000000000018 243.00000000000003 -290.99999999999994 993.50000000000011 5 6 7 -26.999999999999996 -8.9999999999999982 8 9 69.000000000000014 81.000000000000014 10 11 12 13 14 15 16 17 18 19 20
decision_type=9 9 2 9 9 9 2 10 10 2 9 9 9 8 2 9 9 10 2 9 9 9 9 9 9 9 9 9 9 9
left_child=1 -1 3 -2 8 6 -4 -8 -5 -6 -11 12 -7 -14 15 16 -13 18 20 -20 21 -16 -22 24 -17 -21 27 -19 -28 -30
right_child=2 -3 5 4 9 11 7 -9 -10 10 -12 14 13 -15 17 23 -18 26 19 25 22 -23 -24 -25 -26 -27 28 -29 29 -31
leaf_value=-4.8131061791295116 -4.7124009567444833 -1.099635958383802 2.4008716572201294 38.433629518103317 -1.7607305988587989 -2.1107539478298567 -125.24162312361182 571.19999172792598 1.6386229072682756 -0.82775625180779755 4.6974657400767637 -1.2729316753771132 -1.6430295503520445 0.24378580369315489 0.71843258008977706 1.8677307895342321 -0.20720761062188997 -0.72368610408960943 1.6023699066873835 -0.49422768146736812 -0.78267954408055651 0.070165691564219937 -0.015430587022064896 -0.14222632992702119 -0.011308601096424689 0.47134533918541388 5.5233588624643142 0.13014843403668472 -0.89236482515578563 -0.27015899000484228
leaf_weight=2834 3403 7651 3683 69 4379 8343 20 24 97 1048 1135 10247 2692 11641 10330 4607 16002 21433 7887 6699 17310 26412 65568 77312 8173 26664 2467 83151 18332 39577
leaf_count=2834 3403 7651 3683 69 4379 8343 20 24 97 1048 1135 10247 2692 11641 10330 4607 16002 21433 7887 6699 17310 26412 65568 77312 8173 26664 2467 83151 18332 39577
internal_value=-0.000344449 -0.00272987 -0.000292139 -0.00230086 -0.000397747 -0.000248714 0.00329944 0.0331818 0.0167045 -0.000855145 0.00241411 -0.000277227 -0.0014661 -5.78703e-05 -0.000216226 -0.000666234 -0.00213222 -5.55528e-05 0.000410267 0.00161697 -5.85425e-06 0.00120483 -0.000542662 -0.000238843 0.00181391 0.000748207 -0.000509823 -5.48812e-05 -0.00129765 -0.00159171
internal_weight=489190 10485 478705 10131 6728 468574 3727 44 166 6562 2183 464847 22676 14333 442171 116341 26249 325830 160870 41250 119620 36742 82878 90092 12780 33363 164960 104584 60376 57909
internal_count=489190 10485 478705 10131 6728 468574 3727 44 166 6562 2183 464847 22676 14333 442171 116341 26249 325830 160870 41250 119620 36742 82878 90092 12780 33363 164960 104584 60376 57909
cat_boundaries=0 4 8 12 13 17 19 23 27 31 35 39 43 47 51 53 57 61 63 67 70 74
cat_threshold=0 67371072 101212288 8389312 3151360 0 151561 35659857 2165376257 2400714753 105124224 172100102 135528712 65680 8388640 1152 22 2622019 2 4194336 1073841666 579346466 68681736 303175744 845225988 2300776454 286053376 1118322944 2285962296 1213306880 1076479236 2181603332 2367055889 1210058816 155329408 311067648 352989336 1075855452 4485120 1210194178 72614024 340201536 193290305 375006208 1347428632 540082180 292093992 7344160 575699101 4229698 555288832 1615343943 48 9076810 2484084753 2554335556 39936000 279052432 1342361096 536938035 2232034328 1731274056 15 1032340740 524944 564269104 2281709603 2113552 2115712 16908288 234881090 37232640 2487353344 425822400
is_linear=0
shrinkage=0.1


Tree=98
num_leaves=31
num_cat=21
split_feature=9 0 8 4 9 8 11 1 8 1 11 9 9 0 8 8 10 9 9 8 6 10 6 11 4 8 11 0 11 9
split_gain=5.325 4.051 7.61292 5.70567 8.9565 5.55964 5.10107 4.624 7.27247 5.90399 5.47681 6.03888 5.39859 4.91506 4.68571 4.56045 7.53668 4.93505 4.22596 7.02647 6.92225 6.85751 5.11832 5.01604 4.40524 8.31095 3.70557 3.70248 3.62773 3.73914
threshold=0 -68.999999999999986 1 75.000000000000014 2 3 4 -14.999999999999998 5 183.00000000000003 6 7 8 -368.99999999999994 9 10 11 12 13 14 1107.5000000000002 15 456.50000000000006 16 465.00000000000006 17 18 -386.99999999999994 19 20
decision_type=9 2 9 2 9 9 9 8 9 8 9 9 9 2 9 9 9 9 9 9 2 9 2 9 2 9 9 2 9 9
left_child=-1 2 -2 4 -3 -6 -7 10 9 -9 12 -12 -4 -13 -15 16 -5 -18 19 20 22 -21 -17 -24 25 -23 -22 -11 29 -19
right_child=1 3 7 15 5 6 -8 8 -10 27 11 13 -14 14 -16 18 17 28 -20 21 26 24 23 -25 -26 -27 -28 -29 -30 -31
leaf_value=-3.3628769867198525 -1.7050995778386779 0.0043197099651211563 4.0140775684735379 -1.950126483039317 0.45690453000529518 0.62899348961154844 1.5941935325760894 3.601349969782409 0.038950091364959846 5.1199939071080305 -2.4229162693294901 -8.2003634488492771 -0.6835752272811505 1.703829525461356 -0.54715611340366577 -1.5116365411964738 0.37808573126888839 1.7401204322025947 -0.0035313310486119898 -1.1717177487920307 3.6187098086003546 3.2416772035389259 5.9041379857302179 0.97464174942044213 -0.9826552967766049 -0.10994081014680253 -1.3123533112031038 28.994894463340071 -0.70002491992091553 -0.39167579109355044
leaf_weight=3827 7866 5878 1397 3645 1713 621 470 1138 12445 32 5531 1134 2010 2022 11451 1698 8942 1553 312975 29262 571 2485 498 16874 18951 7883 6271 46 13623 6378
leaf_count=3827 7866 5878 1397 3645 1713 621 470 1138 12445 32 5531 1134 2010 2022 11451 1698 8942 1553 312975 29262 571 2485 498 16874 18951 7883 6271 46 13623 6378
internal_value=-0.000347107 -0.000317758 -0.00122072 -0.000225331 0.00231283 0.00695096 0.012525 -0.000622315 0.000841078 0.00818923 -0.00147165 -0.00209847 0.00223295 -0.00103099 -0.00049952 -0.000276387 -0.00138532 -0.000870651 -0.000181094 -0.000808613 0.000562454 -0.00141507 0.00154169 0.00205388 -0.000333802 0.0013233 -0.00216604 0.0348718 -0.00168986 1.13312e-05
internal_weight=489190 485363 45072 440291 8682 2804 1091 37206 13661 1216 23545 20138 3407 14607 13473 431609 34141 30496 397468 84493 25912 58581 19070 17372 29319 10368 6842 78 21554 7931
internal_count=489190 485363 45072 440291 8682 2804 1091 37206 13661 1216 23545 20138 3407 14607 13473 431609 34141 30496 397468 84493 25912 58581 19070 17372 29319 10368 6842 78 21554 7931
cat_boundaries=0 4 8 12 16 18 22 24 28 33 37 41 43 48 52 56 58 59 63 65 67 70
cat_threshold=0 0 67117056 704 352330755 3357313032 2256544090 23332865 428343296 3372220416 268435456 794667 2416050176 17301504 3758096388 262688 137282 2 1208484352 6440064 593920 33554448 2147653892 25 16793860 570523766 1219516464 1076004137 37773448 477202 1367343106 537035792 2 524356 612376642 1073873920 131132 6815777 1208190474 596251681 77070604 285544603 43 6303360 1209162834 281022464 2822899731 1 3894429728 2214996194 545296554 2692745234 2457873420 290718065 1208076928 23073792 129862720 18 2147518464 0 2149580800 8448 134218272 3221226880 1 2152399363 15 9568266 270532736 1073741824
is_linear=0
shrinkage=0.1


Tree=99
num_leaves=31
num_cat=25
split_feature=9 11 8 8 2 9 11 9 10 10 9 8 8 5 6 9 8 11 9 6 9 0 7 11 11 8 9 11 9 8
split_gain=5.35868 8.96984 5.64024 3.67798 6.70034 6.15037 4.17141 3.80042 3.46522 3.32075 13.5036 6.67708 6.18793 6.72306 4.67982 4.67631 8.01003 8.21534 10.9641 5.89007 5.92778 5.15581 6.07101 8.62062 4.89766 4.69211 6.93394 4.95569 5.979 4.97364
threshold=0 1 2 3 -26.999999999999996 4 5 6 7 8 9 10 11 1.0000000180025095e-35 660.50000000000011 12 13 14 15 601.50000000000011 16 111.00000000000001 17 18 19 20 21 22 23 24
decision_type=9 9 9 9 8 9 9 9 9 9 9 9 9 2 2 9 9 9 9 2 9 2 1 9 9 9 9 9 9 9
left_child=1 8 -3 4 7 -6 -7 -2 -1 10 11 -5 -12 -14 -15 16 24 18 19 20 -18 22 23 -21 -11 26 -17 28 -27 -30
right_child=3 2 -4 9 5 6 -8 -9 -10 15 12 -13 13 14 -16 25 17 -19 -20 21 -22 -23 -24 -25 -26 27 -28 -29 29 -31
leaf_value=-3.511440687508828 -1.155176687826823 -0.41972394948652192 -2.4800580220723849 -1.2755272273950844 -0.95133950988847671 -0.61337718641165972 0.55715032959094413 -2.4219049661385719 2.0004339773719617 0.2881378347179917 0.2836240671571334 0.29182264024305954 39.344921163451055 0.36706927387827515 4.0530036457101728 -0.032311760229295799 5.5007866492857183 -0.71928221911286316 -0.65048282514237166 19.290314945724774 -5.2470887861054898 6.5170794614672447 6.9274042573635404 6.4087876154693921 -0.75201032484907637 -1.0777657988636777 0.46559961640949848 -0.025299708157977566 0.73730256310493636 -0.4270325458754794
leaf_weight=1000 2172 5840 11084 6341 6745 2073 10274 3247 5273 35629 7137 6140 42 2774 4956 39903 217 60453 3803 165 408 662 438 308 9325 11356 26517 208392 5400 11116
leaf_count=1000 2172 5840 11084 6341 6745 2073 10274 3247 5273 35629 7137 6140 42 2774 4956 39903 217 60453 3803 165 408 662 438 308 9325 11356 26517 208392 5400 11116
internal_value=-0.000334024 -0.00181713 -0.00301406 -0.000260151 -0.00145223 -0.00057197 0.000755035 -0.00455619 0.00141174 -0.000193936 0.00087226 -0.00155392 0.00290301 0.00485479 0.00464424 -0.000264478 -0.000818362 -0.00151571 0.00201131 0.00761775 -0.000560002 0.0109154 0.0157958 0.0235404 0.000212612 -6.05916e-05 0.000681918 -0.000269351 -0.00152141 -0.000306187
internal_weight=489190 23197 16924 465993 24511 19092 12347 5419 6273 441482 27390 12481 14909 7772 7730 414092 111408 66454 6001 2198 625 1573 911 473 44954 302684 66420 236264 27872 16516
internal_count=489190 23197 16924 465993 24511 19092 12347 5419 6273 441482 27390 12481 14909 7772 7730 414092 111408 66454 6001 2198 625 1573 911 473 44954 302684 66420 236264 27872 16516
cat_boundaries=0 4 6 10 14 18 20 25 27 29 33 37 41 45 49 51 55 59 60 62 64 68 72 74 78 82
cat_threshold=64 71565378 109633664 1082131136 2684463875 16 134219777 134909460 34636720 142624788 4194336 1073972744 579347618 92798988 374347776 849944580 2300907522 17601537 4469124 2 4259849 1224755328 671088674 2684438792 2 2147489794 4 2152204291 21 508039688 3391173636 2283869186 272634928 2650801667 2149580866 2420576512 2100291 2391807744 404226160 273094912 270534786 2820751617 2164787344 1766983712 2684430611 3222642754 177492293 269812232 3215408 2164267142 31 134234112 128 1208090624 19 134217728 0 0 18 58 2048 1 2354545736 18 1267009176 2953314306 4380928 138692032 10359816 2022802180 2147483731 71618572 2431158819 16 75661832 847282176 2149646342 3036192 1753348 109056068 64 2240512
is_linear=0
shrinkage=0.1


end of trees

feature_importances:
target_location=892
vantage_location=821
current_delay_sec=318
TrainDestination=206
vantage_minute_of_day=161
horizon_route_stops=159
TrainOrigin=141
horizon_sched_sec=100
day_of_week=69
prev2_delay_sec=65
prev_delay_sec=51
vantage_hour=17

parameters:
[boosting: gbdt]
[objective: quantile]
[metric: quantile]
[tree_learner: serial]
[device_type: cpu]
[data_sample_strategy: bagging]
[data: ]
[valid: ]
[num_iterations: 100]
[learning_rate: 0.1]
[num_leaves: 31]
[num_threads: 0]
[seed: 42]
[deterministic: 1]
[force_col_wise: 0]
[force_row_wise: 1]
[histogram_pool_size: -1]
[max_depth: -1]
[min_data_in_leaf: 20]
[min_sum_hessian_in_leaf: 0.001]
[bagging_fraction: 1]
[pos_bagging_fraction: 1]
[neg_bagging_fraction: 1]
[bagging_freq: 0]
[bagging_seed: 400]
[bagging_by_query: 0]
[feature_fraction: 1]
[feature_fraction_bynode: 1]
[feature_fraction_seed: 30056]
[extra_trees: 0]
[extra_seed: 12879]
[early_stopping_round: 0]
[early_stopping_min_delta: 0]
[first_metric_only: 0]
[max_delta_step: 0]
[lambda_l1: 0]
[lambda_l2: 0]
[linear_lambda: 0]
[min_gain_to_split: 0]
[drop_rate: 0.1]
[max_drop: 50]
[skip_drop: 0.5]
[xgboost_dart_mode: 0]
[uniform_drop: 0]
[drop_seed: 17869]
[top_rate: 0.2]
[other_rate: 0.1]
[min_data_per_group: 100]
[max_cat_threshold: 32]
[cat_l2: 10]
[cat_smooth: 10]
[max_cat_to_onehot: 4]
[top_k: 20]
[monotone_constraints: ]
[monotone_constraints_method: basic]
[monotone_penalty: 0]
[feature_contri: ]
[forcedsplits_filename: ]
[refit_decay_rate: 0.9]
[cegb_tradeoff: 1]
[cegb_penalty_split: 0]
[cegb_penalty_feature_lazy: ]
[cegb_penalty_feature_coupled: ]
[path_smooth: 0]
[interaction_constraints: ]
[verbosity: -1]
[saved_feature_importance_type: 0]
[use_quantized_grad: 0]
[num_grad_quant_bins: 4]
[quant_train_renew_leaf: 0]
[stochastic_rounding: 1]
[linear_tree: 0]
[max_bin: 255]
[max_bin_by_feature: ]
[min_data_in_bin: 3]
[bin_construct_sample_cnt: 200000]
[data_random_seed: 175]
[is_enable_sparse: 1]
[enable_bundle: 1]
[use_missing: 1]
[zero_as_missing: 0]
[feature_pre_filter: 1]
[pre_partition: 0]
[two_round: 0]
[header: 0]
[label_column: ]
[weight_column: ]
[group_column: ]
[ignore_column: ]
[categorical_feature: 7,8,9,10,11]
[forcedbins_filename: ]
[precise_float_parser: 0]
[parser_config_file: ]
[objective_seed: 16083]
[num_class: 1]
[is_unbalance: 0]
[scale_pos_weight: 1]
[sigmoid: 1]
[boost_from_average: 1]
[reg_sqrt: 0]
[alpha: 0.9]
[fair_c: 1]
[poisson_max_delta_step: 0.7]
[tweedie_variance_power: 1.5]
[lambdarank_truncation_level: 30]
[lambdarank_norm: 1]
[label_gain: ]
[lambdarank_position_bias_regularization: 0]
[eval_at: ]
[multi_error_top_k: 1]
[auc_mu_weights: ]
[num_machines: 1]
[local_listen_port: 12400]
[time_out: 120]
[machine_list_filename: ]
[machines: ]
[gpu_platform_id: -1]
[gpu_device_id: -1]
[gpu_device_id_list: ]
[gpu_use_dp: 0]
[num_gpu: 1]

end of parameters

pandas_categorical:null
